question_id,clause_id,n_models,n_judges,mean_kendall_tau,min_kendall_tau,max_kendall_tau,top1_winner,top1_agreement,top1_margin
1:0,1,7,5,0.847619,0.714286,1.000000,checkpoints/llama3.2-1b-us-rep,0.800000,0.600000
1:1,1,7,5,1.000000,1.000000,1.000000,checkpoints/llama3.2-1b-us-rep,1.000000,1.000000
1:10,1,7,5,0.580952,0.047619,1.000000,meta-llama/Llama-3.2-1B,1.000000,1.000000
1:11,1,7,5,0.847619,0.714286,1.000000,checkpoints/llama3.2-1b-soft-panel,0.600000,0.200000
1:12,1,7,5,0.923810,0.809524,1.000000,meta-llama/Llama-3.2-1B,1.000000,1.000000
1:13,1,7,5,0.733333,0.523810,1.000000,checkpoints/llama3.2-1b-hard-panel,1.000000,1.000000
1:14,1,7,5,0.371429,0.047619,1.000000,checkpoints/llama3.2-1b-adversary-soft,0.400000,0.000000
1:15,1,7,5,0.752381,0.428571,1.000000,meta-llama/Llama-3.2-1B,1.000000,1.000000
1:16,1,7,5,0.790476,0.619048,1.000000,checkpoints/llama3.2-1b-soft-panel,0.600000,0.200000
1:17,1,7,5,0.771429,0.619048,1.000000,meta-llama/Llama-3.2-1B,1.000000,1.000000
1:18,1,7,5,0.409524,-0.047619,1.000000,checkpoints/llama3.2-1b-adversary-hard,0.800000,0.600000
1:19,1,7,5,0.619048,0.333333,0.904762,checkpoints/llama3.2-1b-hard-panel,1.000000,1.000000
1:2,1,7,5,0.580952,0.142857,1.000000,checkpoints/llama3.2-1b-hard-panel,1.000000,1.000000
1:20,1,7,5,0.600000,0.142857,1.000000,meta-llama/Llama-3.2-1B,1.000000,1.000000
1:21,1,7,5,0.695238,0.428571,1.000000,checkpoints/llama3.2-1b-adversary-hard,0.800000,0.600000
1:22,1,7,5,0.942857,0.904762,1.000000,checkpoints/llama3.2-1b-hard-panel,1.000000,1.000000
1:23,1,7,5,0.580952,0.142857,0.904762,checkpoints/llama3.2-1b-us-rep,1.000000,1.000000
1:24,1,7,5,0.580952,0.142857,0.904762,meta-llama/Llama-3.2-1B,1.000000,1.000000
1:25,1,7,5,0.580952,0.238095,0.809524,meta-llama/Llama-3.2-1B,1.000000,1.000000
1:26,1,7,5,0.790476,0.619048,0.904762,meta-llama/Llama-3.2-1B,0.800000,0.600000
1:27,1,7,5,0.466667,0.142857,0.809524,checkpoints/llama3.2-1b-adversary-hard,0.600000,0.200000
1:28,1,7,5,0.733333,0.523810,0.904762,meta-llama/Llama-3.2-1B,0.400000,0.000000
1:29,1,7,5,0.714286,0.428571,1.000000,meta-llama/Llama-3.2-1B,1.000000,1.000000
1:3,1,7,5,0.828571,0.714286,0.904762,meta-llama/Llama-3.2-1B,1.000000,1.000000
1:30,1,7,5,0.790476,0.619048,1.000000,checkpoints/llama3.2-1b-us-rep,0.600000,0.400000
1:31,1,7,5,0.733333,0.523810,0.904762,checkpoints/llama3.2-1b-us-rep,0.800000,0.600000
1:32,1,7,5,0.771429,0.619048,1.000000,meta-llama/Llama-3.2-1B,1.000000,1.000000
1:33,1,7,5,0.809524,0.619048,1.000000,meta-llama/Llama-3.2-1B,0.800000,0.600000
1:34,1,7,5,0.771429,0.619048,1.000000,checkpoints/llama3.2-1b-adversary-hard,0.600000,0.200000
1:35,1,7,5,0.390476,-0.047619,0.714286,checkpoints/llama3.2-1b-adversary-hard,0.400000,0.200000
1:36,1,7,5,0.828571,0.714286,1.000000,meta-llama/Llama-3.2-1B,1.000000,1.000000
1:37,1,7,5,0.714286,0.428571,0.904762,checkpoints/llama3.2-1b-us-rep,0.800000,0.600000
1:38,1,7,5,0.904762,0.809524,1.000000,checkpoints/llama3.2-1b-adversary-hard,0.800000,0.600000
1:39,1,7,5,0.619048,0.238095,0.904762,checkpoints/llama3.2-1b-hard-panel,1.000000,1.000000
1:4,1,7,5,0.828571,0.714286,1.000000,checkpoints/llama3.2-1b-adversary-hard,1.000000,1.000000
1:5,1,7,5,0.409524,0.047619,0.904762,checkpoints/llama3.2-1b-hard-panel,0.600000,0.200000
1:6,1,7,5,0.314286,-0.333333,0.714286,checkpoints/llama3.2-1b-us-rep,0.400000,0.200000
1:7,1,7,5,0.676190,0.428571,0.904762,checkpoints/llama3.2-1b-hard-panel,1.000000,1.000000
1:8,1,7,5,1.000000,1.000000,1.000000,meta-llama/Llama-3.2-1B,1.000000,1.000000
1:9,1,7,5,0.409524,-0.238095,0.904762,checkpoints/llama3.2-1b-adversary-soft,0.400000,0.000000
2:0,2,7,5,0.771429,0.619048,1.000000,meta-llama/Llama-3.2-1B,1.000000,1.000000
2:1,2,7,5,0.657143,0.333333,0.904762,meta-llama/Llama-3.2-1B,0.800000,0.600000
2:10,2,7,5,0.752381,0.523810,1.000000,meta-llama/Llama-3.2-1B,1.000000,1.000000
2:11,2,7,5,0.866667,0.714286,1.000000,checkpoints/llama3.2-1b-hard-panel,0.800000,0.600000
2:12,2,7,5,0.257143,-0.523810,0.904762,checkpoints/llama3.2-1b-adversary-soft,0.400000,0.200000
2:13,2,7,5,0.714286,0.428571,0.904762,checkpoints/llama3.2-1b-us-rep,0.800000,0.600000
2:14,2,7,5,0.733333,0.619048,0.904762,checkpoints/llama3.2-1b-adversary-soft,0.600000,0.200000
2:15,2,7,5,0.542857,0.238095,0.904762,checkpoints/llama3.2-1b-us-rep,1.000000,1.000000
2:16,2,7,5,0.638095,0.333333,0.904762,checkpoints/llama3.2-1b-hard-panel,0.600000,0.200000
2:17,2,7,5,0.676190,0.428571,0.809524,checkpoints/llama3.2-1b-us-rep,0.800000,0.600000
2:18,2,7,5,0.371429,-0.428571,0.904762,checkpoints/llama3.2-1b-adversary-hard,1.000000,1.000000
2:19,2,7,5,0.847619,0.714286,0.904762,checkpoints/llama3.2-1b-hard-panel,1.000000,1.000000
2:2,2,7,5,0.276190,-0.428571,0.904762,checkpoints/llama3.2-1b-adversary-soft,0.200000,0.000000
2:20,2,7,5,0.828571,0.714286,1.000000,checkpoints/llama3.2-1b-soft-panel,1.000000,1.000000
2:21,2,7,5,0.600000,0.142857,1.000000,meta-llama/Llama-3.2-1B,1.000000,1.000000
2:22,2,7,5,0.580952,0.238095,1.000000,checkpoints/llama3.2-1b-adversary-hard,0.800000,0.600000
2:23,2,7,5,0.733333,0.523810,0.904762,checkpoints/llama3.2-1b-adversary-hard,0.600000,0.200000
2:24,2,7,5,0.733333,0.619048,0.904762,checkpoints/llama3.2-1b-soft-panel,0.600000,0.200000
2:25,2,7,5,0.752381,0.523810,1.000000,checkpoints/llama3.2-1b-hard-panel,1.000000,1.000000
2:26,2,7,5,0.238095,-0.142857,0.714286,meta-llama/Llama-3.2-1B,0.200000,0.000000
2:27,2,7,5,0.714286,0.333333,1.000000,checkpoints/llama3.2-1b-adversary-hard,1.000000,1.000000
2:28,2,7,5,0.504762,0.142857,0.904762,checkpoints/llama3.2-1b-us-rep,1.000000,1.000000
2:29,2,7,5,0.771429,0.619048,0.904762,checkpoints/llama3.2-1b-adversary-soft,0.600000,0.200000
2:3,2,7,5,0.504762,0.142857,1.000000,checkpoints/llama3.2-1b-us-rep,0.600000,0.200000
2:30,2,7,5,0.676190,0.523810,1.000000,meta-llama/Llama-3.2-1B,1.000000,1.000000
2:31,2,7,5,0.771429,0.523810,1.000000,checkpoints/llama3.2-1b-soft-panel,0.800000,0.600000
2:32,2,7,5,0.504762,0.238095,1.000000,checkpoints/llama3.2-1b-adversary-hard,1.000000,1.000000
2:33,2,7,5,0.752381,0.523810,0.904762,meta-llama/Llama-3.2-1B,1.000000,1.000000
2:34,2,7,5,0.828571,0.619048,1.000000,checkpoints/llama3.2-1b-hard-panel,0.600000,0.200000
2:35,2,7,5,0.695238,0.428571,1.000000,checkpoints/llama3.2-1b-hard-panel,1.000000,1.000000
2:36,2,7,5,0.885714,0.809524,1.000000,meta-llama/Llama-3.2-1B,1.000000,1.000000
2:37,2,7,5,0.828571,0.714286,0.904762,checkpoints/llama3.2-1b-us-rep,0.800000,0.600000
2:38,2,7,5,0.752381,0.619048,1.000000,checkpoints/llama3.2-1b-adversary-hard,1.000000,1.000000
2:39,2,7,5,0.733333,0.428571,1.000000,checkpoints/llama3.2-1b-full-prism,0.600000,0.200000
2:4,2,7,5,-0.123810,-0.904762,1.000000,meta-llama/Llama-3.2-1B,0.600000,0.200000
2:5,2,7,5,0.733333,0.619048,0.904762,checkpoints/llama3.2-1b-hard-panel,1.000000,1.000000
2:6,2,7,5,0.695238,0.523810,0.809524,checkpoints/llama3.2-1b-hard-panel,1.000000,1.000000
2:7,2,7,5,0.542857,0.238095,1.000000,checkpoints/llama3.2-1b-adversary-hard,1.000000,1.000000
2:8,2,7,5,0.504762,0.142857,0.809524,checkpoints/llama3.2-1b-hard-panel,0.400000,0.000000
2:9,2,7,5,0.885714,0.809524,1.000000,checkpoints/llama3.2-1b-soft-panel,1.000000,1.000000
3:0,3,7,5,0.638095,0.333333,0.904762,meta-llama/Llama-3.2-1B,0.600000,0.400000
3:1,3,7,5,0.904762,0.809524,1.000000,checkpoints/llama3.2-1b-us-rep,1.000000,1.000000
3:10,3,7,5,0.714286,0.428571,1.000000,checkpoints/llama3.2-1b-us-rep,1.000000,1.000000
3:11,3,7,5,0.428571,0.142857,0.714286,checkpoints/llama3.2-1b-adversary-soft,0.600000,0.200000
3:12,3,7,5,0.866667,0.809524,1.000000,meta-llama/Llama-3.2-1B,1.000000,1.000000
3:13,3,7,5,0.790476,0.619048,0.904762,checkpoints/llama3.2-1b-hard-panel,1.000000,1.000000
3:14,3,7,5,0.904762,0.809524,1.000000,checkpoints/llama3.2-1b-hard-panel,0.800000,0.600000
3:15,3,7,5,0.771429,0.619048,0.904762,checkpoints/llama3.2-1b-full-prism,0.800000,0.600000
3:16,3,7,5,0.904762,0.809524,1.000000,checkpoints/llama3.2-1b-hard-panel,1.000000,1.000000
3:17,3,7,5,0.695238,0.428571,0.904762,checkpoints/llama3.2-1b-us-rep,0.600000,0.200000
3:18,3,7,5,0.847619,0.714286,1.000000,checkpoints/llama3.2-1b-hard-panel,0.600000,0.200000
3:19,3,7,5,0.638095,0.333333,0.809524,checkpoints/llama3.2-1b-hard-panel,1.000000,1.000000
3:2,3,7,5,0.276190,-0.238095,0.809524,meta-llama/Llama-3.2-1B,0.800000,0.600000
3:20,3,7,5,0.600000,0.142857,1.000000,checkpoints/llama3.2-1b-us-rep,1.000000,1.000000
3:21,3,7,5,0.466667,0.333333,0.904762,checkpoints/llama3.2-1b-adversary-soft,0.400000,0.000000
3:22,3,7,5,0.676190,0.333333,0.904762,checkpoints/llama3.2-1b-soft-panel,1.000000,1.000000
3:23,3,7,5,0.942857,0.904762,1.000000,checkpoints/llama3.2-1b-hard-panel,1.000000,1.000000
3:24,3,7,5,0.657143,0.428571,0.904762,checkpoints/llama3.2-1b-hard-panel,0.800000,0.600000
3:25,3,7,5,0.904762,0.809524,1.000000,checkpoints/llama3.2-1b-adversary-hard,1.000000,1.000000
3:26,3,7,5,0.352381,-0.333333,0.904762,checkpoints/llama3.2-1b-adversary-hard,1.000000,1.000000
3:27,3,7,5,0.600000,0.333333,0.904762,checkpoints/llama3.2-1b-soft-panel,1.000000,1.000000
3:28,3,7,5,0.942857,0.904762,1.000000,checkpoints/llama3.2-1b-us-rep,1.000000,1.000000
3:29,3,7,5,0.809524,0.523810,1.000000,meta-llama/Llama-3.2-1B,1.000000,1.000000
3:3,3,7,5,0.600000,0.333333,0.904762,checkpoints/llama3.2-1b-hard-panel,1.000000,1.000000
3:30,3,7,5,0.561905,0.238095,1.000000,checkpoints/llama3.2-1b-adversary-hard,1.000000,1.000000
3:31,3,7,5,0.733333,0.428571,1.000000,checkpoints/llama3.2-1b-hard-panel,1.000000,1.000000
3:32,3,7,5,0.733333,0.428571,0.904762,checkpoints/llama3.2-1b-full-prism,0.600000,0.200000
3:33,3,7,5,0.904762,0.809524,1.000000,checkpoints/llama3.2-1b-hard-panel,0.600000,0.200000
3:34,3,7,5,0.561905,0.238095,0.809524,checkpoints/llama3.2-1b-soft-panel,1.000000,1.000000
3:35,3,7,5,0.866667,0.714286,1.000000,checkpoints/llama3.2-1b-adversary-hard,0.800000,0.600000
3:36,3,7,5,0.733333,0.523810,0.904762,checkpoints/llama3.2-1b-hard-panel,0.800000,0.600000
3:37,3,7,5,0.695238,0.333333,1.000000,checkpoints/llama3.2-1b-adversary-hard,1.000000,1.000000
3:38,3,7,5,0.600000,0.238095,0.904762,checkpoints/llama3.2-1b-soft-panel,1.000000,1.000000
3:39,3,7,5,0.923810,0.809524,1.000000,checkpoints/llama3.2-1b-hard-panel,1.000000,1.000000
3:4,3,7,5,0.352381,0.047619,0.714286,meta-llama/Llama-3.2-1B,0.800000,0.600000
3:5,3,7,5,0.600000,0.333333,1.000000,checkpoints/llama3.2-1b-us-rep,1.000000,1.000000
3:6,3,7,5,0.961905,0.904762,1.000000,checkpoints/llama3.2-1b-hard-panel,0.800000,0.600000
3:7,3,7,5,0.733333,0.619048,0.904762,checkpoints/llama3.2-1b-adversary-soft,0.600000,0.200000
3:8,3,7,5,0.847619,0.619048,1.000000,checkpoints/llama3.2-1b-adversary-hard,1.000000,1.000000
3:9,3,7,5,0.885714,0.809524,1.000000,checkpoints/llama3.2-1b-full-prism,0.600000,0.200000
4:0,4,7,5,0.447619,0.238095,1.000000,checkpoints/llama3.2-1b-hard-panel,0.400000,0.200000
4:1,4,7,5,0.371429,-0.142857,0.904762,meta-llama/Llama-3.2-1B,0.800000,0.600000
4:10,4,7,5,0.714286,0.428571,0.904762,meta-llama/Llama-3.2-1B,0.800000,0.600000
4:11,4,7,5,1.000000,1.000000,1.000000,checkpoints/llama3.2-1b-full-prism,1.000000,1.000000
4:12,4,7,5,0.523810,0.047619,0.904762,checkpoints/llama3.2-1b-full-prism,0.600000,0.400000
4:13,4,7,5,0.085714,-0.904762,0.809524,meta-llama/Llama-3.2-1B,0.600000,0.400000
4:14,4,7,5,0.828571,0.714286,0.904762,checkpoints/llama3.2-1b-adversary-soft,1.000000,1.000000
4:15,4,7,5,0.676190,0.523810,0.904762,checkpoints/llama3.2-1b-us-rep,0.600000,0.200000
4:16,4,7,5,0.561905,0.142857,1.000000,checkpoints/llama3.2-1b-hard-panel,0.800000,0.600000
4:17,4,7,5,0.904762,0.809524,1.000000,checkpoints/llama3.2-1b-hard-panel,0.800000,0.600000
4:18,4,7,5,0.428571,0.142857,0.714286,checkpoints/llama3.2-1b-adversary-hard,0.800000,0.600000
4:19,4,7,5,0.047619,-0.714286,0.904762,checkpoints/llama3.2-1b-us-rep,0.600000,0.400000
4:2,4,7,5,0.752381,0.523810,0.904762,checkpoints/llama3.2-1b-hard-panel,0.800000,0.600000
4:20,4,7,5,0.885714,0.809524,1.000000,meta-llama/Llama-3.2-1B,1.000000,1.000000
4:21,4,7,5,0.828571,0.619048,1.000000,checkpoints/llama3.2-1b-adversary-soft,0.800000,0.600000
4:22,4,7,5,0.866667,0.809524,1.000000,checkpoints/llama3.2-1b-full-prism,0.800000,0.600000
4:23,4,7,5,0.676190,0.238095,1.000000,checkpoints/llama3.2-1b-soft-panel,0.800000,0.600000
4:24,4,7,5,0.714286,0.333333,1.000000,checkpoints/llama3.2-1b-adversary-hard,1.000000,1.000000
4:25,4,7,5,0.885714,0.809524,1.000000,checkpoints/llama3.2-1b-adversary-soft,1.000000,1.000000
4:26,4,7,5,0.885714,0.809524,1.000000,checkpoints/llama3.2-1b-adversary-soft,0.600000,0.200000
4:27,4,7,5,0.828571,0.714286,1.000000,checkpoints/llama3.2-1b-hard-panel,0.800000,0.600000
4:28,4,7,5,0.790476,0.619048,1.000000,meta-llama/Llama-3.2-1B,0.800000,0.600000
4:29,4,7,5,0.542857,0.238095,1.000000,checkpoints/llama3.2-1b-adversary-soft,0.400000,0.000000
4:3,4,7,5,0.352381,-0.142857,0.809524,meta-llama/Llama-3.2-1B,1.000000,1.000000
4:30,4,7,5,0.790476,0.619048,1.000000,checkpoints/llama3.2-1b-hard-panel,0.800000,0.600000
4:31,4,7,5,0.200000,-0.333333,0.904762,checkpoints/llama3.2-1b-adversary-hard,0.400000,0.000000
4:32,4,7,5,0.752381,0.523810,1.000000,checkpoints/llama3.2-1b-adversary-hard,1.000000,1.000000
4:33,4,7,5,0.676190,0.523810,0.904762,checkpoints/llama3.2-1b-soft-panel,0.400000,0.000000
4:34,4,7,5,0.847619,0.714286,1.000000,checkpoints/llama3.2-1b-soft-panel,1.000000,1.000000
4:35,4,7,5,0.733333,0.523810,1.000000,checkpoints/llama3.2-1b-soft-panel,1.000000,1.000000
4:36,4,7,5,0.866667,0.714286,1.000000,checkpoints/llama3.2-1b-adversary-hard,1.000000,1.000000
4:37,4,7,5,0.809524,0.619048,1.000000,checkpoints/llama3.2-1b-us-rep,0.800000,0.600000
4:38,4,7,5,0.371429,-0.238095,1.000000,checkpoints/llama3.2-1b-hard-panel,1.000000,1.000000
4:39,4,7,5,0.961905,0.904762,1.000000,meta-llama/Llama-3.2-1B,1.000000,1.000000
4:4,4,7,5,0.580952,0.238095,1.000000,checkpoints/llama3.2-1b-full-prism,0.600000,0.400000
4:5,4,7,5,0.676190,0.428571,1.000000,checkpoints/llama3.2-1b-adversary-hard,0.800000,0.600000
4:6,4,7,5,0.885714,0.714286,1.000000,meta-llama/Llama-3.2-1B,1.000000,1.000000
4:7,4,7,5,0.257143,-0.809524,1.000000,checkpoints/llama3.2-1b-adversary-hard,0.800000,0.600000
4:8,4,7,5,0.733333,0.428571,1.000000,checkpoints/llama3.2-1b-adversary-hard,1.000000,1.000000
4:9,4,7,5,0.600000,0.333333,0.904762,checkpoints/llama3.2-1b-soft-panel,1.000000,1.000000
5:0,5,7,5,0.828571,0.619048,1.000000,checkpoints/llama3.2-1b-hard-panel,1.000000,1.000000
5:1,5,7,5,0.257143,-0.428571,1.000000,checkpoints/llama3.2-1b-adversary-soft,0.600000,0.200000
5:10,5,7,5,0.828571,0.714286,0.904762,checkpoints/llama3.2-1b-adversary-hard,1.000000,1.000000
5:11,5,7,5,0.942857,0.904762,1.000000,checkpoints/llama3.2-1b-hard-panel,1.000000,1.000000
5:12,5,7,5,0.790476,0.619048,0.904762,checkpoints/llama3.2-1b-adversary-hard,0.800000,0.600000
5:13,5,7,5,0.619048,0.333333,0.809524,checkpoints/llama3.2-1b-us-rep,0.800000,0.600000
5:14,5,7,5,0.904762,0.809524,1.000000,checkpoints/llama3.2-1b-adversary-soft,0.600000,0.200000
5:15,5,7,5,0.866667,0.714286,1.000000,checkpoints/llama3.2-1b-full-prism,0.600000,0.200000
5:16,5,7,5,0.885714,0.809524,1.000000,checkpoints/llama3.2-1b-full-prism,1.000000,1.000000
5:17,5,7,5,0.847619,0.714286,1.000000,checkpoints/llama3.2-1b-adversary-hard,1.000000,1.000000
5:18,5,7,5,0.809524,0.714286,1.000000,checkpoints/llama3.2-1b-us-rep,0.600000,0.200000
5:19,5,7,5,0.923810,0.809524,1.000000,checkpoints/llama3.2-1b-adversary-soft,0.800000,0.600000
5:2,5,7,5,0.580952,0.238095,0.904762,checkpoints/llama3.2-1b-full-prism,0.600000,0.200000
5:20,5,7,5,0.866667,0.714286,1.000000,checkpoints/llama3.2-1b-us-rep,0.800000,0.600000
5:21,5,7,5,0.600000,0.238095,1.000000,checkpoints/llama3.2-1b-us-rep,1.000000,1.000000
5:22,5,7,5,0.752381,0.523810,1.000000,checkpoints/llama3.2-1b-soft-panel,1.000000,1.000000
5:23,5,7,5,0.676190,0.523810,0.904762,checkpoints/llama3.2-1b-hard-panel,0.600000,0.200000
5:24,5,7,5,0.790476,0.619048,1.000000,checkpoints/llama3.2-1b-us-rep,0.600000,0.200000
5:25,5,7,5,0.752381,0.619048,0.904762,checkpoints/llama3.2-1b-soft-panel,0.600000,0.200000
5:26,5,7,5,0.485714,-0.047619,0.809524,checkpoints/llama3.2-1b-adversary-hard,0.800000,0.600000
5:27,5,7,5,0.714286,0.428571,1.000000,checkpoints/llama3.2-1b-soft-panel,0.800000,0.600000
5:28,5,7,5,0.676190,0.333333,1.000000,checkpoints/llama3.2-1b-hard-panel,0.800000,0.600000
5:29,5,7,5,0.561905,0.238095,1.000000,checkpoints/llama3.2-1b-adversary-hard,1.000000,1.000000
5:3,5,7,5,0.485714,-0.142857,1.000000,checkpoints/llama3.2-1b-us-rep,0.800000,0.600000
5:30,5,7,5,0.904762,0.809524,1.000000,checkpoints/llama3.2-1b-soft-panel,0.800000,0.600000
5:31,5,7,5,0.809524,0.619048,1.000000,checkpoints/llama3.2-1b-hard-panel,0.800000,0.600000
5:32,5,7,5,0.923810,0.809524,1.000000,checkpoints/llama3.2-1b-us-rep,0.800000,0.600000
5:33,5,7,5,0.885714,0.714286,1.000000,checkpoints/llama3.2-1b-us-rep,1.000000,1.000000
5:34,5,7,5,0.733333,0.619048,0.904762,checkpoints/llama3.2-1b-adversary-hard,1.000000,1.000000
5:35,5,7,5,0.771429,0.523810,1.000000,checkpoints/llama3.2-1b-us-rep,1.000000,1.000000
5:36,5,7,5,0.466667,0.238095,0.714286,checkpoints/llama3.2-1b-full-prism,1.000000,1.000000
5:37,5,7,5,0.752381,0.619048,1.000000,checkpoints/llama3.2-1b-adversary-soft,1.000000,1.000000
5:38,5,7,5,0.504762,0.238095,0.809524,checkpoints/llama3.2-1b-full-prism,0.400000,0.200000
5:39,5,7,5,0.866667,0.714286,1.000000,checkpoints/llama3.2-1b-us-rep,0.600000,0.200000
5:4,5,7,5,0.847619,0.714286,1.000000,checkpoints/llama3.2-1b-adversary-soft,0.800000,0.600000
5:5,5,7,5,0.790476,0.523810,1.000000,checkpoints/llama3.2-1b-us-rep,1.000000,1.000000
5:6,5,7,5,0.352381,-0.047619,0.809524,checkpoints/llama3.2-1b-adversary-hard,0.400000,0.000000
5:7,5,7,5,0.847619,0.714286,1.000000,checkpoints/llama3.2-1b-adversary-hard,1.000000,1.000000
5:8,5,7,5,0.885714,0.714286,1.000000,checkpoints/llama3.2-1b-us-rep,1.000000,1.000000
5:9,5,7,5,0.485714,0.142857,0.714286,checkpoints/llama3.2-1b-adversary-hard,1.000000,1.000000
6:0,6,7,5,0.657143,0.428571,1.000000,checkpoints/llama3.2-1b-adversary-hard,0.600000,0.400000
6:1,6,7,5,0.047619,-0.523810,0.904762,checkpoints/llama3.2-1b-hard-panel,0.600000,0.200000
6:10,6,7,5,0.904762,0.809524,1.000000,checkpoints/llama3.2-1b-hard-panel,1.000000,1.000000
6:11,6,7,5,0.847619,0.714286,1.000000,checkpoints/llama3.2-1b-hard-panel,0.800000,0.600000
6:12,6,7,5,0.885714,0.714286,1.000000,checkpoints/llama3.2-1b-soft-panel,0.800000,0.600000
6:13,6,7,5,0.752381,0.523810,1.000000,checkpoints/llama3.2-1b-hard-panel,0.800000,0.600000
6:14,6,7,5,0.733333,0.619048,1.000000,checkpoints/llama3.2-1b-us-rep,1.000000,1.000000
6:15,6,7,5,0.047619,-0.619048,0.619048,checkpoints/llama3.2-1b-soft-panel,0.400000,0.000000
6:16,6,7,5,0.847619,0.714286,1.000000,checkpoints/llama3.2-1b-full-prism,0.800000,0.600000
6:17,6,7,5,0.828571,0.714286,1.000000,checkpoints/llama3.2-1b-adversary-hard,1.000000,1.000000
6:18,6,7,5,0.904762,0.809524,1.000000,checkpoints/llama3.2-1b-us-rep,1.000000,1.000000
6:19,6,7,5,0.619048,0.238095,1.000000,checkpoints/llama3.2-1b-hard-panel,0.800000,0.600000
6:2,6,7,5,0.523810,0.047619,0.809524,checkpoints/llama3.2-1b-hard-panel,1.000000,1.000000
6:20,6,7,5,0.714286,0.523810,0.904762,checkpoints/llama3.2-1b-hard-panel,1.000000,1.000000
6:21,6,7,5,0.638095,0.333333,0.904762,checkpoints/llama3.2-1b-adversary-hard,1.000000,1.000000
6:22,6,7,5,0.619048,0.333333,0.904762,checkpoints/llama3.2-1b-us-rep,1.000000,1.000000
6:23,6,7,5,0.371429,-0.142857,0.904762,checkpoints/llama3.2-1b-adversary-hard,0.800000,0.600000
6:24,6,7,5,0.485714,0.238095,0.904762,checkpoints/llama3.2-1b-adversary-hard,0.800000,0.600000
6:25,6,7,5,0.809524,0.619048,0.904762,checkpoints/llama3.2-1b-hard-panel,1.000000,1.000000
6:26,6,7,5,0.657143,0.523810,0.714286,checkpoints/llama3.2-1b-hard-panel,1.000000,1.000000
6:27,6,7,5,0.790476,0.523810,1.000000,checkpoints/llama3.2-1b-adversary-hard,1.000000,1.000000
6:28,6,7,5,0.904762,0.809524,1.000000,checkpoints/llama3.2-1b-adversary-hard,0.600000,0.200000
6:29,6,7,5,0.809524,0.714286,0.904762,checkpoints/llama3.2-1b-hard-panel,1.000000,1.000000
6:3,6,7,5,0.714286,0.523810,0.904762,checkpoints/llama3.2-1b-us-rep,1.000000,1.000000
6:30,6,7,5,0.733333,0.619048,1.000000,checkpoints/llama3.2-1b-hard-panel,1.000000,1.000000
6:31,6,7,5,0.942857,0.904762,1.000000,checkpoints/llama3.2-1b-us-rep,1.000000,1.000000
6:32,6,7,5,0.600000,0.142857,0.904762,checkpoints/llama3.2-1b-us-rep,0.800000,0.600000
6:33,6,7,5,0.619048,0.333333,0.809524,checkpoints/llama3.2-1b-hard-panel,1.000000,1.000000
6:34,6,7,5,0.523810,0.238095,0.904762,checkpoints/llama3.2-1b-us-rep,0.600000,0.200000
6:35,6,7,5,0.600000,0.428571,0.809524,checkpoints/llama3.2-1b-us-rep,0.800000,0.600000
6:36,6,7,5,0.771429,0.619048,1.000000,checkpoints/llama3.2-1b-soft-panel,1.000000,1.000000
6:37,6,7,5,0.390476,0.142857,0.809524,checkpoints/llama3.2-1b-full-prism,1.000000,1.000000
6:38,6,7,5,0.885714,0.714286,1.000000,checkpoints/llama3.2-1b-hard-panel,1.000000,1.000000
6:39,6,7,5,0.542857,-0.047619,0.904762,checkpoints/llama3.2-1b-adversary-hard,0.600000,0.400000
6:4,6,7,5,0.580952,0.333333,0.904762,checkpoints/llama3.2-1b-hard-panel,1.000000,1.000000
6:5,6,7,5,0.847619,0.714286,1.000000,checkpoints/llama3.2-1b-soft-panel,1.000000,1.000000
6:6,6,7,5,0.771429,0.619048,1.000000,checkpoints/llama3.2-1b-hard-panel,1.000000,1.000000
6:7,6,7,5,0.466667,0.047619,0.809524,checkpoints/llama3.2-1b-us-rep,1.000000,1.000000
6:8,6,7,5,0.180952,-0.333333,1.000000,meta-llama/Llama-3.2-1B,1.000000,1.000000
6:9,6,7,5,0.885714,0.809524,1.000000,checkpoints/llama3.2-1b-adversary-hard,1.000000,1.000000
7:0,7,7,5,0.790476,0.619048,0.904762,meta-llama/Llama-3.2-1B,0.800000,0.600000
7:1,7,7,5,0.657143,0.333333,0.904762,checkpoints/llama3.2-1b-adversary-hard,0.400000,0.000000
7:10,7,7,5,0.828571,0.714286,1.000000,meta-llama/Llama-3.2-1B,1.000000,1.000000
7:11,7,7,5,0.580952,0.142857,1.000000,meta-llama/Llama-3.2-1B,1.000000,1.000000
7:12,7,7,5,0.619048,0.333333,0.904762,checkpoints/llama3.2-1b-hard-panel,1.000000,1.000000
7:13,7,7,5,0.390476,-0.238095,0.809524,checkpoints/llama3.2-1b-adversary-hard,0.400000,0.000000
7:14,7,7,5,0.771429,0.619048,0.904762,checkpoints/llama3.2-1b-hard-panel,1.000000,1.000000
7:15,7,7,5,0.809524,0.619048,1.000000,checkpoints/llama3.2-1b-soft-panel,0.600000,0.400000
7:16,7,7,5,0.676190,0.238095,1.000000,meta-llama/Llama-3.2-1B,1.000000,1.000000
7:17,7,7,5,0.580952,0.333333,0.809524,meta-llama/Llama-3.2-1B,1.000000,1.000000
7:18,7,7,5,-0.047619,-0.904762,0.904762,checkpoints/llama3.2-1b-us-rep,0.400000,0.200000
7:19,7,7,5,0.771429,0.619048,1.000000,meta-llama/Llama-3.2-1B,0.800000,0.600000
7:2,7,7,5,0.676190,0.428571,1.000000,meta-llama/Llama-3.2-1B,0.600000,0.400000
7:20,7,7,5,0.904762,0.809524,1.000000,meta-llama/Llama-3.2-1B,1.000000,1.000000
7:21,7,7,5,0.523810,0.238095,1.000000,checkpoints/llama3.2-1b-us-rep,0.400000,0.000000
7:22,7,7,5,0.504762,0.238095,1.000000,checkpoints/llama3.2-1b-hard-panel,0.600000,0.200000
7:23,7,7,5,0.695238,0.428571,1.000000,meta-llama/Llama-3.2-1B,1.000000,1.000000
7:24,7,7,5,0.085714,-0.619048,0.809524,meta-llama/Llama-3.2-1B,0.800000,0.600000
7:25,7,7,5,0.466667,0.047619,0.714286,checkpoints/llama3.2-1b-adversary-hard,0.200000,0.000000
7:26,7,7,5,0.619048,0.333333,0.904762,checkpoints/llama3.2-1b-hard-panel,0.800000,0.600000
7:27,7,7,5,0.828571,0.619048,1.000000,checkpoints/llama3.2-1b-adversary-hard,0.600000,0.200000
7:28,7,7,5,0.695238,0.333333,1.000000,meta-llama/Llama-3.2-1B,0.600000,0.400000
7:29,7,7,5,0.733333,0.523810,0.904762,checkpoints/llama3.2-1b-hard-panel,1.000000,1.000000
7:3,7,7,5,0.219048,-0.333333,0.904762,checkpoints/llama3.2-1b-hard-panel,0.600000,0.400000
7:30,7,7,5,0.847619,0.714286,1.000000,meta-llama/Llama-3.2-1B,1.000000,1.000000
7:31,7,7,5,0.733333,0.523810,0.904762,checkpoints/llama3.2-1b-us-rep,0.600000,0.200000
7:32,7,7,5,0.714286,0.523810,0.904762,meta-llama/Llama-3.2-1B,0.800000,0.600000
7:33,7,7,5,0.504762,0.142857,0.714286,checkpoints/llama3.2-1b-soft-panel,0.600000,0.200000
7:34,7,7,5,0.828571,0.619048,1.000000,checkpoints/llama3.2-1b-hard-panel,1.000000,1.000000
7:35,7,7,5,0.714286,0.428571,1.000000,meta-llama/Llama-3.2-1B,1.000000,1.000000
7:36,7,7,5,0.733333,0.523810,1.000000,checkpoints/llama3.2-1b-us-rep,1.000000,1.000000
7:37,7,7,5,0.904762,0.809524,1.000000,meta-llama/Llama-3.2-1B,1.000000,1.000000
7:38,7,7,5,0.847619,0.714286,1.000000,checkpoints/llama3.2-1b-soft-panel,0.600000,0.200000
7:39,7,7,5,0.790476,0.619048,0.904762,meta-llama/Llama-3.2-1B,1.000000,1.000000
7:4,7,7,5,0.733333,0.523810,1.000000,meta-llama/Llama-3.2-1B,1.000000,1.000000
7:5,7,7,5,0.390476,-0.238095,0.809524,meta-llama/Llama-3.2-1B,0.600000,0.200000
7:6,7,7,5,0.885714,0.714286,1.000000,checkpoints/llama3.2-1b-adversary-soft,0.800000,0.600000
7:7,7,7,5,0.580952,0.428571,0.904762,meta-llama/Llama-3.2-1B,1.000000,1.000000
7:8,7,7,5,0.219048,-0.714286,1.000000,checkpoints/llama3.2-1b-hard-panel,0.800000,0.600000
7:9,7,7,5,0.847619,0.714286,1.000000,checkpoints/llama3.2-1b-soft-panel,0.400000,0.000000
8:0,8,7,5,0.200000,-0.142857,0.904762,meta-llama/Llama-3.2-1B,0.400000,0.200000
8:1,8,7,5,0.790476,0.619048,1.000000,checkpoints/llama3.2-1b-us-rep,1.000000,1.000000
8:10,8,7,5,0.828571,0.714286,1.000000,checkpoints/llama3.2-1b-hard-panel,1.000000,1.000000
8:11,8,7,5,0.771429,0.428571,1.000000,checkpoints/llama3.2-1b-hard-panel,1.000000,1.000000
8:12,8,7,5,0.828571,0.809524,1.000000,checkpoints/llama3.2-1b-adversary-hard,1.000000,1.000000
8:13,8,7,5,0.942857,0.904762,1.000000,checkpoints/llama3.2-1b-soft-panel,1.000000,1.000000
8:14,8,7,5,0.961905,0.904762,1.000000,checkpoints/llama3.2-1b-us-rep,1.000000,1.000000
8:15,8,7,5,0.561905,0.333333,0.809524,checkpoints/llama3.2-1b-hard-panel,0.400000,0.200000
8:16,8,7,5,0.828571,0.714286,1.000000,checkpoints/llama3.2-1b-hard-panel,1.000000,1.000000
8:17,8,7,5,0.942857,0.904762,1.000000,meta-llama/Llama-3.2-1B,1.000000,1.000000
8:18,8,7,5,0.428571,0.047619,0.904762,meta-llama/Llama-3.2-1B,1.000000,1.000000
8:19,8,7,5,0.885714,0.714286,1.000000,checkpoints/llama3.2-1b-soft-panel,1.000000,1.000000
8:2,8,7,5,0.523810,0.047619,0.809524,checkpoints/llama3.2-1b-us-rep,1.000000,1.000000
8:20,8,7,5,0.885714,0.809524,1.000000,checkpoints/llama3.2-1b-adversary-hard,0.800000,0.600000
8:21,8,7,5,0.752381,0.619048,0.904762,checkpoints/llama3.2-1b-soft-panel,0.600000,0.400000
8:22,8,7,5,0.752381,0.619048,0.904762,checkpoints/llama3.2-1b-adversary-soft,0.600000,0.400000
8:23,8,7,5,0.809524,0.619048,1.000000,checkpoints/llama3.2-1b-us-rep,1.000000,1.000000
8:24,8,7,5,0.923810,0.809524,1.000000,checkpoints/llama3.2-1b-soft-panel,1.000000,1.000000
8:25,8,7,5,0.847619,0.714286,1.000000,checkpoints/llama3.2-1b-us-rep,0.600000,0.200000
8:26,8,7,5,0.771429,0.523810,1.000000,checkpoints/llama3.2-1b-full-prism,0.400000,0.000000
8:27,8,7,5,0.790476,0.619048,0.904762,checkpoints/llama3.2-1b-adversary-hard,1.000000,1.000000
8:28,8,7,5,1.000000,1.000000,1.000000,checkpoints/llama3.2-1b-hard-panel,1.000000,1.000000
8:29,8,7,5,0.619048,0.238095,0.809524,checkpoints/llama3.2-1b-adversary-hard,0.800000,0.600000
8:3,8,7,5,0.638095,0.238095,0.904762,checkpoints/llama3.2-1b-full-prism,0.800000,0.600000
8:30,8,7,5,0.904762,0.809524,1.000000,checkpoints/llama3.2-1b-full-prism,1.000000,1.000000
8:31,8,7,5,0.885714,0.714286,1.000000,checkpoints/llama3.2-1b-us-rep,1.000000,1.000000
8:32,8,7,5,0.733333,0.523810,1.000000,checkpoints/llama3.2-1b-full-prism,0.600000,0.200000
8:33,8,7,5,0.619048,0.333333,0.904762,checkpoints/llama3.2-1b-hard-panel,1.000000,1.000000
8:34,8,7,5,0.542857,0.142857,0.904762,checkpoints/llama3.2-1b-hard-panel,1.000000,1.000000
8:35,8,7,5,0.523810,0.142857,0.904762,checkpoints/llama3.2-1b-hard-panel,0.600000,0.400000
8:36,8,7,5,0.619048,0.333333,0.904762,checkpoints/llama3.2-1b-us-rep,1.000000,1.000000
8:37,8,7,5,0.733333,0.428571,1.000000,checkpoints/llama3.2-1b-us-rep,0.600000,0.200000
8:38,8,7,5,0.600000,0.238095,0.904762,checkpoints/llama3.2-1b-adversary-hard,1.000000,1.000000
8:39,8,7,5,0.847619,0.714286,1.000000,checkpoints/llama3.2-1b-adversary-soft,0.600000,0.200000
8:4,8,7,5,0.523810,0.047619,0.904762,checkpoints/llama3.2-1b-hard-panel,1.000000,1.000000
8:5,8,7,5,0.561905,0.238095,0.904762,checkpoints/llama3.2-1b-adversary-hard,1.000000,1.000000
8:6,8,7,5,0.847619,0.619048,1.000000,checkpoints/llama3.2-1b-adversary-soft,0.800000,0.600000
8:7,8,7,5,0.752381,0.523810,1.000000,meta-llama/Llama-3.2-1B,0.600000,0.400000
8:8,8,7,5,0.885714,0.809524,1.000000,checkpoints/llama3.2-1b-hard-panel,1.000000,1.000000
8:9,8,7,5,0.714286,0.428571,1.000000,checkpoints/llama3.2-1b-us-rep,1.000000,1.000000
9:0,9,7,5,0.542857,0.142857,0.809524,checkpoints/llama3.2-1b-adversary-soft,0.400000,0.000000
9:1,9,7,5,0.771429,0.523810,1.000000,checkpoints/llama3.2-1b-soft-panel,0.800000,0.600000
9:10,9,7,5,0.847619,0.714286,1.000000,checkpoints/llama3.2-1b-soft-panel,0.800000,0.600000
9:11,9,7,5,0.485714,0.142857,1.000000,checkpoints/llama3.2-1b-us-rep,1.000000,1.000000
9:12,9,7,5,0.961905,0.904762,1.000000,meta-llama/Llama-3.2-1B,1.000000,1.000000
9:13,9,7,5,0.714286,0.523810,1.000000,checkpoints/llama3.2-1b-adversary-hard,1.000000,1.000000
9:14,9,7,5,0.885714,0.809524,1.000000,checkpoints/llama3.2-1b-us-rep,1.000000,1.000000
9:15,9,7,5,0.600000,0.142857,1.000000,checkpoints/llama3.2-1b-adversary-hard,0.800000,0.600000
9:16,9,7,5,0.428571,-0.142857,0.809524,checkpoints/llama3.2-1b-us-rep,0.400000,0.000000
9:17,9,7,5,0.904762,0.809524,1.000000,checkpoints/llama3.2-1b-soft-panel,1.000000,1.000000
9:18,9,7,5,0.695238,0.333333,1.000000,meta-llama/Llama-3.2-1B,1.000000,1.000000
9:19,9,7,5,0.771429,0.619048,1.000000,checkpoints/llama3.2-1b-adversary-hard,0.800000,0.600000
9:2,9,7,5,0.695238,0.523810,0.904762,checkpoints/llama3.2-1b-adversary-hard,1.000000,1.000000
9:20,9,7,5,0.923810,0.809524,1.000000,checkpoints/llama3.2-1b-us-rep,1.000000,1.000000
9:21,9,7,5,0.409524,-0.333333,1.000000,checkpoints/llama3.2-1b-adversary-hard,1.000000,1.000000
9:22,9,7,5,0.733333,0.428571,1.000000,checkpoints/llama3.2-1b-us-rep,1.000000,1.000000
9:23,9,7,5,0.809524,0.619048,1.000000,checkpoints/llama3.2-1b-adversary-hard,1.000000,1.000000
9:24,9,7,5,0.657143,0.428571,1.000000,checkpoints/llama3.2-1b-hard-panel,1.000000,1.000000
9:25,9,7,5,0.561905,0.238095,0.714286,checkpoints/llama3.2-1b-hard-panel,1.000000,1.000000
9:26,9,7,5,0.790476,0.619048,1.000000,meta-llama/Llama-3.2-1B,1.000000,1.000000
9:27,9,7,5,0.752381,0.428571,1.000000,checkpoints/llama3.2-1b-adversary-soft,1.000000,1.000000
9:28,9,7,5,0.580952,0.238095,0.809524,meta-llama/Llama-3.2-1B,0.400000,0.200000
9:29,9,7,5,0.676190,0.238095,1.000000,meta-llama/Llama-3.2-1B,0.800000,0.600000
9:3,9,7,5,0.904762,0.809524,1.000000,checkpoints/llama3.2-1b-soft-panel,0.800000,0.600000
9:30,9,7,5,0.942857,0.904762,1.000000,checkpoints/llama3.2-1b-adversary-hard,1.000000,1.000000
9:31,9,7,5,0.809524,0.714286,1.000000,checkpoints/llama3.2-1b-adversary-hard,1.000000,1.000000
9:32,9,7,5,0.733333,0.523810,1.000000,checkpoints/llama3.2-1b-adversary-hard,1.000000,1.000000
9:33,9,7,5,0.828571,0.619048,1.000000,checkpoints/llama3.2-1b-adversary-hard,0.800000,0.600000
9:34,9,7,5,0.752381,0.523810,0.904762,checkpoints/llama3.2-1b-hard-panel,0.400000,0.000000
9:35,9,7,5,0.714286,0.428571,0.809524,checkpoints/llama3.2-1b-us-rep,0.400000,0.000000
9:36,9,7,5,0.676190,0.428571,0.904762,checkpoints/llama3.2-1b-us-rep,1.000000,1.000000
9:37,9,7,5,0.752381,0.523810,1.000000,checkpoints/llama3.2-1b-adversary-hard,1.000000,1.000000
9:38,9,7,5,0.809524,0.714286,1.000000,checkpoints/llama3.2-1b-adversary-soft,0.600000,0.200000
9:39,9,7,5,0.847619,0.714286,1.000000,checkpoints/llama3.2-1b-adversary-hard,1.000000,1.000000
9:4,9,7,5,0.790476,0.619048,1.000000,checkpoints/llama3.2-1b-hard-panel,1.000000,1.000000
9:5,9,7,5,0.352381,-0.238095,1.000000,checkpoints/llama3.2-1b-us-rep,1.000000,1.000000
9:6,9,7,5,0.676190,0.428571,0.904762,meta-llama/Llama-3.2-1B,1.000000,1.000000
9:7,9,7,5,0.485714,0.047619,0.904762,checkpoints/llama3.2-1b-adversary-hard,0.600000,0.400000
9:8,9,7,5,0.657143,0.333333,0.904762,checkpoints/llama3.2-1b-hard-panel,1.000000,1.000000
9:9,9,7,5,0.828571,0.714286,1.000000,meta-llama/Llama-3.2-1B,1.000000,1.000000
10:0,10,7,5,0.771429,0.619048,1.000000,checkpoints/llama3.2-1b-adversary-soft,0.600000,0.200000
10:1,10,7,5,0.504762,0.047619,0.904762,meta-llama/Llama-3.2-1B,1.000000,1.000000
10:10,10,7,5,0.904762,0.809524,1.000000,checkpoints/llama3.2-1b-adversary-hard,1.000000,1.000000
10:11,10,7,5,0.961905,0.904762,1.000000,meta-llama/Llama-3.2-1B,1.000000,1.000000
10:12,10,7,5,0.542857,0.142857,0.904762,checkpoints/llama3.2-1b-adversary-hard,0.600000,0.400000
10:13,10,7,5,0.390476,0.047619,0.714286,meta-llama/Llama-3.2-1B,1.000000,1.000000
10:14,10,7,5,0.695238,0.523810,0.904762,checkpoints/llama3.2-1b-hard-panel,0.800000,0.600000
10:15,10,7,5,0.828571,0.619048,1.000000,checkpoints/llama3.2-1b-soft-panel,0.600000,0.400000
10:16,10,7,5,0.733333,0.523810,1.000000,checkpoints/llama3.2-1b-adversary-soft,1.000000,1.000000
10:17,10,7,5,0.600000,0.333333,0.904762,meta-llama/Llama-3.2-1B,0.600000,0.400000
10:18,10,7,5,0.733333,0.428571,0.904762,checkpoints/llama3.2-1b-full-prism,1.000000,1.000000
10:19,10,7,5,0.828571,0.714286,0.904762,checkpoints/llama3.2-1b-hard-panel,0.800000,0.600000
10:2,10,7,5,0.828571,0.714286,1.000000,meta-llama/Llama-3.2-1B,1.000000,1.000000
10:20,10,7,5,0.885714,0.809524,1.000000,checkpoints/llama3.2-1b-soft-panel,0.600000,0.200000
10:21,10,7,5,0.752381,0.428571,1.000000,checkpoints/llama3.2-1b-hard-panel,1.000000,1.000000
10:22,10,7,5,0.200000,-0.333333,0.904762,checkpoints/llama3.2-1b-hard-panel,1.000000,1.000000
10:23,10,7,5,0.580952,0.238095,1.000000,meta-llama/Llama-3.2-1B,0.600000,0.200000
10:24,10,7,5,0.657143,0.238095,1.000000,meta-llama/Llama-3.2-1B,1.000000,1.000000
10:25,10,7,5,0.809524,0.714286,1.000000,meta-llama/Llama-3.2-1B,1.000000,1.000000
10:26,10,7,5,0.638095,0.333333,0.904762,checkpoints/llama3.2-1b-hard-panel,1.000000,1.000000
10:27,10,7,5,0.733333,0.428571,1.000000,checkpoints/llama3.2-1b-soft-panel,0.600000,0.200000
10:28,10,7,5,0.942857,0.904762,1.000000,meta-llama/Llama-3.2-1B,1.000000,1.000000
10:29,10,7,5,0.733333,0.523810,0.904762,meta-llama/Llama-3.2-1B,1.000000,1.000000
10:3,10,7,5,0.733333,0.619048,1.000000,checkpoints/llama3.2-1b-us-rep,0.600000,0.200000
10:30,10,7,5,0.809524,0.523810,1.000000,checkpoints/llama3.2-1b-hard-panel,1.000000,1.000000
10:31,10,7,5,0.809524,0.619048,1.000000,checkpoints/llama3.2-1b-soft-panel,0.400000,0.000000
10:32,10,7,5,0.828571,0.714286,1.000000,checkpoints/llama3.2-1b-soft-panel,0.600000,0.200000
10:33,10,7,5,0.561905,0.333333,0.904762,meta-llama/Llama-3.2-1B,0.600000,0.400000
10:34,10,7,5,0.866667,0.714286,1.000000,meta-llama/Llama-3.2-1B,1.000000,1.000000
10:35,10,7,5,0.714286,0.428571,1.000000,meta-llama/Llama-3.2-1B,1.000000,1.000000
10:36,10,7,5,0.676190,0.333333,0.904762,checkpoints/llama3.2-1b-full-prism,0.800000,0.600000
10:37,10,7,5,0.657143,0.238095,1.000000,meta-llama/Llama-3.2-1B,1.000000,1.000000
10:38,10,7,5,0.904762,0.809524,1.000000,checkpoints/llama3.2-1b-us-rep,1.000000,1.000000
10:39,10,7,5,0.542857,0.238095,1.000000,checkpoints/llama3.2-1b-adversary-hard,1.000000,1.000000
10:4,10,7,5,0.619048,0.333333,0.809524,checkpoints/llama3.2-1b-soft-panel,0.600000,0.200000
10:5,10,7,5,0.923810,0.809524,1.000000,meta-llama/Llama-3.2-1B,1.000000,1.000000
10:6,10,7,5,0.466667,0.142857,0.904762,checkpoints/llama3.2-1b-adversary-hard,0.800000,0.600000
10:7,10,7,5,0.428571,-0.142857,0.904762,checkpoints/llama3.2-1b-hard-panel,0.400000,0.000000
10:8,10,7,5,0.485714,0.142857,0.904762,meta-llama/Llama-3.2-1B,1.000000,1.000000
10:9,10,7,5,0.828571,0.619048,1.000000,checkpoints/llama3.2-1b-us-rep,0.600000,0.200000
11:0,11,7,5,0.523810,0.238095,0.904762,checkpoints/llama3.2-1b-us-rep,1.000000,1.000000
11:1,11,7,5,0.847619,0.714286,1.000000,checkpoints/llama3.2-1b-us-rep,0.600000,0.200000
11:10,11,7,5,0.714286,0.523810,0.904762,checkpoints/llama3.2-1b-full-prism,1.000000,1.000000
11:11,11,7,5,0.733333,0.523810,0.904762,checkpoints/llama3.2-1b-adversary-hard,1.000000,1.000000
11:12,11,7,5,0.733333,0.428571,1.000000,checkpoints/llama3.2-1b-us-rep,1.000000,1.000000
11:13,11,7,5,0.676190,0.333333,0.904762,checkpoints/llama3.2-1b-hard-panel,1.000000,1.000000
11:14,11,7,5,0.790476,0.619048,1.000000,checkpoints/llama3.2-1b-us-rep,0.600000,0.200000
11:15,11,7,5,0.752381,0.523810,1.000000,checkpoints/llama3.2-1b-adversary-soft,1.000000,1.000000
11:16,11,7,5,0.866667,0.714286,1.000000,checkpoints/llama3.2-1b-soft-panel,0.800000,0.600000
11:17,11,7,5,0.790476,0.619048,1.000000,checkpoints/llama3.2-1b-hard-panel,0.800000,0.600000
11:18,11,7,5,0.561905,0.142857,0.904762,checkpoints/llama3.2-1b-hard-panel,1.000000,1.000000
11:19,11,7,5,0.409524,-0.047619,0.809524,meta-llama/Llama-3.2-1B,0.600000,0.200000
11:2,11,7,5,0.942857,0.904762,1.000000,meta-llama/Llama-3.2-1B,1.000000,1.000000
11:20,11,7,5,0.657143,0.428571,0.904762,checkpoints/llama3.2-1b-us-rep,1.000000,1.000000
11:21,11,7,5,0.828571,0.714286,0.904762,checkpoints/llama3.2-1b-soft-panel,0.600000,0.200000
11:22,11,7,5,0.523810,0.238095,0.904762,checkpoints/llama3.2-1b-adversary-soft,0.600000,0.200000
11:23,11,7,5,0.809524,0.523810,1.000000,meta-llama/Llama-3.2-1B,1.000000,1.000000
11:24,11,7,5,0.619048,0.333333,0.904762,checkpoints/llama3.2-1b-adversary-soft,0.600000,0.200000
11:25,11,7,5,0.961905,0.904762,1.000000,checkpoints/llama3.2-1b-soft-panel,1.000000,1.000000
11:26,11,7,5,0.790476,0.619048,1.000000,checkpoints/llama3.2-1b-us-rep,1.000000,1.000000
11:27,11,7,5,0.542857,0.238095,0.809524,checkpoints/llama3.2-1b-full-prism,0.400000,0.200000
11:28,11,7,5,0.466667,0.142857,0.809524,checkpoints/llama3.2-1b-us-rep,1.000000,1.000000
11:29,11,7,5,0.733333,0.619048,0.904762,checkpoints/llama3.2-1b-adversary-hard,1.000000,1.000000
11:3,11,7,5,0.771429,0.619048,1.000000,checkpoints/llama3.2-1b-soft-panel,0.600000,0.200000
11:30,11,7,5,0.904762,0.809524,1.000000,checkpoints/llama3.2-1b-soft-panel,0.600000,0.200000
11:31,11,7,5,0.657143,0.333333,1.000000,checkpoints/llama3.2-1b-us-rep,1.000000,1.000000
11:32,11,7,5,0.333333,-0.047619,0.809524,checkpoints/llama3.2-1b-soft-panel,0.400000,0.200000
11:33,11,7,5,0.638095,0.238095,0.904762,checkpoints/llama3.2-1b-adversary-hard,0.400000,0.000000
11:34,11,7,5,0.695238,0.333333,1.000000,checkpoints/llama3.2-1b-adversary-hard,1.000000,1.000000
11:35,11,7,5,0.752381,0.428571,1.000000,checkpoints/llama3.2-1b-adversary-soft,1.000000,1.000000
11:36,11,7,5,0.657143,0.428571,0.904762,checkpoints/llama3.2-1b-adversary-hard,1.000000,1.000000
11:37,11,7,5,0.561905,0.142857,1.000000,checkpoints/llama3.2-1b-full-prism,1.000000,1.000000
11:38,11,7,5,0.752381,0.523810,1.000000,checkpoints/llama3.2-1b-full-prism,0.600000,0.200000
11:39,11,7,5,0.961905,0.904762,1.000000,checkpoints/llama3.2-1b-soft-panel,1.000000,1.000000
11:4,11,7,5,0.809524,0.714286,0.904762,checkpoints/llama3.2-1b-adversary-hard,1.000000,1.000000
11:5,11,7,5,0.409524,0.142857,0.714286,checkpoints/llama3.2-1b-us-rep,0.600000,0.200000
11:6,11,7,5,0.619048,0.428571,0.904762,checkpoints/llama3.2-1b-hard-panel,0.800000,0.600000
11:7,11,7,5,0.638095,0.238095,1.000000,checkpoints/llama3.2-1b-hard-panel,1.000000,1.000000
11:8,11,7,5,0.904762,0.809524,1.000000,checkpoints/llama3.2-1b-adversary-hard,0.600000,0.200000
11:9,11,7,5,0.676190,0.238095,1.000000,checkpoints/llama3.2-1b-adversary-hard,1.000000,1.000000
12:0,12,7,5,0.695238,0.428571,0.904762,checkpoints/llama3.2-1b-adversary-hard,0.600000,0.200000
12:1,12,7,5,0.542857,0.238095,0.809524,checkpoints/llama3.2-1b-adversary-hard,0.600000,0.200000
12:10,12,7,5,0.676190,0.428571,0.904762,checkpoints/llama3.2-1b-adversary-soft,0.800000,0.600000
12:11,12,7,5,0.828571,0.714286,1.000000,checkpoints/llama3.2-1b-us-rep,1.000000,1.000000
12:12,12,7,5,0.523810,0.047619,0.809524,checkpoints/llama3.2-1b-adversary-hard,0.600000,0.200000
12:13,12,7,5,0.695238,0.428571,1.000000,checkpoints/llama3.2-1b-adversary-hard,0.800000,0.600000
12:14,12,7,5,0.676190,0.333333,0.904762,checkpoints/llama3.2-1b-adversary-hard,1.000000,1.000000
12:15,12,7,5,0.847619,0.619048,1.000000,checkpoints/llama3.2-1b-full-prism,0.800000,0.600000
12:16,12,7,5,0.790476,0.523810,1.000000,checkpoints/llama3.2-1b-adversary-hard,1.000000,1.000000
12:17,12,7,5,0.695238,0.523810,1.000000,checkpoints/llama3.2-1b-us-rep,0.600000,0.200000
12:18,12,7,5,0.961905,0.904762,1.000000,checkpoints/llama3.2-1b-adversary-hard,1.000000,1.000000
12:19,12,7,5,0.352381,-0.047619,0.904762,checkpoints/llama3.2-1b-us-rep,1.000000,1.000000
12:2,12,7,5,0.866667,0.714286,1.000000,checkpoints/llama3.2-1b-adversary-hard,1.000000,1.000000
12:20,12,7,5,0.676190,0.428571,0.904762,checkpoints/llama3.2-1b-us-rep,0.800000,0.600000
12:21,12,7,5,0.790476,0.523810,1.000000,checkpoints/llama3.2-1b-us-rep,1.000000,1.000000
12:22,12,7,5,0.847619,0.714286,1.000000,checkpoints/llama3.2-1b-us-rep,0.800000,0.600000
12:23,12,7,5,0.752381,0.619048,0.904762,checkpoints/llama3.2-1b-full-prism,0.800000,0.600000
12:24,12,7,5,0.504762,0.142857,1.000000,checkpoints/llama3.2-1b-full-prism,0.600000,0.200000
12:25,12,7,5,0.923810,0.809524,1.000000,checkpoints/llama3.2-1b-us-rep,1.000000,1.000000
12:26,12,7,5,0.561905,0.142857,0.904762,checkpoints/llama3.2-1b-adversary-hard,0.600000,0.200000
12:27,12,7,5,0.828571,0.714286,1.000000,checkpoints/llama3.2-1b-adversary-hard,1.000000,1.000000
12:28,12,7,5,0.885714,0.809524,1.000000,checkpoints/llama3.2-1b-full-prism,0.600000,0.200000
12:29,12,7,5,0.733333,0.428571,0.904762,checkpoints/llama3.2-1b-adversary-hard,0.800000,0.600000
12:3,12,7,5,0.657143,0.333333,0.809524,checkpoints/llama3.2-1b-full-prism,0.400000,0.000000
12:30,12,7,5,0.657143,0.428571,0.904762,checkpoints/llama3.2-1b-us-rep,0.800000,0.600000
12:31,12,7,5,0.695238,0.523810,0.809524,checkpoints/llama3.2-1b-adversary-soft,0.600000,0.400000
12:32,12,7,5,0.619048,0.238095,1.000000,checkpoints/llama3.2-1b-hard-panel,1.000000,1.000000
12:33,12,7,5,0.828571,0.619048,1.000000,meta-llama/Llama-3.2-1B,0.800000,0.600000
12:34,12,7,5,0.657143,0.333333,1.000000,checkpoints/llama3.2-1b-soft-panel,0.800000,0.600000
12:35,12,7,5,0.771429,0.523810,1.000000,checkpoints/llama3.2-1b-us-rep,1.000000,1.000000
12:36,12,7,5,0.466667,0.238095,0.809524,checkpoints/llama3.2-1b-hard-panel,0.600000,0.400000
12:37,12,7,5,0.942857,0.904762,1.000000,checkpoints/llama3.2-1b-adversary-soft,1.000000,1.000000
12:38,12,7,5,0.752381,0.619048,1.000000,checkpoints/llama3.2-1b-hard-panel,0.800000,0.600000
12:39,12,7,5,0.828571,0.619048,1.000000,checkpoints/llama3.2-1b-full-prism,1.000000,1.000000
12:4,12,7,5,0.333333,-0.142857,0.904762,checkpoints/llama3.2-1b-soft-panel,0.600000,0.200000
12:5,12,7,5,0.866667,0.809524,1.000000,checkpoints/llama3.2-1b-adversary-soft,1.000000,1.000000
12:6,12,7,5,0.809524,0.523810,1.000000,checkpoints/llama3.2-1b-hard-panel,0.800000,0.600000
12:7,12,7,5,0.904762,0.809524,1.000000,checkpoints/llama3.2-1b-us-rep,1.000000,1.000000
12:8,12,7,5,0.752381,0.428571,1.000000,checkpoints/llama3.2-1b-adversary-hard,0.800000,0.600000
12:9,12,7,5,0.638095,0.428571,0.904762,meta-llama/Llama-3.2-1B,1.000000,1.000000
13:0,13,7,5,0.600000,0.047619,1.000000,checkpoints/llama3.2-1b-adversary-hard,1.000000,1.000000
13:1,13,7,5,0.961905,0.904762,1.000000,checkpoints/llama3.2-1b-full-prism,1.000000,1.000000
13:10,13,7,5,0.828571,0.619048,1.000000,checkpoints/llama3.2-1b-us-rep,1.000000,1.000000
13:11,13,7,5,0.733333,0.523810,0.904762,checkpoints/llama3.2-1b-adversary-hard,1.000000,1.000000
13:12,13,7,5,0.790476,0.619048,0.904762,checkpoints/llama3.2-1b-hard-panel,1.000000,1.000000
13:13,13,7,5,0.961905,0.904762,1.000000,checkpoints/llama3.2-1b-us-rep,1.000000,1.000000
13:14,13,7,5,0.866667,0.809524,1.000000,checkpoints/llama3.2-1b-soft-panel,1.000000,1.000000
13:15,13,7,5,0.961905,0.904762,1.000000,checkpoints/llama3.2-1b-full-prism,0.800000,0.600000
13:16,13,7,5,0.828571,0.619048,1.000000,meta-llama/Llama-3.2-1B,1.000000,1.000000
13:17,13,7,5,0.619048,0.333333,0.904762,checkpoints/llama3.2-1b-us-rep,0.800000,0.600000
13:18,13,7,5,0.600000,0.238095,0.904762,checkpoints/llama3.2-1b-us-rep,0.800000,0.600000
13:19,13,7,5,0.771429,0.619048,0.904762,checkpoints/llama3.2-1b-adversary-hard,1.000000,1.000000
13:2,13,7,5,0.828571,0.714286,1.000000,checkpoints/llama3.2-1b-hard-panel,1.000000,1.000000
13:20,13,7,5,0.580952,0.047619,0.904762,checkpoints/llama3.2-1b-soft-panel,0.400000,0.000000
13:21,13,7,5,0.580952,0.238095,0.809524,checkpoints/llama3.2-1b-adversary-hard,1.000000,1.000000
13:22,13,7,5,0.733333,0.428571,1.000000,checkpoints/llama3.2-1b-adversary-hard,0.800000,0.600000
13:23,13,7,5,0.733333,0.523810,1.000000,checkpoints/llama3.2-1b-adversary-soft,0.800000,0.600000
13:24,13,7,5,0.866667,0.714286,1.000000,checkpoints/llama3.2-1b-us-rep,1.000000,1.000000
13:25,13,7,5,0.600000,0.142857,0.904762,checkpoints/llama3.2-1b-hard-panel,1.000000,1.000000
13:26,13,7,5,0.504762,-0.142857,1.000000,checkpoints/llama3.2-1b-hard-panel,0.800000,0.600000
13:27,13,7,5,0.885714,0.809524,1.000000,checkpoints/llama3.2-1b-full-prism,0.600000,0.200000
13:28,13,7,5,0.657143,0.428571,0.904762,meta-llama/Llama-3.2-1B,1.000000,1.000000
13:29,13,7,5,0.600000,0.333333,0.809524,checkpoints/llama3.2-1b-hard-panel,0.600000,0.200000
13:3,13,7,5,0.085714,-0.523810,0.619048,checkpoints/llama3.2-1b-hard-panel,0.800000,0.600000
13:30,13,7,5,0.714286,0.523810,1.000000,checkpoints/llama3.2-1b-hard-panel,0.600000,0.200000
13:31,13,7,5,0.847619,0.714286,1.000000,checkpoints/llama3.2-1b-soft-panel,0.600000,0.200000
13:32,13,7,5,0.923810,0.809524,1.000000,checkpoints/llama3.2-1b-adversary-hard,1.000000,1.000000
13:33,13,7,5,0.542857,0.142857,0.809524,meta-llama/Llama-3.2-1B,1.000000,1.000000
13:34,13,7,5,-0.123810,-0.809524,0.809524,checkpoints/llama3.2-1b-adversary-hard,0.400000,0.000000
13:35,13,7,5,0.428571,-0.142857,1.000000,meta-llama/Llama-3.2-1B,1.000000,1.000000
13:36,13,7,5,0.676190,0.238095,1.000000,checkpoints/llama3.2-1b-us-rep,0.800000,0.600000
13:37,13,7,5,0.790476,0.619048,1.000000,meta-llama/Llama-3.2-1B,1.000000,1.000000
13:38,13,7,5,0.752381,0.523810,0.904762,checkpoints/llama3.2-1b-adversary-hard,1.000000,1.000000
13:39,13,7,5,0.752381,0.523810,1.000000,meta-llama/Llama-3.2-1B,1.000000,1.000000
13:4,13,7,5,0.904762,0.809524,1.000000,checkpoints/llama3.2-1b-hard-panel,1.000000,1.000000
13:5,13,7,5,0.714286,0.523810,1.000000,checkpoints/llama3.2-1b-adversary-soft,1.000000,1.000000
13:6,13,7,5,0.466667,0.142857,1.000000,checkpoints/llama3.2-1b-hard-panel,1.000000,1.000000
13:7,13,7,5,0.847619,0.714286,1.000000,checkpoints/llama3.2-1b-hard-panel,1.000000,1.000000
13:8,13,7,5,0.885714,0.809524,1.000000,checkpoints/llama3.2-1b-adversary-hard,1.000000,1.000000
13:9,13,7,5,0.714286,0.523810,0.904762,checkpoints/llama3.2-1b-soft-panel,0.400000,0.000000
14:0,14,7,5,0.676190,0.238095,1.000000,checkpoints/llama3.2-1b-hard-panel,1.000000,1.000000
14:1,14,7,5,0.409524,-0.333333,0.904762,checkpoints/llama3.2-1b-hard-panel,0.800000,0.600000
14:10,14,7,5,0.580952,0.238095,1.000000,checkpoints/llama3.2-1b-adversary-hard,0.800000,0.600000
14:11,14,7,5,0.733333,0.428571,1.000000,checkpoints/llama3.2-1b-hard-panel,1.000000,1.000000
14:12,14,7,5,0.828571,0.714286,0.904762,checkpoints/llama3.2-1b-hard-panel,0.800000,0.600000
14:13,14,7,5,0.847619,0.714286,1.000000,checkpoints/llama3.2-1b-adversary-hard,1.000000,1.000000
14:14,14,7,5,0.790476,0.523810,1.000000,checkpoints/llama3.2-1b-us-rep,1.000000,1.000000
14:15,14,7,5,0.847619,0.714286,1.000000,checkpoints/llama3.2-1b-us-rep,0.800000,0.600000
14:16,14,7,5,0.885714,0.809524,1.000000,checkpoints/llama3.2-1b-adversary-hard,1.000000,1.000000
14:17,14,7,5,0.809524,0.619048,1.000000,checkpoints/llama3.2-1b-soft-panel,0.600000,0.200000
14:18,14,7,5,0.809524,0.714286,1.000000,meta-llama/Llama-3.2-1B,1.000000,1.000000
14:19,14,7,5,0.676190,0.333333,1.000000,checkpoints/llama3.2-1b-soft-panel,0.600000,0.200000
14:2,14,7,5,0.885714,0.809524,1.000000,checkpoints/llama3.2-1b-us-rep,0.600000,0.200000
14:20,14,7,5,0.504762,-0.047619,0.904762,checkpoints/llama3.2-1b-hard-panel,1.000000,1.000000
14:21,14,7,5,0.257143,-0.238095,0.904762,checkpoints/llama3.2-1b-full-prism,0.400000,0.200000
14:22,14,7,5,0.885714,0.714286,1.000000,checkpoints/llama3.2-1b-us-rep,0.800000,0.600000
14:23,14,7,5,0.923810,0.809524,1.000000,checkpoints/llama3.2-1b-adversary-soft,1.000000,1.000000
14:24,14,7,5,0.942857,0.904762,1.000000,checkpoints/llama3.2-1b-us-rep,1.000000,1.000000
14:25,14,7,5,0.828571,0.619048,1.000000,checkpoints/llama3.2-1b-adversary-soft,0.600000,0.200000
14:26,14,7,5,0.638095,0.428571,1.000000,checkpoints/llama3.2-1b-adversary-hard,0.800000,0.600000
14:27,14,7,5,0.790476,0.619048,1.000000,checkpoints/llama3.2-1b-hard-panel,1.000000,1.000000
14:28,14,7,5,0.733333,0.523810,0.904762,checkpoints/llama3.2-1b-us-rep,0.800000,0.600000
14:29,14,7,5,0.942857,0.904762,1.000000,checkpoints/llama3.2-1b-us-rep,1.000000,1.000000
14:3,14,7,5,0.638095,0.333333,0.904762,checkpoints/llama3.2-1b-adversary-hard,1.000000,1.000000
14:30,14,7,5,0.733333,0.428571,0.904762,checkpoints/llama3.2-1b-adversary-hard,1.000000,1.000000
14:31,14,7,5,0.828571,0.619048,1.000000,checkpoints/llama3.2-1b-us-rep,1.000000,1.000000
14:32,14,7,5,0.542857,0.142857,0.714286,checkpoints/llama3.2-1b-adversary-hard,0.400000,0.000000
14:33,14,7,5,0.733333,0.333333,1.000000,checkpoints/llama3.2-1b-us-rep,1.000000,1.000000
14:34,14,7,5,0.600000,0.238095,1.000000,checkpoints/llama3.2-1b-full-prism,0.800000,0.600000
14:35,14,7,5,0.752381,0.428571,1.000000,checkpoints/llama3.2-1b-soft-panel,0.600000,0.200000
14:36,14,7,5,0.752381,0.428571,1.000000,checkpoints/llama3.2-1b-adversary-hard,1.000000,1.000000
14:37,14,7,5,0.676190,0.523810,0.904762,checkpoints/llama3.2-1b-full-prism,0.600000,0.400000
14:38,14,7,5,0.942857,0.904762,1.000000,checkpoints/llama3.2-1b-adversary-hard,0.600000,0.200000
14:39,14,7,5,0.600000,0.238095,0.904762,checkpoints/llama3.2-1b-hard-panel,0.800000,0.600000
14:4,14,7,5,0.314286,-0.142857,0.809524,checkpoints/llama3.2-1b-adversary-hard,1.000000,1.000000
14:5,14,7,5,0.847619,0.714286,1.000000,checkpoints/llama3.2-1b-soft-panel,1.000000,1.000000
14:6,14,7,5,0.866667,0.714286,1.000000,checkpoints/llama3.2-1b-us-rep,1.000000,1.000000
14:7,14,7,5,0.847619,0.714286,1.000000,checkpoints/llama3.2-1b-adversary-hard,1.000000,1.000000
14:8,14,7,5,0.695238,0.523810,1.000000,checkpoints/llama3.2-1b-adversary-hard,1.000000,1.000000
14:9,14,7,5,0.485714,0.142857,1.000000,checkpoints/llama3.2-1b-adversary-hard,1.000000,1.000000
15:0,15,7,5,0.561905,0.238095,1.000000,checkpoints/llama3.2-1b-hard-panel,0.400000,0.200000
15:1,15,7,5,0.390476,-0.047619,0.809524,checkpoints/llama3.2-1b-hard-panel,1.000000,1.000000
15:10,15,7,5,0.866667,0.714286,1.000000,checkpoints/llama3.2-1b-hard-panel,1.000000,1.000000
15:11,15,7,5,0.771429,0.619048,0.904762,checkpoints/llama3.2-1b-full-prism,0.600000,0.200000
15:12,15,7,5,0.790476,0.619048,1.000000,checkpoints/llama3.2-1b-hard-panel,0.800000,0.600000
15:13,15,7,5,0.619048,0.333333,0.904762,checkpoints/llama3.2-1b-us-rep,0.800000,0.600000
15:14,15,7,5,0.942857,0.904762,1.000000,checkpoints/llama3.2-1b-us-rep,1.000000,1.000000
15:15,15,7,5,0.885714,0.809524,1.000000,checkpoints/llama3.2-1b-soft-panel,1.000000,1.000000
15:16,15,7,5,0.885714,0.809524,1.000000,checkpoints/llama3.2-1b-hard-panel,0.800000,0.600000
15:17,15,7,5,0.580952,0.428571,0.809524,checkpoints/llama3.2-1b-full-prism,0.600000,0.400000
15:18,15,7,5,0.733333,0.523810,1.000000,checkpoints/llama3.2-1b-soft-panel,1.000000,1.000000
15:19,15,7,5,0.790476,0.714286,1.000000,checkpoints/llama3.2-1b-adversary-hard,1.000000,1.000000
15:2,15,7,5,0.657143,0.333333,1.000000,meta-llama/Llama-3.2-1B,0.800000,0.600000
15:20,15,7,5,0.714286,0.428571,1.000000,checkpoints/llama3.2-1b-adversary-soft,0.800000,0.600000
15:21,15,7,5,0.961905,0.904762,1.000000,checkpoints/llama3.2-1b-us-rep,1.000000,1.000000
15:22,15,7,5,0.733333,0.523810,1.000000,checkpoints/llama3.2-1b-adversary-hard,1.000000,1.000000
15:23,15,7,5,0.961905,0.904762,1.000000,checkpoints/llama3.2-1b-soft-panel,0.800000,0.600000
15:24,15,7,5,0.771429,0.619048,1.000000,checkpoints/llama3.2-1b-hard-panel,1.000000,1.000000
15:25,15,7,5,0.790476,0.619048,0.904762,checkpoints/llama3.2-1b-hard-panel,0.800000,0.600000
15:26,15,7,5,0.790476,0.619048,0.904762,checkpoints/llama3.2-1b-us-rep,0.600000,0.400000
15:27,15,7,5,0.504762,0.142857,0.809524,checkpoints/llama3.2-1b-hard-panel,0.400000,0.200000
15:28,15,7,5,0.923810,0.809524,1.000000,checkpoints/llama3.2-1b-hard-panel,1.000000,1.000000
15:29,15,7,5,0.714286,0.523810,0.904762,checkpoints/llama3.2-1b-hard-panel,0.800000,0.600000
15:3,15,7,5,0.695238,0.428571,0.904762,meta-llama/Llama-3.2-1B,1.000000,1.000000
15:30,15,7,5,0.733333,0.428571,1.000000,checkpoints/llama3.2-1b-soft-panel,0.800000,0.600000
15:31,15,7,5,0.942857,0.904762,1.000000,checkpoints/llama3.2-1b-adversary-hard,1.000000,1.000000
15:32,15,7,5,0.638095,0.238095,0.904762,checkpoints/llama3.2-1b-adversary-soft,0.600000,0.200000
15:33,15,7,5,0.447619,0.142857,0.904762,meta-llama/Llama-3.2-1B,1.000000,1.000000
15:34,15,7,5,0.714286,0.523810,0.904762,checkpoints/llama3.2-1b-soft-panel,0.400000,0.000000
15:35,15,7,5,0.828571,0.714286,1.000000,checkpoints/llama3.2-1b-hard-panel,1.000000,1.000000
15:36,15,7,5,0.752381,0.523810,0.904762,checkpoints/llama3.2-1b-adversary-soft,0.600000,0.400000
15:37,15,7,5,0.866667,0.809524,1.000000,checkpoints/llama3.2-1b-adversary-soft,1.000000,1.000000
15:38,15,7,5,0.600000,0.428571,0.809524,checkpoints/llama3.2-1b-adversary-soft,0.600000,0.200000
15:39,15,7,5,0.657143,0.428571,0.904762,checkpoints/llama3.2-1b-us-rep,0.800000,0.600000
15:4,15,7,5,0.676190,0.428571,1.000000,checkpoints/llama3.2-1b-hard-panel,1.000000,1.000000
15:5,15,7,5,0.714286,0.523810,1.000000,checkpoints/llama3.2-1b-soft-panel,1.000000,1.000000
15:6,15,7,5,0.771429,0.619048,1.000000,checkpoints/llama3.2-1b-hard-panel,0.800000,0.600000
15:7,15,7,5,0.733333,0.619048,0.809524,checkpoints/llama3.2-1b-adversary-soft,0.600000,0.200000
15:8,15,7,5,0.638095,0.333333,0.904762,checkpoints/llama3.2-1b-us-rep,0.600000,0.200000
15:9,15,7,5,0.733333,0.523810,1.000000,checkpoints/llama3.2-1b-soft-panel,0.600000,0.200000
16:0,16,7,5,-0.009524,-0.523810,0.714286,checkpoints/llama3.2-1b-us-rep,0.600000,0.400000
16:1,16,7,5,0.676190,0.428571,0.904762,checkpoints/llama3.2-1b-hard-panel,1.000000,1.000000
16:10,16,7,5,0.885714,0.714286,1.000000,checkpoints/llama3.2-1b-hard-panel,1.000000,1.000000
16:11,16,7,5,0.885714,0.714286,1.000000,checkpoints/llama3.2-1b-hard-panel,1.000000,1.000000
16:12,16,7,5,0.904762,0.809524,1.000000,checkpoints/llama3.2-1b-hard-panel,0.800000,0.600000
16:13,16,7,5,0.657143,0.428571,1.000000,meta-llama/Llama-3.2-1B,1.000000,1.000000
16:14,16,7,5,0.295238,-0.142857,0.904762,meta-llama/Llama-3.2-1B,1.000000,1.000000
16:15,16,7,5,0.676190,0.428571,0.904762,meta-llama/Llama-3.2-1B,0.800000,0.600000
16:16,16,7,5,0.600000,0.428571,0.809524,checkpoints/llama3.2-1b-adversary-soft,0.400000,0.000000
16:17,16,7,5,0.657143,0.428571,1.000000,checkpoints/llama3.2-1b-us-rep,0.800000,0.600000
16:18,16,7,5,0.866667,0.714286,1.000000,checkpoints/llama3.2-1b-adversary-hard,1.000000,1.000000
16:19,16,7,5,0.352381,0.047619,1.000000,checkpoints/llama3.2-1b-adversary-hard,1.000000,1.000000
16:2,16,7,5,0.485714,0.142857,0.714286,checkpoints/llama3.2-1b-adversary-hard,0.400000,0.200000
16:20,16,7,5,0.657143,0.523810,0.904762,checkpoints/llama3.2-1b-hard-panel,0.400000,0.000000
16:21,16,7,5,0.809524,0.619048,1.000000,checkpoints/llama3.2-1b-adversary-hard,1.000000,1.000000
16:22,16,7,5,0.542857,0.142857,1.000000,checkpoints/llama3.2-1b-us-rep,0.800000,0.600000
16:23,16,7,5,0.676190,0.333333,0.904762,checkpoints/llama3.2-1b-adversary-hard,1.000000,1.000000
16:24,16,7,5,0.847619,0.714286,1.000000,checkpoints/llama3.2-1b-adversary-hard,1.000000,1.000000
16:25,16,7,5,0.638095,0.333333,1.000000,meta-llama/Llama-3.2-1B,1.000000,1.000000
16:26,16,7,5,0.123810,-0.523810,0.809524,checkpoints/llama3.2-1b-adversary-hard,0.600000,0.400000
16:27,16,7,5,0.314286,-0.047619,0.714286,checkpoints/llama3.2-1b-us-rep,0.800000,0.600000
16:28,16,7,5,0.790476,0.714286,1.000000,checkpoints/llama3.2-1b-us-rep,0.800000,0.600000
16:29,16,7,5,0.790476,0.714286,0.904762,meta-llama/Llama-3.2-1B,1.000000,1.000000
16:3,16,7,5,0.695238,0.428571,1.000000,checkpoints/llama3.2-1b-hard-panel,0.800000,0.600000
16:30,16,7,5,0.695238,0.523810,0.904762,checkpoints/llama3.2-1b-adversary-hard,0.400000,0.000000
16:31,16,7,5,0.542857,0.142857,1.000000,checkpoints/llama3.2-1b-us-rep,0.800000,0.600000
16:32,16,7,5,0.714286,0.333333,1.000000,checkpoints/llama3.2-1b-hard-panel,0.400000,0.000000
16:33,16,7,5,0.904762,0.809524,1.000000,checkpoints/llama3.2-1b-hard-panel,1.000000,1.000000
16:34,16,7,5,0.638095,0.333333,0.904762,checkpoints/llama3.2-1b-us-rep,1.000000,1.000000
16:35,16,7,5,0.771429,0.523810,1.000000,checkpoints/llama3.2-1b-us-rep,0.800000,0.600000
16:36,16,7,5,0.695238,0.523810,0.904762,checkpoints/llama3.2-1b-adversary-hard,0.600000,0.200000
16:37,16,7,5,0.866667,0.714286,1.000000,checkpoints/llama3.2-1b-adversary-soft,1.000000,1.000000
16:38,16,7,5,0.885714,0.809524,1.000000,checkpoints/llama3.2-1b-adversary-hard,0.600000,0.200000
16:39,16,7,5,0.847619,0.714286,1.000000,checkpoints/llama3.2-1b-hard-panel,1.000000,1.000000
16:4,16,7,5,0.600000,0.428571,1.000000,checkpoints/llama3.2-1b-hard-panel,1.000000,1.000000
16:5,16,7,5,0.238095,-0.333333,0.619048,checkpoints/llama3.2-1b-us-rep,0.200000,0.000000
16:6,16,7,5,0.733333,0.523810,0.904762,checkpoints/llama3.2-1b-soft-panel,1.000000,1.000000
16:7,16,7,5,0.638095,0.238095,1.000000,meta-llama/Llama-3.2-1B,0.600000,0.200000
16:8,16,7,5,0.828571,0.714286,1.000000,checkpoints/llama3.2-1b-adversary-hard,1.000000,1.000000
16:9,16,7,5,0.238095,-0.333333,0.809524,meta-llama/Llama-3.2-1B,0.400000,0.200000
17:0,17,7,5,0.790476,0.619048,1.000000,checkpoints/llama3.2-1b-us-rep,0.800000,0.600000
17:1,17,7,5,0.752381,0.619048,1.000000,checkpoints/llama3.2-1b-adversary-hard,0.600000,0.200000
17:10,17,7,5,0.561905,0.333333,0.904762,meta-llama/Llama-3.2-1B,0.800000,0.600000
17:11,17,7,5,0.809524,0.714286,1.000000,checkpoints/llama3.2-1b-soft-panel,1.000000,1.000000
17:12,17,7,5,0.523810,0.238095,1.000000,checkpoints/llama3.2-1b-adversary-hard,0.600000,0.200000
17:13,17,7,5,0.523810,0.238095,0.809524,checkpoints/llama3.2-1b-soft-panel,1.000000,1.000000
17:14,17,7,5,0.371429,-0.047619,0.714286,checkpoints/llama3.2-1b-adversary-hard,1.000000,1.000000
17:15,17,7,5,0.828571,0.619048,1.000000,checkpoints/llama3.2-1b-adversary-soft,1.000000,1.000000
17:16,17,7,5,0.942857,0.904762,1.000000,checkpoints/llama3.2-1b-adversary-soft,1.000000,1.000000
17:17,17,7,5,0.885714,0.809524,1.000000,checkpoints/llama3.2-1b-full-prism,1.000000,1.000000
17:18,17,7,5,0.790476,0.619048,0.904762,checkpoints/llama3.2-1b-us-rep,0.400000,0.000000
17:19,17,7,5,0.866667,0.714286,1.000000,checkpoints/llama3.2-1b-us-rep,0.600000,0.200000
17:2,17,7,5,0.828571,0.619048,1.000000,checkpoints/llama3.2-1b-us-rep,1.000000,1.000000
17:20,17,7,5,0.695238,0.619048,1.000000,checkpoints/llama3.2-1b-soft-panel,0.400000,0.000000
17:21,17,7,5,0.561905,0.333333,1.000000,checkpoints/llama3.2-1b-hard-panel,0.600000,0.200000
17:22,17,7,5,0.828571,0.714286,1.000000,checkpoints/llama3.2-1b-adversary-hard,1.000000,1.000000
17:23,17,7,5,0.904762,0.809524,1.000000,checkpoints/llama3.2-1b-us-rep,1.000000,1.000000
17:24,17,7,5,0.657143,0.333333,0.809524,checkpoints/llama3.2-1b-hard-panel,1.000000,1.000000
17:25,17,7,5,0.447619,-0.047619,0.904762,checkpoints/llama3.2-1b-hard-panel,1.000000,1.000000
17:26,17,7,5,0.523810,0.142857,0.809524,checkpoints/llama3.2-1b-us-rep,0.400000,0.000000
17:27,17,7,5,0.561905,0.238095,1.000000,checkpoints/llama3.2-1b-adversary-hard,0.600000,0.200000
17:28,17,7,5,0.752381,0.523810,1.000000,checkpoints/llama3.2-1b-us-rep,0.600000,0.200000
17:29,17,7,5,0.466667,-0.238095,0.904762,checkpoints/llama3.2-1b-adversary-hard,1.000000,1.000000
17:3,17,7,5,0.619048,0.333333,0.904762,checkpoints/llama3.2-1b-adversary-hard,1.000000,1.000000
17:30,17,7,5,0.961905,0.904762,1.000000,checkpoints/llama3.2-1b-hard-panel,1.000000,1.000000
17:31,17,7,5,0.676190,0.523810,0.904762,checkpoints/llama3.2-1b-adversary-hard,1.000000,1.000000
17:32,17,7,5,0.809524,0.619048,0.904762,checkpoints/llama3.2-1b-adversary-hard,1.000000,1.000000
17:33,17,7,5,0.961905,0.904762,1.000000,checkpoints/llama3.2-1b-hard-panel,1.000000,1.000000
17:34,17,7,5,0.600000,0.428571,1.000000,checkpoints/llama3.2-1b-adversary-hard,0.600000,0.200000
17:35,17,7,5,0.657143,0.523810,0.904762,checkpoints/llama3.2-1b-hard-panel,0.800000,0.600000
17:36,17,7,5,0.866667,0.714286,1.000000,checkpoints/llama3.2-1b-us-rep,0.800000,0.600000
17:37,17,7,5,0.580952,0.428571,0.809524,checkpoints/llama3.2-1b-us-rep,0.800000,0.600000
17:38,17,7,5,0.466667,0.047619,0.904762,checkpoints/llama3.2-1b-adversary-hard,1.000000,1.000000
17:39,17,7,5,0.561905,0.333333,0.809524,checkpoints/llama3.2-1b-adversary-soft,0.600000,0.400000
17:4,17,7,5,0.714286,0.428571,0.904762,checkpoints/llama3.2-1b-us-rep,0.400000,0.200000
17:5,17,7,5,0.733333,0.428571,1.000000,checkpoints/llama3.2-1b-adversary-hard,1.000000,1.000000
17:6,17,7,5,0.561905,-0.047619,1.000000,checkpoints/llama3.2-1b-soft-panel,0.600000,0.400000
17:7,17,7,5,0.771429,0.619048,0.904762,checkpoints/llama3.2-1b-full-prism,0.600000,0.200000
17:8,17,7,5,0.961905,0.904762,1.000000,checkpoints/llama3.2-1b-soft-panel,1.000000,1.000000
17:9,17,7,5,0.600000,0.428571,0.809524,checkpoints/llama3.2-1b-hard-panel,0.400000,0.000000
18:0,18,7,5,0.695238,0.428571,0.904762,meta-llama/Llama-3.2-1B,1.000000,1.000000
18:1,18,7,5,0.923810,0.809524,1.000000,checkpoints/llama3.2-1b-soft-panel,0.800000,0.600000
18:10,18,7,5,0.733333,0.523810,1.000000,meta-llama/Llama-3.2-1B,1.000000,1.000000
18:11,18,7,5,0.866667,0.714286,1.000000,checkpoints/llama3.2-1b-hard-panel,1.000000,1.000000
18:12,18,7,5,0.600000,0.238095,0.904762,checkpoints/llama3.2-1b-adversary-soft,1.000000,1.000000
18:13,18,7,5,0.771429,0.619048,0.904762,meta-llama/Llama-3.2-1B,1.000000,1.000000
18:14,18,7,5,0.371429,0.047619,0.714286,checkpoints/llama3.2-1b-us-rep,1.000000,1.000000
18:15,18,7,5,0.733333,0.428571,0.904762,meta-llama/Llama-3.2-1B,0.400000,0.000000
18:16,18,7,5,0.676190,0.333333,1.000000,checkpoints/llama3.2-1b-adversary-hard,0.600000,0.200000
18:17,18,7,5,0.961905,0.904762,1.000000,checkpoints/llama3.2-1b-us-rep,1.000000,1.000000
18:18,18,7,5,0.809524,0.523810,1.000000,checkpoints/llama3.2-1b-soft-panel,1.000000,1.000000
18:19,18,7,5,0.942857,0.904762,1.000000,checkpoints/llama3.2-1b-adversary-hard,0.600000,0.200000
18:2,18,7,5,0.733333,0.523810,0.904762,checkpoints/llama3.2-1b-soft-panel,0.800000,0.600000
18:20,18,7,5,0.942857,0.904762,1.000000,checkpoints/llama3.2-1b-hard-panel,1.000000,1.000000
18:21,18,7,5,0.752381,0.523810,1.000000,checkpoints/llama3.2-1b-adversary-hard,0.600000,0.200000
18:22,18,7,5,0.866667,0.714286,1.000000,meta-llama/Llama-3.2-1B,1.000000,1.000000
18:23,18,7,5,0.257143,-0.238095,0.714286,meta-llama/Llama-3.2-1B,0.600000,0.200000
18:24,18,7,5,0.828571,0.619048,1.000000,checkpoints/llama3.2-1b-adversary-hard,1.000000,1.000000
18:25,18,7,5,1.000000,1.000000,1.000000,checkpoints/llama3.2-1b-us-rep,1.000000,1.000000
18:26,18,7,5,0.752381,0.619048,1.000000,meta-llama/Llama-3.2-1B,0.800000,0.600000
18:27,18,7,5,0.657143,0.333333,0.904762,checkpoints/llama3.2-1b-hard-panel,1.000000,1.000000
18:28,18,7,5,0.542857,0.238095,0.809524,checkpoints/llama3.2-1b-hard-panel,0.400000,0.000000
18:29,18,7,5,0.771429,0.714286,1.000000,checkpoints/llama3.2-1b-adversary-hard,1.000000,1.000000
18:3,18,7,5,0.638095,0.428571,0.904762,meta-llama/Llama-3.2-1B,0.800000,0.600000
18:30,18,7,5,0.733333,0.428571,1.000000,checkpoints/llama3.2-1b-adversary-hard,1.000000,1.000000
18:31,18,7,5,0.942857,0.904762,1.000000,checkpoints/llama3.2-1b-full-prism,1.000000,1.000000
18:32,18,7,5,0.714286,0.428571,1.000000,meta-llama/Llama-3.2-1B,1.000000,1.000000
18:33,18,7,5,0.714286,0.428571,0.904762,checkpoints/llama3.2-1b-hard-panel,1.000000,1.000000
18:34,18,7,5,0.657143,0.428571,0.904762,meta-llama/Llama-3.2-1B,0.600000,0.200000
18:35,18,7,5,0.847619,0.714286,1.000000,checkpoints/llama3.2-1b-adversary-hard,0.800000,0.600000
18:36,18,7,5,0.885714,0.714286,1.000000,checkpoints/llama3.2-1b-soft-panel,0.800000,0.600000
18:37,18,7,5,0.752381,0.523810,0.904762,checkpoints/llama3.2-1b-full-prism,0.800000,0.600000
18:38,18,7,5,0.752381,0.619048,1.000000,checkpoints/llama3.2-1b-adversary-soft,0.600000,0.200000
18:39,18,7,5,0.828571,0.714286,1.000000,checkpoints/llama3.2-1b-soft-panel,1.000000,1.000000
18:4,18,7,5,0.619048,0.333333,0.809524,checkpoints/llama3.2-1b-adversary-hard,0.600000,0.400000
18:5,18,7,5,0.695238,0.428571,1.000000,meta-llama/Llama-3.2-1B,1.000000,1.000000
18:6,18,7,5,0.295238,-0.333333,0.809524,checkpoints/llama3.2-1b-us-rep,0.400000,0.000000
18:7,18,7,5,0.733333,0.523810,0.904762,checkpoints/llama3.2-1b-soft-panel,0.400000,0.000000
18:8,18,7,5,0.676190,0.523810,0.809524,checkpoints/llama3.2-1b-adversary-hard,0.600000,0.400000
18:9,18,7,5,0.923810,0.809524,1.000000,checkpoints/llama3.2-1b-full-prism,1.000000,1.000000
19:0,19,7,5,0.638095,0.428571,1.000000,checkpoints/llama3.2-1b-adversary-hard,0.600000,0.200000
19:1,19,7,5,0.638095,0.428571,0.809524,meta-llama/Llama-3.2-1B,1.000000,1.000000
19:10,19,7,5,0.828571,0.714286,1.000000,checkpoints/llama3.2-1b-adversary-hard,1.000000,1.000000
19:11,19,7,5,0.180952,-0.333333,0.809524,checkpoints/llama3.2-1b-hard-panel,1.000000,1.000000
19:12,19,7,5,0.600000,0.238095,1.000000,checkpoints/llama3.2-1b-hard-panel,0.400000,0.000000
19:13,19,7,5,0.771429,0.428571,1.000000,checkpoints/llama3.2-1b-full-prism,1.000000,1.000000
19:14,19,7,5,0.866667,0.809524,1.000000,checkpoints/llama3.2-1b-full-prism,0.800000,0.600000
19:15,19,7,5,0.733333,0.523810,1.000000,checkpoints/llama3.2-1b-adversary-hard,1.000000,1.000000
19:16,19,7,5,0.733333,0.523810,1.000000,checkpoints/llama3.2-1b-full-prism,1.000000,1.000000
19:17,19,7,5,0.638095,0.333333,0.904762,checkpoints/llama3.2-1b-soft-panel,0.800000,0.600000
19:18,19,7,5,0.485714,-0.142857,1.000000,checkpoints/llama3.2-1b-hard-panel,0.600000,0.400000
19:19,19,7,5,0.752381,0.523810,1.000000,checkpoints/llama3.2-1b-soft-panel,1.000000,1.000000
19:2,19,7,5,0.676190,0.523810,1.000000,checkpoints/llama3.2-1b-hard-panel,0.800000,0.600000
19:20,19,7,5,0.904762,0.809524,1.000000,checkpoints/llama3.2-1b-adversary-hard,1.000000,1.000000
19:21,19,7,5,0.828571,0.619048,1.000000,checkpoints/llama3.2-1b-adversary-hard,1.000000,1.000000
19:22,19,7,5,0.676190,0.428571,0.904762,checkpoints/llama3.2-1b-adversary-hard,0.800000,0.600000
19:23,19,7,5,0.638095,0.333333,1.000000,checkpoints/llama3.2-1b-adversary-soft,0.600000,0.400000
19:24,19,7,5,0.390476,0.047619,0.714286,checkpoints/llama3.2-1b-adversary-soft,0.600000,0.200000
19:25,19,7,5,1.000000,1.000000,1.000000,checkpoints/llama3.2-1b-soft-panel,1.000000,1.000000
19:26,19,7,5,0.790476,0.619048,0.904762,checkpoints/llama3.2-1b-hard-panel,1.000000,1.000000
19:27,19,7,5,0.733333,0.523810,1.000000,meta-llama/Llama-3.2-1B,0.600000,0.200000
19:28,19,7,5,0.790476,0.619048,1.000000,checkpoints/llama3.2-1b-hard-panel,0.800000,0.600000
19:29,19,7,5,0.714286,0.428571,1.000000,checkpoints/llama3.2-1b-hard-panel,0.600000,0.200000
19:3,19,7,5,0.619048,0.333333,1.000000,checkpoints/llama3.2-1b-full-prism,0.400000,0.000000
19:30,19,7,5,0.733333,0.523810,1.000000,checkpoints/llama3.2-1b-full-prism,1.000000,1.000000
19:31,19,7,5,0.695238,0.428571,0.904762,checkpoints/llama3.2-1b-hard-panel,1.000000,1.000000
19:32,19,7,5,0.638095,0.428571,1.000000,checkpoints/llama3.2-1b-hard-panel,0.400000,0.000000
19:33,19,7,5,0.676190,0.428571,0.904762,checkpoints/llama3.2-1b-soft-panel,1.000000,1.000000
19:34,19,7,5,0.504762,0.142857,0.809524,meta-llama/Llama-3.2-1B,0.600000,0.200000
19:35,19,7,5,0.542857,0.047619,0.904762,checkpoints/llama3.2-1b-us-rep,0.800000,0.600000
19:36,19,7,5,0.733333,0.523810,1.000000,checkpoints/llama3.2-1b-hard-panel,0.600000,0.400000
19:37,19,7,5,0.695238,0.523810,0.904762,checkpoints/llama3.2-1b-hard-panel,1.000000,1.000000
19:38,19,7,5,0.676190,0.428571,1.000000,checkpoints/llama3.2-1b-adversary-hard,1.000000,1.000000
19:39,19,7,5,0.676190,0.523810,0.809524,checkpoints/llama3.2-1b-us-rep,0.800000,0.600000
19:4,19,7,5,0.695238,0.428571,0.809524,checkpoints/llama3.2-1b-hard-panel,0.800000,0.600000
19:5,19,7,5,0.638095,0.238095,1.000000,checkpoints/llama3.2-1b-us-rep,0.600000,0.200000
19:6,19,7,5,0.828571,0.714286,1.000000,checkpoints/llama3.2-1b-hard-panel,1.000000,1.000000
19:7,19,7,5,0.790476,0.523810,1.000000,checkpoints/llama3.2-1b-soft-panel,1.000000,1.000000
19:8,19,7,5,0.504762,0.142857,1.000000,checkpoints/llama3.2-1b-soft-panel,1.000000,1.000000
19:9,19,7,5,0.676190,0.428571,1.000000,checkpoints/llama3.2-1b-adversary-hard,1.000000,1.000000
20:0,20,7,5,0.619048,0.333333,1.000000,meta-llama/Llama-3.2-1B,0.800000,0.600000
20:1,20,7,5,0.447619,-0.047619,0.809524,meta-llama/Llama-3.2-1B,1.000000,1.000000
20:10,20,7,5,0.847619,0.714286,1.000000,checkpoints/llama3.2-1b-us-rep,1.000000,1.000000
20:11,20,7,5,0.390476,-0.142857,0.809524,checkpoints/llama3.2-1b-hard-panel,0.800000,0.600000
20:12,20,7,5,0.542857,0.142857,0.809524,checkpoints/llama3.2-1b-soft-panel,0.600000,0.200000
20:13,20,7,5,0.523810,0.238095,0.904762,checkpoints/llama3.2-1b-hard-panel,0.800000,0.600000
20:14,20,7,5,0.619048,0.333333,1.000000,checkpoints/llama3.2-1b-hard-panel,1.000000,1.000000
20:15,20,7,5,0.809524,0.619048,0.904762,checkpoints/llama3.2-1b-hard-panel,1.000000,1.000000
20:16,20,7,5,0.619048,0.142857,1.000000,meta-llama/Llama-3.2-1B,0.800000,0.600000
20:17,20,7,5,0.657143,0.428571,0.809524,checkpoints/llama3.2-1b-hard-panel,1.000000,1.000000
20:18,20,7,5,0.695238,0.428571,1.000000,checkpoints/llama3.2-1b-us-rep,0.800000,0.600000
20:19,20,7,5,0.733333,0.428571,0.904762,checkpoints/llama3.2-1b-hard-panel,0.800000,0.600000
20:2,20,7,5,0.638095,0.333333,1.000000,checkpoints/llama3.2-1b-hard-panel,0.800000,0.600000
20:20,20,7,5,0.542857,0.238095,0.904762,checkpoints/llama3.2-1b-adversary-hard,0.400000,0.000000
20:21,20,7,5,0.447619,-0.238095,1.000000,checkpoints/llama3.2-1b-adversary-soft,1.000000,1.000000
20:22,20,7,5,0.866667,0.714286,1.000000,checkpoints/llama3.2-1b-us-rep,1.000000,1.000000
20:23,20,7,5,0.828571,0.619048,1.000000,checkpoints/llama3.2-1b-hard-panel,1.000000,1.000000
20:24,20,7,5,0.523810,0.333333,0.619048,checkpoints/llama3.2-1b-full-prism,0.600000,0.200000
20:25,20,7,5,0.638095,0.428571,1.000000,checkpoints/llama3.2-1b-us-rep,0.600000,0.200000
20:26,20,7,5,0.866667,0.714286,1.000000,checkpoints/llama3.2-1b-us-rep,1.000000,1.000000
20:27,20,7,5,0.676190,0.333333,0.904762,checkpoints/llama3.2-1b-hard-panel,1.000000,1.000000
20:28,20,7,5,0.790476,0.619048,0.904762,checkpoints/llama3.2-1b-soft-panel,0.800000,0.600000
20:29,20,7,5,0.695238,0.428571,0.904762,checkpoints/llama3.2-1b-hard-panel,1.000000,1.000000
20:3,20,7,5,0.638095,0.333333,0.809524,checkpoints/llama3.2-1b-adversary-soft,0.600000,0.200000
20:30,20,7,5,0.504762,0.142857,0.809524,meta-llama/Llama-3.2-1B,0.400000,0.000000
20:31,20,7,5,0.714286,0.333333,1.000000,checkpoints/llama3.2-1b-adversary-hard,0.400000,0.000000
20:32,20,7,5,0.714286,0.428571,0.904762,checkpoints/llama3.2-1b-us-rep,0.600000,0.400000
20:33,20,7,5,0.752381,0.619048,0.904762,checkpoints/llama3.2-1b-full-prism,1.000000,1.000000
20:34,20,7,5,0.847619,0.714286,1.000000,checkpoints/llama3.2-1b-hard-panel,1.000000,1.000000
20:35,20,7,5,0.733333,0.523810,1.000000,checkpoints/llama3.2-1b-hard-panel,0.800000,0.600000
20:36,20,7,5,0.580952,0.238095,1.000000,checkpoints/llama3.2-1b-adversary-hard,0.400000,0.200000
20:37,20,7,5,0.523810,0.047619,1.000000,checkpoints/llama3.2-1b-adversary-soft,0.800000,0.600000
20:38,20,7,5,0.523810,0.238095,0.809524,meta-llama/Llama-3.2-1B,1.000000,1.000000
20:39,20,7,5,0.904762,0.809524,1.000000,checkpoints/llama3.2-1b-hard-panel,1.000000,1.000000
20:4,20,7,5,0.523810,0.142857,0.904762,checkpoints/llama3.2-1b-hard-panel,0.600000,0.400000
20:5,20,7,5,0.790476,0.619048,1.000000,checkpoints/llama3.2-1b-hard-panel,1.000000,1.000000
20:6,20,7,5,0.847619,0.714286,1.000000,checkpoints/llama3.2-1b-full-prism,0.800000,0.600000
20:7,20,7,5,0.542857,0.238095,0.809524,checkpoints/llama3.2-1b-hard-panel,0.400000,0.000000
20:8,20,7,5,0.695238,0.428571,1.000000,checkpoints/llama3.2-1b-adversary-hard,1.000000,1.000000
20:9,20,7,5,0.714286,0.428571,1.000000,checkpoints/llama3.2-1b-us-rep,1.000000,1.000000
21:0,21,7,5,0.561905,0.238095,0.904762,checkpoints/llama3.2-1b-us-rep,1.000000,1.000000
21:1,21,7,5,0.619048,0.333333,1.000000,checkpoints/llama3.2-1b-us-rep,1.000000,1.000000
21:10,21,7,5,0.790476,0.619048,1.000000,checkpoints/llama3.2-1b-adversary-soft,1.000000,1.000000
21:11,21,7,5,0.714286,0.523810,0.904762,meta-llama/Llama-3.2-1B,0.600000,0.200000
21:12,21,7,5,0.828571,0.714286,1.000000,checkpoints/llama3.2-1b-hard-panel,0.600000,0.400000
21:13,21,7,5,0.733333,0.523810,0.904762,checkpoints/llama3.2-1b-adversary-soft,0.400000,0.000000
21:14,21,7,5,0.409524,-0.142857,0.904762,checkpoints/llama3.2-1b-hard-panel,0.800000,0.600000
21:15,21,7,5,0.771429,0.619048,1.000000,checkpoints/llama3.2-1b-soft-panel,0.600000,0.200000
21:16,21,7,5,0.638095,0.333333,0.904762,checkpoints/llama3.2-1b-hard-panel,0.600000,0.400000
21:17,21,7,5,0.161905,-0.238095,0.714286,checkpoints/llama3.2-1b-soft-panel,1.000000,1.000000
21:18,21,7,5,0.638095,0.333333,0.904762,checkpoints/llama3.2-1b-full-prism,0.800000,0.600000
21:19,21,7,5,0.561905,0.142857,0.904762,checkpoints/llama3.2-1b-full-prism,0.600000,0.200000
21:2,21,7,5,0.695238,0.333333,1.000000,checkpoints/llama3.2-1b-hard-panel,0.800000,0.600000
21:20,21,7,5,0.771429,0.619048,1.000000,checkpoints/llama3.2-1b-hard-panel,0.600000,0.200000
21:21,21,7,5,0.638095,0.333333,0.904762,checkpoints/llama3.2-1b-us-rep,1.000000,1.000000
21:22,21,7,5,0.809524,0.619048,1.000000,checkpoints/llama3.2-1b-full-prism,0.600000,0.400000
21:23,21,7,5,0.276190,-0.428571,1.000000,checkpoints/llama3.2-1b-hard-panel,1.000000,1.000000
21:24,21,7,5,0.790476,0.619048,0.904762,checkpoints/llama3.2-1b-us-rep,1.000000,1.000000
21:25,21,7,5,0.676190,0.428571,0.904762,checkpoints/llama3.2-1b-hard-panel,0.400000,0.000000
21:26,21,7,5,0.257143,-0.238095,0.809524,checkpoints/llama3.2-1b-adversary-hard,1.000000,1.000000
21:27,21,7,5,0.828571,0.619048,1.000000,checkpoints/llama3.2-1b-adversary-soft,1.000000,1.000000
21:28,21,7,5,0.638095,0.333333,1.000000,checkpoints/llama3.2-1b-full-prism,0.600000,0.400000
21:29,21,7,5,0.638095,0.333333,1.000000,checkpoints/llama3.2-1b-adversary-hard,0.800000,0.600000
21:3,21,7,5,0.123810,-0.904762,0.904762,checkpoints/llama3.2-1b-adversary-soft,0.800000,0.600000
21:30,21,7,5,0.580952,0.333333,0.904762,meta-llama/Llama-3.2-1B,0.600000,0.400000
21:31,21,7,5,0.752381,0.619048,1.000000,checkpoints/llama3.2-1b-us-rep,1.000000,1.000000
21:32,21,7,5,0.695238,0.428571,0.809524,checkpoints/llama3.2-1b-hard-panel,0.800000,0.600000
21:33,21,7,5,0.600000,0.428571,0.904762,checkpoints/llama3.2-1b-hard-panel,0.800000,0.600000
21:34,21,7,5,0.771429,0.619048,0.904762,checkpoints/llama3.2-1b-adversary-hard,0.600000,0.200000
21:35,21,7,5,0.847619,0.619048,1.000000,checkpoints/llama3.2-1b-us-rep,1.000000,1.000000
21:36,21,7,5,0.904762,0.809524,1.000000,checkpoints/llama3.2-1b-hard-panel,0.800000,0.600000
21:37,21,7,5,0.657143,0.428571,0.904762,checkpoints/llama3.2-1b-adversary-hard,0.600000,0.200000
21:38,21,7,5,0.733333,0.523810,1.000000,meta-llama/Llama-3.2-1B,1.000000,1.000000
21:39,21,7,5,0.809524,0.523810,1.000000,checkpoints/llama3.2-1b-adversary-soft,0.800000,0.600000
21:4,21,7,5,0.733333,0.428571,1.000000,checkpoints/llama3.2-1b-us-rep,0.600000,0.200000
21:5,21,7,5,0.676190,0.428571,1.000000,checkpoints/llama3.2-1b-soft-panel,0.800000,0.600000
21:6,21,7,5,0.733333,0.523810,0.904762,checkpoints/llama3.2-1b-hard-panel,1.000000,1.000000
21:7,21,7,5,0.542857,0.428571,0.809524,meta-llama/Llama-3.2-1B,1.000000,1.000000
21:8,21,7,5,0.771429,0.523810,1.000000,checkpoints/llama3.2-1b-hard-panel,1.000000,1.000000
21:9,21,7,5,0.542857,0.333333,0.809524,checkpoints/llama3.2-1b-adversary-hard,1.000000,1.000000
22:0,22,7,5,0.542857,0.047619,1.000000,meta-llama/Llama-3.2-1B,0.800000,0.600000
22:1,22,7,5,0.657143,0.428571,0.809524,meta-llama/Llama-3.2-1B,1.000000,1.000000
22:10,22,7,5,0.333333,-0.047619,0.809524,checkpoints/llama3.2-1b-adversary-hard,0.600000,0.200000
22:11,22,7,5,0.371429,-0.238095,1.000000,checkpoints/llama3.2-1b-adversary-soft,0.800000,0.600000
22:12,22,7,5,0.733333,0.523810,1.000000,checkpoints/llama3.2-1b-us-rep,0.800000,0.600000
22:13,22,7,5,0.542857,0.142857,0.904762,checkpoints/llama3.2-1b-adversary-hard,0.800000,0.600000
22:14,22,7,5,0.600000,0.238095,0.904762,meta-llama/Llama-3.2-1B,0.600000,0.200000
22:15,22,7,5,0.219048,-0.428571,0.809524,checkpoints/llama3.2-1b-adversary-hard,0.600000,0.200000
22:16,22,7,5,0.447619,0.047619,0.809524,checkpoints/llama3.2-1b-hard-panel,1.000000,1.000000
22:17,22,7,5,-0.066667,-0.619048,0.619048,meta-llama/Llama-3.2-1B,0.600000,0.200000
22:18,22,7,5,0.885714,0.714286,1.000000,checkpoints/llama3.2-1b-adversary-hard,1.000000,1.000000
22:19,22,7,5,0.619048,0.333333,0.809524,meta-llama/Llama-3.2-1B,1.000000,1.000000
22:2,22,7,5,0.371429,-0.333333,0.904762,meta-llama/Llama-3.2-1B,0.800000,0.600000
22:20,22,7,5,0.676190,0.523810,1.000000,checkpoints/llama3.2-1b-adversary-hard,1.000000,1.000000
22:21,22,7,5,0.180952,-0.333333,0.619048,checkpoints/llama3.2-1b-us-rep,0.600000,0.400000
22:22,22,7,5,0.695238,0.428571,1.000000,checkpoints/llama3.2-1b-hard-panel,1.000000,1.000000
22:23,22,7,5,0.676190,0.428571,0.904762,checkpoints/llama3.2-1b-adversary-hard,0.800000,0.600000
22:24,22,7,5,0.447619,0.047619,0.809524,checkpoints/llama3.2-1b-hard-panel,1.000000,1.000000
22:25,22,7,5,0.561905,0.238095,0.904762,checkpoints/llama3.2-1b-adversary-soft,0.600000,0.200000
22:26,22,7,5,0.676190,0.428571,0.904762,checkpoints/llama3.2-1b-adversary-hard,0.400000,0.000000
22:27,22,7,5,0.047619,-0.809524,0.809524,checkpoints/llama3.2-1b-us-rep,0.600000,0.200000
22:28,22,7,5,0.752381,0.619048,1.000000,checkpoints/llama3.2-1b-hard-panel,0.800000,0.600000
22:29,22,7,5,0.619048,0.333333,0.809524,checkpoints/llama3.2-1b-adversary-hard,1.000000,1.000000
22:3,22,7,5,0.828571,0.619048,1.000000,meta-llama/Llama-3.2-1B,0.800000,0.600000
22:30,22,7,5,0.619048,0.428571,0.809524,meta-llama/Llama-3.2-1B,0.800000,0.600000
22:31,22,7,5,0.695238,0.428571,1.000000,checkpoints/llama3.2-1b-adversary-hard,0.400000,0.000000
22:32,22,7,5,0.790476,0.619048,1.000000,checkpoints/llama3.2-1b-us-rep,0.600000,0.200000
22:33,22,7,5,0.466667,-0.142857,0.904762,meta-llama/Llama-3.2-1B,1.000000,1.000000
22:34,22,7,5,1.000000,1.000000,1.000000,checkpoints/llama3.2-1b-hard-panel,1.000000,1.000000
22:35,22,7,5,0.600000,0.333333,0.809524,checkpoints/llama3.2-1b-hard-panel,1.000000,1.000000
22:36,22,7,5,-0.123810,-0.523810,0.333333,meta-llama/Llama-3.2-1B,0.400000,0.000000
22:37,22,7,5,1.000000,1.000000,1.000000,checkpoints/llama3.2-1b-full-prism,1.000000,1.000000
22:38,22,7,5,0.447619,0.047619,0.904762,meta-llama/Llama-3.2-1B,0.800000,0.600000
22:39,22,7,5,0.485714,0.047619,0.904762,checkpoints/llama3.2-1b-full-prism,0.400000,0.200000
22:4,22,7,5,0.923810,0.809524,1.000000,meta-llama/Llama-3.2-1B,1.000000,1.000000
22:5,22,7,5,0.676190,0.333333,1.000000,checkpoints/llama3.2-1b-hard-panel,0.800000,0.600000
22:6,22,7,5,0.504762,0.142857,1.000000,meta-llama/Llama-3.2-1B,1.000000,1.000000
22:7,22,7,5,0.809524,0.619048,1.000000,meta-llama/Llama-3.2-1B,1.000000,1.000000
22:8,22,7,5,0.428571,-0.238095,1.000000,checkpoints/llama3.2-1b-hard-panel,0.600000,0.400000
22:9,22,7,5,0.885714,0.809524,1.000000,checkpoints/llama3.2-1b-hard-panel,1.000000,1.000000
23:0,23,7,5,0.600000,0.333333,1.000000,checkpoints/llama3.2-1b-adversary-hard,1.000000,1.000000
23:1,23,7,5,0.638095,0.428571,1.000000,checkpoints/llama3.2-1b-soft-panel,0.600000,0.200000
23:10,23,7,5,0.714286,0.428571,1.000000,checkpoints/llama3.2-1b-adversary-soft,0.800000,0.600000
23:11,23,7,5,0.238095,-0.333333,0.904762,checkpoints/llama3.2-1b-us-rep,1.000000,1.000000
23:12,23,7,5,0.885714,0.809524,1.000000,checkpoints/llama3.2-1b-adversary-soft,1.000000,1.000000
23:13,23,7,5,0.771429,0.523810,1.000000,checkpoints/llama3.2-1b-us-rep,1.000000,1.000000
23:14,23,7,5,0.942857,0.904762,1.000000,checkpoints/llama3.2-1b-adversary-soft,1.000000,1.000000
23:15,23,7,5,0.866667,0.714286,1.000000,checkpoints/llama3.2-1b-us-rep,1.000000,1.000000
23:16,23,7,5,0.638095,0.333333,1.000000,checkpoints/llama3.2-1b-us-rep,0.400000,0.200000
23:17,23,7,5,0.352381,-0.142857,0.809524,checkpoints/llama3.2-1b-hard-panel,1.000000,1.000000
23:18,23,7,5,0.923810,0.809524,1.000000,checkpoints/llama3.2-1b-adversary-hard,1.000000,1.000000
23:19,23,7,5,0.866667,0.714286,1.000000,checkpoints/llama3.2-1b-hard-panel,1.000000,1.000000
23:2,23,7,5,0.466667,0.238095,1.000000,checkpoints/llama3.2-1b-hard-panel,1.000000,1.000000
23:20,23,7,5,0.504762,0.238095,0.714286,checkpoints/llama3.2-1b-us-rep,0.800000,0.600000
23:21,23,7,5,0.809524,0.619048,0.904762,checkpoints/llama3.2-1b-us-rep,0.600000,0.200000
23:22,23,7,5,0.657143,0.238095,1.000000,checkpoints/llama3.2-1b-us-rep,1.000000,1.000000
23:23,23,7,5,0.733333,0.428571,1.000000,checkpoints/llama3.2-1b-hard-panel,1.000000,1.000000
23:24,23,7,5,0.790476,0.523810,1.000000,checkpoints/llama3.2-1b-hard-panel,1.000000,1.000000
23:25,23,7,5,0.828571,0.714286,1.000000,checkpoints/llama3.2-1b-adversary-soft,1.000000,1.000000
23:26,23,7,5,0.638095,0.333333,1.000000,checkpoints/llama3.2-1b-us-rep,1.000000,1.000000
23:27,23,7,5,0.828571,0.714286,1.000000,checkpoints/llama3.2-1b-adversary-hard,0.600000,0.200000
23:28,23,7,5,0.714286,0.523810,1.000000,checkpoints/llama3.2-1b-us-rep,1.000000,1.000000
23:29,23,7,5,0.695238,0.523810,0.809524,checkpoints/llama3.2-1b-full-prism,0.400000,0.000000
23:3,23,7,5,0.676190,0.428571,0.904762,checkpoints/llama3.2-1b-full-prism,1.000000,1.000000
23:30,23,7,5,0.866667,0.714286,1.000000,checkpoints/llama3.2-1b-adversary-hard,0.400000,0.000000
23:31,23,7,5,0.904762,0.809524,1.000000,checkpoints/llama3.2-1b-hard-panel,1.000000,1.000000
23:32,23,7,5,0.885714,0.809524,1.000000,checkpoints/llama3.2-1b-us-rep,1.000000,1.000000
23:33,23,7,5,0.828571,0.714286,0.904762,checkpoints/llama3.2-1b-adversary-hard,0.800000,0.600000
23:34,23,7,5,0.523810,0.047619,1.000000,checkpoints/llama3.2-1b-adversary-hard,1.000000,1.000000
23:35,23,7,5,0.866667,0.809524,1.000000,checkpoints/llama3.2-1b-adversary-hard,0.800000,0.600000
23:36,23,7,5,0.714286,0.523810,1.000000,checkpoints/llama3.2-1b-adversary-soft,1.000000,1.000000
23:37,23,7,5,0.923810,0.809524,1.000000,checkpoints/llama3.2-1b-full-prism,1.000000,1.000000
23:38,23,7,5,0.923810,0.809524,1.000000,checkpoints/llama3.2-1b-adversary-hard,0.800000,0.600000
23:39,23,7,5,0.828571,0.714286,1.000000,checkpoints/llama3.2-1b-adversary-soft,1.000000,1.000000
23:4,23,7,5,0.866667,0.714286,1.000000,checkpoints/llama3.2-1b-us-rep,1.000000,1.000000
23:5,23,7,5,0.657143,0.428571,0.904762,checkpoints/llama3.2-1b-adversary-hard,0.400000,0.000000
23:6,23,7,5,0.942857,0.904762,1.000000,checkpoints/llama3.2-1b-full-prism,1.000000,1.000000
23:7,23,7,5,0.790476,0.619048,1.000000,checkpoints/llama3.2-1b-adversary-hard,0.800000,0.600000
23:8,23,7,5,0.600000,0.333333,0.904762,checkpoints/llama3.2-1b-adversary-hard,0.800000,0.600000
23:9,23,7,5,0.828571,0.619048,1.000000,checkpoints/llama3.2-1b-soft-panel,0.800000,0.600000
24:0,24,7,5,0.733333,0.428571,0.904762,checkpoints/llama3.2-1b-adversary-hard,1.000000,1.000000
24:1,24,7,5,0.790476,0.523810,1.000000,checkpoints/llama3.2-1b-adversary-soft,1.000000,1.000000
24:10,24,7,5,0.866667,0.714286,1.000000,checkpoints/llama3.2-1b-adversary-hard,1.000000,1.000000
24:11,24,7,5,0.847619,0.714286,1.000000,checkpoints/llama3.2-1b-hard-panel,0.600000,0.200000
24:12,24,7,5,0.942857,0.904762,1.000000,meta-llama/Llama-3.2-1B,1.000000,1.000000
24:13,24,7,5,0.619048,0.238095,1.000000,meta-llama/Llama-3.2-1B,0.800000,0.600000
24:14,24,7,5,0.561905,0.142857,1.000000,meta-llama/Llama-3.2-1B,1.000000,1.000000
24:15,24,7,5,0.866667,0.714286,1.000000,checkpoints/llama3.2-1b-us-rep,1.000000,1.000000
24:16,24,7,5,0.885714,0.809524,1.000000,checkpoints/llama3.2-1b-soft-panel,0.800000,0.600000
24:17,24,7,5,0.904762,0.809524,1.000000,meta-llama/Llama-3.2-1B,1.000000,1.000000
24:18,24,7,5,0.923810,0.809524,1.000000,checkpoints/llama3.2-1b-us-rep,1.000000,1.000000
24:19,24,7,5,0.752381,0.428571,1.000000,meta-llama/Llama-3.2-1B,1.000000,1.000000
24:2,24,7,5,0.904762,0.809524,1.000000,checkpoints/llama3.2-1b-us-rep,1.000000,1.000000
24:20,24,7,5,0.733333,0.523810,1.000000,checkpoints/llama3.2-1b-us-rep,1.000000,1.000000
24:21,24,7,5,0.676190,0.523810,0.904762,checkpoints/llama3.2-1b-hard-panel,1.000000,1.000000
24:22,24,7,5,0.123810,-0.428571,0.714286,checkpoints/llama3.2-1b-us-rep,0.400000,0.200000
24:23,24,7,5,0.790476,0.523810,1.000000,meta-llama/Llama-3.2-1B,1.000000,1.000000
24:24,24,7,5,0.047619,-0.619048,0.619048,checkpoints/llama3.2-1b-adversary-soft,0.400000,0.200000
24:25,24,7,5,0.504762,0.047619,0.904762,checkpoints/llama3.2-1b-us-rep,0.800000,0.600000
24:26,24,7,5,0.828571,0.714286,1.000000,checkpoints/llama3.2-1b-adversary-soft,1.000000,1.000000
24:27,24,7,5,0.714286,0.428571,0.904762,checkpoints/llama3.2-1b-full-prism,0.800000,0.600000
24:28,24,7,5,0.790476,0.523810,1.000000,checkpoints/llama3.2-1b-hard-panel,1.000000,1.000000
24:29,24,7,5,0.695238,0.428571,1.000000,checkpoints/llama3.2-1b-soft-panel,0.600000,0.400000
24:3,24,7,5,-0.123810,-0.904762,0.619048,checkpoints/llama3.2-1b-adversary-hard,0.400000,0.200000
24:30,24,7,5,0.676190,0.333333,0.904762,meta-llama/Llama-3.2-1B,0.800000,0.600000
24:31,24,7,5,0.561905,0.142857,1.000000,checkpoints/llama3.2-1b-hard-panel,0.800000,0.600000
24:32,24,7,5,0.676190,0.523810,1.000000,meta-llama/Llama-3.2-1B,0.400000,0.000000
24:33,24,7,5,0.790476,0.714286,0.904762,checkpoints/llama3.2-1b-adversary-hard,0.600000,0.200000
24:34,24,7,5,0.714286,0.428571,1.000000,checkpoints/llama3.2-1b-us-rep,0.600000,0.200000
24:35,24,7,5,0.657143,0.428571,0.904762,meta-llama/Llama-3.2-1B,0.600000,0.200000
24:36,24,7,5,0.638095,0.428571,0.904762,checkpoints/llama3.2-1b-adversary-soft,0.800000,0.600000
24:37,24,7,5,0.466667,-0.047619,0.904762,checkpoints/llama3.2-1b-us-rep,0.600000,0.400000
24:38,24,7,5,0.523810,0.333333,1.000000,meta-llama/Llama-3.2-1B,0.600000,0.400000
24:39,24,7,5,0.676190,0.428571,1.000000,checkpoints/llama3.2-1b-us-rep,1.000000,1.000000
24:4,24,7,5,0.752381,0.523810,0.904762,meta-llama/Llama-3.2-1B,0.800000,0.600000
24:5,24,7,5,0.923810,0.809524,1.000000,checkpoints/llama3.2-1b-hard-panel,1.000000,1.000000
24:6,24,7,5,0.733333,0.619048,1.000000,meta-llama/Llama-3.2-1B,1.000000,1.000000
24:7,24,7,5,0.771429,0.619048,1.000000,checkpoints/llama3.2-1b-us-rep,0.600000,0.200000
24:8,24,7,5,0.638095,0.428571,1.000000,checkpoints/llama3.2-1b-adversary-hard,1.000000,1.000000
24:9,24,7,5,0.600000,0.238095,0.904762,checkpoints/llama3.2-1b-adversary-hard,0.800000,0.600000
25:0,25,7,5,0.904762,0.809524,1.000000,checkpoints/llama3.2-1b-full-prism,0.600000,0.200000
25:1,25,7,5,0.600000,0.333333,0.904762,checkpoints/llama3.2-1b-hard-panel,1.000000,1.000000
25:10,25,7,5,0.866667,0.714286,1.000000,meta-llama/Llama-3.2-1B,0.600000,0.200000
25:11,25,7,5,0.333333,-0.047619,0.809524,checkpoints/llama3.2-1b-us-rep,1.000000,1.000000
25:12,25,7,5,0.771429,0.523810,1.000000,checkpoints/llama3.2-1b-soft-panel,0.600000,0.200000
25:13,25,7,5,0.352381,0.047619,1.000000,checkpoints/llama3.2-1b-soft-panel,0.600000,0.200000
25:14,25,7,5,0.600000,0.333333,1.000000,checkpoints/llama3.2-1b-hard-panel,1.000000,1.000000
25:15,25,7,5,0.866667,0.714286,1.000000,checkpoints/llama3.2-1b-hard-panel,1.000000,1.000000
25:16,25,7,5,0.752381,0.619048,0.809524,checkpoints/llama3.2-1b-soft-panel,1.000000,1.000000
25:17,25,7,5,0.866667,0.714286,1.000000,checkpoints/llama3.2-1b-adversary-soft,0.600000,0.200000
25:18,25,7,5,0.809524,0.619048,1.000000,meta-llama/Llama-3.2-1B,1.000000,1.000000
25:19,25,7,5,0.923810,0.809524,1.000000,meta-llama/Llama-3.2-1B,1.000000,1.000000
25:2,25,7,5,0.619048,0.333333,1.000000,checkpoints/llama3.2-1b-adversary-hard,1.000000,1.000000
25:20,25,7,5,0.771429,0.428571,1.000000,meta-llama/Llama-3.2-1B,0.800000,0.600000
25:21,25,7,5,0.695238,0.523810,1.000000,checkpoints/llama3.2-1b-hard-panel,1.000000,1.000000
25:22,25,7,5,0.390476,0.047619,0.809524,checkpoints/llama3.2-1b-hard-panel,1.000000,1.000000
25:23,25,7,5,0.790476,0.523810,1.000000,checkpoints/llama3.2-1b-adversary-hard,0.600000,0.200000
25:24,25,7,5,0.866667,0.714286,1.000000,meta-llama/Llama-3.2-1B,1.000000,1.000000
25:25,25,7,5,0.600000,0.428571,0.809524,checkpoints/llama3.2-1b-us-rep,1.000000,1.000000
25:26,25,7,5,0.847619,0.714286,1.000000,checkpoints/llama3.2-1b-hard-panel,0.800000,0.600000
25:27,25,7,5,0.733333,0.428571,1.000000,checkpoints/llama3.2-1b-us-rep,1.000000,1.000000
25:28,25,7,5,0.904762,0.809524,1.000000,checkpoints/llama3.2-1b-us-rep,1.000000,1.000000
25:29,25,7,5,0.961905,0.904762,1.000000,meta-llama/Llama-3.2-1B,1.000000,1.000000
25:3,25,7,5,0.828571,0.714286,1.000000,checkpoints/llama3.2-1b-us-rep,1.000000,1.000000
25:30,25,7,5,0.885714,0.714286,1.000000,checkpoints/llama3.2-1b-full-prism,0.800000,0.600000
25:31,25,7,5,0.809524,0.619048,1.000000,meta-llama/Llama-3.2-1B,1.000000,1.000000
25:32,25,7,5,0.752381,0.523810,0.904762,checkpoints/llama3.2-1b-hard-panel,1.000000,1.000000
25:33,25,7,5,0.619048,0.333333,0.904762,meta-llama/Llama-3.2-1B,1.000000,1.000000
25:34,25,7,5,0.714286,0.428571,1.000000,checkpoints/llama3.2-1b-hard-panel,1.000000,1.000000
25:35,25,7,5,0.580952,0.333333,1.000000,meta-llama/Llama-3.2-1B,0.800000,0.600000
25:36,25,7,5,0.904762,0.809524,1.000000,checkpoints/llama3.2-1b-soft-panel,1.000000,1.000000
25:37,25,7,5,0.752381,0.523810,1.000000,checkpoints/llama3.2-1b-hard-panel,0.800000,0.600000
25:38,25,7,5,0.771429,0.523810,0.904762,meta-llama/Llama-3.2-1B,1.000000,1.000000
25:39,25,7,5,0.866667,0.714286,1.000000,meta-llama/Llama-3.2-1B,1.000000,1.000000
25:4,25,7,5,0.752381,0.523810,0.904762,meta-llama/Llama-3.2-1B,0.600000,0.200000
25:5,25,7,5,0.714286,0.523810,1.000000,checkpoints/llama3.2-1b-hard-panel,0.800000,0.600000
25:6,25,7,5,0.828571,0.619048,1.000000,meta-llama/Llama-3.2-1B,1.000000,1.000000
25:7,25,7,5,0.961905,0.904762,1.000000,checkpoints/llama3.2-1b-us-rep,0.800000,0.600000
25:8,25,7,5,0.123810,-0.523810,0.904762,checkpoints/llama3.2-1b-adversary-soft,0.400000,0.000000
25:9,25,7,5,0.752381,0.428571,1.000000,meta-llama/Llama-3.2-1B,0.800000,0.600000
26:0,26,7,5,0.752381,0.523810,1.000000,checkpoints/llama3.2-1b-adversary-hard,0.400000,0.000000
26:1,26,7,5,0.333333,-0.238095,0.714286,checkpoints/llama3.2-1b-adversary-soft,0.400000,0.200000
26:10,26,7,5,0.790476,0.523810,1.000000,meta-llama/Llama-3.2-1B,0.400000,0.000000
26:11,26,7,5,0.657143,0.333333,0.904762,checkpoints/llama3.2-1b-soft-panel,0.600000,0.200000
26:12,26,7,5,0.676190,0.428571,1.000000,checkpoints/llama3.2-1b-us-rep,1.000000,1.000000
26:13,26,7,5,0.333333,-0.047619,0.904762,checkpoints/llama3.2-1b-adversary-soft,0.600000,0.400000
26:14,26,7,5,0.733333,0.523810,0.904762,checkpoints/llama3.2-1b-hard-panel,1.000000,1.000000
26:15,26,7,5,0.371429,-0.142857,1.000000,meta-llama/Llama-3.2-1B,1.000000,1.000000
26:16,26,7,5,0.771429,0.523810,0.904762,checkpoints/llama3.2-1b-hard-panel,0.600000,0.400000
26:17,26,7,5,0.009524,-0.714286,0.904762,checkpoints/llama3.2-1b-full-prism,0.400000,0.200000
26:18,26,7,5,0.733333,0.523810,0.904762,meta-llama/Llama-3.2-1B,0.600000,0.400000
26:19,26,7,5,0.904762,0.809524,1.000000,checkpoints/llama3.2-1b-adversary-hard,1.000000,1.000000
26:2,26,7,5,0.733333,0.523810,0.904762,meta-llama/Llama-3.2-1B,0.600000,0.400000
26:20,26,7,5,0.790476,0.619048,0.904762,checkpoints/llama3.2-1b-full-prism,0.600000,0.200000
26:21,26,7,5,0.866667,0.809524,1.000000,checkpoints/llama3.2-1b-us-rep,1.000000,1.000000
26:22,26,7,5,0.828571,0.619048,1.000000,checkpoints/llama3.2-1b-us-rep,1.000000,1.000000
26:23,26,7,5,0.790476,0.619048,0.904762,checkpoints/llama3.2-1b-adversary-hard,1.000000,1.000000
26:24,26,7,5,0.466667,0.047619,0.904762,checkpoints/llama3.2-1b-us-rep,0.400000,0.200000
26:25,26,7,5,0.066667,-0.428571,0.809524,checkpoints/llama3.2-1b-hard-panel,0.400000,0.200000
26:26,26,7,5,0.428571,-0.047619,0.904762,checkpoints/llama3.2-1b-adversary-hard,0.800000,0.600000
26:27,26,7,5,0.752381,0.523810,1.000000,checkpoints/llama3.2-1b-adversary-hard,1.000000,1.000000
26:28,26,7,5,0.904762,0.809524,1.000000,checkpoints/llama3.2-1b-us-rep,1.000000,1.000000
26:29,26,7,5,0.771429,0.428571,1.000000,checkpoints/llama3.2-1b-us-rep,1.000000,1.000000
26:3,26,7,5,0.314286,-0.333333,1.000000,checkpoints/llama3.2-1b-adversary-hard,1.000000,1.000000
26:30,26,7,5,0.676190,0.428571,0.809524,checkpoints/llama3.2-1b-adversary-soft,1.000000,1.000000
26:31,26,7,5,0.485714,0.333333,1.000000,checkpoints/llama3.2-1b-us-rep,0.400000,0.200000
26:32,26,7,5,0.923810,0.809524,1.000000,checkpoints/llama3.2-1b-full-prism,1.000000,1.000000
26:33,26,7,5,0.866667,0.714286,1.000000,checkpoints/llama3.2-1b-adversary-soft,0.600000,0.200000
26:34,26,7,5,0.333333,-0.142857,0.619048,checkpoints/llama3.2-1b-us-rep,1.000000,1.000000
26:35,26,7,5,0.790476,0.619048,1.000000,checkpoints/llama3.2-1b-us-rep,1.000000,1.000000
26:36,26,7,5,0.847619,0.714286,1.000000,meta-llama/Llama-3.2-1B,1.000000,1.000000
26:37,26,7,5,0.542857,0.142857,0.904762,checkpoints/llama3.2-1b-hard-panel,0.800000,0.600000
26:38,26,7,5,0.276190,-0.142857,0.809524,checkpoints/llama3.2-1b-soft-panel,0.400000,0.000000
26:39,26,7,5,0.695238,0.333333,1.000000,checkpoints/llama3.2-1b-hard-panel,1.000000,1.000000
26:4,26,7,5,0.676190,0.428571,0.904762,meta-llama/Llama-3.2-1B,1.000000,1.000000
26:5,26,7,5,0.904762,0.809524,1.000000,checkpoints/llama3.2-1b-adversary-soft,1.000000,1.000000
26:6,26,7,5,0.580952,0.333333,0.809524,checkpoints/llama3.2-1b-full-prism,1.000000,1.000000
26:7,26,7,5,0.676190,0.428571,1.000000,checkpoints/llama3.2-1b-full-prism,1.000000,1.000000
26:8,26,7,5,0.657143,0.333333,1.000000,checkpoints/llama3.2-1b-us-rep,1.000000,1.000000
26:9,26,7,5,0.809524,0.619048,1.000000,checkpoints/llama3.2-1b-adversary-hard,1.000000,1.000000
27:0,27,7,5,0.752381,0.428571,1.000000,checkpoints/llama3.2-1b-hard-panel,1.000000,1.000000
27:1,27,7,5,0.847619,0.714286,1.000000,checkpoints/llama3.2-1b-adversary-hard,1.000000,1.000000
27:10,27,7,5,0.657143,0.428571,0.904762,checkpoints/llama3.2-1b-us-rep,0.400000,0.000000
27:11,27,7,5,0.866667,0.714286,1.000000,checkpoints/llama3.2-1b-us-rep,1.000000,1.000000
27:12,27,7,5,0.923810,0.809524,1.000000,checkpoints/llama3.2-1b-full-prism,1.000000,1.000000
27:13,27,7,5,0.828571,0.619048,1.000000,checkpoints/llama3.2-1b-adversary-hard,1.000000,1.000000
27:14,27,7,5,0.657143,0.238095,1.000000,checkpoints/llama3.2-1b-adversary-hard,1.000000,1.000000
27:15,27,7,5,0.828571,0.714286,1.000000,checkpoints/llama3.2-1b-adversary-hard,1.000000,1.000000
27:16,27,7,5,0.828571,0.714286,0.904762,checkpoints/llama3.2-1b-adversary-hard,1.000000,1.000000
27:17,27,7,5,0.923810,0.809524,1.000000,checkpoints/llama3.2-1b-full-prism,1.000000,1.000000
27:18,27,7,5,0.771429,0.523810,1.000000,checkpoints/llama3.2-1b-us-rep,0.800000,0.600000
27:19,27,7,5,0.847619,0.714286,1.000000,meta-llama/Llama-3.2-1B,1.000000,1.000000
27:2,27,7,5,0.790476,0.619048,1.000000,checkpoints/llama3.2-1b-soft-panel,0.800000,0.600000
27:20,27,7,5,0.828571,0.619048,1.000000,checkpoints/llama3.2-1b-full-prism,0.600000,0.400000
27:21,27,7,5,0.676190,0.428571,1.000000,checkpoints/llama3.2-1b-hard-panel,1.000000,1.000000
27:22,27,7,5,0.695238,0.523810,1.000000,checkpoints/llama3.2-1b-us-rep,1.000000,1.000000
27:23,27,7,5,0.219048,-0.238095,0.904762,checkpoints/llama3.2-1b-soft-panel,0.600000,0.200000
27:24,27,7,5,0.885714,0.809524,1.000000,checkpoints/llama3.2-1b-adversary-hard,0.600000,0.200000
27:25,27,7,5,0.657143,0.523810,0.809524,checkpoints/llama3.2-1b-us-rep,0.600000,0.400000
27:26,27,7,5,0.714286,0.619048,0.809524,meta-llama/Llama-3.2-1B,1.000000,1.000000
27:27,27,7,5,0.752381,0.619048,0.904762,checkpoints/llama3.2-1b-us-rep,0.600000,0.400000
27:28,27,7,5,0.466667,0.047619,1.000000,checkpoints/llama3.2-1b-adversary-soft,0.400000,0.200000
27:29,27,7,5,0.809524,0.714286,1.000000,checkpoints/llama3.2-1b-adversary-soft,1.000000,1.000000
27:3,27,7,5,0.619048,0.333333,0.904762,checkpoints/llama3.2-1b-full-prism,0.400000,0.000000
27:30,27,7,5,0.638095,0.142857,1.000000,checkpoints/llama3.2-1b-adversary-hard,1.000000,1.000000
27:31,27,7,5,0.828571,0.714286,1.000000,checkpoints/llama3.2-1b-hard-panel,1.000000,1.000000
27:32,27,7,5,0.619048,0.333333,1.000000,checkpoints/llama3.2-1b-adversary-hard,0.600000,0.200000
27:33,27,7,5,0.276190,-0.142857,1.000000,checkpoints/llama3.2-1b-soft-panel,1.000000,1.000000
27:34,27,7,5,0.619048,0.333333,1.000000,meta-llama/Llama-3.2-1B,0.600000,0.400000
27:35,27,7,5,0.733333,0.523810,0.904762,checkpoints/llama3.2-1b-hard-panel,0.400000,0.000000
27:36,27,7,5,0.904762,0.809524,1.000000,checkpoints/llama3.2-1b-soft-panel,1.000000,1.000000
27:37,27,7,5,0.790476,0.619048,1.000000,checkpoints/llama3.2-1b-full-prism,0.600000,0.200000
27:38,27,7,5,0.314286,-0.523810,0.904762,meta-llama/Llama-3.2-1B,0.800000,0.600000
27:39,27,7,5,0.638095,0.333333,1.000000,checkpoints/llama3.2-1b-adversary-hard,0.800000,0.600000
27:4,27,7,5,0.866667,0.714286,1.000000,checkpoints/llama3.2-1b-adversary-hard,0.600000,0.200000
27:5,27,7,5,0.904762,0.809524,1.000000,checkpoints/llama3.2-1b-soft-panel,1.000000,1.000000
27:6,27,7,5,0.809524,0.523810,1.000000,meta-llama/Llama-3.2-1B,1.000000,1.000000
27:7,27,7,5,0.657143,0.333333,1.000000,checkpoints/llama3.2-1b-hard-panel,0.800000,0.600000
27:8,27,7,5,0.828571,0.619048,1.000000,checkpoints/llama3.2-1b-hard-panel,1.000000,1.000000
27:9,27,7,5,0.771429,0.523810,1.000000,checkpoints/llama3.2-1b-adversary-hard,1.000000,1.000000
28:0,28,7,5,0.847619,0.714286,1.000000,meta-llama/Llama-3.2-1B,1.000000,1.000000
28:1,28,7,5,0.904762,0.809524,1.000000,checkpoints/llama3.2-1b-adversary-soft,1.000000,1.000000
28:10,28,7,5,0.657143,0.333333,0.904762,checkpoints/llama3.2-1b-adversary-hard,0.800000,0.600000
28:11,28,7,5,0.676190,0.428571,1.000000,checkpoints/llama3.2-1b-us-rep,0.600000,0.400000
28:12,28,7,5,0.847619,0.714286,1.000000,checkpoints/llama3.2-1b-adversary-hard,0.600000,0.200000
28:13,28,7,5,0.523810,0.238095,0.904762,checkpoints/llama3.2-1b-hard-panel,1.000000,1.000000
28:14,28,7,5,0.409524,0.047619,0.809524,checkpoints/llama3.2-1b-full-prism,0.400000,0.200000
28:15,28,7,5,0.790476,0.523810,1.000000,checkpoints/llama3.2-1b-us-rep,1.000000,1.000000
28:16,28,7,5,0.847619,0.714286,1.000000,checkpoints/llama3.2-1b-hard-panel,0.600000,0.200000
28:17,28,7,5,0.752381,0.523810,0.904762,checkpoints/llama3.2-1b-hard-panel,1.000000,1.000000
28:18,28,7,5,0.904762,0.809524,1.000000,checkpoints/llama3.2-1b-hard-panel,0.600000,0.200000
28:19,28,7,5,0.847619,0.714286,1.000000,checkpoints/llama3.2-1b-adversary-hard,0.600000,0.200000
28:2,28,7,5,0.714286,0.428571,1.000000,checkpoints/llama3.2-1b-hard-panel,0.800000,0.600000
28:20,28,7,5,0.771429,0.619048,1.000000,checkpoints/llama3.2-1b-hard-panel,0.800000,0.600000
28:21,28,7,5,0.676190,0.333333,0.904762,checkpoints/llama3.2-1b-hard-panel,1.000000,1.000000
28:22,28,7,5,0.752381,0.428571,1.000000,checkpoints/llama3.2-1b-hard-panel,0.800000,0.600000
28:23,28,7,5,1.000000,1.000000,1.000000,checkpoints/llama3.2-1b-adversary-hard,1.000000,1.000000
28:24,28,7,5,0.847619,0.714286,1.000000,checkpoints/llama3.2-1b-us-rep,0.600000,0.200000
28:25,28,7,5,0.542857,0.238095,0.809524,checkpoints/llama3.2-1b-adversary-hard,1.000000,1.000000
28:26,28,7,5,0.504762,0.238095,0.904762,checkpoints/llama3.2-1b-adversary-hard,1.000000,1.000000
28:27,28,7,5,0.809524,0.523810,1.000000,checkpoints/llama3.2-1b-soft-panel,0.800000,0.600000
28:28,28,7,5,0.600000,0.428571,0.809524,checkpoints/llama3.2-1b-adversary-hard,0.600000,0.200000
28:29,28,7,5,0.828571,0.714286,1.000000,checkpoints/llama3.2-1b-adversary-hard,1.000000,1.000000
28:3,28,7,5,0.752381,0.619048,1.000000,checkpoints/llama3.2-1b-hard-panel,0.800000,0.600000
28:30,28,7,5,0.866667,0.714286,1.000000,checkpoints/llama3.2-1b-adversary-hard,1.000000,1.000000
28:31,28,7,5,0.809524,0.619048,1.000000,checkpoints/llama3.2-1b-adversary-hard,0.600000,0.200000
28:32,28,7,5,0.809524,0.714286,0.904762,checkpoints/llama3.2-1b-full-prism,0.800000,0.600000
28:33,28,7,5,0.466667,0.142857,0.904762,checkpoints/llama3.2-1b-full-prism,0.600000,0.200000
28:34,28,7,5,0.752381,0.523810,1.000000,checkpoints/llama3.2-1b-hard-panel,1.000000,1.000000
28:35,28,7,5,0.447619,-0.047619,0.904762,checkpoints/llama3.2-1b-soft-panel,0.800000,0.600000
28:36,28,7,5,0.580952,0.238095,0.809524,checkpoints/llama3.2-1b-hard-panel,1.000000,1.000000
28:37,28,7,5,0.333333,-0.142857,0.714286,checkpoints/llama3.2-1b-soft-panel,0.400000,0.000000
28:38,28,7,5,0.600000,0.333333,1.000000,checkpoints/llama3.2-1b-hard-panel,1.000000,1.000000
28:39,28,7,5,0.923810,0.809524,1.000000,checkpoints/llama3.2-1b-adversary-soft,1.000000,1.000000
28:4,28,7,5,0.676190,0.523810,1.000000,meta-llama/Llama-3.2-1B,1.000000,1.000000
28:5,28,7,5,0.828571,0.714286,1.000000,checkpoints/llama3.2-1b-adversary-hard,1.000000,1.000000
28:6,28,7,5,0.828571,0.619048,1.000000,checkpoints/llama3.2-1b-us-rep,1.000000,1.000000
28:7,28,7,5,0.580952,0.142857,0.904762,meta-llama/Llama-3.2-1B,0.400000,0.200000
28:8,28,7,5,0.866667,0.714286,1.000000,checkpoints/llama3.2-1b-us-rep,0.800000,0.600000
28:9,28,7,5,0.828571,0.619048,1.000000,checkpoints/llama3.2-1b-adversary-hard,1.000000,1.000000
29:0,29,7,5,0.580952,0.238095,0.904762,checkpoints/llama3.2-1b-soft-panel,0.600000,0.200000
29:1,29,7,5,0.771429,0.523810,0.904762,checkpoints/llama3.2-1b-hard-panel,0.600000,0.200000
29:10,29,7,5,0.790476,0.619048,1.000000,meta-llama/Llama-3.2-1B,0.800000,0.600000
29:11,29,7,5,0.771429,0.523810,0.904762,checkpoints/llama3.2-1b-adversary-hard,0.600000,0.200000
29:12,29,7,5,0.828571,0.714286,0.904762,checkpoints/llama3.2-1b-soft-panel,0.800000,0.600000
29:13,29,7,5,0.752381,0.619048,0.904762,checkpoints/llama3.2-1b-adversary-hard,0.800000,0.600000
29:14,29,7,5,0.447619,0.142857,1.000000,checkpoints/llama3.2-1b-hard-panel,0.600000,0.200000
29:15,29,7,5,0.657143,0.333333,0.904762,checkpoints/llama3.2-1b-us-rep,1.000000,1.000000
29:16,29,7,5,0.885714,0.809524,1.000000,checkpoints/llama3.2-1b-adversary-hard,1.000000,1.000000
29:17,29,7,5,0.790476,0.619048,0.904762,meta-llama/Llama-3.2-1B,1.000000,1.000000
29:18,29,7,5,0.638095,0.428571,1.000000,checkpoints/llama3.2-1b-soft-panel,1.000000,1.000000
29:19,29,7,5,0.390476,-0.238095,0.904762,checkpoints/llama3.2-1b-soft-panel,0.600000,0.400000
29:2,29,7,5,0.657143,0.428571,0.904762,checkpoints/llama3.2-1b-us-rep,1.000000,1.000000
29:20,29,7,5,0.619048,0.428571,1.000000,checkpoints/llama3.2-1b-us-rep,1.000000,1.000000
29:21,29,7,5,0.828571,0.714286,0.904762,checkpoints/llama3.2-1b-hard-panel,0.800000,0.600000
29:22,29,7,5,0.504762,-0.047619,0.904762,meta-llama/Llama-3.2-1B,1.000000,1.000000
29:23,29,7,5,0.752381,0.523810,0.904762,checkpoints/llama3.2-1b-adversary-hard,0.600000,0.200000
29:24,29,7,5,0.885714,0.714286,1.000000,checkpoints/llama3.2-1b-hard-panel,1.000000,1.000000
29:25,29,7,5,0.828571,0.714286,1.000000,checkpoints/llama3.2-1b-hard-panel,1.000000,1.000000
29:26,29,7,5,0.695238,0.523810,0.904762,checkpoints/llama3.2-1b-adversary-soft,1.000000,1.000000
29:27,29,7,5,0.676190,0.333333,0.904762,checkpoints/llama3.2-1b-hard-panel,1.000000,1.000000
29:28,29,7,5,0.714286,0.523810,0.904762,meta-llama/Llama-3.2-1B,1.000000,1.000000
29:29,29,7,5,0.619048,0.428571,0.904762,meta-llama/Llama-3.2-1B,0.600000,0.200000
29:3,29,7,5,0.466667,-0.047619,1.000000,checkpoints/llama3.2-1b-us-rep,1.000000,1.000000
29:30,29,7,5,0.771429,0.619048,1.000000,meta-llama/Llama-3.2-1B,1.000000,1.000000
29:31,29,7,5,0.409524,0.047619,0.809524,checkpoints/llama3.2-1b-hard-panel,0.400000,0.000000
29:32,29,7,5,0.923810,0.809524,1.000000,checkpoints/llama3.2-1b-hard-panel,1.000000,1.000000
29:33,29,7,5,0.580952,0.238095,0.904762,checkpoints/llama3.2-1b-hard-panel,0.800000,0.600000
29:34,29,7,5,0.314286,-0.333333,0.809524,checkpoints/llama3.2-1b-us-rep,1.000000,1.000000
29:35,29,7,5,0.466667,0.142857,0.714286,checkpoints/llama3.2-1b-hard-panel,1.000000,1.000000
29:36,29,7,5,0.504762,0.047619,0.904762,checkpoints/llama3.2-1b-adversary-hard,0.600000,0.200000
29:37,29,7,5,0.790476,0.619048,1.000000,meta-llama/Llama-3.2-1B,0.800000,0.600000
29:38,29,7,5,0.866667,0.714286,1.000000,checkpoints/llama3.2-1b-hard-panel,1.000000,1.000000
29:39,29,7,5,0.790476,0.523810,1.000000,checkpoints/llama3.2-1b-adversary-hard,1.000000,1.000000
29:4,29,7,5,0.619048,0.333333,0.904762,checkpoints/llama3.2-1b-us-rep,0.800000,0.600000
29:5,29,7,5,0.809524,0.619048,1.000000,checkpoints/llama3.2-1b-us-rep,1.000000,1.000000
29:6,29,7,5,0.447619,0.047619,0.809524,checkpoints/llama3.2-1b-adversary-hard,1.000000,1.000000
29:7,29,7,5,0.485714,-0.047619,0.809524,checkpoints/llama3.2-1b-us-rep,1.000000,1.000000
29:8,29,7,5,0.714286,0.523810,1.000000,checkpoints/llama3.2-1b-adversary-hard,1.000000,1.000000
29:9,29,7,5,0.638095,0.428571,0.809524,checkpoints/llama3.2-1b-hard-panel,0.800000,0.600000
30:0,30,7,5,1.000000,1.000000,1.000000,meta-llama/Llama-3.2-1B,1.000000,1.000000
30:1,30,7,5,0.790476,0.619048,1.000000,checkpoints/llama3.2-1b-soft-panel,0.600000,0.200000
30:10,30,7,5,0.866667,0.714286,1.000000,meta-llama/Llama-3.2-1B,1.000000,1.000000
30:11,30,7,5,0.923810,0.809524,1.000000,checkpoints/llama3.2-1b-adversary-hard,1.000000,1.000000
30:12,30,7,5,0.809524,0.619048,1.000000,checkpoints/llama3.2-1b-adversary-hard,1.000000,1.000000
30:13,30,7,5,0.771429,0.523810,1.000000,meta-llama/Llama-3.2-1B,1.000000,1.000000
30:14,30,7,5,0.809524,0.619048,1.000000,checkpoints/llama3.2-1b-hard-panel,0.600000,0.200000
30:15,30,7,5,0.714286,0.428571,1.000000,checkpoints/llama3.2-1b-adversary-hard,1.000000,1.000000
30:16,30,7,5,0.714286,0.523810,1.000000,meta-llama/Llama-3.2-1B,1.000000,1.000000
30:17,30,7,5,0.809524,0.619048,1.000000,meta-llama/Llama-3.2-1B,0.800000,0.600000
30:18,30,7,5,0.619048,0.523810,0.809524,checkpoints/llama3.2-1b-full-prism,1.000000,1.000000
30:19,30,7,5,0.847619,0.714286,1.000000,meta-llama/Llama-3.2-1B,1.000000,1.000000
30:2,30,7,5,0.504762,0.238095,0.904762,meta-llama/Llama-3.2-1B,1.000000,1.000000
30:20,30,7,5,0.695238,0.428571,0.809524,meta-llama/Llama-3.2-1B,1.000000,1.000000
30:21,30,7,5,0.466667,0.047619,0.904762,meta-llama/Llama-3.2-1B,1.000000,1.000000
30:22,30,7,5,0.314286,0.047619,0.904762,checkpoints/llama3.2-1b-adversary-soft,0.600000,0.400000
30:23,30,7,5,0.961905,0.904762,1.000000,checkpoints/llama3.2-1b-soft-panel,1.000000,1.000000
30:24,30,7,5,0.580952,0.333333,0.904762,meta-llama/Llama-3.2-1B,1.000000,1.000000
30:25,30,7,5,0.733333,0.523810,0.904762,meta-llama/Llama-3.2-1B,1.000000,1.000000
30:26,30,7,5,0.809524,0.619048,1.000000,meta-llama/Llama-3.2-1B,1.000000,1.000000
30:27,30,7,5,0.676190,0.428571,0.904762,meta-llama/Llama-3.2-1B,0.600000,0.400000
30:28,30,7,5,0.828571,0.714286,1.000000,checkpoints/llama3.2-1b-full-prism,0.600000,0.200000
30:29,30,7,5,0.504762,0.047619,0.904762,meta-llama/Llama-3.2-1B,1.000000,1.000000
30:3,30,7,5,0.409524,-0.142857,0.904762,meta-llama/Llama-3.2-1B,0.400000,0.000000
30:30,30,7,5,0.657143,0.428571,1.000000,checkpoints/llama3.2-1b-soft-panel,1.000000,1.000000
30:31,30,7,5,0.809524,0.714286,1.000000,meta-llama/Llama-3.2-1B,0.600000,0.200000
30:32,30,7,5,0.600000,0.333333,0.904762,meta-llama/Llama-3.2-1B,0.800000,0.600000
30:33,30,7,5,0.847619,0.714286,1.000000,meta-llama/Llama-3.2-1B,1.000000,1.000000
30:34,30,7,5,0.695238,0.428571,1.000000,checkpoints/llama3.2-1b-hard-panel,1.000000,1.000000
30:35,30,7,5,0.523810,0.238095,1.000000,checkpoints/llama3.2-1b-adversary-hard,0.400000,0.000000
30:36,30,7,5,0.714286,0.428571,1.000000,meta-llama/Llama-3.2-1B,0.800000,0.600000
30:37,30,7,5,0.238095,-0.428571,0.809524,meta-llama/Llama-3.2-1B,1.000000,1.000000
30:38,30,7,5,0.714286,0.523810,0.904762,checkpoints/llama3.2-1b-hard-panel,0.400000,0.000000
30:39,30,7,5,0.828571,0.619048,1.000000,checkpoints/llama3.2-1b-adversary-hard,1.000000,1.000000
30:4,30,7,5,0.942857,0.904762,1.000000,meta-llama/Llama-3.2-1B,1.000000,1.000000
30:5,30,7,5,0.752381,0.523810,1.000000,meta-llama/Llama-3.2-1B,0.800000,0.600000
30:6,30,7,5,0.314286,-0.047619,0.904762,meta-llama/Llama-3.2-1B,1.000000,1.000000
30:7,30,7,5,0.828571,0.619048,1.000000,checkpoints/llama3.2-1b-adversary-hard,1.000000,1.000000
30:8,30,7,5,0.714286,0.619048,0.904762,checkpoints/llama3.2-1b-hard-panel,1.000000,1.000000
30:9,30,7,5,0.866667,0.714286,1.000000,meta-llama/Llama-3.2-1B,1.000000,1.000000
31:0,31,7,5,0.866667,0.714286,1.000000,checkpoints/llama3.2-1b-hard-panel,0.800000,0.600000
31:1,31,7,5,0.809524,0.714286,0.904762,checkpoints/llama3.2-1b-adversary-hard,1.000000,1.000000
31:10,31,7,5,0.752381,0.619048,0.904762,checkpoints/llama3.2-1b-hard-panel,0.600000,0.200000
31:11,31,7,5,0.847619,0.714286,0.904762,checkpoints/llama3.2-1b-hard-panel,1.000000,1.000000
31:12,31,7,5,0.885714,0.714286,1.000000,checkpoints/llama3.2-1b-adversary-hard,1.000000,1.000000
31:13,31,7,5,0.771429,0.619048,0.904762,checkpoints/llama3.2-1b-us-rep,0.800000,0.600000
31:14,31,7,5,0.580952,0.238095,1.000000,checkpoints/llama3.2-1b-hard-panel,0.600000,0.200000
31:15,31,7,5,0.447619,0.142857,0.714286,meta-llama/Llama-3.2-1B,0.600000,0.400000
31:16,31,7,5,0.809524,0.714286,1.000000,checkpoints/llama3.2-1b-hard-panel,0.600000,0.200000
31:17,31,7,5,0.733333,0.619048,0.809524,checkpoints/llama3.2-1b-hard-panel,0.600000,0.200000
31:18,31,7,5,0.809524,0.619048,0.904762,checkpoints/llama3.2-1b-adversary-hard,1.000000,1.000000
31:19,31,7,5,0.561905,0.333333,0.904762,checkpoints/llama3.2-1b-hard-panel,0.400000,0.000000
31:2,31,7,5,0.714286,0.523810,0.904762,checkpoints/llama3.2-1b-us-rep,1.000000,1.000000
31:20,31,7,5,0.523810,0.238095,0.809524,meta-llama/Llama-3.2-1B,1.000000,1.000000
31:21,31,7,5,0.504762,0.238095,0.809524,checkpoints/llama3.2-1b-adversary-hard,0.600000,0.200000
31:22,31,7,5,0.961905,0.904762,1.000000,checkpoints/llama3.2-1b-adversary-hard,1.000000,1.000000
31:23,31,7,5,0.676190,0.428571,1.000000,checkpoints/llama3.2-1b-soft-panel,1.000000,1.000000
31:24,31,7,5,0.733333,0.523810,0.904762,checkpoints/llama3.2-1b-adversary-hard,1.000000,1.000000
31:25,31,7,5,0.942857,0.904762,1.000000,checkpoints/llama3.2-1b-soft-panel,0.600000,0.200000
31:26,31,7,5,0.238095,-0.238095,0.904762,meta-llama/Llama-3.2-1B,0.600000,0.200000
31:27,31,7,5,0.752381,0.619048,1.000000,checkpoints/llama3.2-1b-hard-panel,0.800000,0.600000
31:28,31,7,5,0.847619,0.714286,1.000000,checkpoints/llama3.2-1b-adversary-hard,0.600000,0.200000
31:29,31,7,5,0.695238,0.523810,0.904762,checkpoints/llama3.2-1b-adversary-hard,0.800000,0.600000
31:3,31,7,5,0.809524,0.619048,0.904762,checkpoints/llama3.2-1b-adversary-hard,0.800000,0.600000
31:30,31,7,5,0.657143,0.523810,0.904762,checkpoints/llama3.2-1b-hard-panel,0.600000,0.400000
31:31,31,7,5,0.695238,0.523810,1.000000,checkpoints/llama3.2-1b-full-prism,0.600000,0.400000
31:32,31,7,5,0.580952,0.333333,0.809524,checkpoints/llama3.2-1b-hard-panel,0.400000,0.000000
31:33,31,7,5,0.866667,0.714286,1.000000,checkpoints/llama3.2-1b-adversary-hard,1.000000,1.000000
31:34,31,7,5,0.733333,0.428571,1.000000,checkpoints/llama3.2-1b-soft-panel,0.800000,0.600000
31:35,31,7,5,0.942857,0.904762,1.000000,checkpoints/llama3.2-1b-hard-panel,1.000000,1.000000
31:36,31,7,5,0.790476,0.619048,0.904762,checkpoints/llama3.2-1b-hard-panel,0.600000,0.400000
31:37,31,7,5,0.885714,0.809524,1.000000,checkpoints/llama3.2-1b-hard-panel,0.600000,0.200000
31:38,31,7,5,0.123810,-0.714286,0.523810,checkpoints/llama3.2-1b-us-rep,0.600000,0.400000
31:39,31,7,5,0.771429,0.619048,0.904762,checkpoints/llama3.2-1b-us-rep,1.000000,1.000000
31:4,31,7,5,0.809524,0.619048,0.904762,checkpoints/llama3.2-1b-hard-panel,0.600000,0.200000
31:5,31,7,5,0.828571,0.619048,1.000000,checkpoints/llama3.2-1b-us-rep,1.000000,1.000000
31:6,31,7,5,0.352381,-0.238095,0.809524,checkpoints/llama3.2-1b-full-prism,0.400000,0.000000
31:7,31,7,5,0.828571,0.619048,1.000000,checkpoints/llama3.2-1b-hard-panel,1.000000,1.000000
31:8,31,7,5,0.752381,0.523810,1.000000,checkpoints/llama3.2-1b-hard-panel,1.000000,1.000000
31:9,31,7,5,0.600000,0.142857,1.000000,checkpoints/llama3.2-1b-adversary-hard,1.000000,1.000000
32:0,32,7,5,0.257143,-0.523810,0.714286,checkpoints/llama3.2-1b-adversary-hard,0.600000,0.400000
32:1,32,7,5,0.866667,0.714286,1.000000,checkpoints/llama3.2-1b-adversary-hard,1.000000,1.000000
32:10,32,7,5,0.790476,0.619048,1.000000,checkpoints/llama3.2-1b-full-prism,0.400000,0.000000
32:11,32,7,5,0.676190,0.333333,0.904762,meta-llama/Llama-3.2-1B,1.000000,1.000000
32:12,32,7,5,0.942857,0.904762,1.000000,checkpoints/llama3.2-1b-soft-panel,1.000000,1.000000
32:13,32,7,5,0.409524,0.047619,0.904762,checkpoints/llama3.2-1b-adversary-hard,0.800000,0.600000
32:14,32,7,5,0.580952,0.238095,0.809524,checkpoints/llama3.2-1b-hard-panel,0.600000,0.200000
32:15,32,7,5,0.790476,0.714286,0.904762,checkpoints/llama3.2-1b-adversary-hard,1.000000,1.000000
32:16,32,7,5,0.866667,0.714286,1.000000,meta-llama/Llama-3.2-1B,1.000000,1.000000
32:17,32,7,5,0.847619,0.619048,1.000000,checkpoints/llama3.2-1b-soft-panel,0.800000,0.600000
32:18,32,7,5,0.828571,0.714286,1.000000,meta-llama/Llama-3.2-1B,0.400000,0.000000
32:19,32,7,5,0.333333,-0.238095,0.619048,checkpoints/llama3.2-1b-us-rep,0.600000,0.200000
32:2,32,7,5,0.904762,0.809524,1.000000,checkpoints/llama3.2-1b-adversary-hard,1.000000,1.000000
32:20,32,7,5,0.142857,-0.714286,0.809524,meta-llama/Llama-3.2-1B,0.400000,0.000000
32:21,32,7,5,0.390476,-0.238095,0.904762,meta-llama/Llama-3.2-1B,0.800000,0.600000
32:22,32,7,5,0.828571,0.714286,1.000000,checkpoints/llama3.2-1b-adversary-soft,1.000000,1.000000
32:23,32,7,5,0.752381,0.523810,1.000000,checkpoints/llama3.2-1b-us-rep,0.800000,0.600000
32:24,32,7,5,0.523810,0.238095,0.904762,meta-llama/Llama-3.2-1B,0.400000,0.200000
32:25,32,7,5,0.638095,0.428571,1.000000,meta-llama/Llama-3.2-1B,1.000000,1.000000
32:26,32,7,5,0.866667,0.809524,1.000000,checkpoints/llama3.2-1b-full-prism,1.000000,1.000000
32:27,32,7,5,0.333333,-0.047619,1.000000,meta-llama/Llama-3.2-1B,1.000000,1.000000
32:28,32,7,5,0.885714,0.714286,1.000000,checkpoints/llama3.2-1b-soft-panel,0.800000,0.600000
32:29,32,7,5,0.866667,0.714286,1.000000,checkpoints/llama3.2-1b-adversary-hard,1.000000,1.000000
32:3,32,7,5,0.866667,0.714286,1.000000,checkpoints/llama3.2-1b-full-prism,1.000000,1.000000
32:30,32,7,5,0.466667,0.142857,0.809524,checkpoints/llama3.2-1b-adversary-hard,0.600000,0.400000
32:31,32,7,5,0.638095,0.333333,1.000000,checkpoints/llama3.2-1b-us-rep,1.000000,1.000000
32:32,32,7,5,0.923810,0.809524,1.000000,checkpoints/llama3.2-1b-hard-panel,1.000000,1.000000
32:33,32,7,5,0.714286,0.428571,0.904762,meta-llama/Llama-3.2-1B,1.000000,1.000000
32:34,32,7,5,0.733333,0.523810,1.000000,checkpoints/llama3.2-1b-us-rep,0.600000,0.200000
32:35,32,7,5,0.733333,0.523810,1.000000,checkpoints/llama3.2-1b-full-prism,1.000000,1.000000
32:36,32,7,5,0.638095,0.333333,0.904762,checkpoints/llama3.2-1b-us-rep,1.000000,1.000000
32:37,32,7,5,0.828571,0.714286,1.000000,checkpoints/llama3.2-1b-hard-panel,1.000000,1.000000
32:38,32,7,5,0.790476,0.619048,1.000000,checkpoints/llama3.2-1b-hard-panel,1.000000,1.000000
32:39,32,7,5,0.885714,0.809524,1.000000,checkpoints/llama3.2-1b-hard-panel,1.000000,1.000000
32:4,32,7,5,0.771429,0.619048,1.000000,checkpoints/llama3.2-1b-hard-panel,1.000000,1.000000
32:5,32,7,5,0.504762,0.047619,0.714286,checkpoints/llama3.2-1b-adversary-soft,0.600000,0.200000
32:6,32,7,5,0.752381,0.523810,1.000000,meta-llama/Llama-3.2-1B,1.000000,1.000000
32:7,32,7,5,0.504762,0.142857,1.000000,checkpoints/llama3.2-1b-adversary-soft,0.800000,0.600000
32:8,32,7,5,0.619048,0.238095,0.904762,meta-llama/Llama-3.2-1B,0.600000,0.400000
32:9,32,7,5,0.352381,-0.238095,1.000000,checkpoints/llama3.2-1b-us-rep,1.000000,1.000000
33:0,33,7,5,0.809524,0.714286,1.000000,checkpoints/llama3.2-1b-us-rep,0.800000,0.600000
33:1,33,7,5,0.752381,0.523810,1.000000,checkpoints/llama3.2-1b-soft-panel,1.000000,1.000000
33:10,33,7,5,0.961905,0.904762,1.000000,checkpoints/llama3.2-1b-adversary-hard,1.000000,1.000000
33:11,33,7,5,0.676190,0.333333,1.000000,checkpoints/llama3.2-1b-adversary-soft,1.000000,1.000000
33:12,33,7,5,0.828571,0.714286,1.000000,checkpoints/llama3.2-1b-full-prism,0.400000,0.000000
33:13,33,7,5,0.695238,0.333333,1.000000,meta-llama/Llama-3.2-1B,0.800000,0.600000
33:14,33,7,5,0.923810,0.809524,1.000000,checkpoints/llama3.2-1b-adversary-hard,1.000000,1.000000
33:15,33,7,5,0.866667,0.809524,1.000000,checkpoints/llama3.2-1b-hard-panel,1.000000,1.000000
33:16,33,7,5,0.942857,0.904762,1.000000,checkpoints/llama3.2-1b-adversary-hard,1.000000,1.000000
33:17,33,7,5,0.771429,0.523810,1.000000,meta-llama/Llama-3.2-1B,0.600000,0.200000
33:18,33,7,5,0.638095,0.428571,0.809524,checkpoints/llama3.2-1b-us-rep,0.600000,0.200000
33:19,33,7,5,0.885714,0.809524,1.000000,checkpoints/llama3.2-1b-hard-panel,0.600000,0.200000
33:2,33,7,5,0.600000,0.047619,1.000000,checkpoints/llama3.2-1b-hard-panel,0.800000,0.600000
33:20,33,7,5,0.771429,0.619048,1.000000,checkpoints/llama3.2-1b-adversary-hard,1.000000,1.000000
33:21,33,7,5,0.733333,0.523810,1.000000,checkpoints/llama3.2-1b-adversary-hard,1.000000,1.000000
33:22,33,7,5,0.923810,0.809524,1.000000,checkpoints/llama3.2-1b-adversary-hard,1.000000,1.000000
33:23,33,7,5,0.923810,0.809524,1.000000,checkpoints/llama3.2-1b-adversary-hard,0.800000,0.600000
33:24,33,7,5,0.790476,0.523810,1.000000,checkpoints/llama3.2-1b-hard-panel,1.000000,1.000000
33:25,33,7,5,0.847619,0.714286,1.000000,checkpoints/llama3.2-1b-hard-panel,1.000000,1.000000
33:26,33,7,5,0.752381,0.428571,1.000000,checkpoints/llama3.2-1b-us-rep,0.800000,0.600000
33:27,33,7,5,0.961905,0.904762,1.000000,checkpoints/llama3.2-1b-hard-panel,1.000000,1.000000
33:28,33,7,5,0.847619,0.714286,0.904762,checkpoints/llama3.2-1b-hard-panel,0.600000,0.200000
33:29,33,7,5,0.676190,0.428571,1.000000,checkpoints/llama3.2-1b-adversary-hard,0.800000,0.600000
33:3,33,7,5,0.695238,0.428571,0.904762,checkpoints/llama3.2-1b-full-prism,1.000000,1.000000
33:30,33,7,5,0.580952,0.333333,1.000000,checkpoints/llama3.2-1b-hard-panel,1.000000,1.000000
33:31,33,7,5,0.733333,0.523810,0.904762,checkpoints/llama3.2-1b-us-rep,0.600000,0.200000
33:32,33,7,5,0.752381,0.619048,0.904762,checkpoints/llama3.2-1b-hard-panel,0.800000,0.600000
33:33,33,7,5,0.790476,0.619048,1.000000,checkpoints/llama3.2-1b-adversary-hard,0.800000,0.600000
33:34,33,7,5,0.790476,0.619048,1.000000,meta-llama/Llama-3.2-1B,0.600000,0.200000
33:35,33,7,5,0.752381,0.523810,0.904762,checkpoints/llama3.2-1b-us-rep,0.600000,0.200000
33:36,33,7,5,0.771429,0.619048,0.904762,checkpoints/llama3.2-1b-adversary-hard,0.800000,0.600000
33:37,33,7,5,0.923810,0.809524,1.000000,checkpoints/llama3.2-1b-full-prism,1.000000,1.000000
33:38,33,7,5,0.866667,0.714286,1.000000,checkpoints/llama3.2-1b-adversary-hard,1.000000,1.000000
33:39,33,7,5,0.828571,0.619048,1.000000,checkpoints/llama3.2-1b-us-rep,1.000000,1.000000
33:4,33,7,5,0.561905,0.142857,0.904762,checkpoints/llama3.2-1b-adversary-hard,1.000000,1.000000
33:5,33,7,5,0.695238,0.523810,0.904762,checkpoints/llama3.2-1b-adversary-soft,0.800000,0.600000
33:6,33,7,5,0.771429,0.619048,0.904762,checkpoints/llama3.2-1b-us-rep,1.000000,1.000000
33:7,33,7,5,0.676190,0.333333,0.904762,checkpoints/llama3.2-1b-hard-panel,1.000000,1.000000
33:8,33,7,5,0.866667,0.809524,1.000000,checkpoints/llama3.2-1b-adversary-hard,0.800000,0.600000
33:9,33,7,5,0.352381,-0.333333,0.904762,checkpoints/llama3.2-1b-us-rep,0.800000,0.600000
34:0,34,7,5,0.866667,0.714286,1.000000,checkpoints/llama3.2-1b-us-rep,0.800000,0.600000
34:1,34,7,5,0.714286,0.523810,1.000000,checkpoints/llama3.2-1b-adversary-hard,1.000000,1.000000
34:10,34,7,5,0.885714,0.809524,1.000000,checkpoints/llama3.2-1b-us-rep,0.800000,0.600000
34:11,34,7,5,0.904762,0.809524,1.000000,checkpoints/llama3.2-1b-adversary-hard,0.600000,0.200000
34:12,34,7,5,0.847619,0.619048,1.000000,checkpoints/llama3.2-1b-full-prism,1.000000,1.000000
34:13,34,7,5,0.809524,0.714286,1.000000,checkpoints/llama3.2-1b-hard-panel,1.000000,1.000000
34:14,34,7,5,0.847619,0.714286,1.000000,meta-llama/Llama-3.2-1B,1.000000,1.000000
34:15,34,7,5,0.542857,0.238095,0.904762,checkpoints/llama3.2-1b-hard-panel,1.000000,1.000000
34:16,34,7,5,0.695238,0.428571,0.904762,checkpoints/llama3.2-1b-adversary-hard,0.400000,0.000000
34:17,34,7,5,0.733333,0.619048,0.904762,checkpoints/llama3.2-1b-full-prism,0.800000,0.600000
34:18,34,7,5,0.790476,0.714286,0.904762,checkpoints/llama3.2-1b-hard-panel,1.000000,1.000000
34:19,34,7,5,0.942857,0.904762,1.000000,checkpoints/llama3.2-1b-adversary-hard,1.000000,1.000000
34:2,34,7,5,0.809524,0.619048,1.000000,checkpoints/llama3.2-1b-adversary-hard,1.000000,1.000000
34:20,34,7,5,0.809524,0.619048,1.000000,checkpoints/llama3.2-1b-adversary-hard,0.800000,0.600000
34:21,34,7,5,0.809524,0.523810,1.000000,checkpoints/llama3.2-1b-adversary-soft,0.800000,0.600000
34:22,34,7,5,0.695238,0.428571,0.904762,checkpoints/llama3.2-1b-full-prism,0.800000,0.600000
34:23,34,7,5,0.961905,0.904762,1.000000,checkpoints/llama3.2-1b-hard-panel,1.000000,1.000000
34:24,34,7,5,0.790476,0.523810,1.000000,checkpoints/llama3.2-1b-full-prism,0.800000,0.600000
34:25,34,7,5,0.809524,0.619048,1.000000,checkpoints/llama3.2-1b-hard-panel,0.600000,0.200000
34:26,34,7,5,0.638095,0.428571,1.000000,checkpoints/llama3.2-1b-adversary-soft,0.600000,0.200000
34:27,34,7,5,0.485714,0.238095,0.904762,checkpoints/llama3.2-1b-soft-panel,0.600000,0.400000
34:28,34,7,5,0.580952,0.333333,0.904762,checkpoints/llama3.2-1b-full-prism,1.000000,1.000000
34:29,34,7,5,0.752381,0.428571,1.000000,checkpoints/llama3.2-1b-hard-panel,1.000000,1.000000
34:3,34,7,5,0.447619,0.047619,1.000000,checkpoints/llama3.2-1b-hard-panel,0.600000,0.200000
34:30,34,7,5,0.733333,0.428571,0.904762,checkpoints/llama3.2-1b-us-rep,0.600000,0.200000
34:31,34,7,5,0.638095,0.428571,0.904762,meta-llama/Llama-3.2-1B,0.400000,0.000000
34:32,34,7,5,0.580952,0.333333,1.000000,checkpoints/llama3.2-1b-adversary-hard,0.600000,0.400000
34:33,34,7,5,0.657143,0.333333,0.904762,checkpoints/llama3.2-1b-soft-panel,0.800000,0.600000
34:34,34,7,5,1.000000,1.000000,1.000000,checkpoints/llama3.2-1b-adversary-hard,1.000000,1.000000
34:35,34,7,5,0.809524,0.619048,1.000000,meta-llama/Llama-3.2-1B,0.600000,0.200000
34:36,34,7,5,0.580952,0.333333,0.809524,checkpoints/llama3.2-1b-full-prism,0.600000,0.400000
34:37,34,7,5,0.695238,0.428571,0.904762,checkpoints/llama3.2-1b-soft-panel,0.400000,0.000000
34:38,34,7,5,0.771429,0.619048,1.000000,checkpoints/llama3.2-1b-hard-panel,1.000000,1.000000
34:39,34,7,5,0.771429,0.619048,1.000000,checkpoints/llama3.2-1b-hard-panel,0.800000,0.600000
34:4,34,7,5,0.371429,-0.333333,0.714286,checkpoints/llama3.2-1b-hard-panel,0.800000,0.600000
34:5,34,7,5,0.847619,0.714286,1.000000,checkpoints/llama3.2-1b-full-prism,0.600000,0.200000
34:6,34,7,5,0.714286,0.523810,1.000000,checkpoints/llama3.2-1b-adversary-hard,0.600000,0.200000
34:7,34,7,5,0.828571,0.714286,1.000000,checkpoints/llama3.2-1b-adversary-soft,1.000000,1.000000
34:8,34,7,5,0.847619,0.714286,1.000000,checkpoints/llama3.2-1b-adversary-soft,1.000000,1.000000
34:9,34,7,5,0.828571,0.714286,1.000000,checkpoints/llama3.2-1b-hard-panel,0.600000,0.200000
35:0,35,7,5,0.752381,0.523810,1.000000,checkpoints/llama3.2-1b-us-rep,0.800000,0.600000
35:1,35,7,5,0.790476,0.619048,0.904762,checkpoints/llama3.2-1b-hard-panel,0.600000,0.200000
35:10,35,7,5,0.676190,0.428571,0.904762,checkpoints/llama3.2-1b-adversary-soft,0.800000,0.600000
35:11,35,7,5,0.809524,0.619048,0.904762,checkpoints/llama3.2-1b-soft-panel,0.800000,0.600000
35:12,35,7,5,0.809524,0.619048,1.000000,checkpoints/llama3.2-1b-adversary-hard,0.800000,0.600000
35:13,35,7,5,0.485714,0.142857,1.000000,checkpoints/llama3.2-1b-adversary-hard,0.800000,0.600000
35:14,35,7,5,0.828571,0.714286,0.904762,checkpoints/llama3.2-1b-soft-panel,1.000000,1.000000
35:15,35,7,5,0.047619,-0.809524,0.714286,checkpoints/llama3.2-1b-hard-panel,0.400000,0.000000
35:16,35,7,5,0.885714,0.809524,1.000000,checkpoints/llama3.2-1b-adversary-hard,1.000000,1.000000
35:17,35,7,5,0.561905,0.333333,0.904762,checkpoints/llama3.2-1b-us-rep,1.000000,1.000000
35:18,35,7,5,0.771429,0.619048,1.000000,checkpoints/llama3.2-1b-adversary-soft,0.800000,0.600000
35:19,35,7,5,0.580952,0.333333,1.000000,meta-llama/Llama-3.2-1B,1.000000,1.000000
35:2,35,7,5,0.714286,0.523810,0.904762,checkpoints/llama3.2-1b-soft-panel,0.600000,0.200000
35:20,35,7,5,0.809524,0.714286,1.000000,meta-llama/Llama-3.2-1B,1.000000,1.000000
35:21,35,7,5,0.523810,0.238095,0.714286,meta-llama/Llama-3.2-1B,0.800000,0.600000
35:22,35,7,5,0.904762,0.809524,1.000000,checkpoints/llama3.2-1b-us-rep,0.600000,0.200000
35:23,35,7,5,0.923810,0.809524,1.000000,checkpoints/llama3.2-1b-adversary-hard,0.800000,0.600000
35:24,35,7,5,0.809524,0.619048,1.000000,checkpoints/llama3.2-1b-us-rep,1.000000,1.000000
35:25,35,7,5,0.600000,0.238095,1.000000,checkpoints/llama3.2-1b-adversary-hard,0.800000,0.600000
35:26,35,7,5,0.809524,0.619048,1.000000,meta-llama/Llama-3.2-1B,1.000000,1.000000
35:27,35,7,5,0.752381,0.523810,1.000000,checkpoints/llama3.2-1b-soft-panel,0.800000,0.600000
35:28,35,7,5,0.428571,0.047619,0.619048,checkpoints/llama3.2-1b-soft-panel,0.400000,0.000000
35:29,35,7,5,0.428571,-0.047619,1.000000,checkpoints/llama3.2-1b-us-rep,0.800000,0.600000
35:3,35,7,5,0.561905,0.047619,1.000000,meta-llama/Llama-3.2-1B,0.600000,0.200000
35:30,35,7,5,0.809524,0.523810,1.000000,checkpoints/llama3.2-1b-hard-panel,0.800000,0.600000
35:31,35,7,5,0.580952,0.142857,1.000000,meta-llama/Llama-3.2-1B,1.000000,1.000000
35:32,35,7,5,0.695238,0.523810,1.000000,checkpoints/llama3.2-1b-us-rep,1.000000,1.000000
35:33,35,7,5,0.942857,0.904762,1.000000,checkpoints/llama3.2-1b-us-rep,1.000000,1.000000
35:34,35,7,5,0.466667,0.238095,0.714286,checkpoints/llama3.2-1b-hard-panel,0.400000,0.000000
35:35,35,7,5,0.828571,0.714286,1.000000,meta-llama/Llama-3.2-1B,1.000000,1.000000
35:36,35,7,5,0.676190,0.428571,0.904762,checkpoints/llama3.2-1b-hard-panel,1.000000,1.000000
35:37,35,7,5,0.752381,0.523810,1.000000,checkpoints/llama3.2-1b-us-rep,0.800000,0.600000
35:38,35,7,5,0.866667,0.714286,1.000000,checkpoints/llama3.2-1b-adversary-hard,1.000000,1.000000
35:39,35,7,5,0.790476,0.619048,1.000000,meta-llama/Llama-3.2-1B,1.000000,1.000000
35:4,35,7,5,0.504762,0.142857,0.904762,checkpoints/llama3.2-1b-us-rep,1.000000,1.000000
35:5,35,7,5,0.809524,0.714286,1.000000,checkpoints/llama3.2-1b-soft-panel,1.000000,1.000000
35:6,35,7,5,0.542857,0.047619,1.000000,checkpoints/llama3.2-1b-soft-panel,1.000000,1.000000
35:7,35,7,5,0.904762,0.809524,1.000000,checkpoints/llama3.2-1b-hard-panel,0.800000,0.600000
35:8,35,7,5,0.657143,0.333333,1.000000,checkpoints/llama3.2-1b-hard-panel,0.600000,0.200000
35:9,35,7,5,0.580952,0.142857,0.809524,checkpoints/llama3.2-1b-adversary-hard,0.400000,0.000000
36:0,36,7,5,0.657143,0.333333,0.809524,checkpoints/llama3.2-1b-soft-panel,0.400000,0.000000
36:1,36,7,5,0.676190,0.333333,1.000000,checkpoints/llama3.2-1b-adversary-soft,0.400000,0.000000
36:10,36,7,5,0.771429,0.619048,1.000000,checkpoints/llama3.2-1b-hard-panel,0.600000,0.200000
36:11,36,7,5,0.561905,-0.047619,1.000000,checkpoints/llama3.2-1b-adversary-hard,1.000000,1.000000
36:12,36,7,5,0.828571,0.714286,1.000000,checkpoints/llama3.2-1b-us-rep,1.000000,1.000000
36:13,36,7,5,0.676190,0.428571,0.904762,checkpoints/llama3.2-1b-hard-panel,1.000000,1.000000
36:14,36,7,5,0.485714,-0.142857,1.000000,checkpoints/llama3.2-1b-us-rep,0.800000,0.600000
36:15,36,7,5,0.866667,0.714286,1.000000,checkpoints/llama3.2-1b-adversary-hard,1.000000,1.000000
36:16,36,7,5,0.771429,0.523810,0.904762,meta-llama/Llama-3.2-1B,1.000000,1.000000
36:17,36,7,5,0.600000,0.238095,0.904762,checkpoints/llama3.2-1b-soft-panel,0.400000,0.000000
36:18,36,7,5,0.885714,0.809524,1.000000,checkpoints/llama3.2-1b-adversary-hard,0.800000,0.600000
36:19,36,7,5,0.390476,0.238095,0.809524,checkpoints/llama3.2-1b-hard-panel,1.000000,1.000000
36:2,36,7,5,0.485714,0.142857,0.809524,checkpoints/llama3.2-1b-hard-panel,1.000000,1.000000
36:20,36,7,5,0.771429,0.619048,1.000000,checkpoints/llama3.2-1b-us-rep,1.000000,1.000000
36:21,36,7,5,0.428571,0.047619,0.904762,checkpoints/llama3.2-1b-adversary-hard,1.000000,1.000000
36:22,36,7,5,0.676190,0.428571,0.904762,checkpoints/llama3.2-1b-hard-panel,1.000000,1.000000
36:23,36,7,5,0.809524,0.714286,1.000000,checkpoints/llama3.2-1b-hard-panel,1.000000,1.000000
36:24,36,7,5,0.619048,0.333333,1.000000,checkpoints/llama3.2-1b-adversary-hard,0.800000,0.600000
36:25,36,7,5,0.695238,0.333333,1.000000,checkpoints/llama3.2-1b-adversary-hard,0.600000,0.200000
36:26,36,7,5,0.695238,0.523810,0.904762,checkpoints/llama3.2-1b-adversary-hard,0.600000,0.200000
36:27,36,7,5,0.028571,-0.428571,0.904762,checkpoints/llama3.2-1b-us-rep,0.600000,0.200000
36:28,36,7,5,0.733333,0.428571,1.000000,checkpoints/llama3.2-1b-hard-panel,1.000000,1.000000
36:29,36,7,5,0.600000,0.238095,0.904762,checkpoints/llama3.2-1b-hard-panel,0.800000,0.600000
36:3,36,7,5,0.790476,0.714286,1.000000,checkpoints/llama3.2-1b-hard-panel,1.000000,1.000000
36:30,36,7,5,0.466667,0.142857,0.904762,checkpoints/llama3.2-1b-hard-panel,1.000000,1.000000
36:31,36,7,5,0.676190,0.333333,0.904762,checkpoints/llama3.2-1b-adversary-hard,1.000000,1.000000
36:32,36,7,5,0.638095,0.428571,0.904762,checkpoints/llama3.2-1b-us-rep,1.000000,1.000000
36:33,36,7,5,0.371429,-0.047619,0.904762,checkpoints/llama3.2-1b-adversary-hard,0.400000,0.200000
36:34,36,7,5,0.695238,0.428571,0.809524,checkpoints/llama3.2-1b-us-rep,0.800000,0.600000
36:35,36,7,5,0.714286,0.523810,0.904762,checkpoints/llama3.2-1b-adversary-hard,0.600000,0.200000
36:36,36,7,5,0.866667,0.714286,1.000000,checkpoints/llama3.2-1b-full-prism,0.800000,0.600000
36:37,36,7,5,0.809524,0.714286,1.000000,checkpoints/llama3.2-1b-hard-panel,1.000000,1.000000
36:38,36,7,5,0.580952,0.333333,0.904762,checkpoints/llama3.2-1b-soft-panel,0.400000,0.200000
36:39,36,7,5,0.542857,0.142857,1.000000,checkpoints/llama3.2-1b-adversary-hard,0.600000,0.400000
36:4,36,7,5,0.752381,0.523810,1.000000,checkpoints/llama3.2-1b-hard-panel,1.000000,1.000000
36:5,36,7,5,0.657143,0.333333,1.000000,checkpoints/llama3.2-1b-hard-panel,0.800000,0.600000
36:6,36,7,5,0.733333,0.523810,0.904762,checkpoints/llama3.2-1b-adversary-hard,0.800000,0.600000
36:7,36,7,5,0.504762,0.238095,0.809524,checkpoints/llama3.2-1b-hard-panel,1.000000,1.000000
36:8,36,7,5,0.752381,0.523810,1.000000,checkpoints/llama3.2-1b-hard-panel,1.000000,1.000000
36:9,36,7,5,0.828571,0.619048,1.000000,checkpoints/llama3.2-1b-adversary-hard,0.800000,0.600000
37:0,37,7,5,0.695238,0.523810,0.809524,checkpoints/llama3.2-1b-us-rep,1.000000,1.000000
37:1,37,7,5,0.657143,0.428571,0.904762,checkpoints/llama3.2-1b-soft-panel,0.400000,0.000000
37:10,37,7,5,0.847619,0.619048,1.000000,checkpoints/llama3.2-1b-adversary-soft,1.000000,1.000000
37:11,37,7,5,0.847619,0.714286,1.000000,checkpoints/llama3.2-1b-hard-panel,0.600000,0.200000
37:12,37,7,5,0.752381,0.523810,0.904762,checkpoints/llama3.2-1b-adversary-soft,0.800000,0.600000
37:13,37,7,5,0.295238,-0.333333,1.000000,meta-llama/Llama-3.2-1B,0.600000,0.200000
37:14,37,7,5,0.752381,0.523810,1.000000,checkpoints/llama3.2-1b-adversary-hard,0.600000,0.200000
37:15,37,7,5,0.695238,0.428571,0.904762,checkpoints/llama3.2-1b-adversary-hard,1.000000,1.000000
37:16,37,7,5,0.619048,0.333333,1.000000,checkpoints/llama3.2-1b-hard-panel,0.800000,0.600000
37:17,37,7,5,0.657143,0.428571,0.904762,checkpoints/llama3.2-1b-adversary-hard,1.000000,1.000000
37:18,37,7,5,0.676190,0.428571,0.904762,checkpoints/llama3.2-1b-adversary-hard,1.000000,1.000000
37:19,37,7,5,0.923810,0.809524,1.000000,checkpoints/llama3.2-1b-adversary-hard,0.800000,0.600000
37:2,37,7,5,0.371429,-0.142857,0.619048,checkpoints/llama3.2-1b-soft-panel,0.400000,0.200000
37:20,37,7,5,0.942857,0.904762,1.000000,checkpoints/llama3.2-1b-us-rep,1.000000,1.000000
37:21,37,7,5,0.600000,0.238095,1.000000,checkpoints/llama3.2-1b-adversary-hard,0.800000,0.600000
37:22,37,7,5,0.847619,0.714286,1.000000,checkpoints/llama3.2-1b-us-rep,1.000000,1.000000
37:23,37,7,5,0.371429,-0.047619,0.904762,meta-llama/Llama-3.2-1B,1.000000,1.000000
37:24,37,7,5,0.771429,0.523810,0.904762,checkpoints/llama3.2-1b-adversary-hard,0.800000,0.600000
37:25,37,7,5,0.847619,0.714286,1.000000,checkpoints/llama3.2-1b-hard-panel,1.000000,1.000000
37:26,37,7,5,0.885714,0.714286,1.000000,checkpoints/llama3.2-1b-adversary-hard,1.000000,1.000000
37:27,37,7,5,0.600000,0.333333,1.000000,checkpoints/llama3.2-1b-adversary-soft,0.600000,0.200000
37:28,37,7,5,0.771429,0.619048,1.000000,checkpoints/llama3.2-1b-hard-panel,1.000000,1.000000
37:29,37,7,5,0.923810,0.809524,1.000000,checkpoints/llama3.2-1b-adversary-soft,0.800000,0.600000
37:3,37,7,5,0.942857,0.904762,1.000000,checkpoints/llama3.2-1b-soft-panel,0.600000,0.200000
37:30,37,7,5,0.542857,0.333333,1.000000,checkpoints/llama3.2-1b-adversary-hard,1.000000,1.000000
37:31,37,7,5,0.847619,0.714286,1.000000,checkpoints/llama3.2-1b-adversary-hard,1.000000,1.000000
37:32,37,7,5,0.790476,0.619048,1.000000,checkpoints/llama3.2-1b-us-rep,1.000000,1.000000
37:33,37,7,5,0.657143,0.428571,0.904762,checkpoints/llama3.2-1b-adversary-hard,1.000000,1.000000
37:34,37,7,5,0.790476,0.619048,1.000000,checkpoints/llama3.2-1b-adversary-hard,0.600000,0.200000
37:35,37,7,5,0.580952,0.238095,0.904762,checkpoints/llama3.2-1b-adversary-soft,0.400000,0.200000
37:36,37,7,5,0.657143,0.333333,0.904762,checkpoints/llama3.2-1b-adversary-soft,0.600000,0.400000
37:37,37,7,5,0.866667,0.714286,1.000000,checkpoints/llama3.2-1b-hard-panel,1.000000,1.000000
37:38,37,7,5,0.714286,0.523810,1.000000,checkpoints/llama3.2-1b-full-prism,0.600000,0.200000
37:39,37,7,5,0.752381,0.619048,0.904762,checkpoints/llama3.2-1b-hard-panel,0.800000,0.600000
37:4,37,7,5,0.809524,0.714286,0.904762,checkpoints/llama3.2-1b-adversary-hard,1.000000,1.000000
37:5,37,7,5,0.219048,-0.238095,0.619048,meta-llama/Llama-3.2-1B,0.400000,0.000000
37:6,37,7,5,0.580952,0.333333,0.809524,checkpoints/llama3.2-1b-us-rep,0.800000,0.600000
37:7,37,7,5,0.866667,0.714286,1.000000,checkpoints/llama3.2-1b-hard-panel,1.000000,1.000000
37:8,37,7,5,0.866667,0.714286,1.000000,checkpoints/llama3.2-1b-hard-panel,1.000000,1.000000
37:9,37,7,5,0.714286,0.428571,0.904762,checkpoints/llama3.2-1b-adversary-soft,0.600000,0.400000
38:0,38,7,5,0.714286,0.428571,1.000000,checkpoints/llama3.2-1b-us-rep,0.800000,0.600000
38:1,38,7,5,0.904762,0.809524,1.000000,checkpoints/llama3.2-1b-adversary-hard,1.000000,1.000000
38:10,38,7,5,0.866667,0.714286,1.000000,checkpoints/llama3.2-1b-adversary-hard,1.000000,1.000000
38:11,38,7,5,0.847619,0.714286,1.000000,checkpoints/llama3.2-1b-soft-panel,1.000000,1.000000
38:12,38,7,5,0.276190,-0.428571,0.714286,checkpoints/llama3.2-1b-adversary-hard,1.000000,1.000000
38:13,38,7,5,0.676190,0.523810,0.809524,checkpoints/llama3.2-1b-us-rep,0.600000,0.200000
38:14,38,7,5,0.714286,0.428571,0.904762,checkpoints/llama3.2-1b-hard-panel,1.000000,1.000000
38:15,38,7,5,0.409524,0.047619,0.619048,checkpoints/llama3.2-1b-hard-panel,1.000000,1.000000
38:16,38,7,5,0.714286,0.428571,0.904762,meta-llama/Llama-3.2-1B,1.000000,1.000000
38:17,38,7,5,0.466667,-0.047619,0.904762,checkpoints/llama3.2-1b-hard-panel,1.000000,1.000000
38:18,38,7,5,0.371429,-0.428571,1.000000,checkpoints/llama3.2-1b-soft-panel,0.400000,0.000000
38:19,38,7,5,0.466667,0.142857,0.904762,checkpoints/llama3.2-1b-adversary-hard,1.000000,1.000000
38:2,38,7,5,0.923810,0.809524,1.000000,checkpoints/llama3.2-1b-us-rep,0.800000,0.600000
38:20,38,7,5,0.238095,-0.333333,0.714286,checkpoints/llama3.2-1b-adversary-hard,1.000000,1.000000
38:21,38,7,5,0.123810,-0.523810,0.523810,meta-llama/Llama-3.2-1B,0.600000,0.400000
38:22,38,7,5,0.847619,0.809524,1.000000,checkpoints/llama3.2-1b-adversary-hard,1.000000,1.000000
38:23,38,7,5,0.733333,0.523810,1.000000,checkpoints/llama3.2-1b-hard-panel,1.000000,1.000000
38:24,38,7,5,0.600000,0.333333,0.809524,checkpoints/llama3.2-1b-adversary-hard,0.600000,0.200000
38:25,38,7,5,0.847619,0.619048,1.000000,checkpoints/llama3.2-1b-us-rep,1.000000,1.000000
38:26,38,7,5,0.961905,0.904762,1.000000,checkpoints/llama3.2-1b-us-rep,1.000000,1.000000
38:27,38,7,5,0.809524,0.619048,1.000000,checkpoints/llama3.2-1b-hard-panel,1.000000,1.000000
38:28,38,7,5,0.866667,0.714286,1.000000,checkpoints/llama3.2-1b-adversary-hard,0.600000,0.400000
38:29,38,7,5,0.676190,0.428571,0.904762,checkpoints/llama3.2-1b-hard-panel,0.800000,0.600000
38:3,38,7,5,0.866667,0.714286,1.000000,checkpoints/llama3.2-1b-us-rep,0.600000,0.400000
38:30,38,7,5,0.942857,0.904762,1.000000,checkpoints/llama3.2-1b-adversary-hard,1.000000,1.000000
38:31,38,7,5,0.809524,0.619048,0.904762,checkpoints/llama3.2-1b-adversary-hard,0.600000,0.200000
38:32,38,7,5,0.942857,0.904762,1.000000,checkpoints/llama3.2-1b-adversary-soft,1.000000,1.000000
38:33,38,7,5,0.695238,0.523810,1.000000,checkpoints/llama3.2-1b-adversary-hard,1.000000,1.000000
38:34,38,7,5,0.923810,0.809524,1.000000,checkpoints/llama3.2-1b-adversary-soft,0.800000,0.600000
38:35,38,7,5,0.961905,0.904762,1.000000,checkpoints/llama3.2-1b-full-prism,1.000000,1.000000
38:36,38,7,5,0.809524,0.523810,1.000000,checkpoints/llama3.2-1b-adversary-hard,0.800000,0.600000
38:37,38,7,5,0.428571,-0.047619,0.809524,checkpoints/llama3.2-1b-adversary-hard,0.400000,0.000000
38:38,38,7,5,0.542857,0.047619,0.904762,checkpoints/llama3.2-1b-adversary-soft,0.800000,0.600000
38:39,38,7,5,0.809524,0.619048,0.904762,checkpoints/llama3.2-1b-us-rep,0.800000,0.600000
38:4,38,7,5,0.771429,0.428571,1.000000,checkpoints/llama3.2-1b-adversary-hard,1.000000,1.000000
38:5,38,7,5,0.942857,0.904762,1.000000,checkpoints/llama3.2-1b-hard-panel,1.000000,1.000000
38:6,38,7,5,0.733333,0.619048,0.904762,checkpoints/llama3.2-1b-us-rep,0.800000,0.600000
38:7,38,7,5,0.523810,0.142857,0.714286,checkpoints/llama3.2-1b-adversary-hard,1.000000,1.000000
38:8,38,7,5,0.542857,0.238095,0.809524,checkpoints/llama3.2-1b-adversary-hard,0.400000,0.000000
38:9,38,7,5,0.866667,0.714286,1.000000,checkpoints/llama3.2-1b-adversary-hard,1.000000,1.000000
39:0,39,7,5,0.942857,0.904762,1.000000,checkpoints/llama3.2-1b-adversary-soft,0.600000,0.200000
39:1,39,7,5,0.695238,0.428571,1.000000,checkpoints/llama3.2-1b-us-rep,1.000000,1.000000
39:10,39,7,5,0.961905,0.904762,1.000000,checkpoints/llama3.2-1b-full-prism,1.000000,1.000000
39:11,39,7,5,0.809524,0.714286,1.000000,checkpoints/llama3.2-1b-full-prism,0.800000,0.600000
39:12,39,7,5,0.695238,0.428571,0.904762,checkpoints/llama3.2-1b-adversary-hard,0.800000,0.600000
39:13,39,7,5,0.809524,0.619048,1.000000,checkpoints/llama3.2-1b-hard-panel,1.000000,1.000000
39:14,39,7,5,0.847619,0.714286,0.904762,checkpoints/llama3.2-1b-adversary-hard,1.000000,1.000000
39:15,39,7,5,0.771429,0.619048,1.000000,checkpoints/llama3.2-1b-us-rep,1.000000,1.000000
39:16,39,7,5,0.885714,0.809524,1.000000,checkpoints/llama3.2-1b-adversary-soft,0.600000,0.200000
39:17,39,7,5,0.828571,0.714286,1.000000,checkpoints/llama3.2-1b-hard-panel,1.000000,1.000000
39:18,39,7,5,0.809524,0.619048,0.904762,checkpoints/llama3.2-1b-hard-panel,1.000000,1.000000
39:19,39,7,5,0.866667,0.714286,1.000000,checkpoints/llama3.2-1b-hard-panel,0.600000,0.200000
39:2,39,7,5,0.619048,0.333333,0.904762,checkpoints/llama3.2-1b-hard-panel,0.600000,0.200000
39:20,39,7,5,0.752381,0.619048,0.904762,checkpoints/llama3.2-1b-soft-panel,1.000000,1.000000
39:21,39,7,5,0.733333,0.619048,1.000000,checkpoints/llama3.2-1b-us-rep,1.000000,1.000000
39:22,39,7,5,0.638095,0.428571,0.904762,checkpoints/llama3.2-1b-adversary-hard,1.000000,1.000000
39:23,39,7,5,0.790476,0.619048,1.000000,checkpoints/llama3.2-1b-us-rep,1.000000,1.000000
39:24,39,7,5,0.866667,0.714286,1.000000,checkpoints/llama3.2-1b-us-rep,1.000000,1.000000
39:25,39,7,5,0.866667,0.714286,1.000000,checkpoints/llama3.2-1b-hard-panel,1.000000,1.000000
39:26,39,7,5,0.790476,0.619048,1.000000,checkpoints/llama3.2-1b-soft-panel,1.000000,1.000000
39:27,39,7,5,0.638095,0.428571,0.809524,checkpoints/llama3.2-1b-adversary-soft,0.400000,0.000000
39:28,39,7,5,0.923810,0.809524,1.000000,checkpoints/llama3.2-1b-soft-panel,0.800000,0.600000
39:29,39,7,5,0.580952,0.333333,0.904762,checkpoints/llama3.2-1b-us-rep,1.000000,1.000000
39:3,39,7,5,0.904762,0.809524,1.000000,checkpoints/llama3.2-1b-adversary-hard,0.600000,0.200000
39:30,39,7,5,0.600000,0.333333,0.809524,checkpoints/llama3.2-1b-soft-panel,0.600000,0.200000
39:31,39,7,5,0.942857,0.904762,1.000000,checkpoints/llama3.2-1b-hard-panel,1.000000,1.000000
39:32,39,7,5,0.885714,0.714286,1.000000,checkpoints/llama3.2-1b-adversary-soft,1.000000,1.000000
39:33,39,7,5,0.619048,0.333333,0.904762,checkpoints/llama3.2-1b-adversary-soft,0.600000,0.200000
39:34,39,7,5,0.885714,0.809524,1.000000,checkpoints/llama3.2-1b-full-prism,1.000000,1.000000
39:35,39,7,5,0.485714,0.142857,0.809524,checkpoints/llama3.2-1b-adversary-hard,1.000000,1.000000
39:36,39,7,5,0.866667,0.714286,1.000000,checkpoints/llama3.2-1b-hard-panel,0.600000,0.200000
39:37,39,7,5,0.676190,0.523810,0.809524,checkpoints/llama3.2-1b-adversary-soft,1.000000,1.000000
39:38,39,7,5,0.733333,0.523810,1.000000,checkpoints/llama3.2-1b-adversary-hard,1.000000,1.000000
39:39,39,7,5,0.733333,0.619048,0.809524,checkpoints/llama3.2-1b-adversary-soft,0.400000,0.000000
39:4,39,7,5,0.923810,0.809524,1.000000,checkpoints/llama3.2-1b-adversary-hard,1.000000,1.000000
39:5,39,7,5,0.809524,0.714286,1.000000,checkpoints/llama3.2-1b-us-rep,0.800000,0.600000
39:6,39,7,5,0.904762,0.809524,1.000000,checkpoints/llama3.2-1b-full-prism,1.000000,1.000000
39:7,39,7,5,0.485714,0.333333,0.904762,checkpoints/llama3.2-1b-hard-panel,1.000000,1.000000
39:8,39,7,5,0.809524,0.714286,0.904762,checkpoints/llama3.2-1b-hard-panel,1.000000,1.000000
39:9,39,7,5,0.714286,0.523810,0.904762,checkpoints/llama3.2-1b-soft-panel,0.800000,0.600000
40:0,40,7,5,0.676190,0.428571,0.904762,checkpoints/llama3.2-1b-us-rep,1.000000,1.000000
40:1,40,7,5,0.657143,0.428571,0.904762,checkpoints/llama3.2-1b-soft-panel,1.000000,1.000000
40:10,40,7,5,0.828571,0.714286,1.000000,checkpoints/llama3.2-1b-soft-panel,0.800000,0.600000
40:11,40,7,5,0.580952,0.428571,0.714286,checkpoints/llama3.2-1b-soft-panel,0.800000,0.600000
40:12,40,7,5,0.600000,0.333333,1.000000,meta-llama/Llama-3.2-1B,1.000000,1.000000
40:13,40,7,5,0.790476,0.619048,1.000000,checkpoints/llama3.2-1b-adversary-hard,1.000000,1.000000
40:14,40,7,5,0.466667,-0.047619,0.904762,checkpoints/llama3.2-1b-adversary-hard,1.000000,1.000000
40:15,40,7,5,0.885714,0.714286,1.000000,meta-llama/Llama-3.2-1B,1.000000,1.000000
40:16,40,7,5,0.676190,0.333333,1.000000,checkpoints/llama3.2-1b-hard-panel,0.800000,0.600000
40:17,40,7,5,0.180952,-0.333333,0.809524,meta-llama/Llama-3.2-1B,0.600000,0.400000
40:18,40,7,5,0.828571,0.714286,1.000000,meta-llama/Llama-3.2-1B,1.000000,1.000000
40:19,40,7,5,0.885714,0.809524,1.000000,meta-llama/Llama-3.2-1B,1.000000,1.000000
40:2,40,7,5,0.828571,0.714286,1.000000,checkpoints/llama3.2-1b-adversary-hard,1.000000,1.000000
40:20,40,7,5,0.561905,0.333333,0.904762,checkpoints/llama3.2-1b-adversary-soft,0.600000,0.400000
40:21,40,7,5,0.657143,0.428571,1.000000,checkpoints/llama3.2-1b-hard-panel,1.000000,1.000000
40:22,40,7,5,0.771429,0.523810,1.000000,checkpoints/llama3.2-1b-adversary-hard,0.800000,0.600000
40:23,40,7,5,0.866667,0.714286,1.000000,checkpoints/llama3.2-1b-hard-panel,1.000000,1.000000
40:24,40,7,5,0.714286,0.523810,0.904762,checkpoints/llama3.2-1b-adversary-soft,0.600000,0.200000
40:25,40,7,5,0.523810,0.238095,0.904762,meta-llama/Llama-3.2-1B,1.000000,1.000000
40:26,40,7,5,0.790476,0.619048,1.000000,checkpoints/llama3.2-1b-adversary-soft,0.800000,0.600000
40:27,40,7,5,0.790476,0.619048,1.000000,checkpoints/llama3.2-1b-us-rep,1.000000,1.000000
40:28,40,7,5,0.733333,0.523810,0.904762,checkpoints/llama3.2-1b-hard-panel,1.000000,1.000000
40:29,40,7,5,0.638095,0.333333,0.904762,checkpoints/llama3.2-1b-adversary-hard,1.000000,1.000000
40:3,40,7,5,0.752381,0.523810,1.000000,checkpoints/llama3.2-1b-us-rep,1.000000,1.000000
40:30,40,7,5,0.904762,0.809524,1.000000,checkpoints/llama3.2-1b-us-rep,1.000000,1.000000
40:31,40,7,5,0.942857,0.904762,1.000000,checkpoints/llama3.2-1b-adversary-hard,1.000000,1.000000
40:32,40,7,5,0.733333,0.523810,1.000000,checkpoints/llama3.2-1b-adversary-soft,0.600000,0.400000
40:33,40,7,5,0.714286,0.428571,1.000000,checkpoints/llama3.2-1b-hard-panel,1.000000,1.000000
40:34,40,7,5,0.942857,0.904762,1.000000,checkpoints/llama3.2-1b-us-rep,1.000000,1.000000
40:35,40,7,5,0.542857,0.238095,1.000000,checkpoints/llama3.2-1b-us-rep,0.800000,0.600000
40:36,40,7,5,0.523810,0.047619,0.809524,checkpoints/llama3.2-1b-adversary-soft,0.600000,0.200000
40:37,40,7,5,0.809524,0.714286,1.000000,checkpoints/llama3.2-1b-adversary-hard,0.600000,0.200000
40:38,40,7,5,0.790476,0.619048,1.000000,checkpoints/llama3.2-1b-us-rep,1.000000,1.000000
40:39,40,7,5,0.504762,0.142857,1.000000,checkpoints/llama3.2-1b-hard-panel,1.000000,1.000000
40:4,40,7,5,0.828571,0.714286,1.000000,checkpoints/llama3.2-1b-soft-panel,0.600000,0.400000
40:5,40,7,5,0.790476,0.523810,1.000000,checkpoints/llama3.2-1b-us-rep,1.000000,1.000000
40:6,40,7,5,0.790476,0.714286,0.904762,meta-llama/Llama-3.2-1B,1.000000,1.000000
40:7,40,7,5,0.638095,0.523810,0.809524,checkpoints/llama3.2-1b-hard-panel,0.600000,0.200000
40:8,40,7,5,0.828571,0.619048,1.000000,checkpoints/llama3.2-1b-adversary-hard,0.600000,0.200000
40:9,40,7,5,0.866667,0.714286,1.000000,meta-llama/Llama-3.2-1B,1.000000,1.000000
41:0,41,7,5,0.523810,-0.047619,1.000000,meta-llama/Llama-3.2-1B,0.800000,0.600000
41:1,41,7,5,0.790476,0.619048,1.000000,checkpoints/llama3.2-1b-us-rep,1.000000,1.000000
41:10,41,7,5,0.828571,0.714286,1.000000,checkpoints/llama3.2-1b-hard-panel,1.000000,1.000000
41:11,41,7,5,0.790476,0.619048,1.000000,checkpoints/llama3.2-1b-hard-panel,1.000000,1.000000
41:12,41,7,5,0.333333,-0.142857,0.809524,meta-llama/Llama-3.2-1B,1.000000,1.000000
41:13,41,7,5,0.771429,0.523810,1.000000,checkpoints/llama3.2-1b-adversary-hard,1.000000,1.000000
41:14,41,7,5,0.580952,0.333333,1.000000,checkpoints/llama3.2-1b-hard-panel,1.000000,1.000000
41:15,41,7,5,0.600000,0.333333,0.904762,checkpoints/llama3.2-1b-adversary-soft,0.600000,0.200000
41:16,41,7,5,0.561905,0.142857,0.904762,checkpoints/llama3.2-1b-adversary-hard,1.000000,1.000000
41:17,41,7,5,0.542857,0.142857,0.904762,meta-llama/Llama-3.2-1B,1.000000,1.000000
41:18,41,7,5,0.809524,0.523810,1.000000,checkpoints/llama3.2-1b-full-prism,1.000000,1.000000
41:19,41,7,5,0.847619,0.714286,1.000000,meta-llama/Llama-3.2-1B,1.000000,1.000000
41:2,41,7,5,0.828571,0.714286,0.904762,meta-llama/Llama-3.2-1B,1.000000,1.000000
41:20,41,7,5,0.714286,0.428571,1.000000,meta-llama/Llama-3.2-1B,0.800000,0.600000
41:21,41,7,5,0.542857,0.142857,0.714286,checkpoints/llama3.2-1b-full-prism,0.400000,0.000000
41:22,41,7,5,0.847619,0.714286,1.000000,checkpoints/llama3.2-1b-us-rep,0.800000,0.600000
41:23,41,7,5,0.580952,0.333333,0.904762,checkpoints/llama3.2-1b-adversary-hard,1.000000,1.000000
41:24,41,7,5,0.790476,0.714286,1.000000,checkpoints/llama3.2-1b-hard-panel,1.000000,1.000000
41:25,41,7,5,0.771429,0.619048,0.904762,checkpoints/llama3.2-1b-us-rep,0.800000,0.600000
41:26,41,7,5,0.828571,0.714286,1.000000,checkpoints/llama3.2-1b-adversary-hard,1.000000,1.000000
41:27,41,7,5,0.657143,0.523810,1.000000,checkpoints/llama3.2-1b-hard-panel,0.400000,0.000000
41:28,41,7,5,0.085714,-0.523810,1.000000,checkpoints/llama3.2-1b-adversary-hard,0.600000,0.400000
41:29,41,7,5,0.752381,0.428571,1.000000,checkpoints/llama3.2-1b-hard-panel,1.000000,1.000000
41:3,41,7,5,0.904762,0.809524,1.000000,checkpoints/llama3.2-1b-soft-panel,0.800000,0.600000
41:30,41,7,5,0.904762,0.809524,1.000000,checkpoints/llama3.2-1b-hard-panel,1.000000,1.000000
41:31,41,7,5,0.847619,0.714286,1.000000,checkpoints/llama3.2-1b-hard-panel,0.800000,0.600000
41:32,41,7,5,0.904762,0.809524,1.000000,checkpoints/llama3.2-1b-us-rep,1.000000,1.000000
41:33,41,7,5,0.809524,0.619048,1.000000,checkpoints/llama3.2-1b-us-rep,1.000000,1.000000
41:34,41,7,5,0.676190,0.523810,1.000000,meta-llama/Llama-3.2-1B,1.000000,1.000000
41:35,41,7,5,0.790476,0.714286,1.000000,checkpoints/llama3.2-1b-adversary-hard,0.600000,0.200000
41:36,41,7,5,0.542857,0.142857,0.904762,checkpoints/llama3.2-1b-hard-panel,0.800000,0.600000
41:37,41,7,5,0.847619,0.714286,1.000000,checkpoints/llama3.2-1b-adversary-hard,0.600000,0.200000
41:38,41,7,5,0.828571,0.619048,1.000000,checkpoints/llama3.2-1b-us-rep,0.600000,0.200000
41:39,41,7,5,0.847619,0.619048,1.000000,checkpoints/llama3.2-1b-adversary-soft,0.600000,0.400000
41:4,41,7,5,0.638095,0.428571,0.904762,checkpoints/llama3.2-1b-hard-panel,0.600000,0.200000
41:5,41,7,5,0.295238,-0.238095,0.809524,meta-llama/Llama-3.2-1B,0.400000,0.200000
41:6,41,7,5,0.695238,0.523810,0.904762,checkpoints/llama3.2-1b-hard-panel,1.000000,1.000000
41:7,41,7,5,0.695238,0.428571,0.904762,checkpoints/llama3.2-1b-adversary-hard,1.000000,1.000000
41:8,41,7,5,0.790476,0.619048,1.000000,meta-llama/Llama-3.2-1B,0.800000,0.600000
41:9,41,7,5,0.314286,-0.238095,0.904762,checkpoints/llama3.2-1b-adversary-hard,1.000000,1.000000
42:0,42,7,5,0.790476,0.619048,1.000000,checkpoints/llama3.2-1b-adversary-hard,1.000000,1.000000
42:1,42,7,5,0.714286,0.619048,1.000000,checkpoints/llama3.2-1b-soft-panel,0.600000,0.400000
42:10,42,7,5,0.828571,0.714286,0.904762,checkpoints/llama3.2-1b-hard-panel,0.800000,0.600000
42:11,42,7,5,0.695238,0.428571,1.000000,checkpoints/llama3.2-1b-adversary-hard,1.000000,1.000000
42:12,42,7,5,0.790476,0.619048,0.904762,checkpoints/llama3.2-1b-adversary-hard,0.800000,0.600000
42:13,42,7,5,0.942857,0.904762,1.000000,checkpoints/llama3.2-1b-us-rep,1.000000,1.000000
42:14,42,7,5,0.771429,0.523810,1.000000,meta-llama/Llama-3.2-1B,0.800000,0.600000
42:15,42,7,5,0.847619,0.714286,1.000000,checkpoints/llama3.2-1b-hard-panel,1.000000,1.000000
42:16,42,7,5,0.866667,0.714286,1.000000,checkpoints/llama3.2-1b-hard-panel,1.000000,1.000000
42:17,42,7,5,0.809524,0.619048,1.000000,checkpoints/llama3.2-1b-adversary-soft,0.600000,0.200000
42:18,42,7,5,0.561905,0.238095,0.904762,checkpoints/llama3.2-1b-soft-panel,0.400000,0.000000
42:19,42,7,5,0.771429,0.523810,1.000000,checkpoints/llama3.2-1b-us-rep,1.000000,1.000000
42:2,42,7,5,0.600000,0.238095,1.000000,checkpoints/llama3.2-1b-soft-panel,1.000000,1.000000
42:20,42,7,5,0.885714,0.809524,1.000000,checkpoints/llama3.2-1b-hard-panel,0.600000,0.200000
42:21,42,7,5,0.885714,0.809524,1.000000,checkpoints/llama3.2-1b-adversary-hard,0.600000,0.200000
42:22,42,7,5,0.771429,0.523810,1.000000,checkpoints/llama3.2-1b-hard-panel,0.600000,0.200000
42:23,42,7,5,0.771429,0.619048,0.904762,checkpoints/llama3.2-1b-us-rep,0.800000,0.600000
42:24,42,7,5,0.733333,0.428571,0.904762,checkpoints/llama3.2-1b-hard-panel,0.800000,0.600000
42:25,42,7,5,0.619048,0.428571,0.904762,checkpoints/llama3.2-1b-adversary-hard,0.600000,0.200000
42:26,42,7,5,0.619048,0.238095,0.904762,checkpoints/llama3.2-1b-hard-panel,1.000000,1.000000
42:27,42,7,5,0.809524,0.619048,1.000000,checkpoints/llama3.2-1b-us-rep,1.000000,1.000000
42:28,42,7,5,0.828571,0.714286,1.000000,checkpoints/llama3.2-1b-adversary-hard,1.000000,1.000000
42:29,42,7,5,0.485714,0.238095,0.904762,checkpoints/llama3.2-1b-hard-panel,1.000000,1.000000
42:3,42,7,5,0.466667,0.238095,0.809524,checkpoints/llama3.2-1b-adversary-hard,0.600000,0.400000
42:30,42,7,5,0.733333,0.523810,1.000000,checkpoints/llama3.2-1b-hard-panel,0.600000,0.200000
42:31,42,7,5,0.904762,0.809524,1.000000,checkpoints/llama3.2-1b-us-rep,1.000000,1.000000
42:32,42,7,5,0.771429,0.619048,0.904762,checkpoints/llama3.2-1b-us-rep,0.800000,0.600000
42:33,42,7,5,0.942857,0.904762,1.000000,checkpoints/llama3.2-1b-hard-panel,1.000000,1.000000
42:34,42,7,5,0.904762,0.809524,1.000000,checkpoints/llama3.2-1b-adversary-hard,1.000000,1.000000
42:35,42,7,5,0.790476,0.523810,1.000000,checkpoints/llama3.2-1b-hard-panel,0.800000,0.600000
42:36,42,7,5,0.866667,0.809524,1.000000,checkpoints/llama3.2-1b-adversary-hard,0.800000,0.600000
42:37,42,7,5,0.714286,0.428571,0.904762,checkpoints/llama3.2-1b-adversary-hard,1.000000,1.000000
42:38,42,7,5,0.847619,0.714286,1.000000,checkpoints/llama3.2-1b-hard-panel,1.000000,1.000000
42:39,42,7,5,0.961905,0.904762,1.000000,checkpoints/llama3.2-1b-adversary-hard,0.800000,0.600000
42:4,42,7,5,0.142857,-0.333333,0.809524,checkpoints/llama3.2-1b-adversary-hard,0.800000,0.600000
42:5,42,7,5,0.733333,0.523810,0.904762,checkpoints/llama3.2-1b-hard-panel,0.600000,0.200000
42:6,42,7,5,0.676190,0.428571,0.809524,checkpoints/llama3.2-1b-hard-panel,0.400000,0.000000
42:7,42,7,5,0.733333,0.523810,1.000000,checkpoints/llama3.2-1b-us-rep,0.800000,0.600000
42:8,42,7,5,0.676190,0.333333,0.904762,checkpoints/llama3.2-1b-hard-panel,0.800000,0.600000
42:9,42,7,5,0.790476,0.619048,1.000000,checkpoints/llama3.2-1b-us-rep,0.600000,0.200000
43:0,43,7,5,0.847619,0.714286,1.000000,checkpoints/llama3.2-1b-us-rep,1.000000,1.000000
43:1,43,7,5,0.733333,0.523810,1.000000,meta-llama/Llama-3.2-1B,1.000000,1.000000
43:10,43,7,5,0.828571,0.619048,1.000000,checkpoints/llama3.2-1b-soft-panel,1.000000,1.000000
43:11,43,7,5,0.809524,0.619048,0.904762,checkpoints/llama3.2-1b-adversary-hard,0.600000,0.200000
43:12,43,7,5,0.752381,0.523810,0.904762,meta-llama/Llama-3.2-1B,1.000000,1.000000
43:13,43,7,5,0.885714,0.714286,1.000000,checkpoints/llama3.2-1b-us-rep,1.000000,1.000000
43:14,43,7,5,0.619048,0.142857,0.904762,checkpoints/llama3.2-1b-hard-panel,0.600000,0.200000
43:15,43,7,5,0.828571,0.619048,1.000000,meta-llama/Llama-3.2-1B,0.400000,0.000000
43:16,43,7,5,0.295238,-0.238095,1.000000,checkpoints/llama3.2-1b-adversary-hard,0.600000,0.400000
43:17,43,7,5,0.771429,0.619048,1.000000,meta-llama/Llama-3.2-1B,1.000000,1.000000
43:18,43,7,5,0.752381,0.619048,1.000000,checkpoints/llama3.2-1b-us-rep,1.000000,1.000000
43:19,43,7,5,0.504762,0.047619,0.904762,meta-llama/Llama-3.2-1B,1.000000,1.000000
43:2,43,7,5,0.866667,0.714286,1.000000,checkpoints/llama3.2-1b-us-rep,1.000000,1.000000
43:20,43,7,5,0.276190,-0.333333,1.000000,meta-llama/Llama-3.2-1B,1.000000,1.000000
43:21,43,7,5,0.676190,0.523810,0.904762,checkpoints/llama3.2-1b-hard-panel,1.000000,1.000000
43:22,43,7,5,0.390476,-0.142857,0.904762,meta-llama/Llama-3.2-1B,0.600000,0.400000
43:23,43,7,5,0.809524,0.619048,0.904762,checkpoints/llama3.2-1b-hard-panel,1.000000,1.000000
43:24,43,7,5,0.866667,0.714286,1.000000,checkpoints/llama3.2-1b-hard-panel,0.800000,0.600000
43:25,43,7,5,0.923810,0.809524,1.000000,meta-llama/Llama-3.2-1B,1.000000,1.000000
43:26,43,7,5,0.561905,0.238095,0.904762,checkpoints/llama3.2-1b-hard-panel,1.000000,1.000000
43:27,43,7,5,0.923810,0.809524,1.000000,meta-llama/Llama-3.2-1B,1.000000,1.000000
43:28,43,7,5,0.733333,0.619048,1.000000,meta-llama/Llama-3.2-1B,0.600000,0.200000
43:29,43,7,5,0.657143,0.428571,0.904762,meta-llama/Llama-3.2-1B,1.000000,1.000000
43:3,43,7,5,0.885714,0.809524,1.000000,meta-llama/Llama-3.2-1B,1.000000,1.000000
43:30,43,7,5,0.904762,0.809524,1.000000,meta-llama/Llama-3.2-1B,1.000000,1.000000
43:31,43,7,5,0.676190,0.523810,1.000000,meta-llama/Llama-3.2-1B,1.000000,1.000000
43:32,43,7,5,0.828571,0.714286,1.000000,meta-llama/Llama-3.2-1B,1.000000,1.000000
43:33,43,7,5,0.790476,0.619048,1.000000,checkpoints/llama3.2-1b-adversary-hard,1.000000,1.000000
43:34,43,7,5,0.657143,0.142857,1.000000,meta-llama/Llama-3.2-1B,0.800000,0.600000
43:35,43,7,5,0.276190,-0.142857,0.619048,checkpoints/llama3.2-1b-us-rep,0.600000,0.200000
43:36,43,7,5,0.638095,0.428571,1.000000,checkpoints/llama3.2-1b-adversary-hard,0.800000,0.600000
43:37,43,7,5,0.828571,0.714286,1.000000,checkpoints/llama3.2-1b-hard-panel,0.600000,0.200000
43:38,43,7,5,0.580952,0.142857,0.904762,checkpoints/llama3.2-1b-hard-panel,1.000000,1.000000
43:39,43,7,5,0.866667,0.714286,1.000000,checkpoints/llama3.2-1b-adversary-hard,1.000000,1.000000
43:4,43,7,5,0.676190,0.428571,0.809524,checkpoints/llama3.2-1b-us-rep,0.600000,0.400000
43:5,43,7,5,0.714286,0.523810,1.000000,meta-llama/Llama-3.2-1B,1.000000,1.000000
43:6,43,7,5,0.542857,0.238095,0.714286,checkpoints/llama3.2-1b-hard-panel,0.400000,0.000000
43:7,43,7,5,0.904762,0.809524,1.000000,meta-llama/Llama-3.2-1B,1.000000,1.000000
43:8,43,7,5,0.695238,0.523810,1.000000,meta-llama/Llama-3.2-1B,1.000000,1.000000
43:9,43,7,5,0.428571,-0.047619,0.904762,checkpoints/llama3.2-1b-adversary-hard,0.800000,0.600000
44:0,44,7,5,0.695238,0.523810,1.000000,checkpoints/llama3.2-1b-full-prism,0.800000,0.600000
44:1,44,7,5,0.447619,0.142857,0.904762,meta-llama/Llama-3.2-1B,0.600000,0.200000
44:10,44,7,5,0.847619,0.714286,1.000000,checkpoints/llama3.2-1b-adversary-hard,1.000000,1.000000
44:11,44,7,5,0.600000,0.142857,1.000000,checkpoints/llama3.2-1b-us-rep,0.800000,0.600000
44:12,44,7,5,0.695238,0.428571,0.904762,checkpoints/llama3.2-1b-adversary-hard,1.000000,1.000000
44:13,44,7,5,0.790476,0.523810,1.000000,checkpoints/llama3.2-1b-soft-panel,0.800000,0.600000
44:14,44,7,5,0.752381,0.428571,1.000000,meta-llama/Llama-3.2-1B,0.400000,0.000000
44:15,44,7,5,0.885714,0.714286,1.000000,checkpoints/llama3.2-1b-us-rep,1.000000,1.000000
44:16,44,7,5,0.714286,0.523810,0.904762,checkpoints/llama3.2-1b-adversary-soft,1.000000,1.000000
44:17,44,7,5,0.961905,0.904762,1.000000,checkpoints/llama3.2-1b-us-rep,1.000000,1.000000
44:18,44,7,5,0.676190,0.333333,1.000000,checkpoints/llama3.2-1b-adversary-hard,1.000000,1.000000
44:19,44,7,5,0.847619,0.714286,1.000000,checkpoints/llama3.2-1b-us-rep,0.800000,0.600000
44:2,44,7,5,0.657143,0.428571,0.904762,checkpoints/llama3.2-1b-us-rep,0.600000,0.200000
44:20,44,7,5,0.771429,0.428571,1.000000,checkpoints/llama3.2-1b-adversary-hard,1.000000,1.000000
44:21,44,7,5,0.676190,0.238095,1.000000,checkpoints/llama3.2-1b-soft-panel,1.000000,1.000000
44:22,44,7,5,0.752381,0.523810,1.000000,checkpoints/llama3.2-1b-us-rep,0.800000,0.600000
44:23,44,7,5,0.866667,0.809524,1.000000,checkpoints/llama3.2-1b-soft-panel,0.600000,0.200000
44:24,44,7,5,0.752381,0.428571,1.000000,checkpoints/llama3.2-1b-hard-panel,0.800000,0.600000
44:25,44,7,5,0.638095,0.333333,0.904762,checkpoints/llama3.2-1b-adversary-hard,0.800000,0.600000
44:26,44,7,5,0.923810,0.809524,1.000000,checkpoints/llama3.2-1b-hard-panel,1.000000,1.000000
44:27,44,7,5,0.961905,0.904762,1.000000,checkpoints/llama3.2-1b-us-rep,0.800000,0.600000
44:28,44,7,5,0.714286,0.428571,0.904762,checkpoints/llama3.2-1b-hard-panel,1.000000,1.000000
44:29,44,7,5,0.866667,0.714286,1.000000,checkpoints/llama3.2-1b-adversary-soft,1.000000,1.000000
44:3,44,7,5,0.752381,0.619048,1.000000,checkpoints/llama3.2-1b-soft-panel,0.400000,0.000000
44:30,44,7,5,0.619048,0.238095,0.904762,checkpoints/llama3.2-1b-adversary-hard,1.000000,1.000000
44:31,44,7,5,0.619048,0.333333,0.904762,checkpoints/llama3.2-1b-full-prism,0.400000,0.000000
44:32,44,7,5,0.790476,0.619048,1.000000,checkpoints/llama3.2-1b-full-prism,0.600000,0.400000
44:33,44,7,5,0.238095,-0.333333,0.619048,checkpoints/llama3.2-1b-us-rep,0.800000,0.600000
44:34,44,7,5,0.466667,0.142857,0.904762,checkpoints/llama3.2-1b-hard-panel,0.600000,0.200000
44:35,44,7,5,0.200000,-0.238095,0.904762,checkpoints/llama3.2-1b-adversary-hard,0.400000,0.000000
44:36,44,7,5,0.561905,0.238095,1.000000,checkpoints/llama3.2-1b-soft-panel,0.800000,0.600000
44:37,44,7,5,0.600000,0.428571,0.904762,checkpoints/llama3.2-1b-adversary-hard,1.000000,1.000000
44:38,44,7,5,0.390476,-0.238095,1.000000,checkpoints/llama3.2-1b-hard-panel,1.000000,1.000000
44:39,44,7,5,0.866667,0.809524,1.000000,checkpoints/llama3.2-1b-us-rep,1.000000,1.000000
44:4,44,7,5,0.485714,0.142857,1.000000,checkpoints/llama3.2-1b-adversary-hard,1.000000,1.000000
44:5,44,7,5,0.523810,0.142857,0.904762,checkpoints/llama3.2-1b-full-prism,0.800000,0.600000
44:6,44,7,5,0.657143,0.428571,0.904762,checkpoints/llama3.2-1b-full-prism,0.600000,0.200000
44:7,44,7,5,0.961905,0.904762,1.000000,checkpoints/llama3.2-1b-us-rep,1.000000,1.000000
44:8,44,7,5,0.904762,0.809524,1.000000,checkpoints/llama3.2-1b-adversary-hard,1.000000,1.000000
44:9,44,7,5,0.828571,0.714286,1.000000,checkpoints/llama3.2-1b-full-prism,1.000000,1.000000
45:0,45,7,5,0.847619,0.714286,1.000000,checkpoints/llama3.2-1b-adversary-hard,1.000000,1.000000
45:1,45,7,5,0.904762,0.809524,1.000000,checkpoints/llama3.2-1b-adversary-hard,1.000000,1.000000
45:10,45,7,5,0.638095,0.523810,0.809524,checkpoints/llama3.2-1b-hard-panel,1.000000,1.000000
45:11,45,7,5,0.904762,0.809524,1.000000,checkpoints/llama3.2-1b-us-rep,1.000000,1.000000
45:12,45,7,5,0.790476,0.619048,1.000000,checkpoints/llama3.2-1b-hard-panel,1.000000,1.000000
45:13,45,7,5,0.923810,0.809524,1.000000,checkpoints/llama3.2-1b-us-rep,1.000000,1.000000
45:14,45,7,5,0.923810,0.809524,1.000000,checkpoints/llama3.2-1b-us-rep,1.000000,1.000000
45:15,45,7,5,0.200000,-0.428571,0.809524,checkpoints/llama3.2-1b-hard-panel,1.000000,1.000000
45:16,45,7,5,0.828571,0.619048,1.000000,checkpoints/llama3.2-1b-us-rep,1.000000,1.000000
45:17,45,7,5,0.790476,0.619048,1.000000,checkpoints/llama3.2-1b-hard-panel,1.000000,1.000000
45:18,45,7,5,0.733333,0.428571,1.000000,checkpoints/llama3.2-1b-us-rep,1.000000,1.000000
45:19,45,7,5,0.714286,0.523810,0.904762,checkpoints/llama3.2-1b-soft-panel,0.800000,0.600000
45:2,45,7,5,0.638095,0.333333,0.904762,checkpoints/llama3.2-1b-adversary-hard,1.000000,1.000000
45:20,45,7,5,0.904762,0.809524,1.000000,checkpoints/llama3.2-1b-full-prism,1.000000,1.000000
45:21,45,7,5,0.790476,0.619048,0.904762,checkpoints/llama3.2-1b-full-prism,0.800000,0.600000
45:22,45,7,5,0.676190,0.428571,1.000000,checkpoints/llama3.2-1b-hard-panel,1.000000,1.000000
45:23,45,7,5,0.847619,0.714286,1.000000,checkpoints/llama3.2-1b-adversary-hard,0.800000,0.600000
45:24,45,7,5,0.428571,-0.142857,0.809524,checkpoints/llama3.2-1b-us-rep,1.000000,1.000000
45:25,45,7,5,0.904762,0.809524,1.000000,checkpoints/llama3.2-1b-adversary-soft,0.600000,0.200000
45:26,45,7,5,0.809524,0.619048,1.000000,checkpoints/llama3.2-1b-hard-panel,1.000000,1.000000
45:27,45,7,5,1.000000,1.000000,1.000000,checkpoints/llama3.2-1b-adversary-hard,1.000000,1.000000
45:28,45,7,5,0.828571,0.714286,1.000000,checkpoints/llama3.2-1b-us-rep,1.000000,1.000000
45:29,45,7,5,0.885714,0.809524,1.000000,checkpoints/llama3.2-1b-adversary-hard,0.600000,0.200000
45:3,45,7,5,0.847619,0.714286,1.000000,checkpoints/llama3.2-1b-us-rep,1.000000,1.000000
45:30,45,7,5,0.638095,0.428571,0.904762,checkpoints/llama3.2-1b-soft-panel,0.800000,0.600000
45:31,45,7,5,0.714286,0.523810,0.904762,checkpoints/llama3.2-1b-adversary-hard,1.000000,1.000000
45:32,45,7,5,-0.028571,-0.809524,0.523810,checkpoints/llama3.2-1b-us-rep,0.800000,0.600000
45:33,45,7,5,0.695238,0.523810,0.809524,checkpoints/llama3.2-1b-hard-panel,1.000000,1.000000
45:34,45,7,5,0.580952,0.142857,0.904762,checkpoints/llama3.2-1b-hard-panel,0.800000,0.600000
45:35,45,7,5,0.714286,0.523810,0.904762,checkpoints/llama3.2-1b-adversary-hard,1.000000,1.000000
45:36,45,7,5,0.466667,0.142857,1.000000,checkpoints/llama3.2-1b-adversary-hard,1.000000,1.000000
45:37,45,7,5,0.714286,0.428571,1.000000,checkpoints/llama3.2-1b-adversary-hard,1.000000,1.000000
45:38,45,7,5,0.542857,0.142857,0.904762,checkpoints/llama3.2-1b-adversary-hard,1.000000,1.000000
45:39,45,7,5,0.904762,0.809524,1.000000,checkpoints/llama3.2-1b-adversary-hard,1.000000,1.000000
45:4,45,7,5,0.809524,0.619048,1.000000,checkpoints/llama3.2-1b-hard-panel,1.000000,1.000000
45:5,45,7,5,0.828571,0.619048,1.000000,meta-llama/Llama-3.2-1B,0.800000,0.600000
45:6,45,7,5,0.733333,0.428571,0.904762,checkpoints/llama3.2-1b-full-prism,1.000000,1.000000
45:7,45,7,5,0.866667,0.714286,1.000000,checkpoints/llama3.2-1b-adversary-hard,1.000000,1.000000
45:8,45,7,5,0.752381,0.523810,0.904762,checkpoints/llama3.2-1b-hard-panel,1.000000,1.000000
45:9,45,7,5,0.523810,0.142857,0.904762,checkpoints/llama3.2-1b-us-rep,1.000000,1.000000
46:0,46,7,5,0.352381,0.142857,0.619048,checkpoints/llama3.2-1b-us-rep,0.600000,0.200000
46:1,46,7,5,0.561905,0.142857,1.000000,meta-llama/Llama-3.2-1B,0.400000,0.000000
46:10,46,7,5,0.542857,0.238095,1.000000,checkpoints/llama3.2-1b-us-rep,1.000000,1.000000
46:11,46,7,5,0.885714,0.809524,1.000000,checkpoints/llama3.2-1b-us-rep,1.000000,1.000000
46:12,46,7,5,0.809524,0.619048,1.000000,checkpoints/llama3.2-1b-soft-panel,1.000000,1.000000
46:13,46,7,5,0.600000,0.238095,0.904762,checkpoints/llama3.2-1b-full-prism,0.600000,0.400000
46:14,46,7,5,0.961905,0.904762,1.000000,checkpoints/llama3.2-1b-full-prism,1.000000,1.000000
46:15,46,7,5,0.923810,0.809524,1.000000,checkpoints/llama3.2-1b-us-rep,1.000000,1.000000
46:16,46,7,5,0.428571,-0.142857,0.904762,checkpoints/llama3.2-1b-hard-panel,0.800000,0.600000
46:17,46,7,5,0.752381,0.523810,0.904762,checkpoints/llama3.2-1b-adversary-hard,0.800000,0.600000
46:18,46,7,5,0.733333,0.523810,1.000000,checkpoints/llama3.2-1b-hard-panel,0.600000,0.200000
46:19,46,7,5,0.619048,0.333333,1.000000,checkpoints/llama3.2-1b-adversary-soft,0.400000,0.200000
46:2,46,7,5,0.561905,0.142857,0.904762,meta-llama/Llama-3.2-1B,0.800000,0.600000
46:20,46,7,5,0.752381,0.523810,1.000000,checkpoints/llama3.2-1b-us-rep,1.000000,1.000000
46:21,46,7,5,0.904762,0.809524,1.000000,checkpoints/llama3.2-1b-hard-panel,1.000000,1.000000
46:22,46,7,5,0.523810,0.142857,0.904762,checkpoints/llama3.2-1b-adversary-hard,0.600000,0.400000
46:23,46,7,5,0.904762,0.809524,1.000000,checkpoints/llama3.2-1b-adversary-hard,0.800000,0.600000
46:24,46,7,5,0.847619,0.714286,1.000000,checkpoints/llama3.2-1b-hard-panel,1.000000,1.000000
46:25,46,7,5,0.752381,0.619048,1.000000,checkpoints/llama3.2-1b-adversary-hard,1.000000,1.000000
46:26,46,7,5,0.657143,0.428571,0.904762,checkpoints/llama3.2-1b-full-prism,0.600000,0.200000
46:27,46,7,5,0.504762,0.238095,0.619048,checkpoints/llama3.2-1b-hard-panel,1.000000,1.000000
46:28,46,7,5,0.657143,0.523810,0.904762,checkpoints/llama3.2-1b-adversary-hard,0.600000,0.400000
46:29,46,7,5,0.504762,0.142857,0.714286,checkpoints/llama3.2-1b-soft-panel,0.400000,0.000000
46:3,46,7,5,0.828571,0.714286,1.000000,checkpoints/llama3.2-1b-hard-panel,1.000000,1.000000
46:30,46,7,5,0.714286,0.523810,1.000000,checkpoints/llama3.2-1b-hard-panel,1.000000,1.000000
46:31,46,7,5,0.714286,0.523810,0.809524,checkpoints/llama3.2-1b-adversary-soft,0.600000,0.200000
46:32,46,7,5,0.866667,0.714286,1.000000,checkpoints/llama3.2-1b-us-rep,1.000000,1.000000
46:33,46,7,5,0.695238,0.428571,1.000000,checkpoints/llama3.2-1b-adversary-hard,0.800000,0.600000
46:34,46,7,5,0.885714,0.714286,1.000000,checkpoints/llama3.2-1b-us-rep,1.000000,1.000000
46:35,46,7,5,0.676190,0.333333,0.904762,checkpoints/llama3.2-1b-hard-panel,0.600000,0.200000
46:36,46,7,5,0.771429,0.523810,1.000000,checkpoints/llama3.2-1b-us-rep,0.600000,0.200000
46:37,46,7,5,0.695238,0.333333,0.904762,meta-llama/Llama-3.2-1B,1.000000,1.000000
46:38,46,7,5,0.676190,0.333333,1.000000,checkpoints/llama3.2-1b-full-prism,1.000000,1.000000
46:39,46,7,5,0.657143,0.238095,1.000000,checkpoints/llama3.2-1b-soft-panel,0.800000,0.600000
46:4,46,7,5,0.619048,0.333333,0.904762,meta-llama/Llama-3.2-1B,0.800000,0.600000
46:5,46,7,5,0.866667,0.714286,1.000000,checkpoints/llama3.2-1b-full-prism,0.600000,0.200000
46:6,46,7,5,0.771429,0.619048,1.000000,checkpoints/llama3.2-1b-adversary-hard,1.000000,1.000000
46:7,46,7,5,0.961905,0.904762,1.000000,checkpoints/llama3.2-1b-adversary-soft,1.000000,1.000000
46:8,46,7,5,0.809524,0.619048,1.000000,checkpoints/llama3.2-1b-us-rep,0.600000,0.200000
46:9,46,7,5,0.504762,0.238095,0.714286,checkpoints/llama3.2-1b-us-rep,1.000000,1.000000
47:0,47,7,5,1.000000,1.000000,1.000000,checkpoints/llama3.2-1b-us-rep,1.000000,1.000000
47:1,47,7,5,0.733333,0.523810,1.000000,checkpoints/llama3.2-1b-hard-panel,1.000000,1.000000
47:10,47,7,5,0.676190,0.428571,1.000000,meta-llama/Llama-3.2-1B,1.000000,1.000000
47:11,47,7,5,0.314286,-0.142857,0.904762,meta-llama/Llama-3.2-1B,1.000000,1.000000
47:12,47,7,5,0.504762,0.238095,0.714286,checkpoints/llama3.2-1b-adversary-hard,0.800000,0.600000
47:13,47,7,5,0.733333,0.523810,0.904762,checkpoints/llama3.2-1b-soft-panel,0.400000,0.000000
47:14,47,7,5,0.542857,0.238095,0.904762,meta-llama/Llama-3.2-1B,0.600000,0.400000
47:15,47,7,5,0.961905,0.904762,1.000000,meta-llama/Llama-3.2-1B,1.000000,1.000000
47:16,47,7,5,0.561905,0.142857,0.904762,meta-llama/Llama-3.2-1B,0.600000,0.200000
47:17,47,7,5,0.600000,0.238095,0.809524,checkpoints/llama3.2-1b-soft-panel,0.800000,0.600000
47:18,47,7,5,0.866667,0.714286,1.000000,checkpoints/llama3.2-1b-adversary-hard,1.000000,1.000000
47:19,47,7,5,0.676190,0.333333,0.904762,checkpoints/llama3.2-1b-us-rep,0.600000,0.200000
47:2,47,7,5,0.828571,0.714286,1.000000,meta-llama/Llama-3.2-1B,1.000000,1.000000
47:20,47,7,5,0.771429,0.714286,0.904762,checkpoints/llama3.2-1b-us-rep,1.000000,1.000000
47:21,47,7,5,0.676190,0.428571,1.000000,meta-llama/Llama-3.2-1B,1.000000,1.000000
47:22,47,7,5,0.428571,0.047619,0.714286,checkpoints/llama3.2-1b-adversary-hard,1.000000,1.000000
47:23,47,7,5,0.885714,0.714286,1.000000,meta-llama/Llama-3.2-1B,1.000000,1.000000
47:24,47,7,5,0.333333,-0.238095,0.714286,meta-llama/Llama-3.2-1B,1.000000,1.000000
47:25,47,7,5,0.752381,0.428571,1.000000,checkpoints/llama3.2-1b-hard-panel,0.800000,0.600000
47:26,47,7,5,0.790476,0.523810,1.000000,checkpoints/llama3.2-1b-adversary-soft,1.000000,1.000000
47:27,47,7,5,0.714286,0.428571,1.000000,checkpoints/llama3.2-1b-adversary-hard,1.000000,1.000000
47:28,47,7,5,0.885714,0.714286,1.000000,meta-llama/Llama-3.2-1B,1.000000,1.000000
47:29,47,7,5,0.447619,-0.142857,0.904762,checkpoints/llama3.2-1b-adversary-hard,1.000000,1.000000
47:3,47,7,5,0.752381,0.523810,1.000000,checkpoints/llama3.2-1b-full-prism,1.000000,1.000000
47:30,47,7,5,0.752381,0.523810,1.000000,checkpoints/llama3.2-1b-full-prism,0.800000,0.600000
47:31,47,7,5,0.523810,0.142857,0.809524,meta-llama/Llama-3.2-1B,1.000000,1.000000
47:32,47,7,5,0.714286,0.428571,1.000000,meta-llama/Llama-3.2-1B,1.000000,1.000000
47:33,47,7,5,0.828571,0.619048,1.000000,checkpoints/llama3.2-1b-adversary-hard,0.800000,0.600000
47:34,47,7,5,0.733333,0.428571,0.904762,checkpoints/llama3.2-1b-hard-panel,1.000000,1.000000
47:35,47,7,5,0.733333,0.428571,0.904762,checkpoints/llama3.2-1b-us-rep,1.000000,1.000000
47:36,47,7,5,0.695238,0.333333,0.904762,checkpoints/llama3.2-1b-hard-panel,0.600000,0.200000
47:37,47,7,5,0.752381,0.523810,1.000000,checkpoints/llama3.2-1b-hard-panel,0.600000,0.200000
47:38,47,7,5,0.619048,0.333333,1.000000,meta-llama/Llama-3.2-1B,1.000000,1.000000
47:39,47,7,5,0.904762,0.809524,1.000000,checkpoints/llama3.2-1b-hard-panel,1.000000,1.000000
47:4,47,7,5,0.142857,-0.333333,0.619048,checkpoints/llama3.2-1b-hard-panel,0.600000,0.400000
47:5,47,7,5,0.942857,0.904762,1.000000,checkpoints/llama3.2-1b-adversary-hard,1.000000,1.000000
47:6,47,7,5,0.504762,0.238095,0.809524,checkpoints/llama3.2-1b-soft-panel,0.400000,0.200000
47:7,47,7,5,0.295238,-0.238095,0.714286,meta-llama/Llama-3.2-1B,0.800000,0.600000
47:8,47,7,5,0.485714,0.238095,0.904762,meta-llama/Llama-3.2-1B,1.000000,1.000000
47:9,47,7,5,0.809524,0.619048,1.000000,checkpoints/llama3.2-1b-hard-panel,1.000000,1.000000
48:0,48,7,5,0.942857,0.904762,1.000000,checkpoints/llama3.2-1b-adversary-hard,1.000000,1.000000
48:1,48,7,5,0.619048,0.142857,1.000000,checkpoints/llama3.2-1b-hard-panel,1.000000,1.000000
48:10,48,7,5,0.828571,0.619048,1.000000,checkpoints/llama3.2-1b-hard-panel,1.000000,1.000000
48:11,48,7,5,0.961905,0.904762,1.000000,checkpoints/llama3.2-1b-hard-panel,1.000000,1.000000
48:12,48,7,5,0.752381,0.428571,1.000000,checkpoints/llama3.2-1b-adversary-hard,1.000000,1.000000
48:13,48,7,5,0.904762,0.809524,1.000000,checkpoints/llama3.2-1b-soft-panel,0.800000,0.600000
48:14,48,7,5,0.885714,0.809524,1.000000,checkpoints/llama3.2-1b-soft-panel,0.600000,0.200000
48:15,48,7,5,0.771429,0.523810,1.000000,checkpoints/llama3.2-1b-hard-panel,0.600000,0.200000
48:16,48,7,5,0.619048,0.238095,0.904762,checkpoints/llama3.2-1b-us-rep,0.600000,0.200000
48:17,48,7,5,0.714286,0.523810,0.904762,checkpoints/llama3.2-1b-hard-panel,1.000000,1.000000
48:18,48,7,5,0.752381,0.523810,0.904762,checkpoints/llama3.2-1b-full-prism,0.600000,0.200000
48:19,48,7,5,0.847619,0.714286,1.000000,checkpoints/llama3.2-1b-adversary-hard,1.000000,1.000000
48:2,48,7,5,0.619048,0.333333,0.809524,checkpoints/llama3.2-1b-hard-panel,1.000000,1.000000
48:20,48,7,5,0.714286,0.428571,1.000000,checkpoints/llama3.2-1b-us-rep,1.000000,1.000000
48:21,48,7,5,1.000000,1.000000,1.000000,checkpoints/llama3.2-1b-us-rep,1.000000,1.000000
48:22,48,7,5,0.790476,0.619048,1.000000,checkpoints/llama3.2-1b-adversary-hard,1.000000,1.000000
48:23,48,7,5,0.866667,0.809524,1.000000,checkpoints/llama3.2-1b-hard-panel,0.600000,0.200000
48:24,48,7,5,0.904762,0.809524,1.000000,checkpoints/llama3.2-1b-soft-panel,0.600000,0.200000
48:25,48,7,5,0.752381,0.523810,0.904762,checkpoints/llama3.2-1b-soft-panel,1.000000,1.000000
48:26,48,7,5,0.961905,0.904762,1.000000,checkpoints/llama3.2-1b-hard-panel,1.000000,1.000000
48:27,48,7,5,0.866667,0.714286,1.000000,checkpoints/llama3.2-1b-adversary-hard,1.000000,1.000000
48:28,48,7,5,0.295238,-0.142857,0.523810,checkpoints/llama3.2-1b-adversary-hard,0.400000,0.000000
48:29,48,7,5,0.885714,0.809524,1.000000,checkpoints/llama3.2-1b-soft-panel,0.600000,0.200000
48:3,48,7,5,0.809524,0.619048,1.000000,checkpoints/llama3.2-1b-us-rep,1.000000,1.000000
48:30,48,7,5,0.523810,0.142857,0.809524,checkpoints/llama3.2-1b-us-rep,0.800000,0.600000
48:31,48,7,5,0.790476,0.714286,0.904762,checkpoints/llama3.2-1b-us-rep,0.600000,0.200000
48:32,48,7,5,0.809524,0.714286,1.000000,checkpoints/llama3.2-1b-hard-panel,0.600000,0.200000
48:33,48,7,5,0.961905,0.904762,1.000000,checkpoints/llama3.2-1b-hard-panel,1.000000,1.000000
48:34,48,7,5,0.771429,0.619048,1.000000,checkpoints/llama3.2-1b-adversary-hard,0.800000,0.600000
48:35,48,7,5,0.352381,-0.142857,0.809524,meta-llama/Llama-3.2-1B,0.400000,0.200000
48:36,48,7,5,0.638095,0.523810,0.809524,checkpoints/llama3.2-1b-hard-panel,0.800000,0.600000
48:37,48,7,5,0.752381,0.619048,0.809524,checkpoints/llama3.2-1b-us-rep,0.400000,0.000000
48:38,48,7,5,0.961905,0.904762,1.000000,checkpoints/llama3.2-1b-hard-panel,1.000000,1.000000
48:39,48,7,5,0.733333,0.523810,0.904762,checkpoints/llama3.2-1b-us-rep,0.400000,0.000000
48:4,48,7,5,0.809524,0.619048,1.000000,checkpoints/llama3.2-1b-soft-panel,1.000000,1.000000
48:5,48,7,5,0.752381,0.619048,0.904762,checkpoints/llama3.2-1b-soft-panel,0.800000,0.600000
48:6,48,7,5,0.466667,0.142857,0.714286,checkpoints/llama3.2-1b-hard-panel,1.000000,1.000000
48:7,48,7,5,0.942857,0.904762,1.000000,checkpoints/llama3.2-1b-adversary-hard,1.000000,1.000000
48:8,48,7,5,0.847619,0.619048,1.000000,checkpoints/llama3.2-1b-adversary-hard,1.000000,1.000000
48:9,48,7,5,0.676190,0.333333,1.000000,checkpoints/llama3.2-1b-adversary-soft,1.000000,1.000000
49:0,49,7,5,0.752381,0.523810,0.904762,checkpoints/llama3.2-1b-adversary-soft,0.800000,0.600000
49:1,49,7,5,0.542857,0.238095,1.000000,checkpoints/llama3.2-1b-hard-panel,0.400000,0.000000
49:10,49,7,5,0.885714,0.809524,1.000000,checkpoints/llama3.2-1b-full-prism,0.600000,0.200000
49:11,49,7,5,0.523810,0.047619,1.000000,checkpoints/llama3.2-1b-adversary-hard,1.000000,1.000000
49:12,49,7,5,0.695238,0.428571,1.000000,meta-llama/Llama-3.2-1B,0.600000,0.400000
49:13,49,7,5,0.428571,-0.047619,0.809524,checkpoints/llama3.2-1b-soft-panel,1.000000,1.000000
49:14,49,7,5,0.790476,0.619048,1.000000,checkpoints/llama3.2-1b-hard-panel,1.000000,1.000000
49:15,49,7,5,0.923810,0.809524,1.000000,checkpoints/llama3.2-1b-us-rep,1.000000,1.000000
49:16,49,7,5,0.790476,0.619048,1.000000,checkpoints/llama3.2-1b-hard-panel,0.600000,0.200000
49:17,49,7,5,0.657143,0.523810,0.904762,checkpoints/llama3.2-1b-adversary-hard,0.400000,0.000000
49:18,49,7,5,0.428571,-0.142857,0.904762,meta-llama/Llama-3.2-1B,1.000000,1.000000
49:19,49,7,5,0.619048,0.428571,0.904762,checkpoints/llama3.2-1b-adversary-hard,1.000000,1.000000
49:2,49,7,5,0.714286,0.428571,0.904762,meta-llama/Llama-3.2-1B,1.000000,1.000000
49:20,49,7,5,0.466667,0.142857,0.904762,checkpoints/llama3.2-1b-adversary-hard,0.800000,0.600000
49:21,49,7,5,0.657143,0.333333,0.904762,checkpoints/llama3.2-1b-adversary-soft,1.000000,1.000000
49:22,49,7,5,0.752381,0.619048,1.000000,checkpoints/llama3.2-1b-hard-panel,0.600000,0.200000
49:23,49,7,5,0.885714,0.809524,1.000000,checkpoints/llama3.2-1b-adversary-soft,0.600000,0.200000
49:24,49,7,5,-0.009524,-0.714286,0.619048,checkpoints/llama3.2-1b-full-prism,0.400000,0.200000
49:25,49,7,5,0.657143,0.238095,1.000000,checkpoints/llama3.2-1b-hard-panel,1.000000,1.000000
49:26,49,7,5,0.523810,0.142857,1.000000,checkpoints/llama3.2-1b-full-prism,0.400000,0.000000
49:27,49,7,5,0.828571,0.714286,1.000000,meta-llama/Llama-3.2-1B,1.000000,1.000000
49:28,49,7,5,0.847619,0.714286,1.000000,checkpoints/llama3.2-1b-hard-panel,1.000000,1.000000
49:29,49,7,5,0.733333,0.333333,1.000000,checkpoints/llama3.2-1b-adversary-hard,0.800000,0.600000
49:3,49,7,5,0.809524,0.619048,1.000000,meta-llama/Llama-3.2-1B,0.800000,0.600000
49:30,49,7,5,0.485714,0.142857,1.000000,checkpoints/llama3.2-1b-hard-panel,0.600000,0.200000
49:31,49,7,5,0.466667,0.047619,0.714286,checkpoints/llama3.2-1b-hard-panel,0.400000,0.000000
49:32,49,7,5,0.657143,0.333333,0.904762,checkpoints/llama3.2-1b-hard-panel,1.000000,1.000000
49:33,49,7,5,0.714286,0.523810,0.904762,checkpoints/llama3.2-1b-hard-panel,1.000000,1.000000
49:34,49,7,5,0.828571,0.714286,1.000000,checkpoints/llama3.2-1b-us-rep,1.000000,1.000000
49:35,49,7,5,0.466667,0.142857,0.904762,checkpoints/llama3.2-1b-us-rep,1.000000,1.000000
49:36,49,7,5,0.809524,0.619048,1.000000,checkpoints/llama3.2-1b-adversary-hard,0.800000,0.600000
49:37,49,7,5,0.695238,0.523810,1.000000,checkpoints/llama3.2-1b-us-rep,0.400000,0.000000
49:38,49,7,5,0.695238,0.523810,0.904762,checkpoints/llama3.2-1b-adversary-hard,0.800000,0.600000
49:39,49,7,5,0.542857,-0.047619,1.000000,checkpoints/llama3.2-1b-hard-panel,0.600000,0.400000
49:4,49,7,5,0.885714,0.809524,1.000000,checkpoints/llama3.2-1b-adversary-hard,1.000000,1.000000
49:5,49,7,5,0.600000,0.238095,0.904762,meta-llama/Llama-3.2-1B,0.800000,0.600000
49:6,49,7,5,0.657143,0.428571,0.809524,checkpoints/llama3.2-1b-adversary-soft,0.400000,0.000000
49:7,49,7,5,0.942857,0.904762,1.000000,checkpoints/llama3.2-1b-hard-panel,1.000000,1.000000
49:8,49,7,5,0.295238,-0.333333,0.714286,checkpoints/llama3.2-1b-us-rep,0.400000,0.200000
49:9,49,7,5,0.695238,0.428571,0.904762,checkpoints/llama3.2-1b-hard-panel,1.000000,1.000000
50:0,50,7,5,0.657143,0.333333,0.904762,checkpoints/llama3.2-1b-soft-panel,1.000000,1.000000
50:1,50,7,5,0.638095,0.238095,0.904762,checkpoints/llama3.2-1b-adversary-hard,0.400000,0.000000
50:10,50,7,5,0.542857,0.238095,0.904762,checkpoints/llama3.2-1b-full-prism,0.800000,0.600000
50:11,50,7,5,0.619048,0.333333,1.000000,checkpoints/llama3.2-1b-us-rep,0.800000,0.600000
50:12,50,7,5,0.790476,0.619048,0.904762,checkpoints/llama3.2-1b-soft-panel,1.000000,1.000000
50:13,50,7,5,0.657143,0.428571,0.904762,meta-llama/Llama-3.2-1B,0.600000,0.400000
50:14,50,7,5,0.352381,0.047619,0.904762,meta-llama/Llama-3.2-1B,0.600000,0.400000
50:15,50,7,5,0.276190,-0.523810,0.904762,checkpoints/llama3.2-1b-soft-panel,0.400000,0.200000
50:16,50,7,5,0.828571,0.619048,1.000000,checkpoints/llama3.2-1b-hard-panel,1.000000,1.000000
50:17,50,7,5,0.561905,0.238095,0.809524,checkpoints/llama3.2-1b-full-prism,0.600000,0.400000
50:18,50,7,5,0.447619,0.047619,0.904762,checkpoints/llama3.2-1b-adversary-hard,0.200000,0.000000
50:19,50,7,5,0.942857,0.904762,1.000000,checkpoints/llama3.2-1b-adversary-hard,1.000000,1.000000
50:2,50,7,5,0.428571,0.047619,0.904762,checkpoints/llama3.2-1b-adversary-hard,1.000000,1.000000
50:20,50,7,5,0.771429,0.619048,0.904762,meta-llama/Llama-3.2-1B,0.600000,0.400000
50:21,50,7,5,0.733333,0.523810,0.904762,meta-llama/Llama-3.2-1B,0.600000,0.200000
50:22,50,7,5,0.600000,0.047619,1.000000,checkpoints/llama3.2-1b-us-rep,0.800000,0.600000
50:23,50,7,5,0.371429,-0.047619,0.904762,checkpoints/llama3.2-1b-soft-panel,0.400000,0.000000
50:24,50,7,5,0.676190,0.428571,1.000000,checkpoints/llama3.2-1b-adversary-hard,1.000000,1.000000
50:25,50,7,5,0.885714,0.809524,1.000000,meta-llama/Llama-3.2-1B,1.000000,1.000000
50:26,50,7,5,0.580952,0.142857,0.904762,checkpoints/llama3.2-1b-us-rep,0.400000,0.200000
50:27,50,7,5,0.790476,0.619048,1.000000,checkpoints/llama3.2-1b-hard-panel,0.600000,0.200000
50:28,50,7,5,0.485714,0.047619,0.904762,checkpoints/llama3.2-1b-adversary-hard,0.400000,0.000000
50:29,50,7,5,0.923810,0.809524,1.000000,meta-llama/Llama-3.2-1B,1.000000,1.000000
50:3,50,7,5,0.504762,0.238095,0.904762,checkpoints/llama3.2-1b-us-rep,0.800000,0.600000
50:30,50,7,5,0.314286,-0.238095,0.904762,meta-llama/Llama-3.2-1B,0.400000,0.200000
50:31,50,7,5,0.504762,0.142857,0.714286,meta-llama/Llama-3.2-1B,1.000000,1.000000
50:32,50,7,5,0.466667,0.047619,0.714286,checkpoints/llama3.2-1b-hard-panel,0.800000,0.600000
50:33,50,7,5,0.619048,0.333333,1.000000,checkpoints/llama3.2-1b-full-prism,0.400000,0.000000
50:34,50,7,5,0.695238,0.428571,1.000000,checkpoints/llama3.2-1b-us-rep,0.800000,0.600000
50:35,50,7,5,0.828571,0.619048,1.000000,meta-llama/Llama-3.2-1B,0.800000,0.600000
50:36,50,7,5,0.714286,0.523810,0.904762,checkpoints/llama3.2-1b-soft-panel,0.600000,0.200000
50:37,50,7,5,0.561905,0.142857,0.809524,checkpoints/llama3.2-1b-us-rep,0.800000,0.600000
50:38,50,7,5,0.771429,0.619048,1.000000,checkpoints/llama3.2-1b-hard-panel,1.000000,1.000000
50:39,50,7,5,0.942857,0.904762,1.000000,meta-llama/Llama-3.2-1B,1.000000,1.000000
50:4,50,7,5,0.123810,-0.333333,0.619048,meta-llama/Llama-3.2-1B,0.400000,0.000000
50:5,50,7,5,0.447619,0.142857,0.809524,checkpoints/llama3.2-1b-adversary-hard,0.400000,0.000000
50:6,50,7,5,0.828571,0.619048,1.000000,checkpoints/llama3.2-1b-hard-panel,1.000000,1.000000
50:7,50,7,5,0.771429,0.523810,0.904762,checkpoints/llama3.2-1b-adversary-hard,1.000000,1.000000
50:8,50,7,5,0.733333,0.428571,0.904762,checkpoints/llama3.2-1b-full-prism,0.800000,0.600000
50:9,50,7,5,0.657143,0.523810,1.000000,checkpoints/llama3.2-1b-us-rep,1.000000,1.000000
51:0,51,7,5,0.771429,0.619048,0.904762,checkpoints/llama3.2-1b-adversary-soft,0.600000,0.200000
51:1,51,7,5,0.771429,0.714286,0.904762,meta-llama/Llama-3.2-1B,0.600000,0.200000
51:10,51,7,5,0.523810,0.047619,1.000000,checkpoints/llama3.2-1b-adversary-hard,1.000000,1.000000
51:11,51,7,5,0.733333,0.428571,0.904762,checkpoints/llama3.2-1b-full-prism,1.000000,1.000000
51:12,51,7,5,0.752381,0.523810,1.000000,checkpoints/llama3.2-1b-us-rep,1.000000,1.000000
51:13,51,7,5,0.866667,0.714286,1.000000,checkpoints/llama3.2-1b-hard-panel,1.000000,1.000000
51:14,51,7,5,0.790476,0.619048,0.904762,meta-llama/Llama-3.2-1B,1.000000,1.000000
51:15,51,7,5,0.904762,0.809524,1.000000,meta-llama/Llama-3.2-1B,1.000000,1.000000
51:16,51,7,5,0.904762,0.809524,1.000000,meta-llama/Llama-3.2-1B,1.000000,1.000000
51:17,51,7,5,0.219048,-0.333333,0.809524,meta-llama/Llama-3.2-1B,0.400000,0.200000
51:18,51,7,5,0.809524,0.619048,0.904762,meta-llama/Llama-3.2-1B,1.000000,1.000000
51:19,51,7,5,0.695238,0.523810,1.000000,checkpoints/llama3.2-1b-full-prism,0.600000,0.200000
51:2,51,7,5,0.809524,0.619048,1.000000,checkpoints/llama3.2-1b-full-prism,0.400000,0.000000
51:20,51,7,5,0.542857,0.142857,0.904762,checkpoints/llama3.2-1b-adversary-hard,0.800000,0.600000
51:21,51,7,5,0.257143,-0.333333,0.809524,meta-llama/Llama-3.2-1B,1.000000,1.000000
51:22,51,7,5,0.733333,0.428571,1.000000,checkpoints/llama3.2-1b-adversary-hard,0.800000,0.600000
51:23,51,7,5,0.409524,-0.047619,0.619048,meta-llama/Llama-3.2-1B,1.000000,1.000000
51:24,51,7,5,0.504762,0.142857,0.809524,meta-llama/Llama-3.2-1B,0.400000,0.200000
51:25,51,7,5,0.752381,0.523810,1.000000,meta-llama/Llama-3.2-1B,1.000000,1.000000
51:26,51,7,5,0.942857,0.904762,1.000000,checkpoints/llama3.2-1b-hard-panel,1.000000,1.000000
51:27,51,7,5,0.733333,0.523810,0.904762,checkpoints/llama3.2-1b-adversary-hard,1.000000,1.000000
51:28,51,7,5,0.561905,0.238095,0.809524,checkpoints/llama3.2-1b-soft-panel,1.000000,1.000000
51:29,51,7,5,0.542857,0.142857,0.809524,checkpoints/llama3.2-1b-hard-panel,1.000000,1.000000
51:3,51,7,5,0.790476,0.619048,0.904762,checkpoints/llama3.2-1b-adversary-hard,0.400000,0.000000
51:30,51,7,5,0.409524,0.142857,1.000000,checkpoints/llama3.2-1b-adversary-hard,1.000000,1.000000
51:31,51,7,5,0.885714,0.809524,1.000000,checkpoints/llama3.2-1b-hard-panel,0.800000,0.600000
51:32,51,7,5,0.904762,0.809524,1.000000,meta-llama/Llama-3.2-1B,0.800000,0.600000
51:33,51,7,5,0.123810,-0.523810,1.000000,meta-llama/Llama-3.2-1B,0.600000,0.200000
51:34,51,7,5,0.047619,-1.000000,0.904762,checkpoints/llama3.2-1b-adversary-soft,0.400000,0.200000
51:35,51,7,5,0.580952,0.142857,1.000000,checkpoints/llama3.2-1b-us-rep,0.600000,0.400000
51:36,51,7,5,0.542857,0.333333,0.904762,checkpoints/llama3.2-1b-us-rep,0.600000,0.200000
51:37,51,7,5,0.904762,0.809524,1.000000,checkpoints/llama3.2-1b-us-rep,1.000000,1.000000
51:38,51,7,5,0.638095,0.238095,1.000000,checkpoints/llama3.2-1b-us-rep,0.800000,0.600000
51:39,51,7,5,0.771429,0.523810,1.000000,checkpoints/llama3.2-1b-us-rep,1.000000,1.000000
51:4,51,7,5,0.885714,0.809524,1.000000,checkpoints/llama3.2-1b-us-rep,0.600000,0.200000
51:5,51,7,5,0.504762,0.333333,0.809524,meta-llama/Llama-3.2-1B,0.600000,0.400000
51:6,51,7,5,0.600000,0.238095,1.000000,checkpoints/llama3.2-1b-adversary-hard,1.000000,1.000000
51:7,51,7,5,0.676190,0.523810,0.904762,checkpoints/llama3.2-1b-adversary-soft,0.400000,0.000000
51:8,51,7,5,0.600000,0.238095,0.809524,meta-llama/Llama-3.2-1B,0.800000,0.600000
51:9,51,7,5,0.847619,0.714286,1.000000,meta-llama/Llama-3.2-1B,1.000000,1.000000
52:0,52,7,5,0.885714,0.809524,1.000000,checkpoints/llama3.2-1b-adversary-soft,1.000000,1.000000
52:1,52,7,5,0.885714,0.714286,1.000000,checkpoints/llama3.2-1b-hard-panel,1.000000,1.000000
52:10,52,7,5,0.695238,0.428571,0.904762,checkpoints/llama3.2-1b-full-prism,1.000000,1.000000
52:11,52,7,5,0.885714,0.809524,1.000000,checkpoints/llama3.2-1b-adversary-soft,0.600000,0.200000
52:12,52,7,5,0.866667,0.714286,1.000000,checkpoints/llama3.2-1b-soft-panel,1.000000,1.000000
52:13,52,7,5,0.561905,0.333333,0.904762,checkpoints/llama3.2-1b-us-rep,0.800000,0.600000
52:14,52,7,5,0.847619,0.714286,1.000000,checkpoints/llama3.2-1b-soft-panel,1.000000,1.000000
52:15,52,7,5,0.561905,0.238095,0.809524,checkpoints/llama3.2-1b-hard-panel,1.000000,1.000000
52:16,52,7,5,0.485714,0.047619,0.904762,checkpoints/llama3.2-1b-adversary-hard,1.000000,1.000000
52:17,52,7,5,0.790476,0.714286,1.000000,checkpoints/llama3.2-1b-us-rep,0.600000,0.200000
52:18,52,7,5,0.542857,-0.047619,1.000000,checkpoints/llama3.2-1b-adversary-hard,0.800000,0.600000
52:19,52,7,5,0.961905,0.904762,1.000000,checkpoints/llama3.2-1b-adversary-hard,1.000000,1.000000
52:2,52,7,5,0.771429,0.619048,0.904762,checkpoints/llama3.2-1b-us-rep,1.000000,1.000000
52:20,52,7,5,0.619048,0.238095,0.904762,checkpoints/llama3.2-1b-adversary-hard,1.000000,1.000000
52:21,52,7,5,0.790476,0.619048,0.904762,checkpoints/llama3.2-1b-adversary-hard,0.800000,0.600000
52:22,52,7,5,0.333333,-0.238095,0.809524,meta-llama/Llama-3.2-1B,0.400000,0.000000
52:23,52,7,5,0.428571,0.047619,0.809524,meta-llama/Llama-3.2-1B,0.600000,0.400000
52:24,52,7,5,0.714286,0.428571,1.000000,checkpoints/llama3.2-1b-adversary-hard,1.000000,1.000000
52:25,52,7,5,0.790476,0.714286,1.000000,checkpoints/llama3.2-1b-soft-panel,0.600000,0.200000
52:26,52,7,5,0.828571,0.619048,1.000000,checkpoints/llama3.2-1b-hard-panel,1.000000,1.000000
52:27,52,7,5,0.561905,0.142857,1.000000,checkpoints/llama3.2-1b-full-prism,0.800000,0.600000
52:28,52,7,5,0.580952,0.333333,0.714286,checkpoints/llama3.2-1b-full-prism,0.400000,0.000000
52:29,52,7,5,0.409524,-0.142857,1.000000,meta-llama/Llama-3.2-1B,0.600000,0.200000
52:3,52,7,5,0.790476,0.619048,1.000000,checkpoints/llama3.2-1b-hard-panel,1.000000,1.000000
52:30,52,7,5,-0.123810,-0.809524,0.809524,meta-llama/Llama-3.2-1B,0.600000,0.400000
52:31,52,7,5,0.542857,0.142857,0.809524,checkpoints/llama3.2-1b-full-prism,0.400000,0.000000
52:32,52,7,5,0.771429,0.523810,0.904762,checkpoints/llama3.2-1b-soft-panel,0.800000,0.600000
52:33,52,7,5,0.638095,0.333333,0.904762,checkpoints/llama3.2-1b-hard-panel,0.400000,0.000000
52:34,52,7,5,0.657143,0.428571,0.809524,checkpoints/llama3.2-1b-us-rep,1.000000,1.000000
52:35,52,7,5,0.638095,0.333333,0.904762,checkpoints/llama3.2-1b-hard-panel,1.000000,1.000000
52:36,52,7,5,0.961905,0.904762,1.000000,checkpoints/llama3.2-1b-soft-panel,1.000000,1.000000
52:37,52,7,5,0.619048,0.238095,0.904762,checkpoints/llama3.2-1b-hard-panel,0.800000,0.600000
52:38,52,7,5,0.733333,0.428571,0.904762,checkpoints/llama3.2-1b-hard-panel,1.000000,1.000000
52:39,52,7,5,0.695238,0.333333,1.000000,checkpoints/llama3.2-1b-adversary-hard,0.600000,0.200000
52:4,52,7,5,0.733333,0.523810,0.904762,checkpoints/llama3.2-1b-hard-panel,1.000000,1.000000
52:5,52,7,5,0.600000,0.428571,0.904762,checkpoints/llama3.2-1b-soft-panel,0.400000,0.000000
52:6,52,7,5,0.676190,0.523810,0.809524,checkpoints/llama3.2-1b-hard-panel,1.000000,1.000000
52:7,52,7,5,0.561905,0.142857,1.000000,checkpoints/llama3.2-1b-adversary-soft,0.400000,0.000000
52:8,52,7,5,0.390476,-0.142857,0.809524,checkpoints/llama3.2-1b-us-rep,0.400000,0.200000
52:9,52,7,5,0.123810,-0.428571,1.000000,checkpoints/llama3.2-1b-hard-panel,0.800000,0.600000
53:0,53,7,5,0.923810,0.809524,1.000000,checkpoints/llama3.2-1b-hard-panel,1.000000,1.000000
53:1,53,7,5,0.809524,0.714286,1.000000,checkpoints/llama3.2-1b-adversary-hard,0.800000,0.600000
53:10,53,7,5,0.561905,0.238095,0.904762,checkpoints/llama3.2-1b-hard-panel,1.000000,1.000000
53:11,53,7,5,0.638095,0.333333,1.000000,meta-llama/Llama-3.2-1B,1.000000,1.000000
53:12,53,7,5,0.752381,0.619048,0.809524,checkpoints/llama3.2-1b-soft-panel,0.400000,0.000000
53:13,53,7,5,0.714286,0.428571,1.000000,checkpoints/llama3.2-1b-soft-panel,1.000000,1.000000
53:14,53,7,5,0.828571,0.619048,1.000000,meta-llama/Llama-3.2-1B,1.000000,1.000000
53:15,53,7,5,0.828571,0.714286,1.000000,checkpoints/llama3.2-1b-us-rep,1.000000,1.000000
53:16,53,7,5,0.657143,0.428571,1.000000,meta-llama/Llama-3.2-1B,0.400000,0.000000
53:17,53,7,5,0.600000,0.238095,0.904762,checkpoints/llama3.2-1b-adversary-hard,0.800000,0.600000
53:18,53,7,5,0.752381,0.523810,1.000000,checkpoints/llama3.2-1b-hard-panel,1.000000,1.000000
53:19,53,7,5,0.847619,0.714286,1.000000,meta-llama/Llama-3.2-1B,1.000000,1.000000
53:2,53,7,5,0.809524,0.619048,1.000000,checkpoints/llama3.2-1b-us-rep,0.600000,0.200000
53:20,53,7,5,0.580952,0.333333,0.904762,checkpoints/llama3.2-1b-hard-panel,1.000000,1.000000
53:21,53,7,5,0.561905,0.238095,0.809524,meta-llama/Llama-3.2-1B,0.600000,0.400000
53:22,53,7,5,0.752381,0.523810,0.904762,checkpoints/llama3.2-1b-hard-panel,0.600000,0.400000
53:23,53,7,5,0.238095,-0.238095,0.904762,checkpoints/llama3.2-1b-adversary-hard,1.000000,1.000000
53:24,53,7,5,0.619048,0.428571,0.904762,checkpoints/llama3.2-1b-hard-panel,0.800000,0.600000
53:25,53,7,5,0.238095,-0.142857,0.904762,checkpoints/llama3.2-1b-adversary-hard,1.000000,1.000000
53:26,53,7,5,0.733333,0.428571,1.000000,checkpoints/llama3.2-1b-soft-panel,0.800000,0.600000
53:27,53,7,5,0.809524,0.619048,1.000000,checkpoints/llama3.2-1b-adversary-soft,0.800000,0.600000
53:28,53,7,5,0.676190,0.523810,1.000000,meta-llama/Llama-3.2-1B,1.000000,1.000000
53:29,53,7,5,0.733333,0.333333,1.000000,checkpoints/llama3.2-1b-adversary-hard,0.800000,0.600000
53:3,53,7,5,0.523810,0.047619,0.904762,checkpoints/llama3.2-1b-hard-panel,1.000000,1.000000
53:30,53,7,5,0.600000,0.333333,1.000000,checkpoints/llama3.2-1b-adversary-hard,0.800000,0.600000
53:31,53,7,5,0.809524,0.619048,0.904762,meta-llama/Llama-3.2-1B,1.000000,1.000000
53:32,53,7,5,0.885714,0.809524,1.000000,checkpoints/llama3.2-1b-hard-panel,1.000000,1.000000
53:33,53,7,5,0.523810,-0.047619,0.904762,meta-llama/Llama-3.2-1B,1.000000,1.000000
53:34,53,7,5,0.828571,0.619048,1.000000,checkpoints/llama3.2-1b-hard-panel,1.000000,1.000000
53:35,53,7,5,1.000000,1.000000,1.000000,checkpoints/llama3.2-1b-us-rep,1.000000,1.000000
53:36,53,7,5,0.752381,0.619048,0.904762,meta-llama/Llama-3.2-1B,1.000000,1.000000
53:37,53,7,5,0.942857,0.904762,1.000000,checkpoints/llama3.2-1b-full-prism,1.000000,1.000000
53:38,53,7,5,0.600000,0.333333,0.809524,checkpoints/llama3.2-1b-us-rep,0.800000,0.600000
53:39,53,7,5,0.485714,0.238095,1.000000,checkpoints/llama3.2-1b-adversary-soft,0.800000,0.600000
53:4,53,7,5,0.733333,0.523810,0.904762,checkpoints/llama3.2-1b-hard-panel,1.000000,1.000000
53:5,53,7,5,0.485714,0.238095,1.000000,checkpoints/llama3.2-1b-adversary-hard,0.400000,0.000000
53:6,53,7,5,0.771429,0.619048,1.000000,checkpoints/llama3.2-1b-us-rep,1.000000,1.000000
53:7,53,7,5,0.847619,0.619048,1.000000,checkpoints/llama3.2-1b-adversary-soft,1.000000,1.000000
53:8,53,7,5,0.771429,0.619048,1.000000,meta-llama/Llama-3.2-1B,1.000000,1.000000
53:9,53,7,5,0.847619,0.714286,1.000000,checkpoints/llama3.2-1b-full-prism,1.000000,1.000000
54:0,54,7,5,0.352381,-0.333333,1.000000,checkpoints/llama3.2-1b-us-rep,1.000000,1.000000
54:1,54,7,5,0.733333,0.428571,1.000000,meta-llama/Llama-3.2-1B,1.000000,1.000000
54:10,54,7,5,0.466667,0.047619,0.809524,meta-llama/Llama-3.2-1B,1.000000,1.000000
54:11,54,7,5,0.771429,0.619048,1.000000,checkpoints/llama3.2-1b-us-rep,0.600000,0.200000
54:12,54,7,5,0.657143,0.333333,1.000000,checkpoints/llama3.2-1b-adversary-hard,0.600000,0.200000
54:13,54,7,5,0.676190,0.428571,1.000000,checkpoints/llama3.2-1b-full-prism,0.800000,0.600000
54:14,54,7,5,0.238095,-0.333333,0.904762,checkpoints/llama3.2-1b-adversary-hard,0.400000,0.200000
54:15,54,7,5,0.466667,0.142857,0.809524,checkpoints/llama3.2-1b-full-prism,0.600000,0.200000
54:16,54,7,5,0.695238,0.523810,0.904762,meta-llama/Llama-3.2-1B,0.800000,0.600000
54:17,54,7,5,0.600000,0.142857,0.904762,meta-llama/Llama-3.2-1B,0.600000,0.200000
54:18,54,7,5,0.219048,-0.523810,0.809524,checkpoints/llama3.2-1b-hard-panel,0.600000,0.400000
54:19,54,7,5,-0.123810,-0.619048,0.333333,checkpoints/llama3.2-1b-hard-panel,0.600000,0.400000
54:2,54,7,5,0.619048,0.333333,1.000000,checkpoints/llama3.2-1b-hard-panel,1.000000,1.000000
54:20,54,7,5,0.352381,0.047619,1.000000,checkpoints/llama3.2-1b-soft-panel,0.400000,0.000000
54:21,54,7,5,0.523810,0.142857,0.904762,checkpoints/llama3.2-1b-adversary-hard,1.000000,1.000000
54:22,54,7,5,0.580952,0.047619,0.904762,checkpoints/llama3.2-1b-us-rep,1.000000,1.000000
54:23,54,7,5,0.638095,0.333333,0.904762,meta-llama/Llama-3.2-1B,0.800000,0.600000
54:24,54,7,5,0.600000,0.238095,0.809524,checkpoints/llama3.2-1b-us-rep,0.600000,0.400000
54:25,54,7,5,0.619048,0.142857,1.000000,checkpoints/llama3.2-1b-adversary-hard,0.800000,0.600000
54:26,54,7,5,0.447619,0.142857,0.809524,meta-llama/Llama-3.2-1B,0.600000,0.200000
54:27,54,7,5,0.752381,0.523810,1.000000,checkpoints/llama3.2-1b-us-rep,1.000000,1.000000
54:28,54,7,5,0.580952,0.333333,0.904762,checkpoints/llama3.2-1b-full-prism,0.400000,0.000000
54:29,54,7,5,0.923810,0.809524,1.000000,checkpoints/llama3.2-1b-adversary-hard,1.000000,1.000000
54:3,54,7,5,0.428571,0.047619,0.714286,meta-llama/Llama-3.2-1B,0.600000,0.200000
54:30,54,7,5,0.695238,0.428571,0.904762,checkpoints/llama3.2-1b-full-prism,0.400000,0.000000
54:31,54,7,5,0.161905,-0.428571,1.000000,meta-llama/Llama-3.2-1B,0.600000,0.200000
54:32,54,7,5,0.600000,0.142857,0.904762,checkpoints/llama3.2-1b-adversary-hard,0.400000,0.000000
54:33,54,7,5,0.123810,-0.809524,0.809524,meta-llama/Llama-3.2-1B,0.400000,0.000000
54:34,54,7,5,0.619048,0.428571,0.809524,checkpoints/llama3.2-1b-us-rep,0.600000,0.200000
54:35,54,7,5,-0.028571,-0.714286,0.619048,checkpoints/llama3.2-1b-adversary-hard,0.600000,0.400000
54:36,54,7,5,0.866667,0.714286,1.000000,meta-llama/Llama-3.2-1B,1.000000,1.000000
54:37,54,7,5,0.238095,-0.333333,1.000000,checkpoints/llama3.2-1b-us-rep,1.000000,1.000000
54:38,54,7,5,0.504762,0.142857,0.904762,checkpoints/llama3.2-1b-hard-panel,1.000000,1.000000
54:39,54,7,5,0.257143,-0.428571,0.809524,checkpoints/llama3.2-1b-us-rep,0.600000,0.200000
54:4,54,7,5,0.809524,0.619048,0.904762,meta-llama/Llama-3.2-1B,1.000000,1.000000
54:5,54,7,5,0.466667,-0.047619,1.000000,checkpoints/llama3.2-1b-us-rep,1.000000,1.000000
54:6,54,7,5,0.047619,-0.714286,0.904762,checkpoints/llama3.2-1b-us-rep,0.400000,0.200000
54:7,54,7,5,0.504762,0.238095,1.000000,checkpoints/llama3.2-1b-adversary-hard,1.000000,1.000000
54:8,54,7,5,0.485714,0.142857,0.904762,checkpoints/llama3.2-1b-hard-panel,1.000000,1.000000
54:9,54,7,5,0.466667,-0.047619,0.904762,meta-llama/Llama-3.2-1B,0.800000,0.600000
55:0,55,7,5,0.866667,0.714286,1.000000,checkpoints/llama3.2-1b-soft-panel,0.600000,0.200000
55:1,55,7,5,0.752381,0.523810,1.000000,checkpoints/llama3.2-1b-us-rep,1.000000,1.000000
55:10,55,7,5,0.771429,0.523810,1.000000,checkpoints/llama3.2-1b-us-rep,1.000000,1.000000
55:11,55,7,5,0.866667,0.714286,1.000000,checkpoints/llama3.2-1b-us-rep,1.000000,1.000000
55:12,55,7,5,0.733333,0.619048,0.904762,checkpoints/llama3.2-1b-us-rep,1.000000,1.000000
55:13,55,7,5,0.695238,0.238095,1.000000,checkpoints/llama3.2-1b-hard-panel,1.000000,1.000000
55:14,55,7,5,0.695238,0.428571,0.904762,checkpoints/llama3.2-1b-adversary-hard,0.800000,0.600000
55:15,55,7,5,0.923810,0.809524,1.000000,checkpoints/llama3.2-1b-hard-panel,1.000000,1.000000
55:16,55,7,5,0.904762,0.809524,1.000000,checkpoints/llama3.2-1b-adversary-hard,1.000000,1.000000
55:17,55,7,5,0.733333,0.523810,1.000000,checkpoints/llama3.2-1b-adversary-hard,0.600000,0.200000
55:18,55,7,5,0.790476,0.619048,0.904762,checkpoints/llama3.2-1b-hard-panel,1.000000,1.000000
55:19,55,7,5,0.771429,0.619048,1.000000,checkpoints/llama3.2-1b-adversary-soft,0.600000,0.200000
55:2,55,7,5,0.885714,0.809524,1.000000,checkpoints/llama3.2-1b-us-rep,1.000000,1.000000
55:20,55,7,5,0.809524,0.619048,1.000000,checkpoints/llama3.2-1b-us-rep,0.600000,0.200000
55:21,55,7,5,0.790476,0.619048,0.904762,checkpoints/llama3.2-1b-adversary-hard,1.000000,1.000000
55:22,55,7,5,0.714286,0.523810,1.000000,checkpoints/llama3.2-1b-us-rep,1.000000,1.000000
55:23,55,7,5,0.904762,0.809524,1.000000,checkpoints/llama3.2-1b-hard-panel,1.000000,1.000000
55:24,55,7,5,0.961905,0.904762,1.000000,checkpoints/llama3.2-1b-adversary-hard,1.000000,1.000000
55:25,55,7,5,0.619048,0.428571,0.904762,checkpoints/llama3.2-1b-adversary-hard,0.600000,0.400000
55:26,55,7,5,0.695238,0.523810,1.000000,checkpoints/llama3.2-1b-adversary-hard,0.800000,0.600000
55:27,55,7,5,0.942857,0.904762,1.000000,checkpoints/llama3.2-1b-adversary-hard,1.000000,1.000000
55:28,55,7,5,0.714286,0.523810,0.904762,checkpoints/llama3.2-1b-adversary-hard,1.000000,1.000000
55:29,55,7,5,0.657143,0.428571,0.904762,checkpoints/llama3.2-1b-us-rep,0.400000,0.000000
55:3,55,7,5,0.714286,0.428571,1.000000,checkpoints/llama3.2-1b-hard-panel,1.000000,1.000000
55:30,55,7,5,0.885714,0.714286,1.000000,checkpoints/llama3.2-1b-adversary-soft,1.000000,1.000000
55:31,55,7,5,0.904762,0.809524,1.000000,checkpoints/llama3.2-1b-adversary-hard,0.800000,0.600000
55:32,55,7,5,0.942857,0.904762,1.000000,checkpoints/llama3.2-1b-adversary-hard,1.000000,1.000000
55:33,55,7,5,0.771429,0.619048,0.904762,checkpoints/llama3.2-1b-full-prism,0.600000,0.400000
55:34,55,7,5,0.714286,0.428571,0.904762,checkpoints/llama3.2-1b-hard-panel,0.600000,0.400000
55:35,55,7,5,0.676190,0.428571,0.904762,checkpoints/llama3.2-1b-hard-panel,1.000000,1.000000
55:36,55,7,5,0.923810,0.809524,1.000000,checkpoints/llama3.2-1b-hard-panel,1.000000,1.000000
55:37,55,7,5,0.809524,0.619048,1.000000,checkpoints/llama3.2-1b-hard-panel,1.000000,1.000000
55:38,55,7,5,0.847619,0.714286,1.000000,checkpoints/llama3.2-1b-adversary-hard,1.000000,1.000000
55:39,55,7,5,0.600000,0.238095,1.000000,checkpoints/llama3.2-1b-adversary-hard,1.000000,1.000000
55:4,55,7,5,0.714286,0.523810,1.000000,checkpoints/llama3.2-1b-us-rep,1.000000,1.000000
55:5,55,7,5,0.847619,0.619048,1.000000,checkpoints/llama3.2-1b-adversary-hard,1.000000,1.000000
55:6,55,7,5,0.714286,0.523810,1.000000,checkpoints/llama3.2-1b-adversary-hard,1.000000,1.000000
55:7,55,7,5,0.714286,0.428571,0.904762,meta-llama/Llama-3.2-1B,0.800000,0.600000
55:8,55,7,5,0.752381,0.619048,0.904762,checkpoints/llama3.2-1b-adversary-hard,0.400000,0.000000
55:9,55,7,5,0.847619,0.714286,1.000000,checkpoints/llama3.2-1b-full-prism,1.000000,1.000000
56:0,56,7,5,0.790476,0.619048,1.000000,meta-llama/Llama-3.2-1B,0.800000,0.600000
56:1,56,7,5,0.771429,0.619048,1.000000,checkpoints/llama3.2-1b-adversary-hard,0.800000,0.600000
56:10,56,7,5,0.828571,0.619048,1.000000,meta-llama/Llama-3.2-1B,1.000000,1.000000
56:11,56,7,5,0.771429,0.619048,1.000000,checkpoints/llama3.2-1b-us-rep,0.600000,0.400000
56:12,56,7,5,0.866667,0.809524,1.000000,checkpoints/llama3.2-1b-us-rep,1.000000,1.000000
56:13,56,7,5,0.809524,0.619048,1.000000,checkpoints/llama3.2-1b-adversary-hard,1.000000,1.000000
56:14,56,7,5,0.714286,0.428571,1.000000,checkpoints/llama3.2-1b-hard-panel,1.000000,1.000000
56:15,56,7,5,0.542857,0.047619,1.000000,checkpoints/llama3.2-1b-hard-panel,0.400000,0.000000
56:16,56,7,5,0.676190,0.333333,0.904762,checkpoints/llama3.2-1b-us-rep,0.600000,0.200000
56:17,56,7,5,0.828571,0.619048,1.000000,checkpoints/llama3.2-1b-adversary-hard,1.000000,1.000000
56:18,56,7,5,0.866667,0.714286,1.000000,meta-llama/Llama-3.2-1B,0.800000,0.600000
56:19,56,7,5,0.866667,0.714286,1.000000,checkpoints/llama3.2-1b-hard-panel,1.000000,1.000000
56:2,56,7,5,0.866667,0.714286,1.000000,checkpoints/llama3.2-1b-adversary-hard,0.600000,0.200000
56:20,56,7,5,0.847619,0.809524,1.000000,checkpoints/llama3.2-1b-us-rep,0.800000,0.600000
56:21,56,7,5,0.561905,0.333333,1.000000,checkpoints/llama3.2-1b-adversary-hard,0.600000,0.400000
56:22,56,7,5,0.485714,0.047619,0.809524,meta-llama/Llama-3.2-1B,1.000000,1.000000
56:23,56,7,5,0.676190,0.333333,1.000000,checkpoints/llama3.2-1b-adversary-hard,0.800000,0.600000
56:24,56,7,5,0.771429,0.523810,0.904762,checkpoints/llama3.2-1b-adversary-soft,1.000000,1.000000
56:25,56,7,5,0.847619,0.714286,1.000000,checkpoints/llama3.2-1b-soft-panel,1.000000,1.000000
56:26,56,7,5,0.580952,0.238095,0.904762,checkpoints/llama3.2-1b-adversary-hard,1.000000,1.000000
56:27,56,7,5,0.790476,0.619048,1.000000,checkpoints/llama3.2-1b-us-rep,0.800000,0.600000
56:28,56,7,5,0.504762,0.142857,0.714286,checkpoints/llama3.2-1b-adversary-hard,0.800000,0.600000
56:29,56,7,5,0.447619,0.142857,0.904762,checkpoints/llama3.2-1b-hard-panel,0.800000,0.600000
56:3,56,7,5,0.600000,0.142857,1.000000,checkpoints/llama3.2-1b-hard-panel,0.800000,0.600000
56:30,56,7,5,0.619048,0.333333,0.809524,checkpoints/llama3.2-1b-full-prism,0.600000,0.200000
56:31,56,7,5,0.580952,0.238095,0.904762,checkpoints/llama3.2-1b-full-prism,0.800000,0.600000
56:32,56,7,5,0.485714,-0.047619,0.904762,meta-llama/Llama-3.2-1B,0.400000,0.200000
56:33,56,7,5,0.733333,0.523810,0.904762,checkpoints/llama3.2-1b-us-rep,0.600000,0.200000
56:34,56,7,5,0.942857,0.904762,1.000000,checkpoints/llama3.2-1b-adversary-hard,1.000000,1.000000
56:35,56,7,5,0.752381,0.619048,1.000000,checkpoints/llama3.2-1b-adversary-soft,0.600000,0.400000
56:36,56,7,5,0.295238,-0.142857,0.809524,checkpoints/llama3.2-1b-hard-panel,0.800000,0.600000
56:37,56,7,5,0.714286,0.333333,1.000000,checkpoints/llama3.2-1b-us-rep,1.000000,1.000000
56:38,56,7,5,0.790476,0.619048,0.904762,checkpoints/llama3.2-1b-hard-panel,0.600000,0.400000
56:39,56,7,5,0.752381,0.523810,0.904762,checkpoints/llama3.2-1b-adversary-hard,1.000000,1.000000
56:4,56,7,5,0.695238,0.523810,1.000000,checkpoints/llama3.2-1b-full-prism,1.000000,1.000000
56:5,56,7,5,0.523810,0.142857,0.904762,checkpoints/llama3.2-1b-adversary-soft,1.000000,1.000000
56:6,56,7,5,0.809524,0.619048,0.904762,checkpoints/llama3.2-1b-adversary-hard,1.000000,1.000000
56:7,56,7,5,0.847619,0.619048,1.000000,checkpoints/llama3.2-1b-hard-panel,1.000000,1.000000
56:8,56,7,5,0.790476,0.619048,1.000000,meta-llama/Llama-3.2-1B,1.000000,1.000000
56:9,56,7,5,0.733333,0.523810,0.904762,checkpoints/llama3.2-1b-adversary-hard,1.000000,1.000000
57:0,57,7,5,0.885714,0.714286,1.000000,checkpoints/llama3.2-1b-hard-panel,1.000000,1.000000
57:1,57,7,5,0.504762,-0.142857,0.904762,checkpoints/llama3.2-1b-full-prism,0.400000,0.000000
57:10,57,7,5,0.961905,0.904762,1.000000,meta-llama/Llama-3.2-1B,1.000000,1.000000
57:11,57,7,5,0.542857,0.238095,1.000000,meta-llama/Llama-3.2-1B,1.000000,1.000000
57:12,57,7,5,0.466667,-0.142857,0.904762,meta-llama/Llama-3.2-1B,0.800000,0.600000
57:13,57,7,5,0.561905,0.142857,1.000000,meta-llama/Llama-3.2-1B,1.000000,1.000000
57:14,57,7,5,0.314286,-0.142857,0.904762,meta-llama/Llama-3.2-1B,1.000000,1.000000
57:15,57,7,5,0.447619,-0.047619,0.904762,checkpoints/llama3.2-1b-soft-panel,1.000000,1.000000
57:16,57,7,5,0.809524,0.619048,1.000000,checkpoints/llama3.2-1b-us-rep,1.000000,1.000000
57:17,57,7,5,0.676190,0.428571,0.904762,checkpoints/llama3.2-1b-full-prism,0.400000,0.200000
57:18,57,7,5,0.809524,0.619048,1.000000,meta-llama/Llama-3.2-1B,0.600000,0.400000
57:19,57,7,5,0.600000,0.333333,1.000000,checkpoints/llama3.2-1b-adversary-soft,0.600000,0.400000
57:2,57,7,5,0.828571,0.714286,0.904762,checkpoints/llama3.2-1b-adversary-hard,1.000000,1.000000
57:20,57,7,5,0.771429,0.619048,1.000000,checkpoints/llama3.2-1b-adversary-hard,1.000000,1.000000
57:21,57,7,5,0.523810,0.047619,1.000000,checkpoints/llama3.2-1b-adversary-hard,1.000000,1.000000
57:22,57,7,5,0.561905,0.238095,0.904762,checkpoints/llama3.2-1b-hard-panel,0.600000,0.400000
57:23,57,7,5,0.733333,0.523810,1.000000,checkpoints/llama3.2-1b-us-rep,0.800000,0.600000
57:24,57,7,5,0.638095,0.142857,1.000000,checkpoints/llama3.2-1b-adversary-hard,1.000000,1.000000
57:25,57,7,5,0.714286,0.523810,0.904762,checkpoints/llama3.2-1b-adversary-hard,0.600000,0.200000
57:26,57,7,5,0.904762,0.809524,1.000000,checkpoints/llama3.2-1b-hard-panel,1.000000,1.000000
57:27,57,7,5,0.828571,0.714286,1.000000,meta-llama/Llama-3.2-1B,1.000000,1.000000
57:28,57,7,5,0.828571,0.619048,1.000000,checkpoints/llama3.2-1b-full-prism,1.000000,1.000000
57:29,57,7,5,0.809524,0.714286,1.000000,checkpoints/llama3.2-1b-adversary-soft,1.000000,1.000000
57:3,57,7,5,0.847619,0.619048,1.000000,checkpoints/llama3.2-1b-soft-panel,1.000000,1.000000
57:30,57,7,5,0.809524,0.619048,1.000000,checkpoints/llama3.2-1b-hard-panel,1.000000,1.000000
57:31,57,7,5,0.904762,0.809524,1.000000,checkpoints/llama3.2-1b-hard-panel,1.000000,1.000000
57:32,57,7,5,0.333333,0.047619,0.714286,meta-llama/Llama-3.2-1B,1.000000,1.000000
57:33,57,7,5,0.352381,-0.523810,1.000000,checkpoints/llama3.2-1b-hard-panel,0.600000,0.400000
57:34,57,7,5,0.695238,0.428571,0.904762,checkpoints/llama3.2-1b-adversary-hard,1.000000,1.000000
57:35,57,7,5,0.809524,0.619048,1.000000,meta-llama/Llama-3.2-1B,1.000000,1.000000
57:36,57,7,5,0.466667,0.142857,0.809524,checkpoints/llama3.2-1b-adversary-hard,0.600000,0.200000
57:37,57,7,5,0.866667,0.714286,1.000000,checkpoints/llama3.2-1b-soft-panel,1.000000,1.000000
57:38,57,7,5,0.809524,0.619048,0.904762,checkpoints/llama3.2-1b-us-rep,1.000000,1.000000
57:39,57,7,5,0.561905,0.238095,0.809524,checkpoints/llama3.2-1b-soft-panel,0.400000,0.000000
57:4,57,7,5,0.657143,0.333333,0.904762,checkpoints/llama3.2-1b-hard-panel,0.600000,0.200000
57:5,57,7,5,0.866667,0.809524,1.000000,meta-llama/Llama-3.2-1B,1.000000,1.000000
57:6,57,7,5,0.752381,0.523810,1.000000,meta-llama/Llama-3.2-1B,1.000000,1.000000
57:7,57,7,5,0.828571,0.714286,1.000000,checkpoints/llama3.2-1b-adversary-soft,0.800000,0.600000
57:8,57,7,5,0.714286,0.428571,0.904762,meta-llama/Llama-3.2-1B,1.000000,1.000000
57:9,57,7,5,0.371429,-0.047619,0.904762,meta-llama/Llama-3.2-1B,1.000000,1.000000
58:0,58,7,5,0.771429,0.619048,1.000000,meta-llama/Llama-3.2-1B,1.000000,1.000000
58:1,58,7,5,0.809524,0.714286,1.000000,checkpoints/llama3.2-1b-us-rep,0.400000,0.000000
58:10,58,7,5,0.733333,0.523810,0.904762,checkpoints/llama3.2-1b-adversary-hard,1.000000,1.000000
58:11,58,7,5,0.638095,0.428571,0.904762,meta-llama/Llama-3.2-1B,1.000000,1.000000
58:12,58,7,5,0.790476,0.619048,1.000000,checkpoints/llama3.2-1b-full-prism,0.800000,0.600000
58:13,58,7,5,0.638095,0.142857,1.000000,checkpoints/llama3.2-1b-soft-panel,1.000000,1.000000
58:14,58,7,5,0.866667,0.809524,1.000000,checkpoints/llama3.2-1b-hard-panel,1.000000,1.000000
58:15,58,7,5,0.790476,0.619048,1.000000,checkpoints/llama3.2-1b-hard-panel,0.400000,0.000000
58:16,58,7,5,0.866667,0.714286,1.000000,checkpoints/llama3.2-1b-soft-panel,0.600000,0.200000
58:17,58,7,5,0.828571,0.619048,1.000000,checkpoints/llama3.2-1b-hard-panel,1.000000,1.000000
58:18,58,7,5,0.923810,0.809524,1.000000,checkpoints/llama3.2-1b-us-rep,1.000000,1.000000
58:19,58,7,5,0.619048,0.333333,0.904762,checkpoints/llama3.2-1b-us-rep,0.800000,0.600000
58:2,58,7,5,0.504762,0.047619,1.000000,meta-llama/Llama-3.2-1B,1.000000,1.000000
58:20,58,7,5,0.390476,-0.047619,0.904762,checkpoints/llama3.2-1b-adversary-hard,1.000000,1.000000
58:21,58,7,5,0.466667,-0.142857,0.904762,meta-llama/Llama-3.2-1B,0.800000,0.600000
58:22,58,7,5,0.752381,0.523810,0.904762,checkpoints/llama3.2-1b-hard-panel,0.600000,0.200000
58:23,58,7,5,0.447619,0.142857,0.809524,checkpoints/llama3.2-1b-hard-panel,1.000000,1.000000
58:24,58,7,5,0.809524,0.714286,1.000000,checkpoints/llama3.2-1b-hard-panel,1.000000,1.000000
58:25,58,7,5,0.904762,0.809524,1.000000,checkpoints/llama3.2-1b-soft-panel,1.000000,1.000000
58:26,58,7,5,0.714286,0.619048,0.904762,checkpoints/llama3.2-1b-adversary-hard,0.600000,0.200000
58:27,58,7,5,0.828571,0.714286,1.000000,checkpoints/llama3.2-1b-us-rep,0.800000,0.600000
58:28,58,7,5,0.714286,0.428571,1.000000,checkpoints/llama3.2-1b-full-prism,0.600000,0.400000
58:29,58,7,5,0.695238,0.333333,1.000000,checkpoints/llama3.2-1b-adversary-soft,1.000000,1.000000
58:3,58,7,5,0.923810,0.809524,1.000000,checkpoints/llama3.2-1b-adversary-hard,1.000000,1.000000
58:30,58,7,5,0.580952,0.333333,0.809524,meta-llama/Llama-3.2-1B,0.800000,0.600000
58:31,58,7,5,0.390476,0.142857,0.809524,meta-llama/Llama-3.2-1B,0.800000,0.600000
58:32,58,7,5,0.561905,0.238095,1.000000,checkpoints/llama3.2-1b-adversary-hard,1.000000,1.000000
58:33,58,7,5,0.790476,0.619048,1.000000,checkpoints/llama3.2-1b-hard-panel,1.000000,1.000000
58:34,58,7,5,0.638095,0.428571,1.000000,meta-llama/Llama-3.2-1B,1.000000,1.000000
58:35,58,7,5,0.828571,0.714286,0.904762,checkpoints/llama3.2-1b-adversary-hard,1.000000,1.000000
58:36,58,7,5,0.847619,0.714286,1.000000,checkpoints/llama3.2-1b-full-prism,0.600000,0.200000
58:37,58,7,5,0.657143,0.428571,0.904762,checkpoints/llama3.2-1b-us-rep,1.000000,1.000000
58:38,58,7,5,0.676190,0.333333,0.904762,checkpoints/llama3.2-1b-hard-panel,1.000000,1.000000
58:39,58,7,5,0.866667,0.809524,1.000000,checkpoints/llama3.2-1b-adversary-hard,1.000000,1.000000
58:4,58,7,5,0.714286,0.428571,0.904762,checkpoints/llama3.2-1b-hard-panel,1.000000,1.000000
58:5,58,7,5,0.542857,0.142857,1.000000,checkpoints/llama3.2-1b-hard-panel,1.000000,1.000000
58:6,58,7,5,0.904762,0.809524,1.000000,checkpoints/llama3.2-1b-adversary-soft,0.800000,0.600000
58:7,58,7,5,0.295238,-0.047619,0.904762,meta-llama/Llama-3.2-1B,1.000000,1.000000
58:8,58,7,5,0.752381,0.523810,0.904762,checkpoints/llama3.2-1b-soft-panel,0.600000,0.200000
58:9,58,7,5,0.828571,0.714286,1.000000,checkpoints/llama3.2-1b-hard-panel,0.600000,0.200000
59:0,59,7,5,0.771429,0.523810,0.904762,checkpoints/llama3.2-1b-soft-panel,0.600000,0.200000
59:1,59,7,5,0.104762,-0.619048,0.809524,checkpoints/llama3.2-1b-hard-panel,0.400000,0.200000
59:10,59,7,5,0.790476,0.523810,1.000000,checkpoints/llama3.2-1b-soft-panel,0.800000,0.600000
59:11,59,7,5,0.485714,0.142857,0.809524,meta-llama/Llama-3.2-1B,0.600000,0.400000
59:12,59,7,5,0.257143,-0.047619,0.619048,checkpoints/llama3.2-1b-hard-panel,0.600000,0.400000
59:13,59,7,5,0.485714,0.047619,1.000000,checkpoints/llama3.2-1b-hard-panel,1.000000,1.000000
59:14,59,7,5,0.828571,0.714286,1.000000,meta-llama/Llama-3.2-1B,1.000000,1.000000
59:15,59,7,5,0.790476,0.714286,0.904762,checkpoints/llama3.2-1b-hard-panel,1.000000,1.000000
59:16,59,7,5,0.523810,-0.047619,1.000000,checkpoints/llama3.2-1b-us-rep,0.800000,0.600000
59:17,59,7,5,0.790476,0.714286,1.000000,meta-llama/Llama-3.2-1B,1.000000,1.000000
59:18,59,7,5,0.771429,0.619048,0.904762,meta-llama/Llama-3.2-1B,1.000000,1.000000
59:19,59,7,5,0.828571,0.619048,1.000000,meta-llama/Llama-3.2-1B,1.000000,1.000000
59:2,59,7,5,0.180952,-0.523810,0.904762,meta-llama/Llama-3.2-1B,0.800000,0.600000
59:20,59,7,5,0.447619,0.047619,0.904762,checkpoints/llama3.2-1b-adversary-soft,0.400000,0.000000
59:21,59,7,5,0.809524,0.619048,1.000000,meta-llama/Llama-3.2-1B,0.600000,0.400000
59:22,59,7,5,0.771429,0.619048,0.904762,checkpoints/llama3.2-1b-adversary-soft,1.000000,1.000000
59:23,59,7,5,0.733333,0.523810,0.904762,checkpoints/llama3.2-1b-hard-panel,1.000000,1.000000
59:24,59,7,5,0.695238,0.238095,1.000000,checkpoints/llama3.2-1b-adversary-soft,0.600000,0.400000
59:25,59,7,5,0.771429,0.619048,0.904762,checkpoints/llama3.2-1b-adversary-hard,1.000000,1.000000
59:26,59,7,5,0.428571,0.047619,0.714286,checkpoints/llama3.2-1b-soft-panel,0.400000,0.200000
59:27,59,7,5,0.447619,0.142857,0.714286,meta-llama/Llama-3.2-1B,0.600000,0.400000
59:28,59,7,5,0.733333,0.333333,1.000000,checkpoints/llama3.2-1b-us-rep,0.800000,0.600000
59:29,59,7,5,0.200000,-0.142857,0.523810,meta-llama/Llama-3.2-1B,0.400000,0.200000
59:3,59,7,5,0.866667,0.714286,1.000000,meta-llama/Llama-3.2-1B,1.000000,1.000000
59:30,59,7,5,0.657143,0.333333,0.904762,meta-llama/Llama-3.2-1B,0.800000,0.600000
59:31,59,7,5,0.657143,0.238095,1.000000,meta-llama/Llama-3.2-1B,0.800000,0.600000
59:32,59,7,5,0.542857,0.238095,0.904762,meta-llama/Llama-3.2-1B,0.800000,0.600000
59:33,59,7,5,0.428571,-0.333333,1.000000,checkpoints/llama3.2-1b-us-rep,1.000000,1.000000
59:34,59,7,5,0.828571,0.714286,1.000000,meta-llama/Llama-3.2-1B,1.000000,1.000000
59:35,59,7,5,0.714286,0.523810,1.000000,checkpoints/llama3.2-1b-hard-panel,1.000000,1.000000
59:36,59,7,5,0.676190,0.428571,0.904762,meta-llama/Llama-3.2-1B,1.000000,1.000000
59:37,59,7,5,0.409524,-0.428571,1.000000,checkpoints/llama3.2-1b-hard-panel,1.000000,1.000000
59:38,59,7,5,0.790476,0.619048,0.904762,checkpoints/llama3.2-1b-soft-panel,0.600000,0.200000
59:39,59,7,5,0.809524,0.619048,1.000000,meta-llama/Llama-3.2-1B,1.000000,1.000000
59:4,59,7,5,0.561905,0.142857,0.809524,checkpoints/llama3.2-1b-us-rep,0.800000,0.600000
59:5,59,7,5,0.847619,0.714286,1.000000,checkpoints/llama3.2-1b-us-rep,1.000000,1.000000
59:6,59,7,5,0.942857,0.904762,1.000000,meta-llama/Llama-3.2-1B,1.000000,1.000000
59:7,59,7,5,0.904762,0.809524,1.000000,checkpoints/llama3.2-1b-us-rep,0.600000,0.200000
59:8,59,7,5,0.771429,0.619048,1.000000,meta-llama/Llama-3.2-1B,1.000000,1.000000
59:9,59,7,5,0.676190,0.428571,0.904762,checkpoints/llama3.2-1b-soft-panel,0.600000,0.400000
60:0,60,7,5,0.828571,0.619048,1.000000,checkpoints/llama3.2-1b-us-rep,1.000000,1.000000
60:1,60,7,5,0.847619,0.714286,0.904762,checkpoints/llama3.2-1b-adversary-soft,0.600000,0.200000
60:10,60,7,5,0.638095,0.333333,0.904762,checkpoints/llama3.2-1b-hard-panel,0.800000,0.600000
60:11,60,7,5,0.790476,0.714286,1.000000,checkpoints/llama3.2-1b-hard-panel,1.000000,1.000000
60:12,60,7,5,0.771429,0.523810,1.000000,meta-llama/Llama-3.2-1B,1.000000,1.000000
60:13,60,7,5,0.847619,0.714286,1.000000,meta-llama/Llama-3.2-1B,1.000000,1.000000
60:14,60,7,5,0.523810,0.047619,0.904762,checkpoints/llama3.2-1b-adversary-hard,1.000000,1.000000
60:15,60,7,5,0.885714,0.809524,1.000000,checkpoints/llama3.2-1b-us-rep,1.000000,1.000000
60:16,60,7,5,0.695238,0.428571,0.904762,checkpoints/llama3.2-1b-full-prism,0.400000,0.000000
60:17,60,7,5,0.828571,0.619048,1.000000,meta-llama/Llama-3.2-1B,1.000000,1.000000
60:18,60,7,5,0.828571,0.714286,1.000000,checkpoints/llama3.2-1b-adversary-hard,0.800000,0.600000
60:19,60,7,5,0.638095,0.428571,0.904762,checkpoints/llama3.2-1b-adversary-soft,0.800000,0.600000
60:2,60,7,5,0.523810,0.142857,1.000000,meta-llama/Llama-3.2-1B,1.000000,1.000000
60:20,60,7,5,0.714286,0.523810,0.904762,checkpoints/llama3.2-1b-hard-panel,1.000000,1.000000
60:21,60,7,5,0.695238,0.428571,0.904762,checkpoints/llama3.2-1b-us-rep,0.600000,0.200000
60:22,60,7,5,0.771429,0.523810,1.000000,meta-llama/Llama-3.2-1B,0.800000,0.600000
60:23,60,7,5,0.847619,0.714286,1.000000,checkpoints/llama3.2-1b-hard-panel,1.000000,1.000000
60:24,60,7,5,0.085714,-0.523810,0.619048,checkpoints/llama3.2-1b-hard-panel,0.400000,0.200000
60:25,60,7,5,0.771429,0.619048,1.000000,meta-llama/Llama-3.2-1B,1.000000,1.000000
60:26,60,7,5,0.561905,0.238095,1.000000,checkpoints/llama3.2-1b-soft-panel,0.800000,0.600000
60:27,60,7,5,0.733333,0.523810,1.000000,checkpoints/llama3.2-1b-hard-panel,0.600000,0.200000
60:28,60,7,5,0.790476,0.619048,1.000000,checkpoints/llama3.2-1b-adversary-soft,1.000000,1.000000
60:29,60,7,5,0.771429,0.523810,1.000000,meta-llama/Llama-3.2-1B,1.000000,1.000000
60:3,60,7,5,0.657143,0.333333,0.904762,checkpoints/llama3.2-1b-adversary-hard,1.000000,1.000000
60:30,60,7,5,0.619048,0.523810,0.809524,checkpoints/llama3.2-1b-full-prism,0.400000,0.200000
60:31,60,7,5,0.676190,0.428571,0.809524,meta-llama/Llama-3.2-1B,0.400000,0.000000
60:32,60,7,5,0.790476,0.523810,1.000000,checkpoints/llama3.2-1b-us-rep,0.600000,0.200000
60:33,60,7,5,0.904762,0.809524,1.000000,meta-llama/Llama-3.2-1B,1.000000,1.000000
60:34,60,7,5,0.485714,0.047619,0.904762,meta-llama/Llama-3.2-1B,1.000000,1.000000
60:35,60,7,5,0.657143,0.428571,0.809524,meta-llama/Llama-3.2-1B,1.000000,1.000000
60:36,60,7,5,0.866667,0.714286,1.000000,checkpoints/llama3.2-1b-us-rep,0.800000,0.600000
60:37,60,7,5,0.790476,0.523810,1.000000,checkpoints/llama3.2-1b-us-rep,0.800000,0.600000
60:38,60,7,5,0.923810,0.809524,1.000000,meta-llama/Llama-3.2-1B,1.000000,1.000000
60:39,60,7,5,0.828571,0.714286,1.000000,checkpoints/llama3.2-1b-us-rep,0.600000,0.200000
60:4,60,7,5,0.638095,0.333333,0.904762,checkpoints/llama3.2-1b-soft-panel,0.400000,0.200000
60:5,60,7,5,0.790476,0.714286,1.000000,meta-llama/Llama-3.2-1B,0.800000,0.600000
60:6,60,7,5,0.961905,0.904762,1.000000,checkpoints/llama3.2-1b-us-rep,1.000000,1.000000
60:7,60,7,5,0.828571,0.619048,1.000000,meta-llama/Llama-3.2-1B,1.000000,1.000000
60:8,60,7,5,0.485714,0.047619,0.904762,meta-llama/Llama-3.2-1B,1.000000,1.000000
60:9,60,7,5,0.714286,0.428571,1.000000,checkpoints/llama3.2-1b-soft-panel,0.400000,0.000000
61:0,61,7,5,0.733333,0.523810,0.904762,checkpoints/llama3.2-1b-hard-panel,1.000000,1.000000
61:1,61,7,5,0.771429,0.523810,1.000000,checkpoints/llama3.2-1b-adversary-soft,1.000000,1.000000
61:10,61,7,5,0.866667,0.714286,1.000000,checkpoints/llama3.2-1b-hard-panel,1.000000,1.000000
61:11,61,7,5,0.771429,0.523810,1.000000,checkpoints/llama3.2-1b-adversary-hard,0.600000,0.200000
61:12,61,7,5,0.542857,0.238095,0.809524,checkpoints/llama3.2-1b-hard-panel,0.600000,0.200000
61:13,61,7,5,0.828571,0.619048,1.000000,checkpoints/llama3.2-1b-hard-panel,1.000000,1.000000
61:14,61,7,5,0.676190,0.333333,1.000000,meta-llama/Llama-3.2-1B,1.000000,1.000000
61:15,61,7,5,0.923810,0.809524,1.000000,checkpoints/llama3.2-1b-us-rep,1.000000,1.000000
61:16,61,7,5,0.695238,0.523810,1.000000,checkpoints/llama3.2-1b-hard-panel,0.600000,0.200000
61:17,61,7,5,0.695238,0.428571,1.000000,checkpoints/llama3.2-1b-adversary-hard,1.000000,1.000000
61:18,61,7,5,0.714286,0.523810,0.904762,checkpoints/llama3.2-1b-adversary-soft,0.600000,0.200000
61:19,61,7,5,0.561905,0.238095,0.809524,checkpoints/llama3.2-1b-hard-panel,1.000000,1.000000
61:2,61,7,5,0.771429,0.523810,0.904762,checkpoints/llama3.2-1b-adversary-hard,0.600000,0.200000
61:20,61,7,5,0.847619,0.809524,1.000000,checkpoints/llama3.2-1b-adversary-hard,1.000000,1.000000
61:21,61,7,5,0.466667,0.142857,1.000000,checkpoints/llama3.2-1b-hard-panel,1.000000,1.000000
61:22,61,7,5,0.504762,0.142857,0.714286,checkpoints/llama3.2-1b-full-prism,0.400000,0.000000
61:23,61,7,5,0.447619,0.047619,1.000000,checkpoints/llama3.2-1b-adversary-soft,1.000000,1.000000
61:24,61,7,5,0.752381,0.523810,0.904762,checkpoints/llama3.2-1b-soft-panel,1.000000,1.000000
61:25,61,7,5,0.885714,0.714286,1.000000,checkpoints/llama3.2-1b-us-rep,0.800000,0.600000
61:26,61,7,5,0.390476,-0.047619,0.714286,checkpoints/llama3.2-1b-hard-panel,1.000000,1.000000
61:27,61,7,5,0.657143,0.333333,0.904762,checkpoints/llama3.2-1b-adversary-soft,1.000000,1.000000
61:28,61,7,5,0.600000,0.333333,0.904762,checkpoints/llama3.2-1b-hard-panel,0.600000,0.400000
61:29,61,7,5,0.790476,0.619048,1.000000,checkpoints/llama3.2-1b-full-prism,0.600000,0.200000
61:3,61,7,5,0.885714,0.714286,1.000000,checkpoints/llama3.2-1b-hard-panel,0.800000,0.600000
61:30,61,7,5,0.371429,-0.238095,1.000000,checkpoints/llama3.2-1b-full-prism,0.400000,0.000000
61:31,61,7,5,0.580952,0.142857,1.000000,meta-llama/Llama-3.2-1B,1.000000,1.000000
61:32,61,7,5,0.638095,0.333333,1.000000,checkpoints/llama3.2-1b-hard-panel,0.600000,0.200000
61:33,61,7,5,0.828571,0.619048,1.000000,checkpoints/llama3.2-1b-hard-panel,1.000000,1.000000
61:34,61,7,5,0.504762,0.238095,0.809524,checkpoints/llama3.2-1b-hard-panel,0.600000,0.200000
61:35,61,7,5,0.619048,0.333333,1.000000,checkpoints/llama3.2-1b-hard-panel,1.000000,1.000000
61:36,61,7,5,0.580952,0.238095,0.809524,meta-llama/Llama-3.2-1B,0.600000,0.200000
61:37,61,7,5,0.809524,0.619048,0.904762,checkpoints/llama3.2-1b-hard-panel,1.000000,1.000000
61:38,61,7,5,0.333333,-0.238095,0.714286,checkpoints/llama3.2-1b-adversary-hard,1.000000,1.000000
61:39,61,7,5,0.752381,0.523810,1.000000,checkpoints/llama3.2-1b-us-rep,0.600000,0.200000
61:4,61,7,5,0.466667,0.142857,1.000000,checkpoints/llama3.2-1b-adversary-hard,0.600000,0.200000
61:5,61,7,5,0.676190,0.333333,0.904762,checkpoints/llama3.2-1b-us-rep,1.000000,1.000000
61:6,61,7,5,0.352381,-0.238095,0.714286,checkpoints/llama3.2-1b-adversary-hard,1.000000,1.000000
61:7,61,7,5,0.580952,0.142857,0.904762,checkpoints/llama3.2-1b-adversary-hard,1.000000,1.000000
61:8,61,7,5,0.790476,0.619048,0.904762,checkpoints/llama3.2-1b-hard-panel,0.800000,0.600000
61:9,61,7,5,0.504762,0.047619,0.904762,checkpoints/llama3.2-1b-adversary-hard,1.000000,1.000000
62:0,62,7,5,0.561905,0.238095,0.904762,meta-llama/Llama-3.2-1B,1.000000,1.000000
62:1,62,7,5,0.580952,0.142857,1.000000,meta-llama/Llama-3.2-1B,0.800000,0.600000
62:10,62,7,5,0.695238,0.333333,0.904762,checkpoints/llama3.2-1b-adversary-soft,0.600000,0.200000
62:11,62,7,5,0.714286,0.428571,0.904762,checkpoints/llama3.2-1b-hard-panel,0.800000,0.600000
62:12,62,7,5,0.733333,0.523810,0.904762,checkpoints/llama3.2-1b-adversary-hard,1.000000,1.000000
62:13,62,7,5,0.714286,0.428571,0.904762,checkpoints/llama3.2-1b-adversary-hard,1.000000,1.000000
62:14,62,7,5,0.542857,0.047619,0.809524,checkpoints/llama3.2-1b-hard-panel,1.000000,1.000000
62:15,62,7,5,0.447619,0.142857,0.714286,checkpoints/llama3.2-1b-adversary-hard,1.000000,1.000000
62:16,62,7,5,0.790476,0.619048,0.904762,checkpoints/llama3.2-1b-us-rep,0.800000,0.600000
62:17,62,7,5,0.752381,0.619048,1.000000,checkpoints/llama3.2-1b-adversary-hard,0.600000,0.200000
62:18,62,7,5,0.638095,0.428571,0.809524,checkpoints/llama3.2-1b-soft-panel,0.600000,0.200000
62:19,62,7,5,0.790476,0.619048,1.000000,checkpoints/llama3.2-1b-adversary-soft,0.800000,0.600000
62:2,62,7,5,0.828571,0.714286,1.000000,checkpoints/llama3.2-1b-soft-panel,0.400000,0.000000
62:20,62,7,5,0.619048,0.333333,0.904762,checkpoints/llama3.2-1b-full-prism,0.800000,0.600000
62:21,62,7,5,0.428571,-0.047619,0.904762,checkpoints/llama3.2-1b-soft-panel,0.800000,0.600000
62:22,62,7,5,0.600000,0.333333,0.904762,meta-llama/Llama-3.2-1B,0.800000,0.600000
62:23,62,7,5,0.771429,0.523810,0.904762,checkpoints/llama3.2-1b-hard-panel,0.600000,0.200000
62:24,62,7,5,0.847619,0.714286,0.904762,checkpoints/llama3.2-1b-full-prism,0.600000,0.200000
62:25,62,7,5,0.600000,0.428571,0.904762,checkpoints/llama3.2-1b-soft-panel,0.600000,0.200000
62:26,62,7,5,0.619048,0.238095,0.809524,checkpoints/llama3.2-1b-full-prism,0.600000,0.200000
62:27,62,7,5,0.866667,0.714286,1.000000,checkpoints/llama3.2-1b-hard-panel,1.000000,1.000000
62:28,62,7,5,0.790476,0.523810,1.000000,checkpoints/llama3.2-1b-adversary-hard,0.600000,0.400000
62:29,62,7,5,0.638095,0.142857,1.000000,checkpoints/llama3.2-1b-adversary-hard,1.000000,1.000000
62:3,62,7,5,0.542857,0.333333,0.809524,checkpoints/llama3.2-1b-hard-panel,0.600000,0.200000
62:30,62,7,5,0.695238,0.523810,0.809524,checkpoints/llama3.2-1b-full-prism,0.600000,0.200000
62:31,62,7,5,0.580952,0.333333,0.809524,checkpoints/llama3.2-1b-adversary-hard,1.000000,1.000000
62:32,62,7,5,0.485714,0.142857,1.000000,checkpoints/llama3.2-1b-full-prism,0.400000,0.000000
62:33,62,7,5,0.561905,0.333333,1.000000,checkpoints/llama3.2-1b-full-prism,0.600000,0.400000
62:34,62,7,5,0.942857,0.904762,1.000000,checkpoints/llama3.2-1b-hard-panel,1.000000,1.000000
62:35,62,7,5,0.714286,0.523810,0.904762,checkpoints/llama3.2-1b-adversary-hard,0.600000,0.400000
62:36,62,7,5,0.447619,0.142857,0.809524,meta-llama/Llama-3.2-1B,0.400000,0.000000
62:37,62,7,5,0.657143,0.523810,0.904762,checkpoints/llama3.2-1b-soft-panel,1.000000,1.000000
62:38,62,7,5,0.600000,0.333333,0.904762,checkpoints/llama3.2-1b-hard-panel,0.800000,0.600000
62:39,62,7,5,0.580952,0.333333,0.809524,checkpoints/llama3.2-1b-full-prism,0.600000,0.400000
62:4,62,7,5,0.619048,0.333333,0.904762,meta-llama/Llama-3.2-1B,0.800000,0.600000
62:5,62,7,5,0.676190,0.428571,1.000000,checkpoints/llama3.2-1b-adversary-hard,0.600000,0.400000
62:6,62,7,5,0.523810,0.142857,1.000000,checkpoints/llama3.2-1b-adversary-hard,1.000000,1.000000
62:7,62,7,5,0.847619,0.714286,1.000000,checkpoints/llama3.2-1b-us-rep,1.000000,1.000000
62:8,62,7,5,0.923810,0.809524,1.000000,checkpoints/llama3.2-1b-full-prism,1.000000,1.000000
62:9,62,7,5,0.923810,0.809524,1.000000,checkpoints/llama3.2-1b-soft-panel,1.000000,1.000000
63:0,63,7,5,0.866667,0.714286,1.000000,checkpoints/llama3.2-1b-us-rep,0.800000,0.600000
63:1,63,7,5,0.885714,0.809524,1.000000,checkpoints/llama3.2-1b-adversary-hard,1.000000,1.000000
63:10,63,7,5,0.771429,0.523810,1.000000,checkpoints/llama3.2-1b-full-prism,0.800000,0.600000
63:11,63,7,5,0.809524,0.523810,1.000000,checkpoints/llama3.2-1b-hard-panel,1.000000,1.000000
63:12,63,7,5,0.390476,0.047619,0.904762,checkpoints/llama3.2-1b-adversary-soft,0.400000,0.200000
63:13,63,7,5,0.828571,0.714286,1.000000,checkpoints/llama3.2-1b-hard-panel,0.600000,0.200000
63:14,63,7,5,0.847619,0.714286,1.000000,checkpoints/llama3.2-1b-us-rep,0.800000,0.600000
63:15,63,7,5,0.752381,0.523810,0.904762,checkpoints/llama3.2-1b-hard-panel,1.000000,1.000000
63:16,63,7,5,0.657143,0.333333,1.000000,checkpoints/llama3.2-1b-us-rep,1.000000,1.000000
63:17,63,7,5,0.485714,0.142857,0.809524,checkpoints/llama3.2-1b-hard-panel,0.400000,0.000000
63:18,63,7,5,0.866667,0.714286,1.000000,checkpoints/llama3.2-1b-hard-panel,1.000000,1.000000
63:19,63,7,5,0.923810,0.809524,1.000000,checkpoints/llama3.2-1b-adversary-hard,1.000000,1.000000
63:2,63,7,5,0.619048,0.428571,1.000000,checkpoints/llama3.2-1b-adversary-hard,1.000000,1.000000
63:20,63,7,5,0.676190,0.333333,0.904762,checkpoints/llama3.2-1b-adversary-hard,0.800000,0.600000
63:21,63,7,5,0.809524,0.619048,0.904762,checkpoints/llama3.2-1b-us-rep,1.000000,1.000000
63:22,63,7,5,0.809524,0.619048,0.904762,checkpoints/llama3.2-1b-hard-panel,1.000000,1.000000
63:23,63,7,5,0.942857,0.904762,1.000000,checkpoints/llama3.2-1b-hard-panel,1.000000,1.000000
63:24,63,7,5,0.828571,0.619048,1.000000,meta-llama/Llama-3.2-1B,0.800000,0.600000
63:25,63,7,5,0.885714,0.714286,1.000000,checkpoints/llama3.2-1b-us-rep,1.000000,1.000000
63:26,63,7,5,0.714286,0.523810,0.904762,checkpoints/llama3.2-1b-hard-panel,0.800000,0.600000
63:27,63,7,5,0.809524,0.619048,0.904762,meta-llama/Llama-3.2-1B,1.000000,1.000000
63:28,63,7,5,0.809524,0.619048,1.000000,checkpoints/llama3.2-1b-soft-panel,1.000000,1.000000
63:29,63,7,5,0.771429,0.523810,1.000000,checkpoints/llama3.2-1b-hard-panel,1.000000,1.000000
63:3,63,7,5,0.752381,0.523810,1.000000,checkpoints/llama3.2-1b-adversary-soft,0.600000,0.200000
63:30,63,7,5,0.790476,0.619048,1.000000,checkpoints/llama3.2-1b-adversary-soft,0.600000,0.200000
63:31,63,7,5,0.752381,0.428571,1.000000,checkpoints/llama3.2-1b-adversary-hard,1.000000,1.000000
63:32,63,7,5,1.000000,1.000000,1.000000,checkpoints/llama3.2-1b-soft-panel,1.000000,1.000000
63:33,63,7,5,0.771429,0.619048,0.904762,checkpoints/llama3.2-1b-hard-panel,1.000000,1.000000
63:34,63,7,5,0.771429,0.428571,1.000000,checkpoints/llama3.2-1b-us-rep,0.800000,0.600000
63:35,63,7,5,0.714286,0.523810,0.904762,checkpoints/llama3.2-1b-soft-panel,0.600000,0.400000
63:36,63,7,5,0.504762,0.238095,0.714286,checkpoints/llama3.2-1b-hard-panel,0.800000,0.600000
63:37,63,7,5,0.809524,0.619048,1.000000,checkpoints/llama3.2-1b-full-prism,0.800000,0.600000
63:38,63,7,5,0.828571,0.714286,0.904762,checkpoints/llama3.2-1b-hard-panel,1.000000,1.000000
63:39,63,7,5,0.828571,0.619048,1.000000,checkpoints/llama3.2-1b-full-prism,1.000000,1.000000
63:4,63,7,5,0.942857,0.904762,1.000000,checkpoints/llama3.2-1b-adversary-soft,1.000000,1.000000
63:5,63,7,5,0.809524,0.523810,1.000000,checkpoints/llama3.2-1b-adversary-hard,1.000000,1.000000
63:6,63,7,5,0.771429,0.619048,1.000000,checkpoints/llama3.2-1b-us-rep,1.000000,1.000000
63:7,63,7,5,0.657143,0.523810,0.809524,checkpoints/llama3.2-1b-soft-panel,0.600000,0.200000
63:8,63,7,5,0.847619,0.714286,1.000000,checkpoints/llama3.2-1b-hard-panel,1.000000,1.000000
63:9,63,7,5,0.733333,0.619048,0.904762,checkpoints/llama3.2-1b-hard-panel,1.000000,1.000000
64:0,64,7,5,0.695238,0.428571,0.904762,checkpoints/llama3.2-1b-hard-panel,1.000000,1.000000
64:1,64,7,5,0.771429,0.619048,0.904762,meta-llama/Llama-3.2-1B,0.800000,0.600000
64:10,64,7,5,0.733333,0.428571,1.000000,checkpoints/llama3.2-1b-hard-panel,1.000000,1.000000
64:11,64,7,5,0.619048,0.142857,1.000000,checkpoints/llama3.2-1b-hard-panel,1.000000,1.000000
64:12,64,7,5,0.733333,0.428571,1.000000,meta-llama/Llama-3.2-1B,1.000000,1.000000
64:13,64,7,5,0.809524,0.619048,1.000000,meta-llama/Llama-3.2-1B,0.800000,0.600000
64:14,64,7,5,0.828571,0.714286,1.000000,checkpoints/llama3.2-1b-adversary-soft,1.000000,1.000000
64:15,64,7,5,0.676190,0.333333,0.904762,checkpoints/llama3.2-1b-adversary-soft,0.800000,0.600000
64:16,64,7,5,0.695238,0.523810,0.904762,checkpoints/llama3.2-1b-hard-panel,1.000000,1.000000
64:17,64,7,5,0.790476,0.714286,1.000000,meta-llama/Llama-3.2-1B,1.000000,1.000000
64:18,64,7,5,0.485714,0.142857,0.904762,checkpoints/llama3.2-1b-adversary-hard,0.400000,0.200000
64:19,64,7,5,0.942857,0.904762,1.000000,checkpoints/llama3.2-1b-adversary-hard,0.600000,0.200000
64:2,64,7,5,0.866667,0.714286,1.000000,checkpoints/llama3.2-1b-hard-panel,1.000000,1.000000
64:20,64,7,5,0.809524,0.619048,0.904762,meta-llama/Llama-3.2-1B,1.000000,1.000000
64:21,64,7,5,0.390476,0.047619,0.809524,checkpoints/llama3.2-1b-hard-panel,0.400000,0.200000
64:22,64,7,5,0.828571,0.714286,0.904762,meta-llama/Llama-3.2-1B,1.000000,1.000000
64:23,64,7,5,0.866667,0.714286,1.000000,meta-llama/Llama-3.2-1B,1.000000,1.000000
64:24,64,7,5,0.695238,0.333333,1.000000,checkpoints/llama3.2-1b-adversary-hard,0.400000,0.000000
64:25,64,7,5,0.619048,0.428571,0.904762,checkpoints/llama3.2-1b-soft-panel,0.600000,0.400000
64:26,64,7,5,1.000000,1.000000,1.000000,checkpoints/llama3.2-1b-us-rep,1.000000,1.000000
64:27,64,7,5,0.790476,0.619048,0.904762,meta-llama/Llama-3.2-1B,1.000000,1.000000
64:28,64,7,5,0.485714,0.142857,0.904762,checkpoints/llama3.2-1b-adversary-soft,0.200000,0.000000
64:29,64,7,5,0.923810,0.809524,1.000000,meta-llama/Llama-3.2-1B,1.000000,1.000000
64:3,64,7,5,0.828571,0.714286,0.904762,checkpoints/llama3.2-1b-hard-panel,0.800000,0.600000
64:30,64,7,5,0.485714,0.047619,0.809524,meta-llama/Llama-3.2-1B,0.400000,0.200000
64:31,64,7,5,0.885714,0.714286,1.000000,meta-llama/Llama-3.2-1B,1.000000,1.000000
64:32,64,7,5,0.752381,0.428571,1.000000,meta-llama/Llama-3.2-1B,1.000000,1.000000
64:33,64,7,5,0.809524,0.714286,0.904762,meta-llama/Llama-3.2-1B,1.000000,1.000000
64:34,64,7,5,0.790476,0.714286,0.904762,checkpoints/llama3.2-1b-us-rep,0.800000,0.600000
64:35,64,7,5,0.714286,0.523810,1.000000,checkpoints/llama3.2-1b-hard-panel,1.000000,1.000000
64:36,64,7,5,0.866667,0.809524,1.000000,meta-llama/Llama-3.2-1B,0.800000,0.600000
64:37,64,7,5,0.352381,-0.047619,0.714286,checkpoints/llama3.2-1b-adversary-soft,0.600000,0.400000
64:38,64,7,5,0.733333,0.523810,1.000000,checkpoints/llama3.2-1b-adversary-hard,1.000000,1.000000
64:39,64,7,5,0.790476,0.619048,1.000000,meta-llama/Llama-3.2-1B,1.000000,1.000000
64:4,64,7,5,0.771429,0.714286,1.000000,checkpoints/llama3.2-1b-adversary-hard,1.000000,1.000000
64:5,64,7,5,0.657143,0.333333,1.000000,meta-llama/Llama-3.2-1B,1.000000,1.000000
64:6,64,7,5,0.314286,-0.428571,0.904762,checkpoints/llama3.2-1b-adversary-hard,0.400000,0.000000
64:7,64,7,5,0.828571,0.714286,1.000000,checkpoints/llama3.2-1b-hard-panel,1.000000,1.000000
64:8,64,7,5,0.828571,0.714286,1.000000,checkpoints/llama3.2-1b-hard-panel,0.600000,0.200000
64:9,64,7,5,0.752381,0.523810,1.000000,checkpoints/llama3.2-1b-us-rep,1.000000,1.000000
65:0,65,7,5,0.600000,0.142857,1.000000,checkpoints/llama3.2-1b-adversary-hard,0.800000,0.600000
65:1,65,7,5,0.447619,0.142857,1.000000,checkpoints/llama3.2-1b-us-rep,1.000000,1.000000
65:10,65,7,5,0.790476,0.619048,1.000000,meta-llama/Llama-3.2-1B,0.400000,0.000000
65:11,65,7,5,0.961905,0.904762,1.000000,meta-llama/Llama-3.2-1B,0.800000,0.600000
65:12,65,7,5,0.580952,0.333333,1.000000,meta-llama/Llama-3.2-1B,1.000000,1.000000
65:13,65,7,5,0.695238,0.523810,0.904762,checkpoints/llama3.2-1b-full-prism,0.600000,0.200000
65:14,65,7,5,0.657143,0.523810,0.904762,checkpoints/llama3.2-1b-adversary-hard,0.800000,0.600000
65:15,65,7,5,0.542857,0.238095,0.809524,checkpoints/llama3.2-1b-soft-panel,0.600000,0.400000
65:16,65,7,5,0.866667,0.714286,1.000000,checkpoints/llama3.2-1b-us-rep,1.000000,1.000000
65:17,65,7,5,0.695238,0.428571,1.000000,checkpoints/llama3.2-1b-full-prism,0.400000,0.200000
65:18,65,7,5,0.504762,0.142857,0.904762,meta-llama/Llama-3.2-1B,0.800000,0.600000
65:19,65,7,5,0.714286,0.523810,1.000000,checkpoints/llama3.2-1b-us-rep,1.000000,1.000000
65:2,65,7,5,0.638095,0.333333,0.904762,meta-llama/Llama-3.2-1B,0.400000,0.200000
65:20,65,7,5,0.866667,0.714286,1.000000,checkpoints/llama3.2-1b-adversary-soft,0.800000,0.600000
65:21,65,7,5,0.847619,0.714286,1.000000,checkpoints/llama3.2-1b-adversary-soft,1.000000,1.000000
65:22,65,7,5,0.790476,0.619048,1.000000,checkpoints/llama3.2-1b-us-rep,0.800000,0.600000
65:23,65,7,5,0.771429,0.523810,1.000000,checkpoints/llama3.2-1b-us-rep,1.000000,1.000000
65:24,65,7,5,0.771429,0.523810,0.904762,meta-llama/Llama-3.2-1B,1.000000,1.000000
65:25,65,7,5,0.561905,0.142857,0.904762,checkpoints/llama3.2-1b-adversary-hard,0.600000,0.200000
65:26,65,7,5,0.942857,0.904762,1.000000,checkpoints/llama3.2-1b-hard-panel,1.000000,1.000000
65:27,65,7,5,0.809524,0.714286,1.000000,meta-llama/Llama-3.2-1B,0.800000,0.600000
65:28,65,7,5,0.752381,0.523810,1.000000,checkpoints/llama3.2-1b-us-rep,1.000000,1.000000
65:29,65,7,5,0.695238,0.428571,0.904762,checkpoints/llama3.2-1b-hard-panel,1.000000,1.000000
65:3,65,7,5,0.771429,0.523810,1.000000,checkpoints/llama3.2-1b-us-rep,0.800000,0.600000
65:30,65,7,5,0.942857,0.904762,1.000000,checkpoints/llama3.2-1b-soft-panel,1.000000,1.000000
65:31,65,7,5,0.542857,0.238095,1.000000,checkpoints/llama3.2-1b-adversary-hard,1.000000,1.000000
65:32,65,7,5,0.371429,-0.142857,0.904762,checkpoints/llama3.2-1b-hard-panel,0.200000,0.000000
65:33,65,7,5,0.828571,0.714286,1.000000,checkpoints/llama3.2-1b-hard-panel,1.000000,1.000000
65:34,65,7,5,0.752381,0.619048,1.000000,checkpoints/llama3.2-1b-soft-panel,1.000000,1.000000
65:35,65,7,5,0.504762,0.047619,0.904762,meta-llama/Llama-3.2-1B,1.000000,1.000000
65:36,65,7,5,0.771429,0.619048,0.904762,checkpoints/llama3.2-1b-full-prism,0.600000,0.200000
65:37,65,7,5,0.695238,0.428571,0.904762,meta-llama/Llama-3.2-1B,1.000000,1.000000
65:38,65,7,5,0.447619,-0.142857,1.000000,checkpoints/llama3.2-1b-hard-panel,0.600000,0.200000
65:39,65,7,5,0.733333,0.619048,1.000000,checkpoints/llama3.2-1b-adversary-soft,0.800000,0.600000
65:4,65,7,5,0.790476,0.523810,1.000000,checkpoints/llama3.2-1b-adversary-hard,0.800000,0.600000
65:5,65,7,5,0.885714,0.809524,1.000000,meta-llama/Llama-3.2-1B,0.600000,0.200000
65:6,65,7,5,0.466667,0.142857,0.714286,checkpoints/llama3.2-1b-soft-panel,0.600000,0.400000
65:7,65,7,5,0.847619,0.714286,1.000000,meta-llama/Llama-3.2-1B,1.000000,1.000000
65:8,65,7,5,0.885714,0.809524,1.000000,checkpoints/llama3.2-1b-hard-panel,0.800000,0.600000
65:9,65,7,5,0.771429,0.428571,1.000000,meta-llama/Llama-3.2-1B,1.000000,1.000000
66:0,66,7,5,0.904762,0.809524,1.000000,meta-llama/Llama-3.2-1B,1.000000,1.000000
66:1,66,7,5,0.619048,0.428571,0.904762,meta-llama/Llama-3.2-1B,1.000000,1.000000
66:10,66,7,5,0.904762,0.809524,1.000000,checkpoints/llama3.2-1b-adversary-hard,1.000000,1.000000
66:11,66,7,5,0.885714,0.714286,1.000000,checkpoints/llama3.2-1b-adversary-soft,1.000000,1.000000
66:12,66,7,5,0.752381,0.523810,1.000000,meta-llama/Llama-3.2-1B,1.000000,1.000000
66:13,66,7,5,0.809524,0.619048,1.000000,meta-llama/Llama-3.2-1B,1.000000,1.000000
66:14,66,7,5,0.542857,0.047619,1.000000,meta-llama/Llama-3.2-1B,0.800000,0.600000
66:15,66,7,5,0.695238,0.428571,0.904762,meta-llama/Llama-3.2-1B,1.000000,1.000000
66:16,66,7,5,0.752381,0.428571,1.000000,checkpoints/llama3.2-1b-hard-panel,0.400000,0.000000
66:17,66,7,5,0.561905,0.142857,0.904762,checkpoints/llama3.2-1b-us-rep,1.000000,1.000000
66:18,66,7,5,0.771429,0.619048,0.904762,checkpoints/llama3.2-1b-soft-panel,0.400000,0.000000
66:19,66,7,5,0.561905,0.238095,0.809524,meta-llama/Llama-3.2-1B,0.800000,0.600000
66:2,66,7,5,0.733333,0.523810,1.000000,meta-llama/Llama-3.2-1B,1.000000,1.000000
66:20,66,7,5,0.904762,0.809524,1.000000,meta-llama/Llama-3.2-1B,1.000000,1.000000
66:21,66,7,5,0.314286,-0.333333,0.904762,checkpoints/llama3.2-1b-hard-panel,0.800000,0.600000
66:22,66,7,5,0.619048,0.238095,0.904762,checkpoints/llama3.2-1b-adversary-hard,1.000000,1.000000
66:23,66,7,5,0.542857,0.238095,0.904762,checkpoints/llama3.2-1b-adversary-hard,1.000000,1.000000
66:24,66,7,5,0.904762,0.809524,1.000000,meta-llama/Llama-3.2-1B,1.000000,1.000000
66:25,66,7,5,0.600000,0.333333,1.000000,meta-llama/Llama-3.2-1B,0.800000,0.600000
66:26,66,7,5,0.714286,0.523810,1.000000,checkpoints/llama3.2-1b-adversary-hard,1.000000,1.000000
66:27,66,7,5,0.676190,0.523810,0.809524,meta-llama/Llama-3.2-1B,1.000000,1.000000
66:28,66,7,5,0.619048,0.428571,0.809524,checkpoints/llama3.2-1b-adversary-hard,0.800000,0.600000
66:29,66,7,5,0.752381,0.619048,1.000000,meta-llama/Llama-3.2-1B,1.000000,1.000000
66:3,66,7,5,0.733333,0.333333,1.000000,checkpoints/llama3.2-1b-us-rep,1.000000,1.000000
66:30,66,7,5,0.466667,0.047619,0.714286,meta-llama/Llama-3.2-1B,1.000000,1.000000
66:31,66,7,5,0.771429,0.619048,1.000000,meta-llama/Llama-3.2-1B,0.800000,0.600000
66:32,66,7,5,0.466667,0.047619,0.904762,checkpoints/llama3.2-1b-adversary-hard,1.000000,1.000000
66:33,66,7,5,0.847619,0.619048,1.000000,meta-llama/Llama-3.2-1B,1.000000,1.000000
66:34,66,7,5,0.466667,-0.047619,0.809524,checkpoints/llama3.2-1b-soft-panel,0.800000,0.600000
66:35,66,7,5,0.523810,0.047619,1.000000,meta-llama/Llama-3.2-1B,0.600000,0.400000
66:36,66,7,5,0.676190,0.523810,1.000000,meta-llama/Llama-3.2-1B,0.600000,0.200000
66:37,66,7,5,0.657143,0.428571,1.000000,meta-llama/Llama-3.2-1B,1.000000,1.000000
66:38,66,7,5,0.828571,0.714286,1.000000,meta-llama/Llama-3.2-1B,1.000000,1.000000
66:39,66,7,5,0.771429,0.619048,0.904762,checkpoints/llama3.2-1b-hard-panel,1.000000,1.000000
66:4,66,7,5,0.733333,0.428571,1.000000,meta-llama/Llama-3.2-1B,0.800000,0.600000
66:5,66,7,5,0.676190,0.333333,1.000000,meta-llama/Llama-3.2-1B,0.800000,0.600000
66:6,66,7,5,0.695238,0.333333,1.000000,meta-llama/Llama-3.2-1B,1.000000,1.000000
66:7,66,7,5,0.809524,0.619048,1.000000,checkpoints/llama3.2-1b-full-prism,1.000000,1.000000
66:8,66,7,5,0.638095,0.333333,0.904762,meta-llama/Llama-3.2-1B,1.000000,1.000000
66:9,66,7,5,0.885714,0.714286,1.000000,meta-llama/Llama-3.2-1B,1.000000,1.000000
67:0,67,7,5,0.771429,0.619048,1.000000,checkpoints/llama3.2-1b-hard-panel,0.800000,0.600000
67:1,67,7,5,0.619048,0.333333,1.000000,meta-llama/Llama-3.2-1B,1.000000,1.000000
67:10,67,7,5,0.752381,0.619048,0.904762,checkpoints/llama3.2-1b-hard-panel,1.000000,1.000000
67:11,67,7,5,0.733333,0.523810,0.904762,checkpoints/llama3.2-1b-soft-panel,1.000000,1.000000
67:12,67,7,5,0.828571,0.619048,1.000000,checkpoints/llama3.2-1b-full-prism,0.400000,0.000000
67:13,67,7,5,0.676190,0.428571,0.904762,meta-llama/Llama-3.2-1B,1.000000,1.000000
67:14,67,7,5,0.714286,0.428571,0.904762,checkpoints/llama3.2-1b-full-prism,0.600000,0.200000
67:15,67,7,5,0.752381,0.523810,1.000000,meta-llama/Llama-3.2-1B,0.600000,0.200000
67:16,67,7,5,0.942857,0.904762,1.000000,checkpoints/llama3.2-1b-us-rep,0.600000,0.200000
67:17,67,7,5,0.657143,0.428571,1.000000,checkpoints/llama3.2-1b-us-rep,0.600000,0.400000
67:18,67,7,5,0.828571,0.714286,0.904762,checkpoints/llama3.2-1b-soft-panel,1.000000,1.000000
67:19,67,7,5,0.771429,0.619048,1.000000,meta-llama/Llama-3.2-1B,1.000000,1.000000
67:2,67,7,5,0.885714,0.809524,1.000000,checkpoints/llama3.2-1b-full-prism,0.600000,0.200000
67:20,67,7,5,0.523810,0.142857,0.904762,meta-llama/Llama-3.2-1B,0.400000,0.000000
67:21,67,7,5,0.638095,0.333333,0.904762,checkpoints/llama3.2-1b-adversary-soft,0.800000,0.600000
67:22,67,7,5,0.847619,0.714286,1.000000,checkpoints/llama3.2-1b-adversary-soft,0.600000,0.400000
67:23,67,7,5,0.866667,0.809524,1.000000,checkpoints/llama3.2-1b-soft-panel,0.800000,0.600000
67:24,67,7,5,0.923810,0.809524,1.000000,meta-llama/Llama-3.2-1B,1.000000,1.000000
67:25,67,7,5,0.828571,0.619048,1.000000,checkpoints/llama3.2-1b-hard-panel,0.800000,0.600000
67:26,67,7,5,0.809524,0.714286,0.904762,checkpoints/llama3.2-1b-adversary-hard,0.800000,0.600000
67:27,67,7,5,0.657143,0.428571,0.904762,meta-llama/Llama-3.2-1B,1.000000,1.000000
67:28,67,7,5,0.733333,0.523810,1.000000,meta-llama/Llama-3.2-1B,0.600000,0.200000
67:29,67,7,5,0.942857,0.904762,1.000000,checkpoints/llama3.2-1b-hard-panel,1.000000,1.000000
67:3,67,7,5,0.847619,0.714286,1.000000,checkpoints/llama3.2-1b-us-rep,1.000000,1.000000
67:30,67,7,5,0.752381,0.619048,1.000000,checkpoints/llama3.2-1b-us-rep,0.600000,0.200000
67:31,67,7,5,0.714286,0.523810,1.000000,meta-llama/Llama-3.2-1B,1.000000,1.000000
67:32,67,7,5,0.828571,0.714286,1.000000,checkpoints/llama3.2-1b-hard-panel,1.000000,1.000000
67:33,67,7,5,0.961905,0.904762,1.000000,checkpoints/llama3.2-1b-soft-panel,1.000000,1.000000
67:34,67,7,5,0.638095,0.333333,1.000000,checkpoints/llama3.2-1b-adversary-hard,0.600000,0.200000
67:35,67,7,5,0.561905,0.047619,0.904762,meta-llama/Llama-3.2-1B,1.000000,1.000000
67:36,67,7,5,0.904762,0.809524,1.000000,checkpoints/llama3.2-1b-us-rep,1.000000,1.000000
67:37,67,7,5,0.885714,0.809524,1.000000,checkpoints/llama3.2-1b-adversary-hard,1.000000,1.000000
67:38,67,7,5,0.828571,0.714286,0.904762,checkpoints/llama3.2-1b-adversary-hard,0.400000,0.000000
67:39,67,7,5,0.619048,0.333333,0.809524,meta-llama/Llama-3.2-1B,1.000000,1.000000
67:4,67,7,5,0.542857,0.238095,0.904762,meta-llama/Llama-3.2-1B,0.600000,0.200000
67:5,67,7,5,0.428571,0.047619,0.714286,checkpoints/llama3.2-1b-us-rep,0.400000,0.000000
67:6,67,7,5,0.504762,0.047619,0.809524,meta-llama/Llama-3.2-1B,0.400000,0.200000
67:7,67,7,5,0.523810,0.333333,0.809524,checkpoints/llama3.2-1b-full-prism,1.000000,1.000000
67:8,67,7,5,0.466667,0.142857,0.714286,meta-llama/Llama-3.2-1B,0.400000,0.200000
67:9,67,7,5,0.771429,0.619048,0.904762,checkpoints/llama3.2-1b-adversary-hard,1.000000,1.000000
68:0,68,7,5,0.942857,0.904762,1.000000,checkpoints/llama3.2-1b-us-rep,1.000000,1.000000
68:1,68,7,5,0.638095,0.428571,1.000000,meta-llama/Llama-3.2-1B,0.400000,0.200000
68:10,68,7,5,0.885714,0.714286,1.000000,checkpoints/llama3.2-1b-us-rep,1.000000,1.000000
68:11,68,7,5,0.085714,-0.428571,0.809524,checkpoints/llama3.2-1b-soft-panel,0.400000,0.200000
68:12,68,7,5,0.390476,-0.047619,0.714286,meta-llama/Llama-3.2-1B,0.400000,0.000000
68:13,68,7,5,0.219048,-0.428571,0.809524,checkpoints/llama3.2-1b-hard-panel,0.800000,0.600000
68:14,68,7,5,-0.200000,-0.904762,0.619048,meta-llama/Llama-3.2-1B,0.600000,0.400000
68:15,68,7,5,0.790476,0.619048,1.000000,checkpoints/llama3.2-1b-us-rep,1.000000,1.000000
68:16,68,7,5,0.828571,0.619048,1.000000,checkpoints/llama3.2-1b-adversary-hard,0.600000,0.200000
68:17,68,7,5,0.942857,0.904762,1.000000,checkpoints/llama3.2-1b-adversary-hard,1.000000,1.000000
68:18,68,7,5,0.771429,0.619048,1.000000,meta-llama/Llama-3.2-1B,1.000000,1.000000
68:19,68,7,5,0.847619,0.714286,1.000000,meta-llama/Llama-3.2-1B,1.000000,1.000000
68:2,68,7,5,0.333333,-0.428571,0.809524,checkpoints/llama3.2-1b-adversary-hard,1.000000,1.000000
68:20,68,7,5,0.409524,0.142857,1.000000,checkpoints/llama3.2-1b-adversary-soft,1.000000,1.000000
68:21,68,7,5,0.752381,0.523810,0.904762,meta-llama/Llama-3.2-1B,1.000000,1.000000
68:22,68,7,5,0.866667,0.714286,1.000000,checkpoints/llama3.2-1b-hard-panel,1.000000,1.000000
68:23,68,7,5,0.561905,0.047619,1.000000,checkpoints/llama3.2-1b-hard-panel,1.000000,1.000000
68:24,68,7,5,0.409524,-0.142857,0.809524,meta-llama/Llama-3.2-1B,1.000000,1.000000
68:25,68,7,5,0.866667,0.809524,1.000000,checkpoints/llama3.2-1b-hard-panel,1.000000,1.000000
68:26,68,7,5,0.790476,0.619048,0.904762,checkpoints/llama3.2-1b-full-prism,0.400000,0.000000
68:27,68,7,5,0.828571,0.619048,1.000000,checkpoints/llama3.2-1b-hard-panel,1.000000,1.000000
68:28,68,7,5,0.714286,0.523810,0.904762,checkpoints/llama3.2-1b-hard-panel,1.000000,1.000000
68:29,68,7,5,0.619048,0.333333,1.000000,checkpoints/llama3.2-1b-soft-panel,0.800000,0.600000
68:3,68,7,5,0.466667,-0.142857,1.000000,checkpoints/llama3.2-1b-adversary-hard,1.000000,1.000000
68:30,68,7,5,0.904762,0.809524,1.000000,checkpoints/llama3.2-1b-adversary-hard,0.800000,0.600000
68:31,68,7,5,0.638095,0.238095,1.000000,meta-llama/Llama-3.2-1B,0.800000,0.600000
68:32,68,7,5,0.752381,0.428571,1.000000,meta-llama/Llama-3.2-1B,1.000000,1.000000
68:33,68,7,5,0.790476,0.619048,1.000000,checkpoints/llama3.2-1b-us-rep,1.000000,1.000000
68:34,68,7,5,0.600000,0.142857,0.904762,checkpoints/llama3.2-1b-soft-panel,0.800000,0.600000
68:35,68,7,5,0.638095,0.238095,0.904762,checkpoints/llama3.2-1b-hard-panel,1.000000,1.000000
68:36,68,7,5,0.790476,0.619048,1.000000,checkpoints/llama3.2-1b-adversary-soft,0.600000,0.400000
68:37,68,7,5,0.390476,-0.142857,1.000000,checkpoints/llama3.2-1b-us-rep,0.600000,0.400000
68:38,68,7,5,0.371429,0.047619,0.904762,checkpoints/llama3.2-1b-hard-panel,1.000000,1.000000
68:39,68,7,5,0.619048,0.428571,1.000000,checkpoints/llama3.2-1b-hard-panel,1.000000,1.000000
68:4,68,7,5,0.695238,0.523810,0.904762,checkpoints/llama3.2-1b-adversary-hard,1.000000,1.000000
68:5,68,7,5,0.409524,0.047619,1.000000,checkpoints/llama3.2-1b-hard-panel,0.600000,0.200000
68:6,68,7,5,-0.009524,-0.619048,0.904762,meta-llama/Llama-3.2-1B,0.600000,0.400000
68:7,68,7,5,0.904762,0.809524,1.000000,meta-llama/Llama-3.2-1B,0.600000,0.200000
68:8,68,7,5,0.733333,0.428571,0.904762,checkpoints/llama3.2-1b-hard-panel,1.000000,1.000000
68:9,68,7,5,0.409524,-0.142857,0.809524,checkpoints/llama3.2-1b-hard-panel,0.400000,0.000000
69:0,69,7,5,0.504762,-0.047619,1.000000,checkpoints/llama3.2-1b-full-prism,0.600000,0.400000
69:1,69,7,5,0.257143,-0.238095,0.714286,checkpoints/llama3.2-1b-hard-panel,1.000000,1.000000
69:10,69,7,5,0.219048,-0.238095,0.714286,meta-llama/Llama-3.2-1B,0.400000,0.000000
69:11,69,7,5,0.676190,0.428571,0.904762,meta-llama/Llama-3.2-1B,0.400000,0.000000
69:12,69,7,5,0.676190,0.428571,1.000000,checkpoints/llama3.2-1b-adversary-hard,0.600000,0.200000
69:13,69,7,5,0.695238,0.428571,0.904762,meta-llama/Llama-3.2-1B,1.000000,1.000000
69:14,69,7,5,0.790476,0.619048,0.904762,meta-llama/Llama-3.2-1B,1.000000,1.000000
69:15,69,7,5,0.219048,-0.333333,0.809524,checkpoints/llama3.2-1b-soft-panel,0.400000,0.200000
69:16,69,7,5,0.828571,0.714286,0.904762,checkpoints/llama3.2-1b-adversary-hard,0.600000,0.200000
69:17,69,7,5,0.885714,0.714286,1.000000,checkpoints/llama3.2-1b-adversary-soft,1.000000,1.000000
69:18,69,7,5,0.847619,0.619048,1.000000,checkpoints/llama3.2-1b-adversary-hard,1.000000,1.000000
69:19,69,7,5,0.580952,0.238095,0.904762,meta-llama/Llama-3.2-1B,1.000000,1.000000
69:2,69,7,5,0.790476,0.523810,1.000000,meta-llama/Llama-3.2-1B,1.000000,1.000000
69:20,69,7,5,0.847619,0.619048,1.000000,meta-llama/Llama-3.2-1B,1.000000,1.000000
69:21,69,7,5,0.904762,0.809524,1.000000,meta-llama/Llama-3.2-1B,1.000000,1.000000
69:22,69,7,5,0.752381,0.523810,1.000000,meta-llama/Llama-3.2-1B,0.600000,0.200000
69:23,69,7,5,0.828571,0.619048,1.000000,checkpoints/llama3.2-1b-us-rep,0.800000,0.600000
69:24,69,7,5,0.828571,0.619048,1.000000,checkpoints/llama3.2-1b-us-rep,0.600000,0.400000
69:25,69,7,5,0.923810,0.809524,1.000000,meta-llama/Llama-3.2-1B,1.000000,1.000000
69:26,69,7,5,0.847619,0.714286,1.000000,meta-llama/Llama-3.2-1B,1.000000,1.000000
69:27,69,7,5,0.638095,0.333333,1.000000,checkpoints/llama3.2-1b-us-rep,0.800000,0.600000
69:28,69,7,5,0.600000,0.333333,1.000000,meta-llama/Llama-3.2-1B,0.600000,0.200000
69:29,69,7,5,0.600000,0.142857,1.000000,meta-llama/Llama-3.2-1B,1.000000,1.000000
69:3,69,7,5,0.542857,0.238095,0.809524,checkpoints/llama3.2-1b-adversary-hard,0.600000,0.400000
69:30,69,7,5,0.695238,0.333333,0.904762,meta-llama/Llama-3.2-1B,0.800000,0.600000
69:31,69,7,5,0.885714,0.714286,1.000000,meta-llama/Llama-3.2-1B,1.000000,1.000000
69:32,69,7,5,0.428571,-0.047619,1.000000,meta-llama/Llama-3.2-1B,1.000000,1.000000
69:33,69,7,5,0.714286,0.619048,1.000000,meta-llama/Llama-3.2-1B,0.800000,0.600000
69:34,69,7,5,0.638095,0.428571,0.809524,checkpoints/llama3.2-1b-hard-panel,0.800000,0.600000
69:35,69,7,5,0.809524,0.523810,1.000000,meta-llama/Llama-3.2-1B,1.000000,1.000000
69:36,69,7,5,0.733333,0.523810,0.904762,meta-llama/Llama-3.2-1B,1.000000,1.000000
69:37,69,7,5,0.580952,0.238095,1.000000,meta-llama/Llama-3.2-1B,0.600000,0.400000
69:38,69,7,5,0.752381,0.428571,1.000000,checkpoints/llama3.2-1b-us-rep,0.800000,0.600000
69:39,69,7,5,0.771429,0.523810,1.000000,checkpoints/llama3.2-1b-adversary-hard,1.000000,1.000000
69:4,69,7,5,0.657143,0.333333,0.904762,meta-llama/Llama-3.2-1B,0.800000,0.600000
69:5,69,7,5,0.771429,0.523810,1.000000,checkpoints/llama3.2-1b-us-rep,1.000000,1.000000
69:6,69,7,5,0.885714,0.714286,1.000000,meta-llama/Llama-3.2-1B,1.000000,1.000000
69:7,69,7,5,0.695238,0.428571,0.904762,checkpoints/llama3.2-1b-hard-panel,1.000000,1.000000
69:8,69,7,5,0.790476,0.619048,1.000000,meta-llama/Llama-3.2-1B,1.000000,1.000000
69:9,69,7,5,0.619048,0.333333,1.000000,checkpoints/llama3.2-1b-adversary-hard,1.000000,1.000000
70:0,70,7,5,0.923810,0.809524,1.000000,checkpoints/llama3.2-1b-hard-panel,1.000000,1.000000
70:1,70,7,5,0.542857,0.238095,0.809524,checkpoints/llama3.2-1b-hard-panel,0.400000,0.000000
70:10,70,7,5,0.771429,0.619048,0.904762,checkpoints/llama3.2-1b-hard-panel,1.000000,1.000000
70:11,70,7,5,0.961905,0.904762,1.000000,checkpoints/llama3.2-1b-us-rep,0.800000,0.600000
70:12,70,7,5,0.352381,0.047619,0.904762,meta-llama/Llama-3.2-1B,1.000000,1.000000
70:13,70,7,5,0.657143,0.428571,0.904762,checkpoints/llama3.2-1b-hard-panel,0.600000,0.200000
70:14,70,7,5,0.733333,0.333333,1.000000,checkpoints/llama3.2-1b-us-rep,1.000000,1.000000
70:15,70,7,5,0.714286,0.523810,1.000000,checkpoints/llama3.2-1b-hard-panel,1.000000,1.000000
70:16,70,7,5,0.923810,0.809524,1.000000,checkpoints/llama3.2-1b-hard-panel,1.000000,1.000000
70:17,70,7,5,0.600000,0.142857,0.904762,checkpoints/llama3.2-1b-adversary-hard,1.000000,1.000000
70:18,70,7,5,0.352381,-0.238095,0.714286,checkpoints/llama3.2-1b-adversary-hard,1.000000,1.000000
70:19,70,7,5,0.428571,0.047619,0.714286,checkpoints/llama3.2-1b-hard-panel,0.600000,0.200000
70:2,70,7,5,0.428571,-0.047619,0.714286,checkpoints/llama3.2-1b-hard-panel,0.400000,0.000000
70:20,70,7,5,0.828571,0.714286,1.000000,checkpoints/llama3.2-1b-hard-panel,0.800000,0.600000
70:21,70,7,5,0.790476,0.714286,1.000000,checkpoints/llama3.2-1b-adversary-hard,0.400000,0.000000
70:22,70,7,5,0.714286,0.523810,0.904762,checkpoints/llama3.2-1b-adversary-soft,0.800000,0.600000
70:23,70,7,5,0.352381,-0.142857,0.809524,meta-llama/Llama-3.2-1B,0.600000,0.200000
70:24,70,7,5,0.695238,0.428571,0.904762,checkpoints/llama3.2-1b-hard-panel,0.600000,0.200000
70:25,70,7,5,0.676190,0.333333,0.904762,checkpoints/llama3.2-1b-adversary-soft,0.400000,0.200000
70:26,70,7,5,0.752381,0.523810,1.000000,checkpoints/llama3.2-1b-full-prism,0.800000,0.600000
70:27,70,7,5,0.866667,0.714286,1.000000,checkpoints/llama3.2-1b-hard-panel,1.000000,1.000000
70:28,70,7,5,0.504762,0.238095,0.904762,checkpoints/llama3.2-1b-adversary-hard,0.600000,0.200000
70:29,70,7,5,0.600000,0.333333,0.904762,checkpoints/llama3.2-1b-hard-panel,0.800000,0.600000
70:3,70,7,5,0.657143,0.428571,0.904762,checkpoints/llama3.2-1b-soft-panel,0.600000,0.200000
70:30,70,7,5,0.657143,0.428571,0.904762,checkpoints/llama3.2-1b-us-rep,1.000000,1.000000
70:31,70,7,5,0.904762,0.809524,1.000000,checkpoints/llama3.2-1b-us-rep,1.000000,1.000000
70:32,70,7,5,0.542857,0.142857,0.904762,checkpoints/llama3.2-1b-adversary-hard,0.600000,0.400000
70:33,70,7,5,0.866667,0.714286,1.000000,checkpoints/llama3.2-1b-us-rep,0.800000,0.600000
70:34,70,7,5,0.619048,0.523810,0.904762,checkpoints/llama3.2-1b-adversary-hard,0.400000,0.000000
70:35,70,7,5,0.485714,0.238095,0.809524,checkpoints/llama3.2-1b-hard-panel,1.000000,1.000000
70:36,70,7,5,0.942857,0.904762,1.000000,checkpoints/llama3.2-1b-adversary-soft,1.000000,1.000000
70:37,70,7,5,0.028571,-0.714286,0.809524,checkpoints/llama3.2-1b-hard-panel,0.400000,0.200000
70:38,70,7,5,0.809524,0.714286,0.904762,checkpoints/llama3.2-1b-adversary-soft,0.800000,0.600000
70:39,70,7,5,0.485714,0.142857,1.000000,checkpoints/llama3.2-1b-hard-panel,0.600000,0.200000
70:4,70,7,5,0.828571,0.714286,1.000000,checkpoints/llama3.2-1b-adversary-hard,1.000000,1.000000
70:5,70,7,5,0.771429,0.619048,1.000000,checkpoints/llama3.2-1b-us-rep,1.000000,1.000000
70:6,70,7,5,0.504762,-0.047619,0.809524,checkpoints/llama3.2-1b-adversary-soft,0.600000,0.200000
70:7,70,7,5,0.619048,0.142857,0.904762,checkpoints/llama3.2-1b-full-prism,0.800000,0.600000
70:8,70,7,5,0.809524,0.619048,1.000000,checkpoints/llama3.2-1b-hard-panel,1.000000,1.000000
70:9,70,7,5,0.961905,0.904762,1.000000,checkpoints/llama3.2-1b-full-prism,1.000000,1.000000
71:0,71,7,5,0.752381,0.523810,1.000000,checkpoints/llama3.2-1b-full-prism,0.800000,0.600000
71:1,71,7,5,0.352381,-0.333333,0.904762,checkpoints/llama3.2-1b-us-rep,0.600000,0.200000
71:10,71,7,5,0.466667,0.047619,0.714286,checkpoints/llama3.2-1b-adversary-hard,0.400000,0.200000
71:11,71,7,5,0.561905,0.047619,0.904762,meta-llama/Llama-3.2-1B,0.600000,0.400000
71:12,71,7,5,0.866667,0.714286,1.000000,checkpoints/llama3.2-1b-adversary-hard,0.800000,0.600000
71:13,71,7,5,0.809524,0.714286,1.000000,checkpoints/llama3.2-1b-adversary-hard,1.000000,1.000000
71:14,71,7,5,0.961905,0.904762,1.000000,checkpoints/llama3.2-1b-us-rep,1.000000,1.000000
71:15,71,7,5,0.466667,0.047619,0.809524,meta-llama/Llama-3.2-1B,1.000000,1.000000
71:16,71,7,5,0.771429,0.619048,1.000000,checkpoints/llama3.2-1b-adversary-hard,1.000000,1.000000
71:17,71,7,5,0.752381,0.523810,1.000000,checkpoints/llama3.2-1b-hard-panel,1.000000,1.000000
71:18,71,7,5,0.809524,0.619048,1.000000,checkpoints/llama3.2-1b-soft-panel,0.800000,0.600000
71:19,71,7,5,0.619048,0.333333,0.904762,meta-llama/Llama-3.2-1B,0.400000,0.000000
71:2,71,7,5,0.771429,0.619048,1.000000,checkpoints/llama3.2-1b-adversary-hard,1.000000,1.000000
71:20,71,7,5,0.580952,0.238095,0.904762,checkpoints/llama3.2-1b-us-rep,0.800000,0.600000
71:21,71,7,5,-0.142857,-0.904762,0.714286,meta-llama/Llama-3.2-1B,0.400000,0.200000
71:22,71,7,5,0.676190,0.428571,0.904762,checkpoints/llama3.2-1b-adversary-hard,1.000000,1.000000
71:23,71,7,5,0.161905,-0.809524,0.904762,meta-llama/Llama-3.2-1B,0.800000,0.600000
71:24,71,7,5,0.771429,0.619048,0.904762,checkpoints/llama3.2-1b-adversary-soft,0.800000,0.600000
71:25,71,7,5,0.866667,0.714286,1.000000,meta-llama/Llama-3.2-1B,1.000000,1.000000
71:26,71,7,5,0.752381,0.619048,1.000000,meta-llama/Llama-3.2-1B,1.000000,1.000000
71:27,71,7,5,0.714286,0.428571,1.000000,meta-llama/Llama-3.2-1B,1.000000,1.000000
71:28,71,7,5,0.733333,0.523810,0.904762,checkpoints/llama3.2-1b-us-rep,0.800000,0.600000
71:29,71,7,5,0.542857,0.142857,0.904762,meta-llama/Llama-3.2-1B,1.000000,1.000000
71:3,71,7,5,0.028571,-0.523810,0.809524,meta-llama/Llama-3.2-1B,0.400000,0.000000
71:30,71,7,5,0.942857,0.904762,1.000000,checkpoints/llama3.2-1b-hard-panel,1.000000,1.000000
71:31,71,7,5,0.771429,0.523810,1.000000,checkpoints/llama3.2-1b-hard-panel,1.000000,1.000000
71:32,71,7,5,0.466667,0.047619,1.000000,checkpoints/llama3.2-1b-adversary-hard,1.000000,1.000000
71:33,71,7,5,0.333333,-0.142857,0.714286,checkpoints/llama3.2-1b-adversary-hard,1.000000,1.000000
71:34,71,7,5,0.733333,0.523810,0.904762,checkpoints/llama3.2-1b-adversary-hard,1.000000,1.000000
71:35,71,7,5,0.809524,0.619048,1.000000,checkpoints/llama3.2-1b-adversary-hard,1.000000,1.000000
71:36,71,7,5,0.771429,0.523810,1.000000,checkpoints/llama3.2-1b-adversary-hard,1.000000,1.000000
71:37,71,7,5,0.523810,0.238095,0.809524,meta-llama/Llama-3.2-1B,1.000000,1.000000
71:38,71,7,5,0.866667,0.714286,1.000000,checkpoints/llama3.2-1b-adversary-hard,1.000000,1.000000
71:39,71,7,5,0.752381,0.523810,0.904762,meta-llama/Llama-3.2-1B,0.800000,0.600000
71:4,71,7,5,0.942857,0.904762,1.000000,checkpoints/llama3.2-1b-adversary-soft,1.000000,1.000000
71:5,71,7,5,0.676190,0.428571,0.904762,checkpoints/llama3.2-1b-us-rep,0.800000,0.600000
71:6,71,7,5,0.904762,0.809524,1.000000,checkpoints/llama3.2-1b-adversary-soft,1.000000,1.000000
71:7,71,7,5,0.428571,0.047619,0.809524,checkpoints/llama3.2-1b-adversary-hard,1.000000,1.000000
71:8,71,7,5,0.866667,0.714286,1.000000,checkpoints/llama3.2-1b-full-prism,0.600000,0.200000
71:9,71,7,5,0.790476,0.523810,1.000000,checkpoints/llama3.2-1b-hard-panel,1.000000,1.000000
72:0,72,7,5,0.066667,-0.619048,0.904762,checkpoints/llama3.2-1b-us-rep,0.400000,0.000000
72:1,72,7,5,0.809524,0.619048,1.000000,checkpoints/llama3.2-1b-hard-panel,0.600000,0.200000
72:10,72,7,5,0.466667,0.047619,0.904762,checkpoints/llama3.2-1b-soft-panel,0.800000,0.600000
72:11,72,7,5,0.447619,-0.142857,1.000000,meta-llama/Llama-3.2-1B,0.800000,0.600000
72:12,72,7,5,0.028571,-0.619048,0.904762,checkpoints/llama3.2-1b-full-prism,0.600000,0.200000
72:13,72,7,5,0.485714,-0.238095,1.000000,checkpoints/llama3.2-1b-adversary-hard,0.800000,0.600000
72:14,72,7,5,0.638095,0.333333,0.904762,checkpoints/llama3.2-1b-adversary-soft,0.400000,0.000000
72:15,72,7,5,0.180952,-0.238095,0.714286,checkpoints/llama3.2-1b-adversary-hard,0.400000,0.000000
72:16,72,7,5,0.200000,-0.333333,1.000000,checkpoints/llama3.2-1b-adversary-soft,0.600000,0.400000
72:17,72,7,5,0.580952,0.238095,1.000000,checkpoints/llama3.2-1b-hard-panel,0.600000,0.200000
72:18,72,7,5,0.047619,-0.904762,0.904762,meta-llama/Llama-3.2-1B,0.600000,0.400000
72:19,72,7,5,0.657143,0.333333,0.904762,checkpoints/llama3.2-1b-hard-panel,1.000000,1.000000
72:2,72,7,5,0.657143,0.333333,0.904762,checkpoints/llama3.2-1b-hard-panel,0.800000,0.600000
72:20,72,7,5,0.790476,0.523810,1.000000,checkpoints/llama3.2-1b-us-rep,0.600000,0.400000
72:21,72,7,5,0.409524,-0.333333,0.809524,checkpoints/llama3.2-1b-full-prism,0.400000,0.000000
72:22,72,7,5,0.466667,0.142857,0.809524,checkpoints/llama3.2-1b-hard-panel,0.400000,0.200000
72:23,72,7,5,0.066667,-0.809524,0.714286,checkpoints/llama3.2-1b-hard-panel,0.400000,0.000000
72:24,72,7,5,-0.028571,-0.809524,0.904762,checkpoints/llama3.2-1b-hard-panel,0.400000,0.000000
72:25,72,7,5,0.542857,-0.047619,1.000000,checkpoints/llama3.2-1b-hard-panel,0.800000,0.600000
72:26,72,7,5,0.638095,0.428571,0.904762,checkpoints/llama3.2-1b-us-rep,0.600000,0.200000
72:27,72,7,5,0.847619,0.619048,1.000000,checkpoints/llama3.2-1b-hard-panel,1.000000,1.000000
72:28,72,7,5,0.866667,0.714286,1.000000,checkpoints/llama3.2-1b-us-rep,1.000000,1.000000
72:29,72,7,5,0.561905,0.142857,0.904762,checkpoints/llama3.2-1b-adversary-hard,1.000000,1.000000
72:3,72,7,5,0.676190,0.428571,0.904762,checkpoints/llama3.2-1b-soft-panel,0.400000,0.200000
72:30,72,7,5,0.771429,0.619048,0.904762,checkpoints/llama3.2-1b-hard-panel,1.000000,1.000000
72:31,72,7,5,0.257143,-0.238095,0.904762,meta-llama/Llama-3.2-1B,0.400000,0.000000
72:32,72,7,5,0.600000,0.428571,0.809524,checkpoints/llama3.2-1b-us-rep,0.600000,0.400000
72:33,72,7,5,0.942857,0.904762,1.000000,checkpoints/llama3.2-1b-adversary-hard,1.000000,1.000000
72:34,72,7,5,0.314286,0.047619,0.809524,meta-llama/Llama-3.2-1B,0.400000,0.000000
72:35,72,7,5,0.047619,-0.809524,0.904762,checkpoints/llama3.2-1b-adversary-hard,0.800000,0.600000
72:36,72,7,5,0.504762,-0.047619,0.904762,checkpoints/llama3.2-1b-full-prism,0.400000,0.200000
72:37,72,7,5,0.828571,0.714286,0.904762,checkpoints/llama3.2-1b-hard-panel,0.600000,0.200000
72:38,72,7,5,0.676190,0.238095,1.000000,checkpoints/llama3.2-1b-us-rep,0.800000,0.600000
72:39,72,7,5,0.904762,0.809524,1.000000,checkpoints/llama3.2-1b-hard-panel,0.800000,0.600000
72:4,72,7,5,0.752381,0.619048,1.000000,checkpoints/llama3.2-1b-adversary-hard,0.600000,0.200000
72:5,72,7,5,0.180952,-0.523810,0.904762,checkpoints/llama3.2-1b-hard-panel,0.600000,0.400000
72:6,72,7,5,0.733333,0.523810,0.904762,checkpoints/llama3.2-1b-hard-panel,0.600000,0.400000
72:7,72,7,5,0.847619,0.619048,1.000000,checkpoints/llama3.2-1b-adversary-hard,1.000000,1.000000
72:8,72,7,5,0.142857,-0.428571,0.904762,checkpoints/llama3.2-1b-us-rep,0.600000,0.200000
72:9,72,7,5,0.771429,0.523810,0.904762,checkpoints/llama3.2-1b-adversary-hard,0.600000,0.200000
73:0,73,7,5,0.695238,0.333333,0.904762,checkpoints/llama3.2-1b-adversary-hard,1.000000,1.000000
73:1,73,7,5,0.219048,-0.142857,0.809524,checkpoints/llama3.2-1b-adversary-hard,1.000000,1.000000
73:10,73,7,5,0.828571,0.714286,1.000000,checkpoints/llama3.2-1b-us-rep,0.800000,0.600000
73:11,73,7,5,0.809524,0.714286,1.000000,checkpoints/llama3.2-1b-hard-panel,0.600000,0.200000
73:12,73,7,5,0.638095,0.333333,0.809524,checkpoints/llama3.2-1b-full-prism,0.600000,0.400000
73:13,73,7,5,0.600000,0.238095,1.000000,checkpoints/llama3.2-1b-hard-panel,1.000000,1.000000
73:14,73,7,5,0.866667,0.714286,1.000000,checkpoints/llama3.2-1b-hard-panel,1.000000,1.000000
73:15,73,7,5,0.733333,0.428571,1.000000,checkpoints/llama3.2-1b-hard-panel,1.000000,1.000000
73:16,73,7,5,0.466667,0.142857,0.714286,checkpoints/llama3.2-1b-adversary-hard,1.000000,1.000000
73:17,73,7,5,0.847619,0.714286,1.000000,checkpoints/llama3.2-1b-adversary-hard,1.000000,1.000000
73:18,73,7,5,0.942857,0.904762,1.000000,checkpoints/llama3.2-1b-hard-panel,1.000000,1.000000
73:19,73,7,5,0.790476,0.523810,1.000000,checkpoints/llama3.2-1b-us-rep,0.800000,0.600000
73:2,73,7,5,0.714286,0.523810,0.904762,checkpoints/llama3.2-1b-adversary-hard,0.600000,0.200000
73:20,73,7,5,0.219048,-0.428571,0.904762,checkpoints/llama3.2-1b-adversary-soft,0.800000,0.600000
73:21,73,7,5,0.619048,0.428571,0.904762,checkpoints/llama3.2-1b-us-rep,0.400000,0.000000
73:22,73,7,5,0.885714,0.809524,1.000000,checkpoints/llama3.2-1b-hard-panel,1.000000,1.000000
73:23,73,7,5,0.619048,0.238095,1.000000,meta-llama/Llama-3.2-1B,1.000000,1.000000
73:24,73,7,5,0.676190,0.428571,0.904762,checkpoints/llama3.2-1b-hard-panel,1.000000,1.000000
73:25,73,7,5,0.295238,-0.619048,0.904762,checkpoints/llama3.2-1b-hard-panel,0.800000,0.600000
73:26,73,7,5,0.657143,0.333333,0.904762,checkpoints/llama3.2-1b-hard-panel,1.000000,1.000000
73:27,73,7,5,0.466667,0.238095,0.714286,checkpoints/llama3.2-1b-us-rep,1.000000,1.000000
73:28,73,7,5,0.847619,0.714286,1.000000,meta-llama/Llama-3.2-1B,0.800000,0.600000
73:29,73,7,5,0.676190,0.428571,0.904762,checkpoints/llama3.2-1b-soft-panel,0.600000,0.200000
73:3,73,7,5,0.580952,0.238095,1.000000,checkpoints/llama3.2-1b-adversary-hard,0.600000,0.400000
73:30,73,7,5,0.523810,0.047619,0.904762,checkpoints/llama3.2-1b-hard-panel,1.000000,1.000000
73:31,73,7,5,0.809524,0.714286,1.000000,checkpoints/llama3.2-1b-adversary-hard,0.800000,0.600000
73:32,73,7,5,0.009524,-0.523810,0.904762,checkpoints/llama3.2-1b-hard-panel,0.400000,0.200000
73:33,73,7,5,0.752381,0.619048,1.000000,checkpoints/llama3.2-1b-soft-panel,0.600000,0.200000
73:34,73,7,5,0.600000,0.142857,0.904762,meta-llama/Llama-3.2-1B,1.000000,1.000000
73:35,73,7,5,0.447619,0.047619,0.714286,checkpoints/llama3.2-1b-hard-panel,1.000000,1.000000
73:36,73,7,5,0.828571,0.714286,1.000000,checkpoints/llama3.2-1b-hard-panel,0.800000,0.600000
73:37,73,7,5,0.866667,0.714286,1.000000,meta-llama/Llama-3.2-1B,1.000000,1.000000
73:38,73,7,5,0.466667,-0.047619,0.904762,checkpoints/llama3.2-1b-us-rep,0.800000,0.600000
73:39,73,7,5,0.904762,0.809524,1.000000,checkpoints/llama3.2-1b-hard-panel,1.000000,1.000000
73:4,73,7,5,0.733333,0.523810,1.000000,checkpoints/llama3.2-1b-adversary-hard,1.000000,1.000000
73:5,73,7,5,0.561905,0.238095,0.714286,meta-llama/Llama-3.2-1B,0.800000,0.600000
73:6,73,7,5,0.600000,0.142857,0.904762,checkpoints/llama3.2-1b-hard-panel,1.000000,1.000000
73:7,73,7,5,0.790476,0.714286,1.000000,meta-llama/Llama-3.2-1B,1.000000,1.000000
73:8,73,7,5,0.676190,0.428571,0.904762,meta-llama/Llama-3.2-1B,1.000000,1.000000
73:9,73,7,5,0.695238,0.333333,1.000000,meta-llama/Llama-3.2-1B,1.000000,1.000000
74:0,74,7,5,0.828571,0.714286,1.000000,meta-llama/Llama-3.2-1B,1.000000,1.000000
74:1,74,7,5,0.695238,0.523810,1.000000,checkpoints/llama3.2-1b-adversary-soft,0.800000,0.600000
74:10,74,7,5,0.885714,0.714286,1.000000,checkpoints/llama3.2-1b-us-rep,0.800000,0.600000
74:11,74,7,5,0.771429,0.619048,1.000000,meta-llama/Llama-3.2-1B,0.600000,0.200000
74:12,74,7,5,0.885714,0.714286,1.000000,checkpoints/llama3.2-1b-us-rep,1.000000,1.000000
74:13,74,7,5,0.866667,0.714286,1.000000,meta-llama/Llama-3.2-1B,1.000000,1.000000
74:14,74,7,5,0.771429,0.523810,0.904762,meta-llama/Llama-3.2-1B,1.000000,1.000000
74:15,74,7,5,0.752381,0.619048,1.000000,checkpoints/llama3.2-1b-adversary-hard,0.600000,0.200000
74:16,74,7,5,0.466667,0.047619,0.809524,meta-llama/Llama-3.2-1B,1.000000,1.000000
74:17,74,7,5,0.847619,0.619048,1.000000,checkpoints/llama3.2-1b-us-rep,1.000000,1.000000
74:18,74,7,5,0.790476,0.619048,0.904762,meta-llama/Llama-3.2-1B,1.000000,1.000000
74:19,74,7,5,0.333333,-0.238095,0.714286,meta-llama/Llama-3.2-1B,1.000000,1.000000
74:2,74,7,5,0.752381,0.619048,0.904762,checkpoints/llama3.2-1b-full-prism,0.600000,0.200000
74:20,74,7,5,0.695238,0.523810,0.904762,checkpoints/llama3.2-1b-full-prism,0.400000,0.000000
74:21,74,7,5,0.752381,0.619048,1.000000,meta-llama/Llama-3.2-1B,1.000000,1.000000
74:22,74,7,5,0.771429,0.523810,1.000000,checkpoints/llama3.2-1b-us-rep,1.000000,1.000000
74:23,74,7,5,0.733333,0.619048,1.000000,checkpoints/llama3.2-1b-full-prism,0.600000,0.200000
74:24,74,7,5,0.600000,0.333333,0.809524,checkpoints/llama3.2-1b-hard-panel,0.600000,0.200000
74:25,74,7,5,0.790476,0.619048,0.904762,checkpoints/llama3.2-1b-full-prism,1.000000,1.000000
74:26,74,7,5,0.809524,0.714286,1.000000,meta-llama/Llama-3.2-1B,0.800000,0.600000
74:27,74,7,5,0.885714,0.714286,1.000000,checkpoints/llama3.2-1b-full-prism,1.000000,1.000000
74:28,74,7,5,0.771429,0.428571,1.000000,checkpoints/llama3.2-1b-hard-panel,1.000000,1.000000
74:29,74,7,5,0.790476,0.714286,1.000000,checkpoints/llama3.2-1b-hard-panel,0.800000,0.600000
74:3,74,7,5,0.771429,0.619048,0.904762,meta-llama/Llama-3.2-1B,0.600000,0.400000
74:30,74,7,5,0.752381,0.523810,0.904762,checkpoints/llama3.2-1b-adversary-hard,0.600000,0.200000
74:31,74,7,5,0.714286,0.428571,1.000000,checkpoints/llama3.2-1b-adversary-hard,1.000000,1.000000
74:32,74,7,5,0.961905,0.904762,1.000000,checkpoints/llama3.2-1b-full-prism,1.000000,1.000000
74:33,74,7,5,0.695238,0.428571,1.000000,checkpoints/llama3.2-1b-adversary-soft,0.600000,0.200000
74:34,74,7,5,0.828571,0.714286,1.000000,checkpoints/llama3.2-1b-hard-panel,1.000000,1.000000
74:35,74,7,5,0.771429,0.523810,1.000000,checkpoints/llama3.2-1b-hard-panel,0.600000,0.200000
74:36,74,7,5,0.466667,0.142857,0.809524,checkpoints/llama3.2-1b-us-rep,0.600000,0.200000
74:37,74,7,5,0.771429,0.619048,1.000000,meta-llama/Llama-3.2-1B,1.000000,1.000000
74:38,74,7,5,0.619048,0.428571,1.000000,checkpoints/llama3.2-1b-us-rep,0.400000,0.000000
74:39,74,7,5,0.390476,-0.047619,0.904762,checkpoints/llama3.2-1b-us-rep,1.000000,1.000000
74:4,74,7,5,0.866667,0.714286,1.000000,checkpoints/llama3.2-1b-soft-panel,0.800000,0.600000
74:5,74,7,5,0.580952,0.333333,0.904762,meta-llama/Llama-3.2-1B,1.000000,1.000000
74:6,74,7,5,0.733333,0.523810,1.000000,meta-llama/Llama-3.2-1B,1.000000,1.000000
74:7,74,7,5,0.790476,0.619048,0.904762,checkpoints/llama3.2-1b-adversary-soft,1.000000,1.000000
74:8,74,7,5,0.695238,0.333333,0.904762,checkpoints/llama3.2-1b-hard-panel,0.400000,0.000000
74:9,74,7,5,0.847619,0.714286,1.000000,checkpoints/llama3.2-1b-hard-panel,1.000000,1.000000
75:0,75,7,5,0.580952,0.333333,0.904762,checkpoints/llama3.2-1b-hard-panel,1.000000,1.000000
75:1,75,7,5,0.885714,0.809524,1.000000,checkpoints/llama3.2-1b-us-rep,1.000000,1.000000
75:10,75,7,5,0.904762,0.809524,1.000000,checkpoints/llama3.2-1b-us-rep,0.600000,0.200000
75:11,75,7,5,1.000000,1.000000,1.000000,checkpoints/llama3.2-1b-us-rep,1.000000,1.000000
75:12,75,7,5,0.904762,0.809524,1.000000,checkpoints/llama3.2-1b-hard-panel,1.000000,1.000000
75:13,75,7,5,0.733333,0.523810,1.000000,checkpoints/llama3.2-1b-hard-panel,0.800000,0.600000
75:14,75,7,5,0.695238,0.523810,0.904762,meta-llama/Llama-3.2-1B,0.600000,0.200000
75:15,75,7,5,0.638095,0.333333,1.000000,checkpoints/llama3.2-1b-us-rep,0.600000,0.200000
75:16,75,7,5,0.828571,0.714286,1.000000,checkpoints/llama3.2-1b-full-prism,0.800000,0.600000
75:17,75,7,5,0.809524,0.523810,1.000000,meta-llama/Llama-3.2-1B,1.000000,1.000000
75:18,75,7,5,0.714286,0.428571,0.904762,checkpoints/llama3.2-1b-hard-panel,1.000000,1.000000
75:19,75,7,5,0.676190,0.428571,0.904762,checkpoints/llama3.2-1b-adversary-soft,0.600000,0.200000
75:2,75,7,5,0.809524,0.619048,0.904762,checkpoints/llama3.2-1b-adversary-hard,0.600000,0.200000
75:20,75,7,5,0.619048,0.142857,1.000000,checkpoints/llama3.2-1b-hard-panel,0.800000,0.600000
75:21,75,7,5,0.542857,0.142857,1.000000,meta-llama/Llama-3.2-1B,0.400000,0.000000
75:22,75,7,5,0.580952,0.333333,0.714286,checkpoints/llama3.2-1b-soft-panel,0.400000,0.000000
75:23,75,7,5,0.885714,0.714286,1.000000,meta-llama/Llama-3.2-1B,0.800000,0.600000
75:24,75,7,5,0.790476,0.619048,0.904762,checkpoints/llama3.2-1b-full-prism,0.800000,0.600000
75:25,75,7,5,0.752381,0.523810,0.904762,meta-llama/Llama-3.2-1B,0.800000,0.600000
75:26,75,7,5,0.752381,0.619048,1.000000,checkpoints/llama3.2-1b-full-prism,1.000000,1.000000
75:27,75,7,5,0.923810,0.809524,1.000000,checkpoints/llama3.2-1b-adversary-hard,0.800000,0.600000
75:28,75,7,5,0.752381,0.619048,0.904762,checkpoints/llama3.2-1b-hard-panel,0.600000,0.200000
75:29,75,7,5,0.790476,0.619048,1.000000,checkpoints/llama3.2-1b-adversary-hard,1.000000,1.000000
75:3,75,7,5,0.847619,0.714286,1.000000,checkpoints/llama3.2-1b-us-rep,0.600000,0.200000
75:30,75,7,5,0.561905,0.333333,0.904762,meta-llama/Llama-3.2-1B,1.000000,1.000000
75:31,75,7,5,0.714286,0.428571,1.000000,checkpoints/llama3.2-1b-full-prism,1.000000,1.000000
75:32,75,7,5,0.695238,0.333333,1.000000,checkpoints/llama3.2-1b-full-prism,0.800000,0.600000
75:33,75,7,5,0.828571,0.714286,1.000000,checkpoints/llama3.2-1b-adversary-hard,1.000000,1.000000
75:34,75,7,5,0.904762,0.809524,1.000000,checkpoints/llama3.2-1b-us-rep,1.000000,1.000000
75:35,75,7,5,0.714286,0.428571,1.000000,checkpoints/llama3.2-1b-us-rep,1.000000,1.000000
75:36,75,7,5,0.885714,0.809524,1.000000,checkpoints/llama3.2-1b-hard-panel,1.000000,1.000000
75:37,75,7,5,0.657143,0.333333,0.904762,checkpoints/llama3.2-1b-soft-panel,1.000000,1.000000
75:38,75,7,5,0.904762,0.809524,1.000000,checkpoints/llama3.2-1b-adversary-hard,0.600000,0.200000
75:39,75,7,5,0.847619,0.714286,1.000000,checkpoints/llama3.2-1b-soft-panel,1.000000,1.000000
75:4,75,7,5,0.771429,0.619048,0.904762,checkpoints/llama3.2-1b-adversary-hard,1.000000,1.000000
75:5,75,7,5,0.257143,-0.238095,0.809524,checkpoints/llama3.2-1b-us-rep,1.000000,1.000000
75:6,75,7,5,0.752381,0.619048,1.000000,checkpoints/llama3.2-1b-adversary-hard,1.000000,1.000000
75:7,75,7,5,0.942857,0.904762,1.000000,checkpoints/llama3.2-1b-us-rep,0.600000,0.200000
75:8,75,7,5,0.828571,0.619048,1.000000,checkpoints/llama3.2-1b-soft-panel,1.000000,1.000000
75:9,75,7,5,0.847619,0.809524,1.000000,checkpoints/llama3.2-1b-hard-panel,1.000000,1.000000
