step,layer,numel,l1,l2,l1_over_l2,l1_over_sqrt_d_l2
1,model.embed_tokens,262668288,306.0,0.21993466165613057,1391.3223031594412,0.08584676325349111
1,model.layers.0,60821504,834.7685546875,0.27051954708475107,3085.797546548366,0.3956752193566289
1,model.layers.1,60821504,795.125,0.6145035793178872,1293.9306242652103,0.16591376325419355
1,model.layers.2,60821504,788.76953125,0.190671376896847,4136.800940377766,0.5304397306782375
1,model.layers.3,60821504,831.3515625,0.19535250966421147,4255.6482326692285,0.5456788796301725
1,model.layers.4,60821504,867.9189453125,0.1907154075427211,4550.85908629633,0.583532179305006
1,model.layers.5,60821504,919.94677734375,0.20655349666726844,4453.794257599367,0.5710860784811057
1,model.layers.6,60821504,970.70166015625,0.21746761060854664,4463.660852482373,0.5723512188656406
1,model.layers.7,60821504,969.02294921875,0.22739131800514806,4261.47734099862,0.5464263148335822
1,model.layers.8,60821504,1019.4404296875,0.22563690780782805,4518.057083798293,0.579326154982942
1,model.layers.9,60821504,990.38720703125,0.21818324663775848,4539.244980049055,0.5820429649389622
1,model.layers.10,60821504,915.35107421875,0.19270354950854532,4750.0478146520045,0.6090730784069762
1,model.layers.11,60821504,775.94921875,0.16180153239199502,4795.685227937862,0.6149249184063142
1,model.layers.12,60821504,662.17431640625,0.13866295045525914,4775.423530454204,0.6123268699357166
1,model.layers.13,60821504,619.659912109375,0.13261096278476797,4672.765351346583,0.5991635638780671
1,model.layers.14,60821504,596.41845703125,0.13021184968593044,4580.370054413671,0.5873162119925412
1,model.layers.15,60821504,770.7021484375,0.19408814122140394,3970.8873689419793,0.5091655259445124
1,model.norm,2048,0.055908203125,0.0015635729634047963,35.75669599917853,0.7901188191826573
1,__whole_model__,1235814400,13633.74365234375,1.002492787571158,13599.84213490016,0.38686304111451725
2,model.embed_tokens,262668288,334.0,0.23223006724671813,1438.2289251338107,0.08874097522904172
2,model.layers.0,60821504,808.1943359375,0.25308086059391743,3193.4233748094193,0.40947550034177155
2,model.layers.1,60821504,755.34130859375,0.6299532403608701,1199.0434530681216,0.15374689173680134
2,model.layers.2,60821504,730.99658203125,0.16883860483890342,4329.558294613527,0.5551559692743664
2,model.layers.3,60821504,803.26318359375,0.17637542850316165,4554.280550362212,0.5839708952364199
2,model.layers.4,60821504,850.3876953125,0.18359423770895839,4631.886631761133,0.593921905572556
2,model.layers.5,60821504,892.37744140625,0.20032063207696732,4454.745535464266,0.5712080557243258
2,model.layers.6,60821504,930.9384765625,0.20909110347144078,4452.310314052432,0.5708958003829515
2,model.layers.7,60821504,936.15283203125,0.22227208758548642,4211.742653792295,0.5400491034406936
2,model.layers.8,60821504,981.93896484375,0.2197676847558095,4468.077123963025,0.5729174936002873
2,model.layers.9,60821504,959.3291015625,0.21565052933755702,4448.535807027237,0.5704118156520582
2,model.layers.10,60821504,883.216796875,0.18824194665411342,4691.923413318039,0.6016200991039384
2,model.layers.11,60821504,763.124755859375,0.1599460503793731,4771.138481064918,0.6117774211039368
2,model.layers.12,60821504,658.4267578125,0.14000031458603704,4703.037702160766,0.6030452245729628
2,model.layers.13,60821504,628.6005859375,0.13572943993793501,4631.276650260548,0.5938436909261294
2,model.layers.14,60821504,613.043701171875,0.13490152121103435,4544.379453014876,0.5827013307864899
2,model.layers.15,60821504,805.392333984375,0.20247779590945822,3977.682245931408,0.5100367964678495
2,model.norm,2048,0.058349609375,0.0016659487935849534,35.024851663920316,0.7739471913003434
2,__whole_model__,1235814400,13334.783203125,0.9972148844851586,13372.025839756165,0.3803825464234298
3,model.embed_tokens,262668288,330.0,0.23482140308485663,1405.3233464444847,0.08671064953308545
3,model.layers.0,60821504,932.6748046875,0.30994881172199956,3009.125279447879,0.3858439470045302
3,model.layers.1,60821504,857.27734375,0.5942491677043253,1442.6227083527813,0.18497974930818883
3,model.layers.2,60821504,802.4462890625,0.19475834431265274,4120.215192291343,0.5283130294240902
3,model.layers.3,60821504,857.5888671875,0.18850841309650596,4549.340016715655,0.5833373971845055
3,model.layers.4,60821504,878.283203125,0.19180244310442002,4579.103315419449,0.5871537848657302
3,model.layers.5,60821504,906.82470703125,0.19976575772591207,4539.440179109453,0.5820679942644046
3,model.layers.6,60821504,939.14208984375,0.2068121114490446,4541.040093172399,0.5822731426379639
3,model.layers.7,60821504,947.2138671875,0.2139096067162636,4428.1034485931905,0.5677918842458624
3,model.layers.8,60821504,1011.126953125,0.22347003722874909,4524.664539658116,0.5801733935030611
3,model.layers.9,60821504,993.212890625,0.21725688694593565,4571.606012527285,0.586192446047583
3,model.layers.10,60821504,912.42431640625,0.19176360968535738,4758.068112627526,0.6101014780712121
3,model.layers.11,60821504,794.1337890625,0.16367593780329726,4851.866436329055,0.6221287325317001
3,model.layers.12,60821504,692.928466796875,0.1428122093417313,4852.025397483951,0.6221491152654613
3,model.layers.13,60821504,669.04541015625,0.14011619181867213,4774.932871584738,0.6122639553883826
3,model.layers.14,60821504,643.587890625,0.1380190882046423,4663.035374286387,0.5979159412620162
3,model.layers.15,60821504,837.82958984375,0.20556999950442667,4075.641347781919,0.5225975651274897
3,model.norm,2048,0.0615234375,0.0017699402707128207,34.760177231982084,0.7680986573743991
3,__whole_model__,1235814400,14005.802001953125,1.00253308024619,13970.413822667824,0.39740437598140105
4,model.embed_tokens,262668288,342.0,0.23521607008819195,1453.9822890152466,0.08971298243147405
4,model.layers.0,60821504,932.1015625,0.2879437735434001,3237.0957393163067,0.4150753727071554
4,model.layers.1,60821504,847.63623046875,0.6044043272372606,1402.432431851217,0.17982636635584714
4,model.layers.2,60821504,803.02001953125,0.18660087431664427,4303.409737344531,0.5518030804418368
4,model.layers.3,60821504,861.73291015625,0.192673129867693,4472.512128432204,0.5734861703652788
4,model.layers.4,60821504,881.42138671875,0.19080650782649955,4619.4513843323775,0.5923274006901375
4,model.layers.5,60821504,907.96142578125,0.20217056198062966,4491.066438585868,0.5758652897434358
4,model.layers.6,60821504,947.94970703125,0.20852053740271295,4546.0735850708425,0.582918560226449
4,model.layers.7,60821504,958.3857421875,0.21791052975425365,4398.069901754218,0.5639408441000626
4,model.layers.8,60821504,1007.06884765625,0.22179103022189475,4540.620270570502,0.5822193110441568
4,model.layers.9,60821504,975.32568359375,0.21297311768477467,4579.571798527864,0.587213855934519
4,model.layers.10,60821504,896.9716796875,0.18764313651175737,4780.199779016683,0.6129393025950706
4,model.layers.11,60821504,772.133056640625,0.16164940936485298,4776.590645610537,0.6124765228337211
4,model.layers.12,60821504,666.863525390625,0.14183510897676385,4701.6816231295315,0.6028713418538102
4,model.layers.13,60821504,637.732421875,0.1357081473281033,4699.293553342426,0.6025651325116228
4,model.layers.14,60821504,614.2265625,0.1335306849192378,4599.890750740155,0.5898192458709678
4,model.layers.15,60821504,809.65283203125,0.2061519258103872,3927.4570385335433,0.5035966883095515
4,model.norm,2048,0.058837890625,0.0017024535697140642,34.5606433395315,0.7636895396110127
4,__whole_model__,1235814400,13862.242431640625,0.9992430373529895,13872.7435803425,0.39462603439496435
5,model.embed_tokens,262668288,330.0,0.2294078590805353,1438.4860279967615,0.08875683887800172
5,model.layers.0,60821504,813.791015625,0.2725712803597092,2985.6080748898025,0.38282846237476886
5,model.layers.1,60821504,746.48828125,0.6179083900289808,1208.0889227203868,0.1549067436502385
5,model.layers.2,60821504,737.50244140625,0.16958676209040663,4348.82081782473,0.5576258990030616
5,model.layers.3,60821504,799.69873046875,0.1776805997909616,4500.765595172365,0.5771089604159427
5,model.layers.4,60821504,847.4501953125,0.18222031460202323,4650.6900021732845,0.5963329606078398
5,model.layers.5,60821504,896.49853515625,0.1984478273761996,4517.552784575205,0.5792614914064413
5,model.layers.6,60821504,939.333984375,0.21073693504141483,4457.37708100575,0.5715454846527201
5,model.layers.7,60821504,947.52880859375,0.2213389945257776,4280.89415795823,0.548916028819613
5,model.layers.8,60821504,1007.3818359375,0.22312298712314987,4514.9173060393305,0.5789235581713339
5,model.layers.9,60821504,988.52587890625,0.21853338169099287,4523.454820756079,0.5800182777559316
5,model.layers.10,60821504,905.66796875,0.1909321977187381,4743.400953694243,0.6082207871831281
5,model.layers.11,60821504,778.3291015625,0.16450553417518726,4731.324726945855,0.6066723175912025
5,model.layers.12,60821504,670.11328125,0.1434552808208876,4671.234669197546,0.5989672927403954
5,model.layers.13,60821504,644.037841796875,0.1373377117547302,4689.446427846815,0.6013024885818983
5,model.layers.14,60821504,622.99853515625,0.13676287953207636,4555.3189380612,0.5841040421050581
5,model.layers.15,60821504,822.200927734375,0.20647741227845084,3982.038125437048,0.5105953274644189
5,model.norm,2048,0.059326171875,0.0017031280298032464,34.833653628408456,0.769722271692219
5,__whole_model__,1235814400,13497.606689453125,0.9984435665621838,13518.647564556653,0.3845533688335084
6,model.embed_tokens,262668288,328.0,0.23326233762256376,1406.1421288280537,0.08676116968738667
6,model.layers.0,60821504,880.70703125,0.2938122072649255,2997.5168133701172,0.3843554558470821
6,model.layers.1,60821504,816.3193359375,0.6060180579208874,1347.0214711721783,0.17272131695104606
6,model.layers.2,60821504,799.580078125,0.19590692447976513,4081.4283632306583,0.5233396029872519
6,model.layers.3,60821504,856.40771484375,0.20191316590044822,4241.465438989726,0.5438602962929395
6,model.layers.4,60821504,858.845703125,0.2027449977661516,4236.088251684525,0.5431708084913542
6,model.layers.5,60821504,876.32373046875,0.19807164758672197,4424.276473416358,0.5673011718061369
6,model.layers.6,60821504,913.3154296875,0.20367327370297583,4484.218341869544,0.5749871951408141
6,model.layers.7,60821504,924.58349609375,0.2151249897396571,4297.889785899235,0.5510952867625661
6,model.layers.8,60821504,972.12548828125,0.21737728256640337,4472.065695201106,0.5734289266336412
6,model.layers.9,60821504,935.69091796875,0.20781026559317867,4502.621250677348,0.5773469011388543
6,model.layers.10,60821504,858.64990234375,0.18180225453129809,4722.988197024419,0.6056033692057107
6,model.layers.11,60821504,739.815673828125,0.15678960350070995,4718.525063588002,0.60503108561457
6,model.layers.12,60821504,642.771484375,0.13565153976091343,4738.401683518581,0.6075797576620597
6,model.layers.13,60821504,606.8408203125,0.13088045863749287,4636.603711737456,0.5945267513624044
6,model.layers.14,60821504,591.229736328125,0.13195919461710756,4480.398187058019,0.574497357239842
6,model.layers.15,60821504,785.916748046875,0.20762237952829438,3785.318084844374,0.4853709749140008
6,model.norm,2048,0.060546875,0.0017523001310330172,34.55279944783567,0.7635162124544811
6,__whole_model__,1235814400,13387.183837890625,0.9996850296580541,13391.401732273374,0.38093371581415975
7,model.embed_tokens,262668288,326.0,0.216850660714521,1503.3387443959493,0.09275835296170779
7,model.layers.0,60821504,838.9365234375,0.28648980251151684,2928.3294416867593,0.3754839313693526
7,model.layers.1,60821504,798.11376953125,0.6136818817271137,1300.5333761607578,0.16676039861027853
7,model.layers.2,60821504,802.5869140625,0.19652005286381052,4083.995003902717,0.5236687095133954
7,model.layers.3,60821504,851.3017578125,0.19732345043016403,4314.245245340414,0.5531924593425708
7,model.layers.4,60821504,860.455078125,0.1900533888020308,4527.438755755592,0.5805291163093544
7,model.layers.5,60821504,893.314453125,0.19676655104653332,4539.971089464998,0.5821360700432656
7,model.layers.6,60821504,931.193359375,0.20377589495181794,4569.693385938397,0.5859472002290581
7,model.layers.7,60821504,936.9443359375,0.21248152492040875,4409.533187831084,0.5654107196069913
7,model.layers.8,60821504,994.49951171875,0.21868616639359503,4547.610523881209,0.5831156336221452
7,model.layers.9,60821504,968.2060546875,0.2130369742395606,4544.7794127922125,0.5827526154771556
7,model.layers.10,60821504,896.7216796875,0.18731945505665254,4787.12517830194,0.6138273092902574
7,model.layers.11,60821504,777.197021484375,0.16266123577779595,4778.010063479834,0.6126585271513476
7,model.layers.12,60821504,671.73681640625,0.14000489559799767,4797.95233971702,0.6152156179538357
7,model.layers.13,60821504,637.103759765625,0.13538455758323967,4705.882052861966,0.6034099403622031
7,model.layers.14,60821504,612.290283203125,0.1338478933890963,4574.523122476011,0.5865664913637252
7,model.layers.15,60821504,788.1240234375,0.1982258064120829,3975.890110892543,0.5098070006326001
7,model.norm,2048,0.054931640625,0.0015830509626503602,34.69985611393892,0.7667657363863655
7,__whole_model__,1235814400,13584.7802734375,0.9973316173787659,13621.126651074857,0.3874685034849123
8,model.embed_tokens,262668288,320.0,0.22547791937557948,1419.2077028481654,0.08756733604950742
8,model.layers.0,60821504,813.8046875,0.28207704793657357,2885.0439745207063,0.36993366876867106
8,model.layers.1,60821504,749.4873046875,0.6235835094804942,1201.903663732057,0.1541136411637444
8,model.layers.2,60821504,760.13623046875,0.19057949255399742,3988.552074947825,0.511430576168417
8,model.layers.3,60821504,827.0654296875,0.20147935793365176,4104.9635961211325,0.5263573992930931
8,model.layers.4,60821504,852.42333984375,0.19975333186054506,4267.379832436824,0.5471831595582707
8,model.layers.5,60821504,882.30615234375,0.2029481768912938,4347.445568906708,0.5574495582324505
8,model.layers.6,60821504,912.0009765625,0.20656936178685908,4414.986659558518,0.5661099889496677
8,model.layers.7,60821504,907.755859375,0.21247483836925796,4272.298152298956,0.5478138092561071
8,model.layers.8,60821504,955.99755859375,0.21124789701084434,4525.477281057497,0.5802776069605642
8,model.layers.9,60821504,928.44677734375,0.2051137148254492,4526.49779237753,0.5804084616372948
8,model.layers.10,60821504,852.8994140625,0.1798480987666151,4742.332111996851,0.6080837353621018
8,model.layers.11,60821504,730.060546875,0.1541491314034134,4736.0665624797275,0.6072803376530231
8,model.layers.12,60821504,627.415283203125,0.13284955729991618,4722.750274483006,0.6055728616781288
8,model.layers.13,60821504,598.2822265625,0.1282469516402129,4665.079511916473,0.5981780500338909
8,model.layers.14,60821504,585.5390625,0.1298407927016584,4509.669498440463,0.578250660033494
8,model.layers.15,60821504,788.214599609375,0.20197993196659653,3902.44016786643,0.500388909562077
8,model.norm,2048,0.057861328125,0.0016710839677498604,34.62502737244924,0.7651122391821462
8,__whole_model__,1235814400,13091.893310546875,0.9998213045456954,13094.23319049562,0.372480417264415
9,model.embed_tokens,262668288,348.0,0.24052568157084808,1446.8309484760562,0.08927173352975024
9,model.layers.0,60821504,845.5625,0.2673123803156747,3163.199919889448,0.40560010930435525
9,model.layers.1,60821504,786.859375,0.5986377333246632,1314.4166015563494,0.1685405699179921
9,model.layers.2,60821504,761.51220703125,0.17529812281570514,4344.097899050778,0.557020304535603
9,model.layers.3,60821504,814.9423828125,0.178012613185792,4578.003593273155,0.5870127734108623
9,model.layers.4,60821504,854.6416015625,0.18228737972237138,4688.429900436016,0.6011721447404174
9,model.layers.5,60821504,899.88232421875,0.19833282648430706,4537.23339787099,0.5817850305775685
9,model.layers.6,60821504,950.58447265625,0.20925708318249306,4542.6633029537425,0.5824812780961741
9,model.layers.7,60821504,962.1455078125,0.21885418224590492,4396.285681812705,0.5637120631751673
9,model.layers.8,60821504,1015.25927734375,0.2245452915857935,4521.400872731474,0.5797549110499427
9,model.layers.9,60821504,998.5224609375,0.21815463897422835,4577.131458824766,0.5869009443021898
9,model.layers.10,60821504,929.66796875,0.19431002681622814,4784.457004008592,0.6134851836540559
9,model.layers.11,60821504,817.38720703125,0.16885481270052966,4840.769380265855,0.6207058167292907
9,model.layers.12,60821504,725.25146484375,0.1493827926259537,4854.986656058438,0.6225288215223874
9,model.layers.13,60821504,690.548095703125,0.14449255937902492,4779.125642668681,0.612801571869479
9,model.layers.14,60821504,663.489501953125,0.14249123353526394,4656.353134797753,0.5970591136394731
9,model.layers.15,60821504,868.61767578125,0.22265305037541536,3901.2161491462775,0.5002319602261963
9,model.norm,2048,0.0634765625,0.00186098614244025,34.10910003701869,0.7537117480108199
9,__whole_model__,1235814400,13932.9375,0.9958409170262932,13991.127761254791,0.3979936076206897
10,model.embed_tokens,262668288,326.0,0.22021325358220564,1480.3831953661415,0.0913419596656032
10,model.layers.0,60821504,877.5146484375,0.27471722460755427,3194.2469195044782,0.40958109904776313
10,model.layers.1,60821504,810.04736328125,0.6131712059695456,1321.0786080543428,0.16939480317298877
10,model.layers.2,60821504,785.46484375,0.18505096394262271,4244.586610170498,0.5442605072831204
10,model.layers.3,60821504,836.2255859375,0.18597061479350457,4496.546870407545,0.5765680160339651
10,model.layers.4,60821504,876.89990234375,0.1909092777548004,4593.280707237395,0.588971675551315
10,model.layers.5,60821504,916.388671875,0.20507548015987925,4468.543343946203,0.5729772744807013
10,model.layers.6,60821504,947.578125,0.21050804952087077,4501.386655554245,0.5771885956477191
10,model.layers.7,60821504,946.3984375,0.21755183591702595,4350.2204130373575,0.5578053615680592
10,model.layers.8,60821504,1006.6337890625,0.22249027422012133,4524.394572261546,0.5801387770360876
10,model.layers.9,60821504,976.83544921875,0.2180562862744249,4479.739914442998,0.574412950483593
10,model.layers.10,60821504,897.9697265625,0.18880932906631165,4755.960582049017,0.6098312407625833
10,model.layers.11,60821504,778.81982421875,0.1634641496873233,4764.468696704986,0.6109221905355448
10,model.layers.12,60821504,682.8046875,0.1428891307973234,4778.56281782904,0.6127294038680061
10,model.layers.13,60821504,649.416748046875,0.1391551850439683,4666.852678480371,0.598405413643636
10,model.layers.14,60821504,627.3046875,0.1349591021949519,4648.109518347582,0.5960020790485738
10,model.layers.15,60821504,804.75732421875,0.1986815466324886,4050.4885222549165,0.5193723536197005
10,model.norm,2048,0.055419921875,0.0015962756139413531,34.718266313774635,0.7671725481722037
10,__whole_model__,1235814400,13747.115234375,0.9979019605961766,13776.017862678675,0.39187456089121064
11,model.embed_tokens,262668288,348.0,0.23157008546047395,1502.7847802880358,0.09272417250940354
11,model.layers.0,60821504,897.2861328125,0.2718365563630634,3300.829530867399,0.42324761394203997
11,model.layers.1,60821504,823.7470703125,0.5897698815860107,1396.726241932323,0.17909469231897643
11,model.layers.2,60821504,814.013671875,0.183015896857982,4447.77577166788,0.5703143604065356
11,model.layers.3,60821504,886.65380859375,0.1932062943748198,4589.155914732486,0.5884427755977175
11,model.layers.4,60821504,914.09521484375,0.198657720665675,4601.357610369943,0.5900073333903291
11,model.layers.5,60821504,938.5693359375,0.20469453883996386,4585.219230842797,0.5879379957999201
11,model.layers.6,60821504,968.015625,0.21188995272241834,4568.482896723881,0.5857919857089033
11,model.layers.7,60821504,973.705078125,0.21838403228592262,4458.68256910909,0.5717128803693426
11,model.layers.8,60821504,1034.44580078125,0.22586375237760306,4579.9549059640385,0.5872629797401345
11,model.layers.9,60821504,1023.5888671875,0.22321167151226662,4585.731831371769,0.5880037238082174
11,model.layers.10,60821504,970.3623046875,0.20289574158804913,4782.566145018865,0.6132427289776727
11,model.layers.11,60821504,851.35498046875,0.17734898043107214,4800.450379807144,0.6155359281963942
11,model.layers.12,60821504,752.127685546875,0.15260208795481278,4928.685417263679,0.6319788172095036
11,model.layers.13,60821504,718.822021484375,0.14804737437309365,4855.351366602924,0.6225755863935478
11,model.layers.14,60821504,681.2509765625,0.1451382153187116,4693.808416112385,0.6018618028718915
11,model.layers.15,60821504,857.8291015625,0.21005227521849748,4083.883884000693,0.5236544612061279
11,model.norm,2048,0.058349609375,0.0016548984449948438,35.25872512085284,0.7791151134046098
11,__whole_model__,1235814400,14453.926025390625,1.0019870020222197,14425.262998641274,0.4103430802487071
12,model.embed_tokens,262668288,332.0,0.22627457047976873,1467.2439739740184,0.09053124914538557
12,model.layers.0,60821504,839.6142578125,0.2648945496511595,3169.6169623655555,0.4064229321406086
12,model.layers.1,60821504,785.9375,0.5905547553425362,1330.8461118802388,0.17064723764433024
12,model.layers.2,60821504,772.63623046875,0.18167924154040957,4252.749097352976,0.5453071391044577
12,model.layers.3,60821504,831.24169921875,0.1858481052152907,4472.693968312567,0.5735094867149307
12,model.layers.4,60821504,882.03271484375,0.1903679296336715,4633.305181923562,0.5941037986287985
12,model.layers.5,60821504,930.33544921875,0.20581464358413626,4520.258777594862,0.5796084663344719
12,model.layers.6,60821504,988.21240234375,0.2166200948705583,4561.9608971838825,0.5849557047929634
12,model.layers.7,60821504,1005.9619140625,0.22997515663032672,4374.219932283956,0.5608826908157195
12,model.layers.8,60821504,1062.51953125,0.2343497516569616,4533.905087321379,0.581358259220427
12,model.layers.9,60821504,1028.78369140625,0.2258533013229732,4555.096982775894,0.5840755819728308
12,model.layers.10,60821504,949.9296875,0.19897657487416281,4774.077994360676,0.6121543390807501
12,model.layers.11,60821504,820.7734375,0.17133619243615422,4790.426504930349,0.6142506206443432
12,model.layers.12,60821504,709.872314453125,0.14847574472411898,4781.065862118627,0.6130503557721417
12,model.layers.13,60821504,678.93701171875,0.14392023615582594,4717.453430132287,0.6048936758213922
12,model.layers.14,60821504,658.927734375,0.14206784099399017,4638.120279471794,0.5947212126846075
12,model.layers.15,60821504,843.834716796875,0.20758517155005288,4065.004790544058,0.5212336966122018
12,model.norm,2048,0.058349609375,0.0016371310644254962,35.64137938795762,0.7875706580021022
12,__whole_model__,1235814400,14121.608642578125,0.9984971038099644,14142.863898847896,0.4023099153435271
13,model.embed_tokens,262668288,346.0,0.22810246539186269,1516.8621672089266,0.09359276931079256
13,model.layers.0,60821504,858.01953125,0.2850224095692701,3010.358141826993,0.38600203031522495
13,model.layers.1,60821504,791.5556640625,0.5998200291884251,1319.6552724881478,0.16921229651016437
13,model.layers.2,60821504,786.59423828125,0.18409151822309058,4272.843452396426,0.5478837301541657
13,model.layers.3,60821504,854.58544921875,0.19055421145522022,4484.736614806205,0.5750536504914346
13,model.layers.4,60821504,887.0986328125,0.19291960064401556,4598.281511319406,0.5896129017569428
13,model.layers.5,60821504,919.265625,0.20476625609403254,4489.341371645999,0.5756440936897279
13,model.layers.6,60821504,952.82470703125,0.2090222333673631,4558.48495961973,0.5845100040179062
13,model.layers.7,60821504,957.16064453125,0.22064953925159475,4337.922697585384,0.5562284916711706
13,model.layers.8,60821504,1014.26025390625,0.22327353518755794,4542.680139203396,0.5824834369178966
13,model.layers.9,60821504,994.64599609375,0.21993996595984663,4522.352232587586,0.5798768988064549
13,model.layers.10,60821504,920.029296875,0.1939580328226804,4743.445184949394,0.6082264587190344
13,model.layers.11,60821504,804.2646484375,0.16773510515368914,4794.849877731818,0.6148178059431568
13,model.layers.12,60821504,700.2490234375,0.14563587493888927,4808.2179183620365,0.6165319178798411
13,model.layers.13,60821504,666.11328125,0.13944569172324614,4776.8652657409875,0.6125117358957308
13,model.layers.14,60821504,645.7392578125,0.1380244254215559,4678.441919539061,0.5998914396803096
13,model.layers.15,60821504,827.25634765625,0.20287720704465334,4077.6209398139567,0.5228513975645493
13,model.norm,2048,0.05517578125,0.0015995310392603903,34.49497377400867,0.7622384335141763
13,__whole_model__,1235814400,13925.7177734375,0.9998118276132849,13928.338702174064,0.3962075011274125
14,model.embed_tokens,262668288,364.0,0.23895886487383425,1523.2747284440989,0.09398843437341269
14,model.layers.0,60821504,862.9560546875,0.2847174141892409,3030.921228140706,0.38863872425418045
14,model.layers.1,60821504,806.00341796875,0.5778580284721745,1394.8121826736226,0.17884926279690846
14,model.layers.2,60821504,805.09033203125,0.1910656419597803,4213.684489651589,0.5402980946068314
14,model.layers.3,60821504,883.02783203125,0.19598418668618112,4505.607554170658,0.577729818770992
14,model.layers.4,60821504,922.72705078125,0.20027489622683833,4607.302603398367,0.5907696278652943
14,model.layers.5,60821504,958.40673828125,0.21586925141667235,4439.755694669671,0.5692859890770318
14,model.layers.6,60821504,991.89892578125,0.22105854092841865,4487.0418560413755,0.5753492391739833
14,model.layers.7,60821504,984.2705078125,0.22914868146099357,4295.335681344715,0.5507677876753367
14,model.layers.8,60821504,1021.5048828125,0.22617227612470056,4516.49026271147,0.5791252499436874
14,model.layers.9,60821504,990.70947265625,0.2169586196380603,4566.3522118134515,0.5855187794448511
14,model.layers.10,60821504,907.717041015625,0.19230167503695234,4720.276309819973,0.6052556384980725
14,model.layers.11,60821504,782.38671875,0.1647884002748363,4747.82640917155,0.6087882395322606
14,model.layers.12,60821504,670.80859375,0.14335992739046258,4679.191779463941,0.599987590184608
14,model.layers.13,60821504,643.164306640625,0.13893141573689796,4629.36552707863,0.5935986378813927
14,model.layers.14,60821504,631.0498046875,0.138608506007648,4552.7494874858585,0.5837745752801324
14,model.layers.15,60821504,838.952880859375,0.20888477894506438,4016.342813949193,0.5149940331303776
14,model.norm,2048,0.06201171875,0.0017739013946286549,34.95781610960479,0.7724659008304338
14,__whole_model__,1235814400,14064.736572265625,1.000074550416081,14063.68811846476,0.4000576698484833
15,model.embed_tokens,262668288,314.0,0.2149283935961626,1460.951690682558,0.09014300542010403
15,model.layers.0,60821504,1061.3046875,0.3333493497098875,3183.761085550786,0.4082365569683888
15,model.layers.1,60821504,929.04248046875,0.6467669425642817,1436.4408867053578,0.18418708757342797
15,model.layers.2,60821504,839.19091796875,0.21204029674111805,3957.6954516024184,0.5074739973499345
15,model.layers.3,60821504,837.53271484375,0.19069656193023587,4391.965467894233,0.5631581053849777
15,model.layers.4,60821504,823.39990234375,0.18274271622282523,4505.787805735287,0.5777529314594618
15,model.layers.5,60821504,838.30615234375,0.1853181774500484,4523.604558811891,0.5800374778613131
15,model.layers.6,60821504,856.73193359375,0.18783078480916454,4561.1901928865755,0.5848568815269207
15,model.layers.7,60821504,851.9951171875,0.19143223346190916,4450.635620657001,0.5706810634578627
15,model.layers.8,60821504,906.29248046875,0.19602759869531397,4623.290222910918,0.5928196343100446
15,model.layers.9,60821504,893.7412109375,0.19223989973551595,4649.093201604407,0.5961282114608758
15,model.layers.10,60821504,837.267578125,0.17189952590804838,4870.679972514101,0.6245410910693553
15,model.layers.11,60821504,733.620361328125,0.14983314068353332,4896.2489739010725,0.6278196665688519
15,model.layers.12,60821504,639.3515625,0.1296144386820593,4932.718677031901,0.6324959804126756
15,model.layers.13,60821504,616.03466796875,0.12845337714023544,4795.784133384139,0.6149376005196289
15,model.layers.14,60821504,579.74609375,0.12073522582060309,4801.7974026190805,0.6157086496852642
15,model.layers.15,60821504,722.800537109375,0.1756883604734084,4114.1059951935495,0.5275296799446448
15,model.norm,2048,0.049560546875,0.0014322532540342013,34.603200750568185,0.7646299344214436
15,__whole_model__,1235814400,13280.407958984375,1.0013701677840428,13262.236469829058,0.3772594624118109
16,model.embed_tokens,262668288,348.0,0.22616028434820554,1538.731705272377,0.09494215403087715
16,model.layers.0,60821504,871.1640625,0.28937640228009204,3010.4875713285924,0.38601862636394957
16,model.layers.1,60821504,796.6123046875,0.6061011296440745,1314.322421994661,0.1685284937794354
16,model.layers.2,60821504,771.0126953125,0.1766333875411858,4365.045057705877,0.5597062460047787
16,model.layers.3,60821504,828.4482421875,0.1827023220344686,4534.415506942518,0.581423707582645
16,model.layers.4,60821504,864.7060546875,0.18948709047002196,4563.403514944475,0.5851406839078469
16,model.layers.5,60821504,896.75732421875,0.20241511018114314,4430.288447419926,0.568072054891221
16,model.layers.6,60821504,932.7529296875,0.20834473536415535,4476.969039112929,0.5740576560459325
16,model.layers.7,60821504,932.94384765625,0.2162722720338871,4313.74692133474,0.5531285619360556
16,model.layers.8,60821504,990.49755859375,0.2207399124560093,4487.17020666185,0.5753656968835851
16,model.layers.9,60821504,972.5224609375,0.21503155617329303,4522.696474157255,0.5799210390510872
16,model.layers.10,60821504,900.65283203125,0.18988564612254713,4743.13277713468,0.6081864003455502
16,model.layers.11,60821504,786.692138671875,0.16431690224633302,4787.65195738974,0.6138948553388799
16,model.layers.12,60821504,688.990234375,0.1449258701569875,4754.087269779148,0.6095910360076949
16,model.layers.13,60821504,667.228759765625,0.14118022437239233,4726.078051878355,0.6059995646717674
16,model.layers.14,60821504,642.171875,0.13808587122077304,4650.525570232231,0.5963118763845997
16,model.layers.15,60821504,839.6982421875,0.20500031806716137,4096.082631015243,0.5252186409126861
16,model.norm,2048,0.05859375,0.0016998803960964117,34.469336863084074,0.7616719324653183
16,__whole_model__,1235814400,13730.91015625,0.9969634296322076,13772.732026204318,0.3917810915201351
17,model.embed_tokens,262668288,332.0,0.2255247041239403,1472.1225388130638,0.09083226422995891
17,model.layers.0,60821504,847.6982421875,0.2685371379916076,3156.7262857102187,0.40477003001844547
17,model.layers.1,60821504,793.181640625,0.6146669099810026,1290.4251518102947,0.16546427537897673
17,model.layers.2,60821504,765.9404296875,0.18054364749968393,4242.411407406848,0.5439815927342333
17,model.layers.3,60821504,811.962890625,0.18058119858308463,4496.386650415433,0.5765474718862795
17,model.layers.4,60821504,853.14453125,0.1843982348481473,4626.641529147869,0.5932493542804685
17,model.layers.5,60821504,904.896484375,0.20146090661996827,4491.672848876721,0.5759430464728498
17,model.layers.6,60821504,954.005859375,0.21115156704458593,4518.109302847636,0.579332850750727
17,model.layers.7,60821504,966.77734375,0.22003944249105736,4393.654759370202,0.5633747141434035
17,model.layers.8,60821504,1028.5146484375,0.22769291700178115,4517.113057273777,0.5792051075400908
17,model.layers.9,60821504,1002.22119140625,0.21969485678754233,4561.878261790425,0.584945108900997
17,model.layers.10,60821504,935.478515625,0.1962759425099951,4766.13946499002,0.6111364241648424
17,model.layers.11,60821504,814.08154296875,0.16938359838883818,4806.141507868659,0.6162656709323184
17,model.layers.12,60821504,717.87548828125,0.14770095843987802,4860.330602211107,0.6232140469898043
17,model.layers.13,60821504,679.109130859375,0.1426286637670262,4761.379044878746,0.6105260211026373
17,model.layers.14,60821504,648.68408203125,0.13947403993930874,4650.930612704134,0.5963638128018471
17,model.layers.15,60821504,815.07373046875,0.2011606502199,4051.8547219734432,0.5195475340601404
17,model.norm,2048,0.05712890625,0.0016251108448472119,35.15385207793078,0.7767977246604267
17,__whole_model__,1235814400,13870.702880859375,1.0014942983628512,13850.006838315403,0.39397926180169535
18,model.embed_tokens,262668288,326.0,0.22258032792655835,1464.6397686482228,0.09037056560170961
18,model.layers.0,60821504,863.3154296875,0.28104337339891505,3071.8227554937,0.39388330707702945
18,model.layers.1,60821504,797.625,0.5972635720708521,1335.4656759568445,0.17123957949494434
18,model.layers.2,60821504,794.01123046875,0.18826836917293777,4217.443609655931,0.5407801063428151
18,model.layers.3,60821504,858.369140625,0.1934212540425748,4437.822228347566,0.5690380710916237
18,model.layers.4,60821504,891.96533203125,0.1956044952252565,4560.045161559658,0.5847100603195621
18,model.layers.5,60821504,936.40283203125,0.20620209211192247,4541.189773782648,0.5822923353774099
18,model.layers.6,60821504,978.70556640625,0.2148337493376177,4555.641603909192,0.5841454158109661
18,model.layers.7,60821504,988.34033203125,0.22298710997964433,4432.275624010159,0.5683268598553769
18,model.layers.8,60821504,1047.7021484375,0.2312567232750074,4530.472167901413,0.580918074430583
18,model.layers.9,60821504,1018.60498046875,0.22304050600304465,4566.905799858818,0.5855897630618834
18,model.layers.10,60821504,936.5458984375,0.19546457082430066,4791.384415538625,0.6143734483685656
18,model.layers.11,60821504,810.27783203125,0.16901268492756516,4794.183539410169,0.6147323649647364
18,model.layers.12,60821504,703.250732421875,0.1453855265865551,4837.144033062986,0.6202409579600094
18,model.layers.13,60821504,666.36376953125,0.14062918875815394,4738.445662779328,0.6075853968860789
18,model.layers.14,60821504,633.24462890625,0.13615677931504833,4650.849058650307,0.5963533555642445
18,model.layers.15,60821504,807.6337890625,0.1987376298920503,4063.819164499386,0.5210816701625648
18,model.norm,2048,0.056396484375,0.0016115268908442895,34.995683097446495,0.7733026509518706
18,__whole_model__,1235814400,14058.4150390625,1.0018557700921058,14032.374178740356,0.3991669090711966
19,model.embed_tokens,262668288,320.0,0.23366644566999842,1369.4734778134487,0.08449865654048505
19,model.layers.0,60821504,911.61328125,0.3071779174586037,2967.704478212865,0.3805327804852218
19,model.layers.1,60821504,870.20166015625,0.5980413609261651,1455.086081017206,0.18657786053827768
19,model.layers.2,60821504,814.37890625,0.19257653877014763,4228.858361723975,0.542243758594881
19,model.layers.3,60821504,837.392578125,0.1848172358048633,4530.922532621087,0.5809758222758513
19,model.layers.4,60821504,851.140625,0.18405052186609844,4624.4944940673795,0.5929740515220652
19,model.layers.5,60821504,891.701171875,0.19886538541062018,4483.943598499066,0.5749519662763988
19,model.layers.6,60821504,938.44580078125,0.20774778859117823,4517.236054088617,0.5792208787599966
19,model.layers.7,60821504,944.59521484375,0.21880707936721397,4317.0230943875395,0.5535486479824544
19,model.layers.8,60821504,994.12744140625,0.22050514183872058,4508.409341916225,0.5780890769413987
19,model.layers.9,60821504,967.32373046875,0.21335625410834202,4533.8428653586325,0.5813502808328669
19,model.layers.10,60821504,890.46240234375,0.1882496864919568,4730.219842261443,0.6065306441718437
19,model.layers.11,60821504,764.25341796875,0.16091450237480992,4749.437786462612,0.6089948577738951
19,model.layers.12,60821504,660.733642578125,0.1394753745192137,4737.278138565631,0.6074356915368491
19,model.layers.13,60821504,631.29541015625,0.1360389591143848,4640.548665367557,0.5950325915445277
19,model.layers.14,60821504,608.69775390625,0.13385905586935484,4547.303504817285,0.5830762662191863
19,model.layers.15,60821504,801.787353515625,0.20611965992616818,3889.9120724477434,0.498782499281385
19,model.norm,2048,0.06103515625,0.0017838033238757808,34.21630368833774,0.7560806364113092
19,__whole_model__,1235814400,13698.21142578125,0.9980752244482735,13724.628254702437,0.39041272480324957
20,model.embed_tokens,262668288,334.0,0.22613184381917686,1477.0144459047456,0.09113410255239797
20,model.layers.0,60821504,899.998046875,0.301207520870806,2987.966715681802,0.38313089819522694
20,model.layers.1,60821504,820.126953125,0.6119720940290726,1340.1378283860745,0.17183866446711663
20,model.layers.2,60821504,794.2138671875,0.18466892433433044,4300.744535391511,0.5514613359328456
20,model.layers.3,60821504,848.03271484375,0.18944539110107783,4476.3966540167,0.5739842621841869
20,model.layers.4,60821504,870.89453125,0.19033460577861055,4575.59742059197,0.5867042428319518
20,model.layers.5,60821504,902.45068359375,0.2041491413706925,4420.546065168536,0.566822841624237
20,model.layers.6,60821504,927.50830078125,0.20663381019203345,4488.657010773201,0.5755563417765261
20,model.layers.7,60821504,928.13916015625,0.21176641975720106,4382.843895743243,0.5619884952575221
20,model.layers.8,60821504,983.494140625,0.21603437747457466,4552.4890627221985,0.5837411824136425
20,model.layers.9,60821504,964.388671875,0.2089867347970579,4614.592753035236,0.5917044045358951
20,model.layers.10,60821504,897.1552734375,0.18671567310931447,4804.927505535392,0.616110005943845
20,model.layers.11,60821504,792.45947265625,0.16419690457619818,4826.27534728279,0.6188473248504728
20,model.layers.12,60821504,697.998046875,0.14354464951906443,4862.58491147939,0.6235031049402273
20,model.layers.13,60821504,671.79541015625,0.13878986866450807,4840.377879311621,0.6206556166680073
20,model.layers.14,60821504,638.922119140625,0.13458400533776668,4747.385230043618,0.6087316695060075
20,model.layers.15,60821504,807.82421875,0.19691059179171067,4102.492463201296,0.5260405392122336
20,model.norm,2048,0.056640625,0.0016396651514056597,34.54401952218284,0.763322201674249
20,__whole_model__,1235814400,13779.458251953125,1.0003684156730142,13774.38355316603,0.3918280710906738
21,model.embed_tokens,262668288,368.0,0.23504660068245667,1565.6469777972275,0.09660286846282228
21,model.layers.0,60821504,884.4853515625,0.2730473449641527,3239.311305805301,0.41535946287940684
21,model.layers.1,60821504,832.94189453125,0.5792252801437338,1438.0275224253971,0.18439053333650723
21,model.layers.2,60821504,820.94921875,0.18883060998980547,4347.54311705248,0.5574620663064229
21,model.layers.3,60821504,881.40771484375,0.19435604225894673,4535.015760762521,0.5815006749009206
21,model.layers.4,60821504,913.4375,0.19889144920361618,4592.643392451043,0.5888899561046937
21,model.layers.5,60821504,953.95849609375,0.21067495981606277,4528.105746058465,0.5806146408878199
21,model.layers.6,60821504,1002.1533203125,0.22038592758645795,4547.265477825724,0.5830713902226244
21,model.layers.7,60821504,1006.72412109375,0.22967864885759398,4383.185490254003,0.5620322960840304
21,model.layers.8,60821504,1055.2763671875,0.23304995793993952,4528.112240464169,0.5806154736305267
21,model.layers.9,60821504,1026.27587890625,0.2223008453412359,4616.608080508635,0.591962819136362
21,model.layers.10,60821504,945.47802734375,0.19705361714053019,4798.074965908774,0.6152313416507371
21,model.layers.11,60821504,821.2666015625,0.17115901886684592,4798.266588577542,0.6152559123947198
21,model.layers.12,60821504,718.0654296875,0.15038448090015982,4774.86390476836,0.6122551121445252
21,model.layers.13,60821504,685.494384765625,0.1438374365626329,4765.757796768937,0.6110874849020358
21,model.layers.14,60821504,660.865234375,0.14332591930183058,4610.926185537184,0.5912342603099073
21,model.layers.15,60821504,859.08154296875,0.21119178289988552,4067.7792060498564,0.5215894449875517
21,model.norm,2048,0.05859375,0.0016871922504596338,34.7285556723234,0.7673999130223255
21,__whole_model__,1235814400,14435.919677734375,1.0021508172095905,14404.937290706452,0.40976489227369434
22,model.embed_tokens,262668288,308.0,0.21464370604308217,1434.9360886369518,0.08853780206453743
22,model.layers.0,60821504,960.2294921875,0.292209756465992,3286.0966170349398,0.4213584916569629
22,model.layers.1,60821504,879.34375,0.6158019722498742,1427.9651407858569,0.18310028826941632
22,model.layers.2,60821504,840.28955078125,0.19544170882492526,4299.438210162054,0.5512938328760445
22,model.layers.3,60821504,896.98681640625,0.20306036922935125,4417.340615554222,0.5664118240638986
22,model.layers.4,60821504,905.2578125,0.20522622192177226,4411.024108045338,0.5656018922856648
22,model.layers.5,60821504,912.20703125,0.20075586076929242,4543.862519153568,0.5826350471382984
22,model.layers.6,60821504,935.31689453125,0.20560521447948993,4549.091310252505,0.5833055068926513
22,model.layers.7,60821504,930.25537109375,0.21095815677962315,4409.667705172162,0.565427968042002
22,model.layers.8,60821504,976.1943359375,0.21366195728378104,4568.872944662491,0.5858419994578097
22,model.layers.9,60821504,951.3896484375,0.2054659956477874,4630.399523960087,0.5937312217391191
22,model.layers.10,60821504,893.59619140625,0.1850999281150736,4827.642022911624,0.6190225663143313
22,model.layers.11,60821504,782.7646484375,0.16130793431198984,4852.610950454146,0.6222241975728492
22,model.layers.12,60821504,681.9296875,0.13944219974462121,4890.411143462361,0.6270711129762846
22,model.layers.13,60821504,644.1640625,0.13391827260795403,4810.128221902857,0.6167768658264093
22,model.layers.14,60821504,609.10693359375,0.12956425503068594,4701.195815539474,0.6028090493599373
22,model.layers.15,60821504,764.680419921875,0.18583703307052685,4114.790293879002,0.5276174238838981
22,model.norm,2048,0.053466796875,0.0015048493442696778,35.529667523593936,0.7851021512261475
22,__whole_model__,1235814400,13871.76611328125,0.9980740489637034,13898.534009259387,0.3953596725992513
23,model.embed_tokens,262668288,340.0,0.2312500206199843,1470.2701391699582,0.09071796827333448
23,model.layers.0,60821504,832.4130859375,0.28953151509749714,2875.0344695885433,0.3686502037973171
23,model.layers.1,60821504,769.41943359375,0.6008076476683306,1280.641876946446,0.16420981867227882
23,model.layers.2,60821504,771.2607421875,0.18189450090311787,4240.154256220726,0.543692170379974
23,model.layers.3,60821504,847.65185546875,0.1896200601394,4470.2646694953855,0.5731979907960082
23,model.layers.4,60821504,873.0546875,0.19311192210668823,4520.977669196752,0.5797006459373072
23,model.layers.5,60821504,897.25341796875,0.1994640236594788,4498.322060826989,0.5767956391518198
23,model.layers.6,60821504,935.6884765625,0.2072515620199409,4514.747524423829,0.5789017879881179
23,model.layers.7,60821504,952.32958984375,0.21832464271295052,4361.9885415127255,0.5593143253758491
23,model.layers.8,60821504,1014.62890625,0.22317388914066288,4546.360285053311,0.5829553222228993
23,model.layers.9,60821504,991.20556640625,0.2192981851032757,4519.8986299838925,0.5795622865437301
23,model.layers.10,60821504,920.78857421875,0.1938163339605746,4750.830620942677,0.6091734534465255
23,model.layers.11,60821504,790.0771484375,0.16713684237045945,4727.127407889465,0.606134117948065
23,model.layers.12,60821504,675.2412109375,0.1437807969942668,4696.3240227721435,0.6021843655811749
23,model.layers.13,60821504,637.420166015625,0.13780912561262537,4625.384300074449,0.5930881465596434
23,model.layers.14,60821504,618.67578125,0.1386200780688299,4463.103685043411,0.5722797762822227
23,model.layers.15,60821504,813.255859375,0.20457932895462208,3975.2591991118957,0.5097261022089554
23,model.norm,2048,0.057861328125,0.001675699130449982,34.52966411068213,0.7630049888986591
23,__whole_model__,1235814400,13680.42236328125,0.9995730738212184,13686.265388265252,0.38932144925544937
24,model.embed_tokens,262668288,344.0,0.24737825163891508,1390.5830351736763,0.08580114926195895
24,model.layers.0,60821504,827.6826171875,0.26927854176001326,3073.7043203581675,0.39412457001772844
24,model.layers.1,60821504,754.345703125,0.5948626891184927,1268.1005497971976,0.16260171175795685
24,model.layers.2,60821504,734.833984375,0.17331794227668168,4239.803304391441,0.5436471697148488
24,model.layers.3,60821504,800.46435546875,0.18015043276332704,4443.310755297277,0.5697418353768733
24,model.layers.4,60821504,846.64794921875,0.1851462333445505,4572.860781040944,0.5863533382640667
24,model.layers.5,60821504,896.35693359375,0.2017508199977576,4442.891154562409,0.5696880322318819
24,model.layers.6,60821504,942.8232421875,0.20900231558487078,4511.066011632978,0.5784297274076323
24,model.layers.7,60821504,959.20068359375,0.2227886790323319,4305.428299857855,0.5520619098540701
24,model.layers.8,60821504,1025.27490234375,0.2291334347144284,4474.575714458964,0.5737507729004364
24,model.layers.9,60821504,1000.8486328125,0.22454230146290613,4457.283221432724,0.5715334495445882
24,model.layers.10,60821504,920.10302734375,0.19678412280189042,4675.697481295533,0.599539535128038
24,model.layers.11,60821504,802.89404296875,0.16946513644870476,4737.81250700953,0.607504210727777
24,model.layers.12,60821504,702.259765625,0.14967297879299657,4691.960908964416,0.6016249069689658
24,model.layers.13,60821504,664.67626953125,0.14494761651081772,4585.630902607108,0.5879907822556709
24,model.layers.14,60821504,641.3017578125,0.14035281433102612,4569.211959654557,0.5858854695265123
24,model.layers.15,60821504,846.71435546875,0.22150520944051877,3822.5482714713303,0.4901448014655148
24,model.norm,2048,0.064453125,0.0018817127109575695,34.25237265214676,0.7568776554394258
24,__whole_model__,1235814400,13710.49267578125,1.0004517710325003,13704.301469356744,0.3898345061800542
25,model.embed_tokens,262668288,336.0,0.2259395189841405,1487.1236404800218,0.09175785567661404
25,model.layers.0,60821504,772.0673828125,0.2503753914537863,3083.639243975007,0.3953984718282284
25,model.layers.1,60821504,725.91015625,0.5883042328647042,1233.9026573295823,0.15821669997427926
25,model.layers.2,60821504,730.830078125,0.17209310832514582,4246.713219591566,0.5445331909690957
25,model.layers.3,60821504,813.03369140625,0.18229684268836333,4459.943899281526,0.5718746139520328
25,model.layers.4,60821504,873.5185546875,0.19307960159642318,4524.1369231397985,0.5801057400752284
25,model.layers.5,60821504,928.51318359375,0.2064808612711635,4496.848656468789,0.5766067124371415
25,model.layers.6,60821504,991.6533203125,0.21882582687482097,4531.701465384038,0.5810757006337783
25,model.layers.7,60821504,1016.5341796875,0.23426350822092537,4339.276686358012,0.5564021063677067
25,model.layers.8,60821504,1081.08837890625,0.2395689977103606,4512.638902523138,0.5786314107451165
25,model.layers.9,60821504,1046.72119140625,0.23082965672903763,4534.604462176873,0.5814479362958624
25,model.layers.10,60821504,962.9794921875,0.20287306977569086,4746.709325452759,0.6086450018963481
25,model.layers.11,60821504,830.583984375,0.17582119198019608,4724.026580757991,0.6057365155658849
25,model.layers.12,60821504,713.19287109375,0.15128478372378115,4714.240609920903,0.6044817131690416
25,model.layers.13,60821504,678.9921875,0.1479270399534322,4590.047821640644,0.5885571400225406
25,model.layers.14,60821504,652.5576171875,0.1437207936885252,4540.4537536978605,0.582197959481355
25,model.layers.15,60821504,848.33447265625,0.2115340192159541,4010.392634719379,0.5142310736567073
25,model.norm,2048,0.0556640625,0.0015791432805741835,35.249532569179095,0.7789119847913312
25,__whole_model__,1235814400,14002.56640625,0.9991422661592985,14014.587191947996,0.39866093791840673
26,model.embed_tokens,262668288,352.0,0.24463221077581102,1438.8947346046116,0.08878205671525234
26,model.layers.0,60821504,958.0927734375,0.2914942696570362,3286.8322748325877,0.42145282109888665
26,model.layers.1,60821504,851.77490234375,0.5785380014583971,1472.2885967673146,0.18878364659203994
26,model.layers.2,60821504,814.34326171875,0.18711313011093608,4352.143867380873,0.5580519957713124
26,model.layers.3,60821504,876.5986328125,0.19195722015795,4566.635378920366,0.5855550884396742
26,model.layers.4,60821504,902.853515625,0.19549348992042093,4618.33033924824,0.5921836551096565
26,model.layers.5,60821504,941.76513671875,0.21010504700208568,4482.353709044415,0.5747481033044338
26,model.layers.6,60821504,967.76318359375,0.21461457976256776,4509.307730464561,0.5782042724720737
26,model.layers.7,60821504,968.658203125,0.2190094928346577,4422.9051014528095,0.5671253281565417
26,model.layers.8,60821504,1015.37841796875,0.22222313271695557,4569.184159877866,0.5858819049106959
26,model.layers.9,60821504,990.2119140625,0.2138513163451669,4630.37558517642,0.5937281521976682
26,model.layers.10,60821504,915.9736328125,0.19080045698955825,4800.688883374255,0.6155665102257758
26,model.layers.11,60821504,799.20068359375,0.16611519266563507,4811.123358249482,0.6169044668068046
26,model.layers.12,60821504,691.4912109375,0.14472899126225183,4777.834799418342,0.612636053983575
26,model.layers.13,60821504,668.237548828125,0.14147518665066985,4723.355131371096,0.605650419223063
26,model.layers.14,60821504,647.11962890625,0.1391346848411156,4651.030256367965,0.5963765895728275
26,model.layers.15,60821504,850.452880859375,0.21400977619315611,3973.8973423895945,0.5095514786475583
26,model.norm,2048,0.06201171875,0.001798805216122782,34.473837519585686,0.7617713838631958
26,__whole_model__,1235814400,14211.9775390625,0.9964956214907615,14261.956834091578,0.4056976498956358
27,model.embed_tokens,262668288,324.0,0.23066769111744373,1404.6180391819,0.0866671309713154
27,model.layers.0,60821504,845.55859375,0.26955267512186326,3136.8955747433324,0.4022272446304029
27,model.layers.1,60821504,789.107421875,0.6159539070688522,1281.1144029106588,0.16427040813471802
27,model.layers.2,60821504,763.74951171875,0.17849620436029556,4278.799733898641,0.5486474720893989
27,model.layers.3,60821504,825.70458984375,0.18262699218342854,4521.262601830629,0.5797371813161553
27,model.layers.4,60821504,865.580078125,0.18731746423639495,4620.92566570641,0.5925164398598379
27,model.layers.5,60821504,916.583984375,0.20516121167874857,4467.6280514965565,0.5728599114536959
27,model.layers.6,60821504,949.83935546875,0.21311637912891954,4456.904529586475,0.5714848919263152
27,model.layers.7,60821504,942.32861328125,0.218272542541766,4317.210961616655,0.5535727371866128
27,model.layers.8,60821504,999.69140625,0.22125300476808185,4518.317874588324,0.5793595947830246
27,model.layers.9,60821504,979.76611328125,0.21512192149154113,4554.468956432112,0.5839950535332332
27,model.layers.10,60821504,909.90283203125,0.19005198652507668,4787.652308549754,0.6138949003662393
27,model.layers.11,60821504,797.321533203125,0.16534478362902158,4822.17530969739,0.6183215990870349
27,model.layers.12,60821504,700.560302734375,0.1438168268723752,4871.198440194072,0.624607571390863
27,model.layers.13,60821504,674.303955078125,0.1422300859292013,4740.937549695197,0.6079049181402039
27,model.layers.14,60821504,648.39306640625,0.13843184437355377,4683.843297331087,0.6005840292978878
27,model.layers.15,60821504,845.475830078125,0.20749869064690502,4074.608024957847,0.5224650677005156
27,model.norm,2048,0.059814453125,0.0017081124346339535,35.01786645433453,0.7737928385170271
27,__whole_model__,1235814400,13777.927001953125,1.0012707283526645,13760.441219150776,0.39143146547688257
28,model.embed_tokens,262668288,334.0,0.2427138024370193,1376.1063303627661,0.08490791392190096
28,model.layers.0,60821504,944.119140625,0.30851040103513705,3060.250602434217,0.3923994721425694
28,model.layers.1,60821504,855.0302734375,0.60107868942067,1422.4930753435842,0.1823986347547109
28,model.layers.2,60821504,819.595703125,0.19202150128219034,4268.249636901553,0.5472946899056728
28,model.layers.3,60821504,852.9765625,0.1896022236987424,4498.768768953302,0.5768529181317921
28,model.layers.4,60821504,871.2265625,0.18793699299106398,4635.73748113244,0.5944156792718078
28,model.layers.5,60821504,903.259765625,0.20060778901826906,4502.615626468728,0.5773461799768383
28,model.layers.6,60821504,944.12548828125,0.2080235553177386,4538.550871506725,0.581953963134534
28,model.layers.7,60821504,949.13671875,0.21760288542511272,4361.783700136835,0.5592880596681622
28,model.layers.8,60821504,997.50048828125,0.22061919781183614,4521.367578953886,0.5797506419679463
28,model.layers.9,60821504,972.14453125,0.21474873431964936,4526.89294924077,0.5804591304761231
28,model.layers.10,60821504,877.21728515625,0.18621925235761894,4710.669138933205,0.6040237626570049
28,model.layers.11,60821504,748.18994140625,0.15825575729308547,4727.726524480383,0.6062109394455728
28,model.layers.12,60821504,650.23681640625,0.13762274962666232,4724.777103859553,0.6058327511057618
28,model.layers.13,60821504,608.4130859375,0.13031613075572568,4668.747317843216,0.5986483530569277
28,model.layers.14,60821504,595.663330078125,0.13205149701554136,4510.841175908974,0.5784008979322462
28,model.layers.15,60821504,802.013427734375,0.202542851552563,3959.7222098269913,0.5077338776541326
28,model.norm,2048,0.061279296875,0.0017675788109884063,34.668494832619906,0.7660727434273849
28,__whole_model__,1235814400,13724.910400390625,1.0016452017694624,13702.367241558988,0.38977948486137814
29,model.embed_tokens,262668288,312.0,0.22690284585704293,1375.0378441554294,0.08484198665093537
29,model.layers.0,60821504,896.8095703125,0.2843355670999736,3154.0534286981338,0.4044273039424109
29,model.layers.1,60821504,842.69384765625,0.6168630787069065,1366.0954541528715,0.17516707118023467
29,model.layers.2,60821504,805.21142578125,0.18941635189417827,4251.013271711091,0.5450845635202669
29,model.layers.3,60821504,838.78759765625,0.1889928789270661,4438.1968379874515,0.5690861052705349
29,model.layers.4,60821504,859.96923828125,0.1874628953476631,4587.41041359879,0.5882189593772612
29,model.layers.5,60821504,897.21533203125,0.19923900148398843,4503.2113459138845,0.5774225658766201
29,model.layers.6,60821504,920.9462890625,0.2022597965346563,4553.283968644258,0.5838431089238344
29,model.layers.7,60821504,929.94921875,0.2135383372492272,4354.952046220288,0.558412073437302
29,model.layers.8,60821504,986.18359375,0.21725952964302328,4539.196026845807,0.5820366879330534
29,model.layers.9,60821504,964.509765625,0.21351573018317763,4517.277320961485,0.5792261701891097
29,model.layers.10,60821504,884.7734375,0.1857299023502652,4763.764080548641,0.6108318413962969
29,model.layers.11,60821504,777.95166015625,0.1637813016391061,4749.941857651584,0.6090594921108077
29,model.layers.12,60821504,677.3623046875,0.14116826246550201,4798.261966658621,0.6152553197509201
29,model.layers.13,60821504,643.41357421875,0.13516401222775123,4760.24323053239,0.6103803817391135
29,model.layers.14,60821504,618.78955078125,0.13380656637851399,4624.508105460303,0.5929757968377574
29,model.layers.15,60821504,794.251708984375,0.19612351711047207,4049.7525268068207,0.5192779808826761
29,model.norm,2048,0.054443359375,0.0015702420658579516,34.67195317127945,0.7661491626373161
29,__whole_model__,1235814400,13650.87255859375,0.9972332562248071,13688.745810856135,0.3893920077087932
30,model.embed_tokens,262668288,352.0,0.23209444591848816,1516.6239700695933,0.09357807217456354
30,model.layers.0,60821504,816.4296875,0.25585334435221235,3191.0065102611597,0.4091655988022628
30,model.layers.1,60821504,762.857421875,0.5830666264446565,1308.3537751537026,0.16776316630333443
30,model.layers.2,60821504,747.61767578125,0.1737806486714015,4302.07667825493,0.551632149445964
30,model.layers.3,60821504,826.71142578125,0.18319303521779645,4512.7885173056975,0.5786505950438318
30,model.layers.4,60821504,882.71337890625,0.19038181233263873,4636.542577732984,0.5945189124778811
30,model.layers.5,60821504,945.58056640625,0.20938190180890145,4516.056823618223,0.5790696723804443
30,model.layers.6,60821504,1005.34130859375,0.22026601037570712,4564.214455416622,0.5852446664421387
30,model.layers.7,60821504,1025.1533203125,0.23266264061553119,4406.179340182674,0.5649806737650476
30,model.layers.8,60821504,1089.208984375,0.24219700269302086,4497.202575853292,0.5766520936159081
30,model.layers.9,60821504,1042.7236328125,0.22851952115676646,4562.952116888002,0.5850828035633595
30,model.layers.10,60821504,956.17236328125,0.2030738828045828,4708.495007215531,0.6037449854425817
30,model.layers.11,60821504,821.2177734375,0.1737993032939551,4725.092436351917,0.6058731844949276
30,model.layers.12,60821504,708.9404296875,0.14994082229189198,4728.134865816564,0.6062632988584404
30,model.layers.13,60821504,677.045654296875,0.14555817587345643,4651.374958734552,0.5964207889029696
30,model.layers.14,60821504,657.738525390625,0.1429274885043356,4601.903610519771,0.5900773440523355
30,model.layers.15,60821504,857.142333984375,0.2133836559571857,4016.9071531718255,0.5150663953130349
30,model.norm,2048,0.061279296875,0.0017572108557870622,34.87304706386687,0.7705927518593089
30,__whole_model__,1235814400,14174.65576171875,0.998873878408634,14190.636143475136,0.403668851399846
31,model.embed_tokens,262668288,318.0,0.24077932066147542,1320.7114262403509,0.0814899616553068
31,model.layers.0,60821504,898.8291015625,0.2969837925421082,3026.525770543719,0.3880751183718678
31,model.layers.1,60821504,814.0146484375,0.584536562047146,1392.5812366410116,0.17856320058851324
31,model.layers.2,60821504,790.2138671875,0.1910827079905393,4135.4546180422785,0.5302670990076944
31,model.layers.3,60821504,855.2265625,0.1939623945462226,4409.239040901784,0.5653730027286095
31,model.layers.4,60821504,888.48046875,0.1966892868039111,4517.177743573642,0.5792134019163427
31,model.layers.5,60821504,925.265625,0.20816206005135562,4444.929228562246,0.5699493634970689
31,model.layers.6,60821504,951.14404296875,0.2110577326784781,4506.558612650821,0.5778517678836875
31,model.layers.7,60821504,960.8291015625,0.22198385352350025,4328.373826796291,0.5550040913380025
31,model.layers.8,60821504,1010.134765625,0.22350409816473293,4519.5357665454685,0.5795157585170436
31,model.layers.9,60821504,984.57958984375,0.2174424403754257,4528.001010951782,0.5806012112685119
31,model.layers.10,60821504,906.66015625,0.19125375537297867,4740.61361295548,0.6078633814746864
31,model.layers.11,60821504,776.699462890625,0.16359682355902982,4747.643908931841,0.6087648385082821
31,model.layers.12,60821504,671.801513671875,0.1417814651098302,4738.288697690265,0.6075652700971015
31,model.layers.13,60821504,640.8544921875,0.13584481400392223,4717.5484532592955,0.6049058601257917
31,model.layers.14,60821504,626.542236328125,0.13838463938245033,4527.54177865482,0.5805423263815112
31,model.layers.15,60821504,815.3330078125,0.20875109811065057,3905.766317839079,0.5008154038800575
31,model.norm,2048,0.058349609375,0.0016779999192016273,34.7733088108622,0.7683888270142055
31,__whole_model__,1235814400,13834.6669921875,0.9998472552285114,13836.780488061288,0.393603023163673
32,model.embed_tokens,262668288,310.0,0.224511266096471,1380.7770335533855,0.0851961036175034
32,model.layers.0,60821504,1037.509765625,0.3185241752124767,3257.240254787293,0.41765839555864837
32,model.layers.1,60821504,922.5419921875,0.6269104170640019,1471.569090378214,0.1886913881583477
32,model.layers.2,60821504,825.7265625,0.19355802313030493,4266.041516368008,0.5470115544882331
32,model.layers.3,60821504,845.2265625,0.18725187756560097,4513.848264105588,0.5787864806750775
32,model.layers.4,60821504,850.095703125,0.18588773875799075,4573.1671642514775,0.586392624134966
32,model.layers.5,60821504,871.3154296875,0.19515272355429725,4464.787443486918,0.5724956755696609
32,model.layers.6,60821504,903.8173828125,0.19952201575229703,4529.913049468049,0.5808463816816484
32,model.layers.7,60821504,902.62255859375,0.2070464601551984,4359.516979508657,0.5589974102758267
32,model.layers.8,60821504,955.12158203125,0.2100494549435476,4547.127162448226,0.5830536547858349
32,model.layers.9,60821504,929.3076171875,0.20412288468055514,4552.687067115637,0.5837665714518492
32,model.layers.10,60821504,859.085205078125,0.1798234370362706,4777.381743097517,0.6125779610087704
32,model.layers.11,60821504,740.5048828125,0.15262578157009207,4851.767998792718,0.6221161104159598
32,model.layers.12,60821504,641.422119140625,0.13310041073720197,4819.084446005737,0.6179252742631449
32,model.layers.13,60821504,602.22216796875,0.12775987127845384,4713.703621821919,0.6044128580738344
32,model.layers.14,60821504,573.972900390625,0.12515116579907462,4586.236945743809,0.5880684919068832
32,model.layers.15,60821504,745.262451171875,0.19038570812053263,3914.487376857361,0.5019336583630649
32,model.norm,2048,0.053955078125,0.0015557546525195066,34.68096851751082,0.7663483755265333
32,__whole_model__,1235814400,13515.808837890625,1.0000459949489797,13515.187207544563,0.38445493502642736
33,model.embed_tokens,262668288,316.0,0.2324355786555191,1359.5164812024216,0.08388429426882334
33,model.layers.0,60821504,797.89453125,0.2700724394836343,2954.372289062655,0.37882326559095597
33,model.layers.1,60821504,746.849609375,0.5911383190372502,1263.409231516825,0.1620001692517952
33,model.layers.2,60821504,741.43212890625,0.17756517964805904,4175.549115968552,0.5354082007885669
33,model.layers.3,60821504,811.5205078125,0.18246265577382095,4447.597807731427,0.5702915410483205
33,model.layers.4,60821504,854.96337890625,0.18977355485446695,4505.1766014601035,0.5776745600232264
33,model.layers.5,60821504,904.50439453125,0.20095007999016995,4501.139758568379,0.577156937375403
33,model.layers.6,60821504,963.63623046875,0.2115504726544973,4555.112632825707,0.5840775886945291
33,model.layers.7,60821504,981.5380859375,0.2273071704435231,4318.113168283768,0.553688422294119
33,model.layers.8,60821504,1046.64208984375,0.2331870937053485,4488.422035767855,0.5755262121956377
33,model.layers.9,60821504,1007.71044921875,0.22644425463868012,4450.1480102759815,0.570618539801803
33,model.layers.10,60821504,925.2294921875,0.1971863860452835,4692.15705375838,0.6016500575607355
33,model.layers.11,60821504,783.0078125,0.16803794037523387,4659.708460788793,0.5974893490413395
33,model.layers.12,60821504,665.428466796875,0.14284518561810847,4658.389177888532,0.5973201844921168
33,model.layers.13,60821504,623.219970703125,0.1367656038733403,4556.84728508415,0.5843000138220733
33,model.layers.14,60821504,605.6689453125,0.13774393973339097,4397.064193784475,0.5638118875773049
33,model.layers.15,60821504,818.926513671875,0.220780357828727,3709.236282274563,0.47561541465226875
33,model.norm,2048,0.061767578125,0.0018199483240148682,33.939193388051045,0.7499573060216417
33,__whole_model__,1235814400,13594.234375,0.9968208094591577,13637.590874909389,0.38793684713471627
34,model.embed_tokens,262668288,332.0,0.22105382383575217,1501.8966613610053,0.09266937418187253
34,model.layers.0,60821504,858.546875,0.2874990171566509,2986.2602087860346,0.38291208199613064
34,model.layers.1,60821504,790.63330078125,0.6111694135117214,1293.6401647431048,0.16587651919219998
34,model.layers.2,60821504,781.03271484375,0.1889966780250785,4132.520862298504,0.529890919290799
34,model.layers.3,60821504,845.9248046875,0.19610656700861595,4313.597538272822,0.5531094073496314
34,model.layers.4,60821504,871.7236328125,0.19584913345897337,4450.995607775356,0.5707272226694999
34,model.layers.5,60821504,901.703125,0.2033835894484243,4433.5097411025945,0.5684851040512113
34,model.layers.6,60821504,947.72216796875,0.212029997837617,4469.755117832724,0.5731326537274366
34,model.layers.7,60821504,940.896484375,0.21686135186519595,4338.700631912848,0.5563282420050861
34,model.layers.8,60821504,996.005859375,0.21887204936735036,4550.630664143525,0.583502889961148
34,model.layers.9,60821504,977.388671875,0.21395083891088146,4568.286232717784,0.5857667685413547
34,model.layers.10,60821504,899.1005859375,0.18930229489052164,4749.549319819249,0.6090091590962233
34,model.layers.11,60821504,768.94384765625,0.16086241541137705,4780.13366695889,0.6129308254015493
34,model.layers.12,60821504,659.984619140625,0.1383848154423326,4769.198246433708,0.6115286352546624
34,model.layers.13,60821504,624.288330078125,0.13239790541465157,4715.243251945278,0.6046102765621179
34,model.layers.14,60821504,600.41259765625,0.13034055157588553,4606.491152576441,0.5906655798915956
34,model.layers.15,60821504,779.185791015625,0.192906301369752,4039.193045965488,0.5179239954590827
34,model.norm,2048,0.05615234375,0.0015904594440401217,35.30573757188082,0.7801539516209248
34,__whole_model__,1235814400,13575.549560546875,0.9986035233534589,13594.534009812187,0.38671204543428955
35,model.embed_tokens,262668288,306.0,0.23987331239256754,1275.6733833700184,0.07871104393443781
35,model.layers.0,60821504,904.556640625,0.27531110928635694,3285.5798771423765,0.42129223288033996
35,model.layers.1,60821504,832.32470703125,0.6102713654998141,1363.8600040648696,0.17488043144104623
35,model.layers.2,60821504,762.8544921875,0.18843470311493665,4048.375801150562,0.519101450757865
35,model.layers.3,60821504,821.09716796875,0.18415072469311622,4458.832129697525,0.571732057719037
35,model.layers.4,60821504,845.828125,0.1861311693891582,4544.258373145256,0.5826858053661572
35,model.layers.5,60821504,898.962890625,0.203231842760046,4423.336807935149,0.5671806835564087
35,model.layers.6,60821504,939.2021484375,0.20819633825127448,4511.13672952291,0.5784387951822317
35,model.layers.7,60821504,945.02587890625,0.21459949702292758,4403.672385146758,0.5646592204069479
35,model.layers.8,60821504,1000.8818359375,0.2196260981521165,4557.208111234,0.5843462806182056
35,model.layers.9,60821504,971.95703125,0.2136833812967179,4548.585039003821,0.5832405904539171
35,model.layers.10,60821504,896.5283203125,0.18965951628556804,4727.041056893809,0.6061230456244169
35,model.layers.11,60821504,770.3798828125,0.1618655793966355,4759.380503774435,0.6102697589279765
35,model.layers.12,60821504,668.86181640625,0.1411357594049815,4739.137828896976,0.6076741496238398
35,model.layers.13,60821504,643.542724609375,0.1390631707934076,4627.700640922554,0.5933851584858483
35,model.layers.14,60821504,621.475830078125,0.13719108363144517,4530.001612551432,0.5808577376494057
35,model.layers.15,60821504,814.451904296875,0.20768234100461766,3921.623284662254,0.5028486574332949
35,model.norm,2048,0.0576171875,0.0016644097829126457,34.61718868244838,0.7649390269679204
35,__whole_model__,1235814400,13643.989013671875,0.9989062656477021,13658.928252717444,0.3885438132146423
36,model.embed_tokens,262668288,356.0,0.2397721503678958,1484.742908856468,0.09161096081005925
36,model.layers.0,60821504,926.076171875,0.29649007498759844,3123.4643247796266,0.4005050277009198
36,model.layers.1,60821504,833.89453125,0.5993772372281684,1391.268268889158,0.17839484579679854
36,model.layers.2,60821504,807.38818359375,0.18629225559845275,4333.986836973248,0.555723817437825
36,model.layers.3,60821504,854.22509765625,0.18875635644313946,4525.543477067353,0.5802860949188068
36,model.layers.4,60821504,886.037109375,0.19180880643363474,4619.376585722961,0.5923178096668308
36,model.layers.5,60821504,918.4599609375,0.20329151877530977,4517.945295851905,0.5793118210159396
36,model.layers.6,60821504,949.20654296875,0.21022328023026124,4515.230387086851,0.578963702869839
36,model.layers.7,60821504,950.07470703125,0.2183249785399686,4351.653729155505,0.5579891479833702
36,model.layers.8,60821504,1009.4443359375,0.22278514334460153,4531.021776331391,0.5809885477629424
36,model.layers.9,60821504,977.01904296875,0.21477349022981623,4549.067214595714,0.5833024172362036
36,model.layers.10,60821504,896.087646484375,0.1892851871499292,4734.061127427795,0.6070231915045446
36,model.layers.11,60821504,772.7587890625,0.16088122852192754,4803.287469657628,0.6158997129658067
36,model.layers.12,60821504,673.1162109375,0.141742295483842,4748.873359499334,0.6089224843407266
36,model.layers.13,60821504,651.662109375,0.13763628642027084,4734.667915880534,0.607100996723623
36,model.layers.14,60821504,641.2294921875,0.13850443931398626,4629.667434224603,0.5936373498106122
36,model.layers.15,60821504,844.071533203125,0.2086069952963489,4046.2283252008383,0.5188260914691714
36,model.norm,2048,0.059814453125,0.0017388541548393434,34.39877516957504,0.7601127245911856
36,__whole_model__,1235814400,13946.811279296875,1.0020838801418421,13917.808235097787,0.39590794996519496
37,model.embed_tokens,262668288,324.0,0.2391330938888739,1354.89402462448,0.08359908146471966
37,model.layers.0,60821504,837.3798828125,0.27676110187208797,3025.6415267471943,0.3879617365466259
37,model.layers.1,60821504,764.54443359375,0.6043771600383937,1265.0121218101317,0.16220569925136313
37,model.layers.2,60821504,761.22265625,0.18021832760290332,4223.891467505421,0.5416068804686262
37,model.layers.3,60821504,842.21337890625,0.1853276749434007,4544.455538890579,0.5827110868690276
37,model.layers.4,60821504,873.29443359375,0.19097453417230492,4572.831856240207,0.586349629392469
37,model.layers.5,60821504,914.44775390625,0.20439476900579123,4473.929339553403,0.5736678917234679
37,model.layers.6,60821504,954.1953125,0.21155483769491973,4510.392307246747,0.5783433419183762
37,model.layers.7,60821504,966.45458984375,0.22250982672285896,4343.424306592496,0.5569339333982658
37,model.layers.8,60821504,1017.255859375,0.22617140859719498,4497.720846699525,0.5767185486984844
37,model.layers.9,60821504,984.52392578125,0.21964964972137563,4482.246737156709,0.5747343868747281
37,model.layers.10,60821504,905.1005859375,0.19292492245508483,4691.465334906215,0.6015613621734215
37,model.layers.11,60821504,776.88330078125,0.16439706095988968,4725.652005243557,0.6059449350037037
37,model.layers.12,60821504,668.6162109375,0.14091168559274922,4744.930898562074,0.6084169637831969
37,model.layers.13,60821504,639.294189453125,0.1364086382648152,4686.610742437288,0.6009388838963945
37,model.layers.14,60821504,619.94580078125,0.13549290929687288,4575.485196962688,0.5866898529996756
37,model.layers.15,60821504,818.44970703125,0.20503843784640952,3991.689146814196,0.5118328260179744
37,model.norm,2048,0.0615234375,0.0017978453113832121,34.220651304346966,0.7561767060601253
37,__whole_model__,1235814400,13667.883544921875,1.0004520430834651,13661.707864373464,0.3886228824426304
38,model.embed_tokens,262668288,314.0,0.242455027087082,1295.0855413165814,0.07990880445598894
38,model.layers.0,60821504,808.1640625,0.25777807553960386,3135.1155865691044,0.4019990063222619
38,model.layers.1,60821504,754.18212890625,0.5830442255045797,1293.5247377736462,0.16586171861284527
38,model.layers.2,60821504,769.46240234375,0.17845217494985507,4311.869006695874,0.5528877670441491
38,model.layers.3,60821504,843.20703125,0.18452351919999968,4569.645294571216,0.5859410337317519
38,model.layers.4,60821504,892.9052734375,0.1936125128916204,4611.815941551912,0.5913483489372363
38,model.layers.5,60821504,944.6455078125,0.2093829090785664,4511.569315612299,0.5784942633693785
38,model.layers.6,60821504,995.7158203125,0.21921170853780467,4542.25655624951,0.5824291231543829
38,model.layers.7,60821504,1009.84814453125,0.23160150308991848,4360.283206535063,0.5590956594455071
38,model.layers.8,60821504,1068.3330078125,0.2340089593569813,4565.350876941234,0.585390383660864
38,model.layers.9,60821504,1046.658203125,0.2283671343741998,4583.226067066015,0.5876824231310411
38,model.layers.10,60821504,966.80078125,0.20307412292781432,4760.827068024139,0.6104552440799288
38,model.layers.11,60821504,826.77392578125,0.17172231671755386,4814.598018387526,0.6173500037843836
38,model.layers.12,60821504,712.1923828125,0.14908174414069733,4777.193793361859,0.6125538612252419
38,model.layers.13,60821504,660.609619140625,0.14027113754824536,4709.519226030462,0.6038763155114387
38,model.layers.14,60821504,634.05615234375,0.13886481281068552,4565.995802033443,0.5854730789360658
38,model.layers.15,60821504,834.515869140625,0.2140908935088665,3897.9512648260484,0.4998133216732473
38,model.norm,2048,0.0634765625,0.0018442575726255713,34.41849091048155,0.760548385031533
38,__whole_model__,1235814400,14082.1337890625,0.9993754007258974,14090.93497682045,0.40083273785146023
39,model.embed_tokens,262668288,304.0,0.2120467443012523,1433.6461566611501,0.08845821124313803
39,model.layers.0,60821504,1059.30078125,0.3151446314710957,3361.3162829561206,0.43100350477410226
39,model.layers.1,60821504,901.96728515625,0.659447383347915,1367.7623233215334,0.1753808048468152
39,model.layers.2,60821504,811.935546875,0.19263504036688786,4214.890215864196,0.540452698392874
39,model.layers.3,60821504,833.5126953125,0.18638029064545036,4472.107498201535,0.5734342868075071
39,model.layers.4,60821504,852.70654296875,0.18561843178428594,4593.86783290849,0.5890469595176789
39,model.layers.5,60821504,851.19287109375,0.18835105864570778,4519.182834511492,0.5794705039409235
39,model.layers.6,60821504,864.61474609375,0.19005279950045334,4549.339701211229,0.5833373567290703
39,model.layers.7,60821504,853.00439453125,0.193168422363885,4415.858369047428,0.5662217635680724
39,model.layers.8,60821504,871.5419921875,0.19035503348043548,4578.507729752659,0.5870774161196287
39,model.layers.9,60821504,852.66943359375,0.1845751687708656,4619.632420069824,0.5923506139288689
39,model.layers.10,60821504,798.630126953125,0.1659872856462576,4811.39337777424,0.6169390899578951
39,model.layers.11,60821504,702.27001953125,0.14492946250553979,4845.598730516277,0.6213250583324293
39,model.layers.12,60821504,622.913818359375,0.12631328036315498,4931.499020280976,0.6323395903886438
39,model.layers.13,60821504,595.150390625,0.12309624355674578,4834.837956291033,0.619945262141074
39,model.layers.14,60821504,568.47314453125,0.1191717556610712,4770.200299373018,0.6116571231125297
39,model.layers.15,60821504,725.740234375,0.17737422697331495,4091.5765878668717,0.524640855240014
39,model.norm,2048,0.051513671875,0.0015667882227689953,32.87851614301743,0.7265194287524686
39,__whole_model__,1235814400,13069.675537109375,0.9949845130862177,13135.55675009472,0.373655913110441
40,model.embed_tokens,262668288,314.0,0.23801737385634897,1319.2314279944494,0.08139864344762554
40,model.layers.0,60821504,845.4765625,0.2703077475647449,3127.829557669223,0.40106475803159747
40,model.layers.1,60821504,771.552734375,0.5896356864660142,1308.524487381873,0.16778505581400688
40,model.layers.2,60821504,758.07275390625,0.17875419908806894,4240.866831512928,0.5437835400763966
40,model.layers.3,60821504,845.390625,0.1854471505065321,4558.660635609078,0.584532530004972
40,model.layers.4,60821504,897.849609375,0.19664136060708606,4565.924516607752,0.585463938389409
40,model.layers.5,60821504,941.2861328125,0.2119464587790217,4441.150553942011,0.5694648443778834
40,model.layers.6,60821504,987.39501953125,0.22056747006305782,4476.612164291337,0.5740118959073668
40,model.layers.7,60821504,989.41015625,0.22758823902002026,4347.369444529884,0.5574397972131212
40,model.layers.8,60821504,1045.01611328125,0.22984580924476464,4546.5963321889585,0.5829855892772887
40,model.layers.9,60821504,1024.3427734375,0.2258839665495457,4534.818425073207,0.5814753716070467
40,model.layers.10,60821504,940.2392578125,0.19882725475820573,4728.925412946666,0.6063646664641879
40,model.layers.11,60821504,809.84130859375,0.17066025540745036,4745.342180932864,0.6084697003091112
40,model.layers.12,60821504,692.245361328125,0.1464185288791689,4727.853548504075,0.6062272270528054
40,model.layers.13,60821504,653.546630859375,0.1432909726630813,4560.975605881697,0.5848293661896553
40,model.layers.14,60821504,631.0546875,0.14000596034276602,4507.34158713698,0.577952164490039
40,model.layers.15,60821504,829.6357421875,0.21136743893329335,3925.0877352463426,0.5032928852946926
40,model.norm,2048,0.0595703125,0.0017216462965561532,34.600784504436135,0.7645765424206626
40,__whole_model__,1235814400,13976.4150390625,1.0032593982988651,13931.008334196544,0.3962834418591231
41,model.embed_tokens,262668288,336.0,0.22225325068938256,1511.788911783288,0.09327974151237355
41,model.layers.0,60821504,884.234375,0.28079019058768806,3149.0928267448226,0.40379123263947886
41,model.layers.1,60821504,805.3876953125,0.6093287023393489,1321.7622807204664,0.16948246684115106
41,model.layers.2,60821504,783.76806640625,0.18450080809437344,4248.046794490717,0.5447041881044524
41,model.layers.3,60821504,841.1533203125,0.19082160073745077,4408.061336147332,0.5652219919834047
41,model.layers.4,60821504,874.58251953125,0.19270541669737437,4538.44284462797,0.5819401114290014
41,model.layers.5,60821504,923.70068359375,0.2109089611988279,4379.618003632191,0.5615748564657975
41,model.layers.6,60821504,952.57763671875,0.21635473854411705,4402.850814032479,0.564553874762603
41,model.layers.7,60821504,944.712890625,0.22074961288490022,4279.567598234373,0.5487459312024463
41,model.layers.8,60821504,998.7490234375,0.22220282980838726,4494.762844824046,0.5763392600305526
41,model.layers.9,60821504,968.0185546875,0.21665776117295518,4467.9615881138125,0.5729026790598676
41,model.layers.10,60821504,892.5927734375,0.1870363463429448,4772.295817845297,0.6119258201733956
41,model.layers.11,60821504,771.95361328125,0.16101450568088108,4794.310984696033,0.6147487065881513
41,model.layers.12,60821504,668.613525390625,0.1399638415798681,4777.044684137878,0.6125347417515835
41,model.layers.13,60821504,633.537109375,0.13362159150193192,4741.277979508575,0.6079485696238321
41,model.layers.14,60821504,611.260498046875,0.13337440289477087,4583.042058895998,0.5876588287532711
41,model.layers.15,60821504,791.019287109375,0.200721302528694,3940.883589056499,0.5053183026550279
41,model.norm,2048,0.05712890625,0.001621762081465812,35.22644098224609,0.7784017279879348
41,__whole_model__,1235814400,13681.918701171875,0.9999401121758842,13682.738130586462,0.3892211123825008
42,model.embed_tokens,262668288,358.0,0.2290531341412629,1562.9561295555654,0.09643683891565807
42,model.layers.0,60821504,883.568359375,0.271230073175398,3257.6341886823793,0.41770890758284923
42,model.layers.1,60821504,814.6357421875,0.5959616852694414,1366.9263684614111,0.17527361485211804
42,model.layers.2,60821504,787.94775390625,0.18093748118314515,4354.8066920898955,0.5583934354590938
42,model.layers.3,60821504,847.46240234375,0.18677178772864148,4537.421912858799,0.5818092028403395
42,model.layers.4,60821504,882.0205078125,0.18915333188972538,4662.992182060581,0.5979104029552537
42,model.layers.5,60821504,925.7783203125,0.20547958961353882,4505.451476001495,0.5777098057069823
42,model.layers.6,60821504,960.45263671875,0.21126007308760988,4546.304574648371,0.5829481787773678
42,model.layers.7,60821504,972.20703125,0.22418302446201765,4336.666585630424,0.5560674271924361
42,model.layers.8,60821504,1031.58251953125,0.22817579919652156,4520.99882267872,0.579703358334505
42,model.layers.9,60821504,1001.52587890625,0.22121501587577252,4527.386510998313,0.5805224172451791
42,model.layers.10,60821504,936.03369140625,0.19561099427704845,4785.179354901307,0.6135778068231446
42,model.layers.11,60821504,814.32763671875,0.1693001124592422,4809.965125775056,0.6167559528873164
42,model.layers.12,60821504,710.125732421875,0.14796714958034282,4799.212084816791,0.6153771482911848
42,model.layers.13,60821504,684.739501953125,0.14554294394067552,4704.724828379384,0.6032615556920867
42,model.layers.14,60821504,660.3095703125,0.1422066164603262,4643.311167569463,0.595386812341007
42,model.layers.15,60821504,852.0947265625,0.21121975220948114,4034.162135165366,0.5172789088309505
42,model.norm,2048,0.06103515625,0.0017703098231720551,34.477104205769315,0.7618435681117101
42,__whole_model__,1235814400,14122.873046875,0.9987774120006282,14140.160637579695,0.4022330179895159
43,model.embed_tokens,262668288,338.0,0.23440842390152136,1441.9277019754165,0.08896919554803451
43,model.layers.0,60821504,844.091796875,0.25666270604173635,3288.7200867341467,0.42169488506354597
43,model.layers.1,60821504,770.22900390625,0.6013640983499547,1280.803104175379,0.1642304919725236
43,model.layers.2,60821504,758.75341796875,0.17598548509077436,4311.454536022562,0.5528346216993538
43,model.layers.3,60821504,832.638671875,0.18376433545385348,4531.013429883355,0.5809874775428103
43,model.layers.4,60821504,877.32421875,0.18935518749431213,4633.2198782584355,0.59409286059871
43,model.layers.5,60821504,936.75927734375,0.20807111427706157,4502.111120029799,0.5772814898301651
43,model.layers.6,60821504,975.34130859375,0.21488749883471678,4538.846205027241,0.5819918321631241
43,model.layers.7,60821504,987.09423828125,0.22615776796145598,4364.626725753149,0.5596526055488955
43,model.layers.8,60821504,1041.76416015625,0.22924235926409814,4544.378986067265,0.5827012709123097
43,model.layers.9,60821504,1015.283203125,0.2230673801402193,4551.464236890203,0.5836097745102526
43,model.layers.10,60821504,933.8427734375,0.19616447638569803,4760.509092387253,0.6104144717745595
43,model.layers.11,60821504,805.4560546875,0.16884140510642778,4770.48893415562,0.6116941331979929
43,model.layers.12,60821504,697.121826171875,0.14687449630731644,4746.377646894088,0.6086024725390334
43,model.layers.13,60821504,662.9853515625,0.14196440536354965,4670.081559280254,0.5988194356588519
43,model.layers.14,60821504,639.861572265625,0.1393049137765446,4593.24481038774,0.5889670726913906
43,model.layers.15,60821504,838.513427734375,0.208912518416854,4013.7059956418966,0.5146559281035881
43,model.norm,2048,0.05908203125,0.0016756364410320983,35.25945712520359,0.7791312885683683
43,__whole_model__,1235814400,13955.119384765625,0.9988759471510856,13970.823328529737,0.397416024843316
44,model.embed_tokens,262668288,320.0,0.2289385183719414,1397.7551801926008,0.08624368183263732
44,model.layers.0,60821504,900.28515625,0.2825301754094053,3186.5097416423787,0.40858900235262774
44,model.layers.1,60821504,826.0166015625,0.6094682923900452,1355.3069320854333,0.17378371703234435
44,model.layers.2,60821504,753.3671875,0.191694099421496,3930.0489152955097,0.5039290307237463
44,model.layers.3,60821504,815.537109375,0.18081462232241058,4510.349322970217,0.5783378302758306
44,model.layers.4,60821504,842.82958984375,0.1852051504048499,4550.789154628603,0.5835232123434504
44,model.layers.5,60821504,893.892578125,0.20333489011406447,4396.1593488631215,0.56369586418065
44,model.layers.6,60821504,940.87890625,0.21405623784190844,4395.4753000232,0.5636081522777453
44,model.layers.7,60821504,935.65380859375,0.22238214791397728,4207.41420734763,0.5394940900379568
44,model.layers.8,60821504,981.49560546875,0.21967434829178695,4467.957288144806,0.5729021276979734
44,model.layers.9,60821504,954.705078125,0.21429296721430982,4455.139571473756,0.5712585808421073
44,model.layers.10,60821504,881.276123046875,0.18626552162508717,4731.289587885707,0.6066678118985502
44,model.layers.11,60821504,764.814208984375,0.1608374927912284,4755.198528101439,0.609733526684352
44,model.layers.12,60821504,662.236083984375,0.1388876179869092,4768.143435556608,0.6113933825302432
44,model.layers.13,60821504,630.669189453125,0.13827029347480457,4561.132934660652,0.584849539612631
44,model.layers.14,60821504,603.49267578125,0.1312583846449666,4597.745716691572,0.5895441996941211
44,model.layers.15,60821504,786.839111328125,0.20087697641711486,3917.019886312296,0.5022583884268453
44,model.norm,2048,0.054931640625,0.0016221506738083797,33.863463802678126,0.7482839027918404
44,__whole_model__,1235814400,13494.0439453125,0.9973873148210078,13529.391987238332,0.3848590062072679
45,model.embed_tokens,262668288,304.0,0.22867160755398577,1329.4173389157218,0.08202713009043572
45,model.layers.0,60821504,863.9892578125,0.284925256230851,3032.336512536053,0.3888201985586782
45,model.layers.1,60821504,813.73583984375,0.6055584822675217,1343.7774610912977,0.1723053549895158
45,model.layers.2,60821504,779.52294921875,0.18251834343024737,4270.92934643393,0.5476382946435213
45,model.layers.3,60821504,828.6455078125,0.18455605050044874,4489.939536338773,0.5757207931304574
45,model.layers.4,60821504,867.1396484375,0.19286039244120945,4496.203898899741,0.5765240386425335
45,model.layers.5,60821504,913.57177734375,0.2044577424681159,4468.266969573024,0.5729418364815837
45,model.layers.6,60821504,958.20166015625,0.212802698021906,4502.770261200412,0.5773660079566252
45,model.layers.7,60821504,973.958984375,0.22402835382777184,4347.480877906011,0.5574540857154865
45,model.layers.8,60821504,1031.5791015625,0.2291695665332605,4501.379119259196,0.5771876293091465
45,model.layers.9,60821504,995.15185546875,0.21945116323690228,4534.730373675267,0.5814640812499611
45,model.layers.10,60821504,905.22900390625,0.19089031659482933,4742.142084805836,0.6080593691976485
45,model.layers.11,60821504,777.946044921875,0.16309858798367252,4769.7901897210395,0.61160453695804
45,model.layers.12,60821504,669.23583984375,0.1394455659553287,4799.262244438373,0.6153835799896268
45,model.layers.13,60821504,636.4853515625,0.1343125673513305,4738.8369094129675,0.6076355643372007
45,model.layers.14,60821504,611.666748046875,0.13274834507943067,4607.716560842103,0.590822707401422
45,model.layers.15,60821504,794.758544921875,0.1970228642232341,4033.839158999255,0.5172374953346192
45,model.norm,2048,0.056396484375,0.0016528263402952506,34.12124008437915,0.7539800076924608
45,__whole_model__,1235814400,13724.87451171875,0.9998326934650303,13727.17115715999,0.3904850605677554
46,model.embed_tokens,262668288,318.0,0.22993324588677838,1383.0100939669535,0.08533388693932539
46,model.layers.0,60821504,887.6875,0.29206378975822717,3039.3617118193088,0.38972100207073485
46,model.layers.1,60821504,803.75341796875,0.5977780946132685,1344.5682021666198,0.17240674746381549
46,model.layers.2,60821504,773.89794921875,0.18949814107167823,4083.9342530860017,0.5236609197629767
46,model.layers.3,60821504,844.91455078125,0.18917595582758062,4466.289318243619,0.5726882528903826
46,model.layers.4,60821504,882.7734375,0.1948980980506037,4529.410221698496,0.5807819067817187
46,model.layers.5,60821504,917.2744140625,0.2043870522363832,4487.928193228352,0.5754628894234214
46,model.layers.6,60821504,957.82958984375,0.21131650051580722,4532.67770148456,0.5812008781372896
46,model.layers.7,60821504,966.822265625,0.2202089831202774,4390.476046551312,0.5629671248985118
46,model.layers.8,60821504,1016.8837890625,0.22619070821325557,4495.692140031538,0.5764584185558689
46,model.layers.9,60821504,981.64013671875,0.21910665381745917,4480.193182707122,0.5744710706347466
46,model.layers.10,60821504,899.9677734375,0.19094684145384946,4713.18491882473,0.6043463475788659
46,model.layers.11,60821504,766.135498046875,0.16230771985982514,4720.265300433876,0.6052542268237183
46,model.layers.12,60821504,659.048583984375,0.14085913862085517,4678.777610292715,0.5999344834998033
46,model.layers.13,60821504,617.47900390625,0.13433520471661745,4596.553860984045,0.5893913744483287
46,model.layers.14,60821504,597.886474609375,0.13456960465635054,4442.953341032647,0.5696960060684285
46,model.layers.15,60821504,786.6865234375,0.20199539766063515,3894.5764732678826,0.49938059030642334
46,model.norm,2048,0.058349609375,0.0016822476367397924,34.685505332664306,0.766448625925284
46,__whole_model__,1235814400,13678.7392578125,0.9994438133648574,13686.351423558148,0.3893238966276117
47,model.embed_tokens,262668288,350.0,0.24240255805653016,1443.8791521266755,0.08908960307600677
47,model.layers.0,60821504,899.9521484375,0.28040943849522776,3209.4217415324847,0.4115268848435115
47,model.layers.1,60821504,843.4560546875,0.5981800841724128,1410.0370055857488,0.180801459937048
47,model.layers.2,60821504,813.66064453125,0.18841207260794415,4318.516500926932,0.5537401394692253
47,model.layers.3,60821504,877.6533203125,0.19301003870131972,4547.190012591293,0.5830617137215783
47,model.layers.4,60821504,909.53515625,0.19450485002536977,4676.1566929121145,0.599598417363305
47,model.layers.5,60821504,939.57958984375,0.205527236289256,4571.557555132982,0.5861862326165881
47,model.layers.6,60821504,967.82763671875,0.21041243716967994,4599.6693433966475,0.5897908559983697
47,model.layers.7,60821504,965.26708984375,0.21572897251337617,4474.443458371819,0.573733814413853
47,model.layers.8,60821504,1024.5166015625,0.22500670538996015,4553.271422675629,0.5838415002217682
47,model.layers.9,60821504,1009.90576171875,0.2188425880872971,4614.758811552233,0.5917256973262185
47,model.layers.10,60821504,937.66357421875,0.19540932960577578,4798.458579794622,0.6152805303956698
47,model.layers.11,60821504,818.4609375,0.17009024426088332,4811.92170107446,0.617006834012569
47,model.layers.12,60821504,723.56884765625,0.14880808222183345,4862.429760888931,0.6234832108146449
47,model.layers.13,60821504,679.73388671875,0.14070623271042482,4830.872617545314,0.6194368080852367
47,model.layers.14,60821504,650.489013671875,0.13962180202101618,4658.935812717573,0.5973902765356245
47,model.layers.15,60821504,838.198486328125,0.20831708293209591,4023.666588118212,0.515933121293853
47,model.norm,2048,0.060546875,0.0017480681127717897,34.63645069527356,0.7653646613394202
47,__whole_model__,1235814400,14249.529296875,1.0046476039853423,14183.609496850897,0.40346897041189583
48,model.embed_tokens,262668288,348.0,0.23175194302560187,1501.6055332988344,0.09265141112487785
48,model.layers.0,60821504,799.26171875,0.25449018799446843,3140.638643275994,0.4027071981725218
48,model.layers.1,60821504,743.408203125,0.5713731395889422,1301.0905686953072,0.1668318444115685
48,model.layers.2,60821504,747.99755859375,0.1762940820824485,4242.896583697741,0.5440438042800103
48,model.layers.3,60821504,824.58203125,0.1820971634561716,4528.253024921314,0.5806335256641169
48,model.layers.4,60821504,885.3955078125,0.19413677045174113,4560.679080795739,0.5847913443730385
48,model.layers.5,60821504,949.0322265625,0.21284750021752033,4458.742647165848,0.5717205838553711
48,model.layers.6,60821504,1013.4677734375,0.22562628358269496,4491.798372710647,0.5759591417188189
48,model.layers.7,60821504,1033.79736328125,0.23877136295069207,4329.653901982945,0.5551682284930273
48,model.layers.8,60821504,1091.33837890625,0.24457559762726627,4462.171980744588,0.5721603088520847
48,model.layers.9,60821504,1046.41748046875,0.23216905469375737,4507.135896508806,0.5779257898873004
48,model.layers.10,60821504,958.29736328125,0.20431992421030584,4690.18069082131,0.6013966391731527
48,model.layers.11,60821504,811.825927734375,0.17264218066872739,4702.361407796039,0.6029585069846971
48,model.layers.12,60821504,698.30908203125,0.15011559506409264,4651.809039114845,0.5964764486950008
48,model.layers.13,60821504,655.865478515625,0.14123268562687175,4643.864666344886,0.5954577845114348
48,model.layers.14,60821504,638.9169921875,0.14112536531813152,4527.300891283597,0.580511438689752
48,model.layers.15,60821504,845.767578125,0.21401281881717904,3951.948218800384,0.5067370606049486
48,model.norm,2048,0.06201171875,0.001804127991809925,34.37212827000651,0.7595239057354825
48,__whole_model__,1235814400,14091.74267578125,0.9967781658577426,14137.290681578175,0.4021513788134432
49,model.embed_tokens,262668288,310.0,0.21077133627639202,1470.7882270741306,0.09074993510772862
49,model.layers.0,60821504,756.291015625,0.2612147269536131,2895.2847507686784,0.371246788416728
49,model.layers.1,60821504,708.6455078125,0.6357182175163985,1114.7163763546234,0.14293408432704807
49,model.layers.2,60821504,718.06298828125,0.17620364109744793,4075.1881391834086,0.5225394526269368
49,model.layers.3,60821504,787.88720703125,0.18540302843710382,4249.591895412502,0.5449023080837878
49,model.layers.4,60821504,845.2080078125,0.19148259616408494,4414.019993170689,0.5659860385189349
49,model.layers.5,60821504,895.25048828125,0.20464206187522577,4374.713976577805,0.5609460394578101
49,model.layers.6,60821504,937.83837890625,0.21315110204829635,4399.875815297225,0.5641724066787768
49,model.layers.7,60821504,944.2080078125,0.2242277457422284,4210.93297213075,0.5399452823169134
49,model.layers.8,60821504,996.1318359375,0.22232288072689543,4480.563730915139,0.5745185840380977
49,model.layers.9,60821504,968.7685546875,0.21752053992098358,4453.68770709844,0.57107241608356
49,model.layers.10,60821504,884.1474609375,0.18598044400817051,4753.980805092913,0.6095773846137055
49,model.layers.11,60821504,764.13720703125,0.16142884164432778,4733.585394330307,0.6069621908086584
49,model.layers.12,60821504,662.049560546875,0.13874882962907453,4771.568612987737,0.6118325746065068
49,model.layers.13,60821504,625.031982421875,0.13297418270612588,4700.401007940024,0.6027071354571246
49,model.layers.14,60821504,603.9150390625,0.13165971198771947,4586.938782904447,0.5881584847104611
49,model.layers.15,60821504,796.626708984375,0.1990974195867934,4001.190525912859,0.5130511367471599
49,model.norm,2048,0.0556640625,0.0015912558948042355,34.98121369526683,0.7729829193143406
49,__whole_model__,1235814400,13204.255615234375,1.0038791713720565,13153.231974309614,0.3741587050490774
50,model.embed_tokens,262668288,332.0,0.2180378339527068,1522.6715198061086,0.09395121545654458
50,model.layers.0,60821504,928.9697265625,0.2869244126015546,3237.6810259520826,0.41515042086391346
50,model.layers.1,60821504,843.4541015625,0.6081380578351308,1386.9451034935305,0.17784050955457056
50,model.layers.2,60821504,799.08154296875,0.18374305457690268,4348.907471951858,0.5576370101956276
50,model.layers.3,60821504,827.66162109375,0.18384701317450214,4501.90409298713,0.577254943866185
50,model.layers.4,60821504,878.21142578125,0.18933311941418635,4638.445869895953,0.594762961393185
50,model.layers.5,60821504,924.76904296875,0.20639100680854938,4480.6653994695425,0.5745316204499034
50,model.layers.6,60821504,976.8291015625,0.21523279592461253,4538.477035370782,0.5819444955240232
50,model.layers.7,60821504,989.404296875,0.22642776635072745,4369.624418510814,0.5602934328061401
50,model.layers.8,60821504,1042.5859375,0.2298054771388788,4536.819359052665,0.5817319406072151
50,model.layers.9,60821504,1008.970703125,0.2204568201171671,4576.727100521354,0.5868490956121873
50,model.layers.10,60821504,920.47900390625,0.19309289857864573,4767.026704150612,0.6112501900695052
50,model.layers.11,60821504,792.63720703125,0.16406315703290178,4831.293151772594,0.6194907309269383
50,model.layers.12,60821504,691.11767578125,0.14344729012720278,4817.920751018699,0.6177760599150501
50,model.layers.13,60821504,646.789794921875,0.13976757018200298,4627.609924674488,0.5933735264293665
50,model.layers.14,60821504,619.224853515625,0.1341503197268574,4615.902927226895,0.5918724011244142
50,model.layers.15,60821504,796.692626953125,0.19581450958292226,4068.6087494233757,0.5216958128718123
50,model.norm,2048,0.0537109375,0.0015640991472900031,34.33985472919725,0.7588107544992596
50,__whole_model__,1235814400,14018.932373046875,1.0026792828965807,13981.472054103295,0.3977189400035448
51,model.embed_tokens,262668288,326.0,0.23808043256846687,1369.2851465491576,0.08448703620677653
51,model.layers.0,60821504,865.36328125,0.284923097301091,3037.181925393475,0.38944149978350373
51,model.layers.1,60821504,797.36376953125,0.5917606262881091,1347.443094571553,0.17277537945142626
51,model.layers.2,60821504,781.44775390625,0.18532019410341896,4216.743661892339,0.5406903558064564
51,model.layers.3,60821504,841.9638671875,0.1892269041531666,4449.493432001542,0.5705346067509732
51,model.layers.4,60821504,874.5107421875,0.19055235052053812,4589.346391154821,0.5884671993646863
51,model.layers.5,60821504,913.0751953125,0.20243739697884122,4510.407705982974,0.5783453164154854
51,model.layers.6,60821504,963.59375,0.21300056406408968,4523.902339103968,0.580075660626258
51,model.layers.7,60821504,977.27001953125,0.2252406821425459,4338.781121754793,0.5563385627845241
51,model.layers.8,60821504,1027.953125,0.2267675017471077,4533.070731388922,0.5812512742476228
51,model.layers.9,60821504,1000.71044921875,0.2196285892361802,4556.376074257911,0.5842395929927017
51,model.layers.10,60821504,923.7275390625,0.19445781972617338,4750.2720145852245,0.6091018263583303
51,model.layers.11,60821504,793.64208984375,0.16654853996246605,4765.229944511119,0.6110198012465953
51,model.layers.12,60821504,685.31103515625,0.14445827454467605,4744.006788924414,0.6082984701756045
51,model.layers.13,60821504,649.79736328125,0.14269499744998035,4553.750130652106,0.583902882370384
51,model.layers.14,60821504,628.1123046875,0.14009048112773437,4483.618727205226,0.5749103097780336
51,model.layers.15,60821504,827.43505859375,0.2155678721818981,3838.39692909133,0.49217698957432826
51,model.norm,2048,0.061279296875,0.0017940845837374883,34.15630312554229,0.7547547987604443
51,__whole_model__,1235814400,13877.338623046875,1.0020622748882262,13848.77863463606,0.39394432414537656
52,model.embed_tokens,262668288,316.0,0.2350198774859093,1344.5671207914993,0.0829618953386306
52,model.layers.0,60821504,788.1962890625,0.2590652211012471,3042.462765600094,0.3901186335149368
52,model.layers.1,60821504,732.521484375,0.5875148143266156,1246.8136402902196,0.1598722058647334
52,model.layers.2,60821504,723.73388671875,0.16908181475655,4280.3768563804915,0.5488496980211216
52,model.layers.3,60821504,799.4501953125,0.17758437044336545,4501.804935403691,0.5772422294226786
52,model.layers.4,60821504,861.27978515625,0.1878196752281685,4585.673913608591,0.5879962973250136
52,model.layers.5,60821504,927.3828125,0.20591917556797962,4503.625317758934,0.5774756472593507
52,model.layers.6,60821504,992.0234375,0.2195475100434006,4518.490951247385,0.5793817874719507
52,model.layers.7,60821504,1012.912109375,0.23235756169824434,4359.281884229952,0.5589672652729326
52,model.layers.8,60821504,1088.71142578125,0.24120867519751168,4513.566623960634,0.5787503674743723
52,model.layers.9,60821504,1058.85595703125,0.2336039409839744,4532.697319108538,0.5812033935996793
52,model.layers.10,60821504,971.1708984375,0.20400810492023233,4760.4525262230645,0.6104072185996232
52,model.layers.11,60821504,834.03466796875,0.1756973450677385,4746.996419594136,0.608681814433675
52,model.layers.12,60821504,713.8271484375,0.15199204289741242,4696.477097286601,0.6022039935027
52,model.layers.13,60821504,671.1181640625,0.14526944338077932,4619.816448964903,0.5923742109641021
52,model.layers.14,60821504,646.052978515625,0.1439219551111082,4488.911910742667,0.575589026228377
52,model.layers.15,60821504,852.58642578125,0.2146777555831107,3971.4707444441224,0.5092403290468858
52,model.norm,2048,0.061767578125,0.0017912375630253078,34.48318603852732,0.7619779588987484
52,__whole_model__,1235814400,13989.91943359375,1.001881779036033,13963.642943036892,0.3972117705776721
53,model.embed_tokens,262668288,324.0,0.2277853946232835,1422.3914598907377,0.08776377884099411
53,model.layers.0,60821504,865.421875,0.26793407613205583,3229.980626180084,0.41416304002542415
53,model.layers.1,60821504,787.80029296875,0.6123889164514134,1286.4378694731874,0.16495300761446105
53,model.layers.2,60821504,762.06884765625,0.18088447285194328,4213.01417220048,0.5402121434060463
53,model.layers.3,60821504,824.64404296875,0.18498594700954368,4457.873996916131,0.5716092015067508
53,model.layers.4,60821504,863.47119140625,0.18675202401536253,4623.624273733277,0.5928624678499704
53,model.layers.5,60821504,897.9404296875,0.19836576201024475,4526.69059714612,0.5804331839555786
53,model.layers.6,60821504,946.82275390625,0.20855697922300728,4539.875661000176,0.5821238337645785
53,model.layers.7,60821504,951.20751953125,0.21580711820779516,4407.674442950286,0.5651723827500381
53,model.layers.8,60821504,1009.00244140625,0.22033279249588508,4579.447434839251,0.5871979094477422
53,model.layers.9,60821504,993.52294921875,0.21782428393166964,4561.121153647006,0.5848480289966271
53,model.layers.10,60821504,915.17138671875,0.1920848719556493,4764.411571828806,0.6109148657199753
53,model.layers.11,60821504,793.201171875,0.16553603200061318,4791.71309284532,0.6144155928914846
53,model.layers.12,60821504,683.7421875,0.1426989041430297,4791.502721104802,0.6143886180548921
53,model.layers.13,60821504,650.600830078125,0.14192270338215363,4584.191356095153,0.5878061969504784
53,model.layers.14,60821504,625.2392578125,0.13579081534247586,4604.429660692396,0.5904012458770931
53,model.layers.15,60821504,822.21875,0.20909778429857956,3932.221246428509,0.5042075770588829
53,model.norm,2048,0.06005859375,0.0017744241523124488,33.846808087982225,0.7479158600166224
53,__whole_model__,1235814400,13716.135986328125,0.9964386562435589,13765.158447421272,0.3915656524223084
54,model.embed_tokens,262668288,322.0,0.22613739548053913,1423.913100775544,0.08785766646465844
54,model.layers.0,60821504,883.921875,0.28653833698734343,3084.8293610325636,0.39555107413628826
54,model.layers.1,60821504,821.18603515625,0.5908445229734799,1389.8513115151768,0.17821315697525023
54,model.layers.2,60821504,783.5263671875,0.18463769152083323,4243.5884067533,0.5441325130287649
54,model.layers.3,60821504,828.45849609375,0.1864901582000443,4442.3711368461545,0.56962135315756
54,model.layers.4,60821504,875.40087890625,0.189590251011519,4617.33066038856,0.5920554716672489
54,model.layers.5,60821504,924.197265625,0.2042812733384902,4524.14090886159,0.5801062511428927
54,model.layers.6,60821504,965.58203125,0.21154020835294143,4564.531909881584,0.5852853719204356
54,model.layers.7,60821504,981.47216796875,0.22232131833513485,4414.65611718461,0.566067605279213
54,model.layers.8,60821504,1038.7041015625,0.22860477658393868,4543.6675343531615,0.5826100452862623
54,model.layers.9,60821504,1013.7119140625,0.22191660871463603,4567.985784993852,0.5857282437459724
54,model.layers.10,60821504,932.66748046875,0.19535644401507213,4774.183340462488,0.6121678470446765
54,model.layers.11,60821504,816.89892578125,0.1697759923494938,4811.628042789559,0.6169691797904299
54,model.layers.12,60821504,714.00341796875,0.14762665256666604,4836.548181205399,0.6201645550816942
54,model.layers.13,60821504,682.984375,0.1438204373515216,4748.868711410396,0.6089218883412866
54,model.layers.14,60821504,652.42822265625,0.1392944322890659,4683.806896906842,0.6005793618673028
54,model.layers.15,60821504,830.510498046875,0.20257513565656965,4099.765232071022,0.525690841035529
54,model.norm,2048,0.055419921875,0.0015741606500722192,35.20601399384329,0.7779503510498462
54,__whole_model__,1235814400,14067.70947265625,0.9972340643464346,14106.727773961391,0.4012819820021677
55,model.embed_tokens,262668288,352.0,0.23747954970705198,1482.232893039494,0.09145608890646584
55,model.layers.0,60821504,855.59375,0.26643608772028643,3211.253240207577,0.4117617280660779
55,model.layers.1,60821504,801.42578125,0.5808724993522404,1379.6931032949735,0.1769106245812197
55,model.layers.2,60821504,775.08642578125,0.17863690266692217,4338.893107805608,0.5563529221533915
55,model.layers.3,60821504,838.95751953125,0.1825126618783623,4596.708583924896,0.5894112137387023
55,model.layers.4,60821504,884.97216796875,0.19080359635745964,4638.131486320652,0.5947226496785495
55,model.layers.5,60821504,930.82763671875,0.20600783784024612,4518.408845398316,0.5793712594806126
55,model.layers.6,60821504,982.20654296875,0.21781449159156424,4509.371877838775,0.5782124977447884
55,model.layers.7,60821504,989.64501953125,0.22686356479746148,4362.291584436584,0.5593531829397572
55,model.layers.8,60821504,1052.07958984375,0.233545446168014,4504.8174010932225,0.5776285016924984
55,model.layers.9,60821504,1023.91015625,0.22979132984654838,4455.825887485632,0.5713465834522756
55,model.layers.10,60821504,939.29052734375,0.19795057980632053,4745.075908657473,0.6084355576476487
55,model.layers.11,60821504,811.7744140625,0.1725478236733288,4704.634325608004,0.6032499510085718
55,model.layers.12,60821504,703.49365234375,0.1482461181606458,4745.444002664638,0.608482756362027
55,model.layers.13,60821504,676.42919921875,0.14582276691368157,4638.707751438813,0.5947965410546351
55,model.layers.14,60821504,652.18017578125,0.14334675102570987,4549.668346960153,0.583379497205506
55,model.layers.15,60821504,855.83984375,0.2171290090155919,3941.6190753605965,0.5054126101072562
55,model.norm,2048,0.0615234375,0.0017699063558816717,34.760843304250606,0.7681133756312063
55,__whole_model__,1235814400,14125.77392578125,0.9975055926059272,14161.097472023652,0.40282859015601297
56,model.embed_tokens,262668288,338.0,0.24076756180380265,1403.8435969851719,0.086619346675926
56,model.layers.0,60821504,898.5615234375,0.29226913132101945,3074.4318408725403,0.3942178560595923
56,model.layers.1,60821504,802.61328125,0.5941332729032505,1350.8977158071043,0.173218346948338
56,model.layers.2,60821504,763.3740234375,0.17313034257187027,4409.24457317819,0.5653737121026522
56,model.layers.3,60821504,819.84228515625,0.17740104419592553,4621.406197873325,0.5925780559145805
56,model.layers.4,60821504,860.44677734375,0.18352767780552864,4688.376094724551,0.6011652455234837
56,model.layers.5,60821504,910.00537109375,0.20093488035280752,4528.857157582273,0.580710990345302
56,model.layers.6,60821504,951.130859375,0.20766672465970232,4580.083116029261,0.5872794194270924
56,model.layers.7,60821504,964.3349609375,0.21770225218975725,4429.604890338711,0.5679844060438897
56,model.layers.8,60821504,1017.82177734375,0.22374602636924576,4549.004931439762,0.5832944310021678
56,model.layers.9,60821504,992.14892578125,0.21816148087322282,4547.77315321674,0.5831364867069764
56,model.layers.10,60821504,927.91162109375,0.1959507466997208,4735.432942828751,0.6071990920137331
56,model.layers.11,60821504,803.02001953125,0.16748404207984416,4794.606158050739,0.6147865550795413
56,model.layers.12,60821504,693.807861328125,0.14513132007544058,4780.552267887299,0.6129845003467371
56,model.layers.13,60821504,667.610595703125,0.1402975119777514,4758.53481855755,0.6101613212619761
56,model.layers.14,60821504,639.32373046875,0.13848023262339193,4616.714735072998,0.5919764948774023
56,model.layers.15,60821504,831.884521484375,0.21074219643745978,3947.403678746636,0.5061543386811941
56,model.norm,2048,0.060791015625,0.0017742232824076113,34.26345276142861,0.757122493577222
56,__whole_model__,1235814400,13881.89892578125,0.9954144027687707,13945.848972215383,0.396705600756197
57,model.embed_tokens,262668288,310.0,0.23310250710698288,1329.8870263018014,0.08205611053712615
57,model.layers.0,60821504,810.107421875,0.25969541160287263,3119.4521954581924,0.3999905739412682
57,model.layers.1,60821504,766.73388671875,0.5832641325763926,1314.5568943729409,0.1685585589111589
57,model.layers.2,60821504,764.70068359375,0.1782902477201015,4289.077464260728,0.5499653301647143
57,model.layers.3,60821504,839.27490234375,0.18468250113807272,4544.420273560674,0.5827065649854837
57,model.layers.4,60821504,878.70849609375,0.19069590063058,4607.90448660982,0.5908468041116702
57,model.layers.5,60821504,932.45263671875,0.2078041195978422,4487.171084593033,0.5753658094559778
57,model.layers.6,60821504,986.451171875,0.21607100524618136,4565.4027978028935,0.5853970411936466
57,model.layers.7,60821504,1007.521484375,0.22961501415015056,4387.872840563285,0.5626333297986048
57,model.layers.8,60821504,1078.46142578125,0.23655450946003498,4559.039809653056,0.5845811494528659
57,model.layers.9,60821504,1051.533203125,0.22933386026857627,4585.1633155851205,0.5879308260872242
57,model.layers.10,60821504,971.54931640625,0.20497890079487352,4739.752787427125,0.6077530024479935
57,model.layers.11,60821504,831.20849609375,0.1736568974507804,4786.4985974964775,0.6137469662042623
57,model.layers.12,60821504,716.876220703125,0.1500986732682569,4776.033026100911,0.6124050222837141
57,model.layers.13,60821504,676.684326171875,0.1464023769126233,4622.0856549053,0.5926651790346537
57,model.layers.14,60821504,655.80615234375,0.1463969309150537,4479.6441308204685,0.5744006686649438
57,model.layers.15,60821504,839.958984375,0.21829851976134435,3847.753916486874,0.49337678573217747
57,model.norm,2048,0.061767578125,0.0017520015341214571,35.25543609525057,0.7790424355200205
57,__whole_model__,1235814400,14118.090576171875,1.0003027295896492,14113.817905868847,0.4014836689015019
58,model.embed_tokens,262668288,338.0,0.23174943539428244,1458.4717301466137,0.08998998797438082
58,model.layers.0,60821504,882.1806640625,0.28483769709999146,3097.13451921644,0.39712889837465065
58,model.layers.1,60821504,808.49755859375,0.5914329804703826,1367.0146665658212,0.1752849368430472
58,model.layers.2,60821504,775.0166015625,0.1796609471096099,4313.773327097445,0.5531319478049574
58,model.layers.3,60821504,855.84326171875,0.18886600001048065,4531.484023970736,0.5810478192910761
58,model.layers.4,60821504,893.208984375,0.19166772132385462,4660.195145043615,0.5975517539452191
58,model.layers.5,60821504,930.70361328125,0.20387096812187627,4565.160119928725,0.5853659239153267
58,model.layers.6,60821504,969.7734375,0.21153551503617266,4584.447379127653,0.5878390254066609
58,model.layers.7,60821504,976.03955078125,0.21905087339303345,4455.766533420685,0.5713389727998225
58,model.layers.8,60821504,1035.697265625,0.22403247954045705,4622.978184901836,0.5927796233547477
58,model.layers.9,60821504,1015.40185546875,0.21857754477374383,4645.499410837572,0.5956673990036296
58,model.layers.10,60821504,939.10107421875,0.19656713770101203,4777.508006690149,0.6125941511100191
58,model.layers.11,60821504,810.70703125,0.16905073700329903,4795.643282135937,0.6149195399217806
58,model.layers.12,60821504,695.8701171875,0.14516598886393048,4793.61675991313,0.6146596898788196
58,model.layers.13,60821504,659.046875,0.14021021253986524,4700.41991279784,0.6027095595253438
58,model.layers.14,60821504,638.302490234375,0.13909080598419532,4589.106272825138,0.5884364102829868
58,model.layers.15,60821504,843.780029296875,0.21116464132274512,3995.839568648414,0.5123650122825962
58,model.norm,2048,0.060302734375,0.0017502986499615038,34.45282573709709,0.7613070846793678
58,__whole_model__,1235814400,14067.230712890625,0.996728412834772,14113.403944091795,0.401471893285992
59,model.embed_tokens,262668288,362.0,0.2394446441492702,1511.8316857165892,0.0932823807309911
59,model.layers.0,60821504,821.515625,0.25295125962111914,3247.7230049397663,0.4164380498087128
59,model.layers.1,60821504,776.2294921875,0.5803200622894856,1337.5885871067599,0.17151178897150482
59,model.layers.2,60821504,760.39697265625,0.17824096019756322,4266.118022554535,0.5470213644649667
59,model.layers.3,60821504,830.46142578125,0.18526184629005327,4482.636022535621,0.5747843028447066
59,model.layers.4,60821504,880.39794921875,0.18961263539812545,4643.139669306309,0.5953648220412973
59,model.layers.5,60821504,935.13818359375,0.20783951203072176,4499.328229059365,0.5769246546915788
59,model.layers.6,60821504,997.20361328125,0.2205995616120334,4520.424274618567,0.5796296871275309
59,model.layers.7,60821504,1014.77978515625,0.2321539521327453,4371.1501606313395,0.5604890705105305
59,model.layers.8,60821504,1070.77783203125,0.23681294157410077,4521.6187295920845,0.5797828456632186
59,model.layers.9,60821504,1042.9130859375,0.22929520845597698,4548.342256954453,0.5832094598177717
59,model.layers.10,60821504,958.61474609375,0.20377471173790554,4704.28709194651,0.6032054271041007
59,model.layers.11,60821504,825.087890625,0.1759192122259335,4690.152259011582,0.6013929935151401
59,model.layers.12,60821504,713.88037109375,0.15003313369825264,4758.151439598067,0.6101121626403874
59,model.layers.13,60821504,676.673583984375,0.1431658220676748,4726.502276950639,0.606053960770669
59,model.layers.14,60821504,656.61865234375,0.14403210534964458,4558.835342646544,0.5845549317485502
59,model.layers.15,60821504,852.390380859375,0.21582127819085267,3949.519658138613,0.5064256593357234
59,model.norm,2048,0.06201171875,0.0017895099473333642,34.652905306509574,0.7657282603140068
59,__whole_model__,1235814400,14175.1416015625,0.9986756800469023,14193.938918084768,0.40376280259552344
60,model.embed_tokens,262668288,324.0,0.22222175366299293,1458.0030742235854,0.08996107117057468
60,model.layers.0,60821504,800.40234375,0.2705048527877367,2958.9204611352025,0.37940645322894273
60,model.layers.1,60821504,737.1689453125,0.6116935464638952,1205.1278774706036,0.1545270647467915
60,model.layers.2,60821504,727.733154296875,0.1686570213591621,4314.870192964793,0.5532725930145413
60,model.layers.3,60821504,804.07666015625,0.17879069201669917,4497.307164520336,0.5766655044580488
60,model.layers.4,60821504,864.83056640625,0.18937882180382054,4566.66990621653,0.5855595156891218
60,model.layers.5,60821504,913.70166015625,0.2060802238154819,4433.718302705024,0.5685118467835344
60,model.layers.6,60821504,953.5126953125,0.21069068992858997,4525.651777189001,0.5802999816608055
60,model.layers.7,60821504,972.388671875,0.22355208028962806,4349.718734959654,0.5577410340869309
60,model.layers.8,60821504,1027.82421875,0.2291996454916855,4484.405796287698,0.5750112314124436
60,model.layers.9,60821504,1011.4599609375,0.22589613193336908,4477.544401848558,0.5741314317143604
60,model.layers.10,60821504,931.470703125,0.1975450223601101,4715.232466991738,0.604608893665543
60,model.layers.11,60821504,813.89306640625,0.17251749880937411,4717.74209586457,0.6049306898753664
60,model.layers.12,60821504,711.810791015625,0.14893517458165567,4779.332975000914,0.6128281569790979
60,model.layers.13,60821504,686.987060546875,0.14741000763091291,4660.382775821857,0.5975758128305538
60,model.layers.14,60821504,651.993896484375,0.14012430109335886,4652.968053342719,0.596625062854528
60,model.layers.15,60821504,834.26171875,0.2041926079450805,4085.6607256536063,0.5238822960527675
60,model.norm,2048,0.056884765625,0.0016306546645884447,34.884618343980854,0.7708484434416716
60,__whole_model__,1235814400,13767.572998046875,1.0037063994380964,13716.733305431108,0.39018814395486506
61,model.embed_tokens,262668288,324.0,0.22743523156517353,1424.5813973951306,0.08789890141184102
61,model.layers.0,60821504,820.1494140625,0.280347686011991,2925.4723865543897,0.37511758655924704
61,model.layers.1,60821504,751.80517578125,0.5796835929655026,1296.923330079467,0.16629750182150507
61,model.layers.2,60821504,756.9375,0.17414190344052793,4346.670646439245,0.5573501940931403
61,model.layers.3,60821504,846.5966796875,0.18646598600199737,4540.220432902071,0.5821680420108593
61,model.layers.4,60821504,905.22314453125,0.19541084763882632,4632.409896733852,0.5939890010251057
61,model.layers.5,60821504,961.52392578125,0.21239662494776065,4527.020737818873,0.5804755161180551
61,model.layers.6,60821504,1013.20947265625,0.22261616679842913,4551.374175684529,0.5835982264463331
61,model.layers.7,60821504,1020.59765625,0.2332502264485833,4375.5484047728305,0.5610530336964547
61,model.layers.8,60821504,1062.84814453125,0.2345059555956598,4532.286362755902,0.5811506988773192
61,model.layers.9,60821504,1026.65283203125,0.22434419235685432,4576.2398448817385,0.5867866174427095
61,model.layers.10,60821504,940.91943359375,0.19935737739507764,4719.762297680499,0.6051897294865543
61,model.layers.11,60821504,802.95361328125,0.16876004850206147,4757.960313524332,0.6100876555721145
61,model.layers.12,60821504,684.625,0.1462034234914428,4682.687885486284,0.6004358770525627
61,model.layers.13,60821504,641.23095703125,0.13832418348144288,4635.711130854248,0.5944123005173865
61,model.layers.14,60821504,616.9833984375,0.13624846080749556,4528.36967684524,0.5806484833127933
61,model.layers.15,60821504,821.659912109375,0.2125030851007764,3866.5787450554667,0.49579059223142763
61,model.norm,2048,0.059814453125,0.0017657266447354135,33.875262234581584,0.7485446137670373
61,__whole_model__,1235814400,13997.97607421875,0.9982439662316739,14022.600233748952,0.398888878043663
62,model.embed_tokens,262668288,302.0,0.2383322504839829,1267.1386242807114,0.07818443594339107
62,model.layers.0,60821504,887.4970703125,0.2793856055720311,3176.6027046933373,0.4073186762995233
62,model.layers.1,60821504,817.8701171875,0.6091396173590417,1342.6644629246427,0.17216264122197542
62,model.layers.2,60821504,794.35205078125,0.18721201086734535,4243.061367168968,0.5440649335780736
62,model.layers.3,60821504,857.16064453125,0.18853218730418533,4546.494987342787,0.5829725943728483
62,model.layers.4,60821504,891.65185546875,0.19128109892131173,4661.473927622892,0.5977157253561532
62,model.layers.5,60821504,924.38818359375,0.20448309674598947,4520.609274330544,0.5796534086453925
62,model.layers.6,60821504,954.3212890625,0.20927515933684188,4560.126926132013,0.5847205445508231
62,model.layers.7,60821504,955.0263671875,0.21834874360870055,4373.857854199465,0.560836263490743
62,model.layers.8,60821504,1009.4541015625,0.22186751783684097,4549.805719216825,0.5833971117109855
62,model.layers.9,60821504,985.3271484375,0.2161186456068396,4559.195462616377,0.5846011079950179
62,model.layers.10,60821504,901.85107421875,0.1910130947774987,4721.409677536872,0.6054009641434627
62,model.layers.11,60821504,778.9521484375,0.16293097322106054,4780.872126631429,0.6130255141128177
62,model.layers.12,60821504,674.36572265625,0.14301020440690243,4715.507718159038,0.6046441876420131
62,model.layers.13,60821504,637.35009765625,0.13665966061607254,4663.776382752785,0.5980109567914099
62,model.layers.14,60821504,612.142578125,0.13482857485080157,4540.154628218714,0.5821596042303085
62,model.layers.15,60821504,807.947021484375,0.20348691228923055,3970.510989601051,0.5091172648463566
62,model.norm,2048,0.059326171875,0.0017243621714420774,34.404705030954,0.760243757253453
62,__whole_model__,1235814400,13791.716796875,1.0020268598648538,13763.819463617101,0.3915275634988234
63,model.embed_tokens,262668288,278.0,0.21815077417624487,1274.3479873025924,0.0786292649230908
63,model.layers.0,60821504,836.9833984375,0.27480525882814233,3045.7328291556914,0.3905379361733754
63,model.layers.1,60821504,780.6845703125,0.6349396944852642,1229.5412888705737,0.15765746515874715
63,model.layers.2,60821504,764.4052734375,0.1982219725395128,3856.309488016655,0.4944738206447737
63,model.layers.3,60821504,814.7861328125,0.19552286515655737,4167.216617657948,0.5343397693548442
63,model.layers.4,60821504,851.46533203125,0.19382620303969134,4392.932011658345,0.5632820400923308
63,model.layers.5,60821504,900.52685546875,0.20737715606333684,4342.459278367731,0.5568101930203702
63,model.layers.6,60821504,925.134765625,0.2151695413130974,4299.561917450102,0.5513096951961078
63,model.layers.7,60821504,911.38525390625,0.21306271210478142,4277.544601319271,0.5484865331907278
63,model.layers.8,60821504,957.56201171875,0.21245105196008898,4507.21238084826,0.5779355970627015
63,model.layers.9,60821504,927.06396484375,0.20506868314525745,4520.748612732241,0.5796712752590715
63,model.layers.10,60821504,853.02099609375,0.18128324243934016,4705.459724878776,0.6033557875168304
63,model.layers.11,60821504,730.6845703125,0.15365739836435915,4755.284015546513,0.6097444882795544
63,model.layers.12,60821504,626.230224609375,0.13407783693607891,4670.6468341067275,0.5988919178089566
63,model.layers.13,60821504,586.399658203125,0.12779274038713215,4588.677388298432,0.58838141672731
63,model.layers.14,60821504,567.033447265625,0.12697788918322186,4465.607759847291,0.5726008603236625
63,model.layers.15,60821504,738.126220703125,0.19010193750703397,3882.791676838189,0.4978694892565155
63,model.norm,2048,0.05517578125,0.0015826634013571996,34.86261273413189,0.7703621835682858
63,__whole_model__,1235814400,13049.5478515625,1.0031351309928624,13008.763673391228,0.3700491392406251
64,model.embed_tokens,262668288,288.0,0.2238442533317764,1286.6088618014846,0.07938578006555419
64,model.layers.0,60821504,822.02734375,0.28447436328364145,2889.635938583258,0.37052247161795726
64,model.layers.1,60821504,753.2314453125,0.617901672647658,1219.0150612231957,0.15630774361332928
64,model.layers.2,60821504,741.3740234375,0.1744221730386997,4250.457441973324,0.5450132924630773
64,model.layers.3,60821504,818.03369140625,0.17932450436241565,4561.750745190965,0.5849287581334234
64,model.layers.4,60821504,854.8935546875,0.1849190518219823,4623.069101124789,0.5927912810529332
64,model.layers.5,60821504,891.513671875,0.19913170665991678,4477.005128056047,0.5740622835369683
64,model.layers.6,60821504,936.6474609375,0.20863851210111214,4489.331578838973,0.5756428380107633
64,model.layers.7,60821504,942.51416015625,0.2207052945876916,4270.464657030537,0.5475787100211192
64,model.layers.8,60821504,993.6259765625,0.220512262296958,4505.989672467331,0.5777788157445705
64,model.layers.9,60821504,970.20068359375,0.21838516662844443,4442.612557309936,0.5696523092049103
64,model.layers.10,60821504,892.3466796875,0.18781125579244792,4751.294995192627,0.6092329976584968
64,model.layers.11,60821504,773.3857421875,0.1633780551131954,4733.718623665001,0.6069792740895394
64,model.layers.12,60821504,666.303466796875,0.14187359773795838,4696.458519558675,0.6022016113805869
64,model.layers.13,60821504,628.91064453125,0.13528824091781164,4648.671904258972,0.5960741907686383
64,model.layers.14,60821504,608.166259765625,0.13497875474443038,4505.644320968368,0.5777345331796756
64,model.layers.15,60821504,793.819580078125,0.20145317902719476,3940.466881244723,0.505264870454002
64,model.norm,2048,0.05908203125,0.0017118920848504895,34.51270776519772,0.7626303030587788
64,__whole_model__,1235814400,13375.053466796875,0.9985108462794051,13395.000681899697,0.38103609204643113
65,model.embed_tokens,262668288,334.0,0.23357500396578668,1429.9475300401718,0.08823000019299304
65,model.layers.0,60821504,820.2021484375,0.26975298712718937,3040.5674360550165,0.38987560560329027
65,model.layers.1,60821504,766.79736328125,0.609901133805867,1257.2486273247748,0.16121022811719765
65,model.layers.2,60821504,758.81689453125,0.1797406572532644,4221.732056214947,0.5413299907753943
65,model.layers.3,60821504,831.77099609375,0.18585943155909,4475.2692350148845,0.5738396993105307
65,model.layers.4,60821504,875.0322265625,0.19144113386074144,4570.763915340253,0.5860844684553489
65,model.layers.5,60821504,910.7021484375,0.20303959232818802,4485.34267624742,0.5751313624897363
65,model.layers.6,60821504,958.892578125,0.21070807724981405,4550.810726577622,0.5835259783984269
65,model.layers.7,60821504,966.28662109375,0.21903152848367652,4411.632552551736,0.565679909851595
65,model.layers.8,60821504,1016.94677734375,0.22421004513664133,4535.687848972099,0.5815868531565387
65,model.layers.9,60821504,1000.5859375,0.21861456324515216,4576.940907536672,0.5868765109355876
65,model.layers.10,60821504,921.34814453125,0.19274675951527367,4780.096676324358,0.6129260822914743
65,model.layers.11,60821504,793.70166015625,0.1669229518508016,4754.898301017784,0.6096950301804855
65,model.layers.12,60821504,684.682861328125,0.14291116925328776,4790.9681580914885,0.6143200739153748
65,model.layers.13,60821504,643.178466796875,0.13832700315113236,4649.695664223676,0.5962054620015992
65,model.layers.14,60821504,619.623046875,0.137238431257673,4514.938280747485,0.5789262476453271
65,model.layers.15,60821504,815.45263671875,0.20627740898002336,3953.1844071093665,0.5068955703817386
65,model.norm,2048,0.060791015625,0.0017347190981108795,35.043723039195115,0.774364193719941
65,__whole_model__,1235814400,13718.081298828125,1.0002120047184233,13715.17361730726,0.3901437768449533
66,model.embed_tokens,262668288,326.0,0.23465630815469446,1389.2658695758917,0.08571987808346788
66,model.layers.0,60821504,852.404296875,0.28694496127374636,2970.6194982173033,0.3809065578190509
66,model.layers.1,60821504,781.607421875,0.5933913402867113,1317.1871053887432,0.16889581672050413
66,model.layers.2,60821504,769.75146484375,0.17781780888138626,4328.8772349973915,0.5550686406635472
66,model.layers.3,60821504,846.705078125,0.1850714784318639,4575.016557382308,0.5866297618673284
66,model.layers.4,60821504,893.4677734375,0.1897833574640803,4707.829945555705,0.6036597081636391
66,model.layers.5,60821504,933.27099609375,0.2066801207757461,4515.533436843575,0.5790025613098886
66,model.layers.6,60821504,976.26611328125,0.21611571789587428,4517.330450493288,0.5792329827031626
66,model.layers.7,60821504,975.5791015625,0.22307825763604672,4373.259464641158,0.5607595352167158
66,model.layers.8,60821504,1037.44775390625,0.22749325323011868,4560.345149474958,0.5847485261561571
66,model.layers.9,60821504,1016.1474609375,0.22295741598467078,4557.585386652329,0.584394656615546
66,model.layers.10,60821504,943.47802734375,0.1976410386928148,4773.694945057228,0.6121052227291816
66,model.layers.11,60821504,818.3330078125,0.1703147293832518,4804.828160053268,0.6160972674071009
66,model.layers.12,60821504,706.0,0.14883785300403132,4743.41698533422,0.6082228428340801
66,model.layers.13,60821504,668.052734375,0.1449149527653342,4609.964131560674,0.5911109013038655
66,model.layers.14,60821504,638.5517578125,0.13907047617056204,4591.569507746221,0.5887522576459535
66,model.layers.15,60821504,835.01318359375,0.20888637071315772,3997.4517281473964,0.5125717308225443
66,model.norm,2048,0.0595703125,0.0017209143544564486,34.61550096652852,0.7649017333625564
66,__whole_model__,1235814400,14018.1357421875,1.0031209353925825,13974.522161379622,0.3975212423679524
67,model.embed_tokens,262668288,326.0,0.23385152372779763,1394.0469354369607,0.08601487732853318
67,model.layers.0,60821504,811.580078125,0.26003157425978596,3121.0828163282454,0.4001996596835157
67,model.layers.1,60821504,758.23193359375,0.6016345256017864,1260.2866047877267,0.16159977162448266
67,model.layers.2,60821504,752.70703125,0.17877685925459358,4210.315777939027,0.5398661428259027
67,model.layers.3,60821504,809.57861328125,0.17785710231749494,4551.848662394494,0.5836590673246522
67,model.layers.4,60821504,863.2021484375,0.18685305107209785,4619.684524736129,0.5923572950299324
67,model.layers.5,60821504,926.0771484375,0.20686261563356179,4476.773851095265,0.5740326281364408
67,model.layers.6,60821504,981.208984375,0.21776583716541975,4505.798508834294,0.5777543038602703
67,model.layers.7,60821504,993.64697265625,0.22808003017952033,4356.571559001271,0.5586197348490441
67,model.layers.8,60821504,1042.89306640625,0.2302319302777103,4529.749914133507,0.5808254637152861
67,model.layers.9,60821504,1018.841796875,0.22299951201748072,4568.807293152883,0.5858335813179048
67,model.layers.10,60821504,940.3583984375,0.19771849980240722,4756.046598458214,0.6098422701840098
67,model.layers.11,60821504,812.14501953125,0.16828939454158054,4825.883542712415,0.6187970858581249
67,model.layers.12,60821504,706.68115234375,0.14688193535596444,4811.218960528585,0.6169167253727617
67,model.layers.13,60821504,664.360595703125,0.14077348993735633,4719.358708793558,0.605137979454687
67,model.layers.14,60821504,636.418212890625,0.1383131323429096,4601.285518664996,0.5899980894588207
67,model.layers.15,60821504,826.641357421875,0.2086127182164504,3962.5645286121835,0.5080983329017136
67,model.norm,2048,0.06005859375,0.0017405033105040428,34.50645189098047,0.7624920664624893
67,__whole_model__,1235814400,13870.632568359375,0.9996018116960911,13876.157892135217,0.3947231583931948
68,model.embed_tokens,262668288,336.0,0.2329740136854815,1442.2209356516694,0.08898728852471294
68,model.layers.0,60821504,841.1943359375,0.2826714315135384,2975.873194660676,0.3815802110517426
68,model.layers.1,60821504,770.17578125,0.5812354742343797,1325.066716315789,0.16990617684133938
68,model.layers.2,60821504,749.38525390625,0.1771734159360486,4229.670969242606,0.5423479548855756
68,model.layers.3,60821504,820.39501953125,0.18378205493046848,4463.956069278013,0.5723890729272277
68,model.layers.4,60821504,866.78662109375,0.18881475557704455,4590.672050204592,0.5886371814932602
68,model.layers.5,60821504,922.01904296875,0.20608681584035465,4473.935119085895,0.5736686328018283
68,model.layers.6,60821504,971.6484375,0.2143936553699968,4532.076454516092,0.5811237834729289
68,model.layers.7,60821504,989.20849609375,0.2274066027954119,4349.95503179694,0.557771333159218
68,model.layers.8,60821504,1048.0185546875,0.23183858563871168,4520.466478003328,0.5796350986405259
68,model.layers.9,60821504,1024.4697265625,0.22830773999132667,4487.2316926330195,0.5753735808989046
68,model.layers.10,60821504,943.73779296875,0.1993246524991997,4734.676725311432,0.6071021263095568
68,model.layers.11,60821504,800.64306640625,0.1707816457863544,4688.109560718509,0.6011310693017077
68,model.layers.12,60821504,689.371337890625,0.14680264373460006,4695.905471136596,0.6021306969565459
68,model.layers.13,60821504,656.8564453125,0.13903642377351635,4724.347962102992,0.6057777245668846
68,model.layers.14,60821504,639.98583984375,0.14067181961593603,4549.495709880254,0.5833573608814513
68,model.layers.15,60821504,831.83935546875,0.20964225818129817,3967.8992331277846,0.5087823733637246
68,model.norm,2048,0.058349609375,0.0016816590443222601,34.69764550192514,0.766716888300568
68,__whole_model__,1235814400,13901.79345703125,0.9961806106127479,13955.093392633185,0.39696856885249526
69,model.embed_tokens,262668288,328.0,0.2279319645392818,1439.025898201621,0.08879014971443332
69,model.layers.0,60821504,808.658203125,0.25357477707919557,3189.0324914786092,0.4089124809930036
69,model.layers.1,60821504,763.09814453125,0.6151627930576976,1240.4816304611536,0.15906028630737737
69,model.layers.2,60821504,757.87109375,0.17703819109995667,4280.833920869097,0.5489083049417187
69,model.layers.3,60821504,830.98974609375,0.18831242554865596,4412.824823814081,0.5658327883817464
69,model.layers.4,60821504,876.603515625,0.19215684719427473,4561.916623968829,0.5849500278767648
69,model.layers.5,60821504,922.072265625,0.20416422547800148,4516.326322430824,0.5791042287634164
69,model.layers.6,60821504,966.51025390625,0.2127960774552052,4541.955215831955,0.5823904838936996
69,model.layers.7,60821504,986.6552734375,0.2253047302997894,4379.203544127375,0.5615217125530783
69,model.layers.8,60821504,1045.14306640625,0.23013426638014486,4541.449141171534,0.5823255926624208
69,model.layers.9,60821504,1014.52392578125,0.2236006642769991,4537.21338020913,0.5817824638204732
69,model.layers.10,60821504,937.4140625,0.19818778316924168,4729.9285935273765,0.6064932989134459
69,model.layers.11,60821504,812.701904296875,0.1692906532038817,4800.630684070397,0.615559047642125
69,model.layers.12,60821504,708.75439453125,0.14785808816538032,4793.477335771468,0.6146418122711658
69,model.layers.13,60821504,670.552490234375,0.14232987266542357,4711.25616623469,0.604099034009963
69,model.layers.14,60821504,640.7373046875,0.14043055165057425,4562.663160946715,0.5850457522974458
69,model.layers.15,60821504,828.3896484375,0.20897331171017086,3964.093030149274,0.508294324431246
69,model.norm,2048,0.06201171875,0.001818634542158487,34.097954983522975,0.7534654747950852
69,__whole_model__,1235814400,13898.7373046875,1.0062527699997268,13812.371721164329,0.39290868791345857
70,model.embed_tokens,262668288,302.0,0.222431320214986,1357.7224633118606,0.08377360055768696
70,model.layers.0,60821504,800.3505859375,0.26277380950280116,3045.7776117485114,0.39054367840434495
70,model.layers.1,60821504,759.22607421875,0.6025387637159458,1260.045195327335,0.16156881698803804
70,model.layers.2,60821504,744.5009765625,0.17428294415041387,4271.794811544857,0.5477492685789288
70,model.layers.3,60821504,827.19775390625,0.18175398698637926,4551.1945439097335,0.5835751932301796
70,model.layers.4,60821504,876.4072265625,0.19138097079149985,4579.385416104418,0.5871899571190041
70,model.layers.5,60821504,921.21337890625,0.20423425041991536,4510.57242853337,0.5783664379019982
70,model.layers.6,60821504,977.44970703125,0.21433955672536875,4560.286127136332,0.5847409580391857
70,model.layers.7,60821504,1008.02392578125,0.22931424368958403,4395.819071517348,0.5636522322471222
70,model.layers.8,60821504,1073.0263671875,0.23586015360746515,4549.417740875829,0.5833473633354477
70,model.layers.9,60821504,1042.58935546875,0.23041265827166857,4524.8788121678745,0.5802008685143091
70,model.layers.10,60821504,962.2900390625,0.20336159842250817,4731.916185391239,0.6067481571259055
70,model.layers.11,60821504,830.029296875,0.17434465103802213,4760.853240596307,0.6104586000480625
70,model.layers.12,60821504,702.815185546875,0.14718372919578343,4775.08750041244,0.6122837826111337
70,model.layers.13,60821504,660.9833984375,0.13979351836398882,4728.283586914649,0.6062823685648034
70,model.layers.14,60821504,633.017578125,0.13850579302221877,4570.332867040824,0.5860291974507359
70,model.layers.15,60821504,813.257568359375,0.2029370153495346,4007.4383027592903,0.5138522555622838
70,model.norm,2048,0.05712890625,0.0015956619352011567,35.80263775785192,0.791133998216957
70,__whole_model__,1235814400,13934.435546875,1.0019479385107275,13907.34489417367,0.39561030828303645
71,model.embed_tokens,262668288,326.0,0.22422917571069712,1453.8696802801821,0.08970603429630983
71,model.layers.0,60821504,773.59375,0.27685879359433296,2794.181611343389,0.35828287673221326
71,model.layers.1,60821504,722.2763671875,0.6096798772626897,1184.6813288808883,0.15190531381326997
71,model.layers.2,60821504,715.4326171875,0.16991066612029876,4210.639823405584,0.5399076934328779
71,model.layers.3,60821504,796.1328125,0.17987095149947102,4426.133324270213,0.5675392658022039
71,model.layers.4,60821504,835.8818359375,0.18430144412502458,4535.405785374437,0.5815506856587705
71,model.layers.5,60821504,879.765625,0.19753381399966344,4453.746967096474,0.5710800146743189
71,model.layers.6,60821504,922.75634765625,0.20512197181126052,4498.573894879036,0.5768279304775733
71,model.layers.7,60821504,937.64013671875,0.2201707911437134,4258.694497340106,0.5460694857615488
71,model.layers.8,60821504,993.8798828125,0.22335015095541816,4449.87334264611,0.5705833206491983
71,model.layers.9,60821504,972.5849609375,0.2217237379345772,4386.4719673113,0.5624537033574957
71,model.layers.10,60821504,891.09375,0.19051106228085635,4677.385865847131,0.5997560275964305
71,model.layers.11,60821504,772.0087890625,0.164308231540437,4698.539944254133,0.6024685012722685
71,model.layers.12,60821504,671.30419921875,0.1409029936773926,4764.300471541071,0.6109006199277426
71,model.layers.13,60821504,654.049072265625,0.14074102683137177,4647.181330069951,0.595883062458919
71,model.layers.14,60821504,630.5302734375,0.13722514581614342,4594.859562272174,0.5891741236389794
71,model.layers.15,60821504,832.801513671875,0.21679663230433296,3841.3950660580917,0.4925614245491087
71,model.norm,2048,0.060546875,0.0017950520728869917,33.729871079796666,0.7453318927835074
71,__whole_model__,1235814400,13327.79248046875,0.9956072972768724,13386.595816364705,0.38079700604758104
72,model.embed_tokens,262668288,326.0,0.22993445290404865,1417.795358123384,0.08748019216994385
72,model.layers.0,60821504,909.9912109375,0.27969919625490247,3253.4638036935366,0.4171741615503017
72,model.layers.1,60821504,830.2734375,0.6043366163177549,1373.8592285850332,0.17616257821047293
72,model.layers.2,60821504,774.1962890625,0.19096624158057288,4054.1002569600737,0.5198354669316283
72,model.layers.3,60821504,832.76953125,0.1814879852873034,4588.565628362062,0.5883670863518816
72,model.layers.4,60821504,868.826171875,0.1884863113048397,4609.492147521757,0.5910503813295915
72,model.layers.5,60821504,913.693359375,0.20385347511033314,4482.1083323719395,0.5747166399737251
72,model.layers.6,60821504,952.7568359375,0.2111874550889504,4511.427231964165,0.5784760447475169
72,model.layers.7,60821504,966.22216796875,0.2225710355323181,4341.185570969998,0.5566468723726634
72,model.layers.8,60821504,1026.3876953125,0.2258826884812946,4543.89710966051,0.5826394824929241
72,model.layers.9,60821504,1007.3935546875,0.22165441376783648,4544.883801604133,0.5827660006929487
72,model.layers.10,60821504,926.4150390625,0.19429762136307663,4768.020486114667,0.6113776173847092
72,model.layers.11,60821504,794.70263671875,0.16582721661843697,4792.353468413662,0.6144977048057149
72,model.layers.12,60821504,683.806396484375,0.1425577006185811,4796.6991156368795,0.6150549237717537
72,model.layers.13,60821504,645.851806640625,0.13669398177710576,4724.800596516062,0.6058357634427273
72,model.layers.14,60821504,619.98583984375,0.13609512880776833,4555.532922265482,0.5841314801484457
72,model.layers.15,60821504,802.69970703125,0.1991206727338347,4031.2223538146714,0.5169019564828945
72,model.norm,2048,0.05810546875,0.001638253152048493,35.467942593209216,0.7837382100747943
72,__whole_model__,1235814400,13882.02978515625,0.9997684839208942,13885.244442507004,0.39498163569573996
73,model.embed_tokens,262668288,304.0,0.21384235568876256,1421.6079832306825,0.08771543710508024
73,model.layers.0,60821504,1047.751953125,0.32029105737450403,3271.249474505009,0.4194547224405019
73,model.layers.1,60821504,921.060546875,0.6501586637331359,1416.6704194732663,0.18165202691541724
73,model.layers.2,60821504,823.5458984375,0.20494342137946264,4018.406118597313,0.5152585995858658
73,model.layers.3,60821504,807.22265625,0.18687087597342758,4319.681448728182,0.5538895144589469
73,model.layers.4,60821504,813.5341796875,0.17836221469106303,4561.135221922442,0.5848498328959061
73,model.layers.5,60821504,831.07861328125,0.18546954853558192,4480.943744367876,0.5745673111188613
73,model.layers.6,60821504,867.2412109375,0.1932000201690381,4488.825674959648,0.5755779686778256
73,model.layers.7,60821504,864.7529296875,0.20138570266620168,4294.013518530829,0.5505982538502824
73,model.layers.8,60821504,908.736328125,0.20152452192471587,4509.30893891156,0.5782044274247315
73,model.layers.9,60821504,881.99560546875,0.19264390686913585,4578.3727074632825,0.587060102937814
73,model.layers.10,60821504,815.008544921875,0.1698048087070414,4799.678826104284,0.6154369960156469
73,model.layers.11,60821504,702.710205078125,0.1448698757601901,4850.630273483179,0.621970226019907
73,model.layers.12,60821504,624.85498046875,0.12950697132553812,4824.875248592365,0.6186677977272257
73,model.layers.13,60821504,593.659423828125,0.1252866163278955,4738.410543983577,0.6075808937918212
73,model.layers.14,60821504,569.21630859375,0.12165976072580091,4678.755779214958,0.5999316842181428
73,model.layers.15,60821504,716.43115234375,0.1760240191832267,4070.0760934108853,0.5218839624977588
73,model.norm,2048,0.049072265625,0.0013981226516995553,35.09868434314246,0.7755786784300667
73,__whole_model__,1235814400,13092.849609375,0.9989190537573351,13107.01759079231,0.3728440841311729
74,model.embed_tokens,262668288,322.0,0.22727846604384463,1416.7642258632743,0.08741656969597382
74,model.layers.0,60821504,877.1806640625,0.2672682441943893,3282.0235217488453,0.42083622055962905
74,model.layers.1,60821504,826.6904296875,0.5974728551085854,1383.6451691805419,0.1774173767296013
74,model.layers.2,60821504,800.083984375,0.19383418865129995,4127.672161149649,0.5292691964260525
74,model.layers.3,60821504,853.0888671875,0.18839705725285955,4528.143271593228,0.5806194525852739
74,model.layers.4,60821504,883.958984375,0.19236363642798365,4595.249917236479,0.589224176756139
74,model.layers.5,60821504,935.388671875,0.20877327273255966,4480.404314364707,0.5744981429114168
74,model.layers.6,60821504,986.22021484375,0.21570459083204163,4572.087274728753,0.5862541557107289
74,model.layers.7,60821504,1000.7177734375,0.22669319845023292,4414.41463739898,0.5660366416253414
74,model.layers.8,60821504,1051.83203125,0.2305738167546538,4561.801708687594,0.5849352929084383
74,model.layers.9,60821504,1015.21044921875,0.2220687646402545,4571.603984303529,0.5861921859793616
74,model.layers.10,60821504,936.22265625,0.19768607232434882,4735.906001075859,0.6072597497279446
74,model.layers.11,60821504,798.705078125,0.16817370895438563,4749.2862177502175,0.608975422933268
74,model.layers.12,60821504,682.11669921875,0.14339086019561817,4757.04447471886,0.6099702224888405
74,model.layers.13,60821504,638.8505859375,0.13767609909189948,4640.243224142079,0.5949934264593048
74,model.layers.14,60821504,617.73291015625,0.13502779607569082,4574.857385733936,0.586609352143121
74,model.layers.15,60821504,807.693359375,0.20146121336627698,4009.175492785955,0.5140750060941952
74,model.norm,2048,0.053955078125,0.0015437477619442627,34.9507085646211,0.7723088447911977
74,__whole_model__,1235814400,14033.747314453125,0.9999066225844819,14035.057871883848,0.3992432497875529
75,model.embed_tokens,262668288,304.0,0.22425418633547814,1355.604570722369,0.08364292327082572
75,model.layers.0,60821504,892.2822265625,0.2938481917637685,3036.54149173675,0.3893593804209125
75,model.layers.1,60821504,799.25390625,0.593699029131704,1346.227409903169,0.17261949874617089
75,model.layers.2,60821504,738.91455078125,0.18385117258118333,4019.090770035567,0.5153463887567131
75,model.layers.3,60821504,809.64697265625,0.1799502043558848,4499.283429848312,0.5769189103297427
75,model.layers.4,60821504,850.7607421875,0.18596507911390167,4574.841396251702,0.5866073018978294
75,model.layers.5,60821504,906.4541015625,0.2009852381829552,4510.053125082562,0.578299850414092
75,model.layers.6,60821504,971.33251953125,0.21447525736200163,4528.8791419505715,0.5807138092825842
75,model.layers.7,60821504,998.22021484375,0.23428792395714745,4260.6558544875315,0.5463209800374492
75,model.layers.8,60821504,1056.150390625,0.23734845708086355,4449.7883138341795,0.5705724178620566
75,model.layers.9,60821504,1007.658203125,0.2288843084042839,4402.478309457321,0.5645061105048176
75,model.layers.10,60821504,906.04248046875,0.19258295732795166,4704.686712884153,0.6032566683471753
75,model.layers.11,60821504,769.51171875,0.16293139173602406,4722.918711679189,0.6055944594736881
75,model.layers.12,60821504,659.4912109375,0.14062634807326396,4689.670321196965,0.6013311972217545
75,model.layers.13,60821504,624.413818359375,0.13481355700910733,4631.684173403961,0.5938959454265398
75,model.layers.14,60821504,601.0087890625,0.132233451073733,4545.0586382062975,0.5827884190499116
75,model.layers.15,60821504,795.087890625,0.2044034147824875,3889.797494190983,0.49876780752789396
75,model.norm,2048,0.05712890625,0.001650246673284499,34.618404130029774,0.7649658848187636
75,__whole_model__,1235814400,13690.286865234375,1.0003718764124938,13685.197663023182,0.3892910765915519
76,model.embed_tokens,262668288,300.0,0.21921841673713524,1368.4981602605494,0.08443847792128907
76,model.layers.0,60821504,804.322265625,0.3102953842696736,2592.118047511703,0.3323733529423215
76,model.layers.1,60821504,728.05224609375,0.6176158195212823,1178.8108773801612,0.15115257739740534
76,model.layers.2,60821504,712.81201171875,0.175065199579051,4071.694508290201,0.5220914831314762
76,model.layers.3,60821504,786.97021484375,0.181033294459445,4347.10210181833,0.5574055172953878
76,model.layers.4,60821504,819.89306640625,0.18356411722418678,4466.521446590321,0.5727180174595465
76,model.layers.5,60821504,867.2470703125,0.19461649190304497,4456.1848887120495,0.5713926162482933
76,model.layers.6,60821504,919.8203125,0.20714182641057263,4440.533949318561,0.5693857804840409
76,model.layers.7,60821504,929.75634765625,0.21776689926262066,4269.502623238394,0.5474553536032103
76,model.layers.8,60821504,983.6875,0.21979408273545004,4475.495826627836,0.5738687539341106
76,model.layers.9,60821504,961.9638671875,0.2170077595855147,4432.854700794355,0.5684011117562727
76,model.layers.10,60821504,881.7763671875,0.18741766019831957,4704.8734161681,0.6032806083049062
76,model.layers.11,60821504,764.0751953125,0.15939714363691904,4793.531288446046,0.6146487303323889
76,model.layers.12,60821504,668.9296875,0.14015826420202862,4772.673886256063,0.6119742978518905
76,model.layers.13,60821504,631.289794921875,0.13503144247405216,4675.131831189499,0.5994670048578541
76,model.layers.14,60821504,603.7509765625,0.13070274200080406,4619.267869367161,0.5923038695533658
76,model.layers.15,60821504,791.194091796875,0.19785830124816048,3998.7914927285915,0.5127435216275319
76,model.norm,2048,0.0556640625,0.0016393762053380466,33.95441651449481,0.750293692769743
76,__whole_model__,1235814400,13155.5966796875,1.000578786121032,13147.986807403862,0.37400950028624375
77,model.embed_tokens,262668288,302.0,0.2282877054417938,1322.8920909934877,0.08162451208289116
77,model.layers.0,60821504,923.6533203125,0.29159849612307676,3167.5517281222465,0.4061581182635096
77,model.layers.1,60821504,838.64111328125,0.6052368931238582,1385.6410982362686,0.17767330397532366
77,model.layers.2,60821504,826.54052734375,0.1937293811800715,4266.469661488674,0.547066453233851
77,model.layers.3,60821504,880.46533203125,0.19406682474137185,4536.918317721871,0.5817446295450196
77,model.layers.4,60821504,902.58984375,0.1940442646422732,4651.463651419706,0.5964321614888651
77,model.layers.5,60821504,927.6494140625,0.2062577150486805,4497.525893000212,0.5766935508343741
77,model.layers.6,60821504,959.201171875,0.21093234865827684,4547.435127785752,0.5830931435243676
77,model.layers.7,60821504,959.712890625,0.21717860114406023,4419.003002917389,0.5666249830526704
77,model.layers.8,60821504,1016.197265625,0.22144388006732627,4588.960712375715,0.5884177458495993
77,model.layers.9,60821504,996.08544921875,0.21482815636372937,4636.661534870038,0.5945341657116361
77,model.layers.10,60821504,921.78662109375,0.19313528279490902,4772.751036239185,0.611984190379198
77,model.layers.11,60821504,797.0791015625,0.16583754903837894,4806.384960368873,0.616296887536769
77,model.layers.12,60821504,682.80224609375,0.14229117878095798,4798.626674847152,0.615302084319989
77,model.layers.13,60821504,634.3447265625,0.13478210248108574,4706.446292834161,0.6034822898185105
77,model.layers.14,60821504,607.9453125,0.13273097926628377,4580.281979840933,0.5873049186638759
77,model.layers.15,60821504,783.6826171875,0.19343640023866285,4051.3709737184327,0.5194855056237225
77,model.norm,2048,0.05517578125,0.0015964915385456285,34.560647468425685,0.7636896308475465
77,__whole_model__,1235814400,13960.43212890625,1.0019713769169496,13932.96500331405,0.3963391015467684
78,model.embed_tokens,262668288,346.0,0.2323939042130279,1488.8514445836456,0.09186446389348472
78,model.layers.0,60821504,743.91015625,0.2321004642766737,3205.1213622874416,0.410975470346795
78,model.layers.1,60821504,721.7734375,0.5623236095790314,1283.5552788550644,0.16458338852638543
78,model.layers.2,60821504,737.43115234375,0.17110010381157487,4309.939830053236,0.5526403991012627
78,model.layers.3,60821504,828.16650390625,0.18620355570907338,4447.64065193356,0.5702970347298798
78,model.layers.4,60821504,900.787109375,0.19578857351117943,4600.815528816167,0.5899378251888142
78,model.layers.5,60821504,975.72021484375,0.2169006653121437,4498.465753618516,0.5768140641054824
78,model.layers.6,60821504,1047.9736328125,0.23034802085127704,4549.52306053942,0.5833608679093433
78,model.layers.7,60821504,1073.30078125,0.24556156575339264,4370.801179561918,0.560444322545341
78,model.layers.8,60821504,1128.34814453125,0.25112058319045333,4493.252326017,0.5761455743297559
78,model.layers.9,60821504,1094.365234375,0.24069697912947918,4546.651305442032,0.5829926382018018
78,model.layers.10,60821504,991.8046875,0.20886666520205044,4748.506357108551,0.6088754255984448
78,model.layers.11,60821504,849.5927734375,0.17867207402305096,4755.039521889088,0.6097131381731156
78,model.layers.12,60821504,727.63623046875,0.1538819685826009,4728.534715086965,0.6063145693793962
78,model.layers.13,60821504,686.68408203125,0.14699316772131976,4671.537410045582,0.5990061115707457
78,model.layers.14,60821504,661.75048828125,0.14672437973826355,4510.160407300568,0.5783136066357828
78,model.layers.15,60821504,860.9580078125,0.217787084282933,3953.209671029006,0.5068988098382469
78,model.norm,2048,0.060302734375,0.0017278981845547591,34.89947203720147,0.7711766667917328
78,__whole_model__,1235814400,14376.262939453125,0.9987825754826082,14393.786287777964,0.4094476892604828
79,model.embed_tokens,262668288,306.0,0.22777685747374204,1343.4200620459235,0.08289112001910492
79,model.layers.0,60821504,855.6240234375,0.2702916296647882,3165.5587133742642,0.40590256470379177
79,model.layers.1,60821504,791.73486328125,0.6254299709847948,1265.9048974493394,0.1623201750688953
79,model.layers.2,60821504,754.85302734375,0.18696643624504738,4037.371854028402,0.5176904738140861
79,model.layers.3,60821504,818.02734375,0.18991982035626576,4307.224713120954,0.5522922542629984
79,model.layers.4,60821504,862.66650390625,0.19604105442881709,4400.437992030317,0.5642444915770333
79,model.layers.5,60821504,915.2060546875,0.20971476222779462,4364.051652660448,0.5595788670198223
79,model.layers.6,60821504,955.76611328125,0.21927368634415542,4358.781617695576,0.5589031187864116
79,model.layers.7,60821504,945.08544921875,0.22127572505211784,4271.076047750609,0.5476571053641799
79,model.layers.8,60821504,978.81884765625,0.21535844864917997,4545.068251539789,0.5827896517159503
79,model.layers.9,60821504,936.0048828125,0.2039122974109992,4590.23263773993,0.5885808379967344
79,model.layers.10,60821504,853.783203125,0.18072421150552292,4724.232553084944,0.6057629262893428
79,model.layers.11,60821504,724.06591796875,0.1515527321515833,4777.65004753948,0.6126123642440204
79,model.layers.12,60821504,617.98095703125,0.13180090241201886,4688.746023144805,0.6012126794547843
79,model.layers.13,60821504,584.02392578125,0.12728493971665414,4588.319145071925,0.5883354811255433
79,model.layers.14,60821504,566.250732421875,0.12521338136673127,4522.286086687583,0.5798684172735291
79,model.layers.15,60821504,752.19189453125,0.19074848193663604,3943.370279513509,0.5056371575951875
79,model.norm,2048,0.054443359375,0.0015801681964571308,34.4541546254801,0.7613364492414635
79,__whole_model__,1235814400,13218.13818359375,0.9979040695708736,13245.900669868914,0.3767947719257793
80,model.embed_tokens,262668288,332.0,0.2249554828473331,1475.8475579157725,0.0910621037375258
80,model.layers.0,60821504,800.576171875,0.2472509037758448,3237.9099920330095,0.41517977995274846
80,model.layers.1,60821504,736.484375,0.6018949500063363,1223.609493637132,0.15689686296603494
80,model.layers.2,60821504,729.8662109375,0.170673761755077,4276.382048606184,0.5483374653102769
80,model.layers.3,60821504,807.14013671875,0.183314838563694,4403.026743731407,0.5645764332814831
80,model.layers.4,60821504,864.900390625,0.19234478792357865,4496.61464686341,0.5765767066442975
80,model.layers.5,60821504,919.15625,0.2111839337289902,4352.396670380912,0.5580844113400543
80,model.layers.6,60821504,983.15234375,0.22474439679226035,4374.535506924181,0.5609231552542029
80,model.layers.7,60821504,981.52587890625,0.2327945773792424,4216.274665656236,0.5406302189420645
80,model.layers.8,60821504,1039.1484375,0.23144051866977686,4489.91578256301,0.5757177473115747
80,model.layers.9,60821504,1014.7255859375,0.2277185277748861,4456.051933291169,0.571375568089907
80,model.layers.10,60821504,937.16845703125,0.19755945573702005,4743.728684284065,0.6082628103136353
80,model.layers.11,60821504,806.33544921875,0.16878977160499273,4777.158245736372,0.6125493031444542
80,model.layers.12,60821504,702.6865234375,0.14716644877599955,4774.77393306576,0.6122435755571033
80,model.layers.13,60821504,668.113525390625,0.14850806659584762,4498.83659995952,0.5768616157368227
80,model.layers.14,60821504,638.293701171875,0.13910391239820916,4588.6107023693785,0.5883728659493643
80,model.layers.15,60821504,820.89697265625,0.20614937622883092,3982.049267736003,0.510596756181474
80,model.norm,2048,0.056640625,0.0016647931324628845,34.02262052595461,0.7518008027387225
80,__whole_model__,1235814400,13782.22705078125,1.0007751570058079,13771.551935817353,0.3917475225013655
81,model.embed_tokens,262668288,306.0,0.21978366533663765,1392.2781728628775,0.08590574190994313
81,model.layers.0,60821504,880.3037109375,0.2723616249985288,3232.1135950861476,0.41443653915394973
81,model.layers.1,60821504,808.2978515625,0.602476735346324,1341.6250024955123,0.17202935680292186
81,model.layers.2,60821504,784.65234375,0.18427227999657386,4258.1138289741075,0.5459950297806803
81,model.layers.3,60821504,842.650390625,0.1855769674693917,4540.705681937514,0.5822302628842787
81,model.layers.4,60821504,894.23095703125,0.1907991778564907,4686.7652527509545,0.6009586959227283
81,model.layers.5,60821504,939.640625,0.20418431774759993,4601.923572610144,0.5900799036837981
81,model.layers.6,60821504,975.45166015625,0.21115395683287605,4619.62292720993,0.5923493967105116
81,model.layers.7,60821504,990.837890625,0.22244370350575235,4454.331028521907,0.5711549057289458
81,model.layers.8,60821504,1044.396484375,0.23018178609971032,4537.26813955031,0.5817894853162149
81,model.layers.9,60821504,1010.5390625,0.2226117085065615,4539.469506251125,0.5820717547260158
81,model.layers.10,60821504,932.60107421875,0.19512372170443384,4779.537137116621,0.6128543355889055
81,model.layers.11,60821504,813.58154296875,0.16927375104121867,4806.306577152889,0.6162868368786457
81,model.layers.12,60821504,725.63037109375,0.1490726555110788,4867.628933059575,0.6241498726931577
81,model.layers.13,60821504,694.488037109375,0.14501335847879873,4789.131459298701,0.6140845639096905
81,model.layers.14,60821504,654.62646484375,0.1400092242642891,4675.595256552819,0.5995264273991975
81,model.layers.15,60821504,823.759765625,0.20036181334815745,4111.361101496916,0.5271777169920717
81,model.norm,2048,0.05615234375,0.0016246771974763544,34.562154154205295,0.7637229242141677
81,__whole_model__,1235814400,14121.744384765625,0.9991445731354753,14133.834846792326,0.40205307364625215
82,model.embed_tokens,262668288,316.0,0.22902357265072185,1379.7706338374335,0.08513400718020954
82,model.layers.0,60821504,799.494140625,0.25197876574198813,3172.8631508721505,0.4068391734299494
82,model.layers.1,60821504,741.404296875,0.5672609439431583,1306.9898514805764,0.16758827770795212
82,model.layers.2,60821504,744.69970703125,0.17777363012291875,4189.033584544228,0.5371372416543736
82,model.layers.3,60821504,828.80419921875,0.18651894355601095,4443.5389961870715,0.5697711014783506
82,model.layers.4,60821504,909.60986328125,0.198382263494302,4585.137034225724,0.5879274561698894
82,model.layers.5,60821504,980.40283203125,0.21829719130275316,4491.13809564111,0.5758744779421505
82,model.layers.6,60821504,1037.71728515625,0.22702417841894962,4570.9549193533485,0.5861089598724426
82,model.layers.7,60821504,1043.74169921875,0.23717698719662894,4400.687063089505,0.564276428619076
82,model.layers.8,60821504,1103.03076171875,0.24171153730882639,4563.417923694085,0.5851425314642975
82,model.layers.9,60821504,1060.48583984375,0.23292074490487572,4552.990075129847,0.5838054245394807
82,model.layers.10,60821504,970.2392578125,0.20445713170091628,4745.441011232536,0.608482372786781
82,model.layers.11,60821504,832.083984375,0.17591721628305015,4729.974711719971,0.6064992124011896
82,model.layers.12,60821504,718.69189453125,0.1508143396581149,4765.408224181282,0.6110426610896454
82,model.layers.13,60821504,684.614990234375,0.15016663245813897,4559.0353797487,0.5845805814300608
82,model.layers.14,60821504,655.2373046875,0.14325388985680673,4573.958203455836,0.5864940548367482
82,model.layers.15,60821504,838.76513671875,0.20694143885925423,4053.152144598811,0.5197138955839108
82,model.norm,2048,0.059326171875,0.0017321401023910187,34.25021555306473,0.7568299898335321
82,__whole_model__,1235814400,14265.08251953125,0.9964915885002361,14315.306505497783,0.4072152422263365
83,model.embed_tokens,262668288,316.0,0.22428117075931062,1408.9457395383329,0.08693415685531589
83,model.layers.0,60821504,831.4326171875,0.26682773823657574,3115.9901990786743,0.3995466607693201
83,model.layers.1,60821504,785.982421875,0.600993103699213,1307.8060580681322,0.1676929354878939
83,model.layers.2,60821504,790.26123046875,0.1851017226811362,4269.334823156057,0.547433837501332
83,model.layers.3,60821504,851.46044921875,0.189985447516188,4481.714048894192,0.5746660831244201
83,model.layers.4,60821504,876.6005859375,0.193775267897343,4523.800149779175,0.5800625574388668
83,model.layers.5,60821504,922.57470703125,0.2077614449624453,4440.548183509281,0.569387605657744
83,model.layers.6,60821504,979.0732421875,0.2171167050686642,4509.433034541784,0.5782203395398231
83,model.layers.7,60821504,993.14404296875,0.22780773093646212,4359.571287972435,0.5590043739579846
83,model.layers.8,60821504,1046.50830078125,0.23082007636853,4533.870351513024,0.5813538052345827
83,model.layers.9,60821504,1017.46923828125,0.22458173304611528,4530.507555003703,0.5809226119283448
83,model.layers.10,60821504,926.80078125,0.19577714971301116,4733.957883280011,0.6070099530628759
83,model.layers.11,60821504,790.206787109375,0.16707124762721384,4729.75929929346,0.6064715912245485
83,model.layers.12,60821504,682.930908203125,0.1443125460813347,4732.304479045255,0.6067979459323356
83,model.layers.13,60821504,643.983642578125,0.13893366230912335,4635.187987381202,0.5943452206440862
83,model.layers.14,60821504,618.788818359375,0.13710582895120257,4513.2203575357,0.578705967593442
83,model.layers.15,60821504,810.875,0.20579579225434777,3940.1923193736675,0.5052296648622812
83,model.norm,2048,0.060546875,0.0017442562463524894,34.71214457543891,0.7670372755881463
83,__whole_model__,1235814400,13884.1533203125,1.0020162680636089,13856.215475566632,0.39415587357882936
84,model.embed_tokens,262668288,330.0,0.24619378221538793,1340.407531946897,0.08270524219797185
84,model.layers.0,60821504,895.1005859375,0.2745849184574619,3259.831570378717,0.4179906660169634
84,model.layers.1,60821504,826.6220703125,0.5973971439367526,1383.7060968607775,0.17742518915827768
84,model.layers.2,60821504,786.1279296875,0.18078719767642684,4348.360612871011,0.5575668893975172
84,model.layers.3,60821504,850.77099609375,0.18727301799966278,4542.9448683060255,0.5825173817066176
84,model.layers.4,60821504,888.4052734375,0.19273497476379822,4609.465793773362,0.5910470021302047
84,model.layers.5,60821504,915.50634765625,0.2029466690121645,4511.068607888189,0.5784300603114715
84,model.layers.6,60821504,961.01513671875,0.2112599340394506,4548.970163643478,0.5832899729146835
84,model.layers.7,60821504,964.51513671875,0.2207584383781427,4369.097479601697,0.5602258662644901
84,model.layers.8,60821504,1022.0068359375,0.2267110627481771,4507.970733976535,0.578032836604782
84,model.layers.9,60821504,1001.017578125,0.22085642913765077,4532.435763964592,0.5811698557906061
84,model.layers.10,60821504,920.53662109375,0.19431017173571669,4737.459767910563,0.6074589808906753
84,model.layers.11,60821504,788.6455078125,0.1662797961029961,4742.882336252094,0.608154287658422
84,model.layers.12,60821504,676.926025390625,0.14282261007861685,4739.6278853748045,0.6077369869297345
84,model.layers.13,60821504,646.484375,0.14326051053435201,4512.648828268565,0.5786326834700569
84,model.layers.14,60821504,625.359130859375,0.1388749629585465,4503.037246865309,0.5774002420921864
84,model.layers.15,60821504,836.654052734375,0.21368511871711848,3915.3594679747343,0.5020454819156346
84,model.norm,2048,0.0615234375,0.0017901357314615912,34.36802942856629,0.7594333332799389
84,__whole_model__,1235814400,13935.755126953125,1.001897953764631,13909.35581272477,0.3956675111577754
85,model.embed_tokens,262668288,330.0,0.230695289868893,1430.4583339674732,0.08826151759461623
85,model.layers.0,60821504,812.080078125,0.25639904868742713,3167.250745594601,0.4061195248931241
85,model.layers.1,60821504,768.1650390625,0.5974438210603696,1285.7527552952624,0.1648651591089951
85,model.layers.2,60821504,748.69677734375,0.17133325657128262,4369.827506501969,0.5603194736867346
85,model.layers.3,60821504,814.0205078125,0.17806014529367067,4571.604198513676,0.5861922134463764
85,model.layers.4,60821504,876.9130859375,0.18937965185915234,4630.450406518268,0.5937377461358321
85,model.layers.5,60821504,930.35107421875,0.2045228795976898,4548.885073634856,0.5832790622806193
85,model.layers.6,60821504,979.21240234375,0.2136772329843173,4582.670735050274,0.5876112158940693
85,model.layers.7,60821504,996.02734375,0.22803670200570741,4367.837874295651,0.5600643538521382
85,model.layers.8,60821504,1057.64111328125,0.23119857286657333,4574.600527018061,0.586576416531755
85,model.layers.9,60821504,1041.78369140625,0.22869033434542868,4555.433855077899,0.5841187772959138
85,model.layers.10,60821504,960.4248046875,0.20283143289781447,4735.088595323179,0.6071549381855098
85,model.layers.11,60821504,823.78125,0.1709150240078326,4819.8293554477,0.6180207899936501
85,model.layers.12,60821504,719.314697265625,0.14960269020919797,4808.16686023337,0.6165253709706694
85,model.layers.13,60821504,680.555908203125,0.14869680189055606,4576.802591248925,0.5868587753820816
85,model.layers.14,60821504,644.9892578125,0.13976059827198453,4614.957761967381,0.5917512076676998
85,model.layers.15,60821504,825.2060546875,0.20496664959189087,4026.0503663916443,0.5162387803583283
85,model.norm,2048,0.057861328125,0.0016765910472213864,34.5112949403455,0.7625990837452279
85,__whole_model__,1235814400,14009.220947265625,0.9972245576330374,14048.210947108257,0.39961740403367196
86,model.embed_tokens,262668288,358.0,0.23221870967334352,1541.6501129628616,0.09512222435211996
86,model.layers.0,60821504,793.89453125,0.2360259053023835,3363.590662782993,0.4312951362642836
86,model.layers.1,60821504,739.89794921875,0.592405774843187,1248.9715337677203,0.16014890093697282
86,model.layers.2,60821504,739.693359375,0.17330127937901432,4268.251002101789,0.547294864957955
86,model.layers.3,60821504,821.82861328125,0.18186183643804696,4518.972365932388,0.5794435166872399
86,model.layers.4,60821504,886.14599609375,0.18978495125419917,4669.211074100604,0.5987078180270373
86,model.layers.5,60821504,944.32763671875,0.20832173771619114,4533.024959715259,0.5812454051921376
86,model.layers.6,60821504,998.837890625,0.21970463101057885,4546.275998055342,0.5829445145545714
86,model.layers.7,60821504,1018.09521484375,0.2331140264925648,4367.370038440061,0.5600043657770971
86,model.layers.8,60821504,1082.70751953125,0.24082282855419315,4495.867464191024,0.5764808994296841
86,model.layers.9,60821504,1054.53515625,0.23443753009176177,4498.149915831487,0.5767735659251
86,model.layers.10,60821504,965.23193359375,0.20538364854925947,4699.653260674486,0.6026112558477685
86,model.layers.11,60821504,833.708984375,0.1749394372376843,4765.700619250694,0.6110801533364578
86,model.layers.12,60821504,725.0107421875,0.1521195549935958,4766.058789864477,0.6111260796274857
86,model.layers.13,60821504,703.001953125,0.14778752422475722,4756.84234384944,0.609944304334817
86,model.layers.14,60821504,680.247314453125,0.1466818164121853,4637.570839330121,0.5946507609309523
86,model.layers.15,60821504,881.5498046875,0.2181695341858824,4040.6641008657593,0.5181126209154098
86,model.norm,2048,0.060302734375,0.0017649560420951644,34.16670610301157,0.7549846742577274
86,__whole_model__,1235814400,14226.77490234375,1.0027736214544647,14187.424357761467,0.40357748848722735
87,model.embed_tokens,262668288,340.0,0.22936979235940277,1482.3224824097551,0.09146161671080086
87,model.layers.0,60821504,936.560546875,0.2927731131351408,3198.9294947405024,0.41018152048038115
87,model.layers.1,60821504,842.19677734375,0.5948030186833505,1415.9255264171786,0.1815565132859847
87,model.layers.2,60821504,778.63232421875,0.18155558860255838,4288.671751786427,0.5499133078366636
87,model.layers.3,60821504,814.154296875,0.18039045565883957,4513.28920868605,0.5787147960060668
87,model.layers.4,60821504,871.15283203125,0.18894675812104214,4610.573056104918,0.5911889804224663
87,model.layers.5,60821504,940.08544921875,0.21154006608272172,4444.00659708187,0.5698310594256332
87,model.layers.6,60821504,981.2099609375,0.21822209223388161,4496.382336422102,0.5765469187261218
87,model.layers.7,60821504,979.89013671875,0.22262036458100862,4401.619494977428,0.5643959893440503
87,model.layers.8,60821504,1033.4541015625,0.22724466201805288,4547.7596366175585,0.5831347535461758
87,model.layers.9,60821504,994.0859375,0.21798889045936584,4560.259632521513,0.584737560777255
87,model.layers.10,60821504,915.22119140625,0.1921060487595448,4764.145623294838,0.6108807645701337
87,model.layers.11,60821504,793.076171875,0.16553289131621846,4791.048869919042,0.6143304231588329
87,model.layers.12,60821504,685.6865234375,0.1425670032287311,4809.5737997480455,0.6167057752560099
87,model.layers.13,60821504,656.9814453125,0.13911079951935879,4722.7206484502585,0.6055690628913227
87,model.layers.14,60821504,632.6337890625,0.13682805366386624,4623.567843891408,0.5928552321549119
87,model.layers.15,60821504,827.06982421875,0.20417609112391888,4050.767255196317,0.5194080940453333
87,model.norm,2048,0.056884765625,0.0016456864140063433,34.565981186243626,0.763807490473734
87,__whole_model__,1235814400,14022.148193359375,0.9994028179265091,14030.526972549012,0.39911436318149734
88,model.embed_tokens,262668288,328.0,0.2405371502492973,1363.6147250437386,0.08413716232678639
88,model.layers.0,60821504,814.4052734375,0.26401175039372454,3084.7311614841597,0.3955384825364606
88,model.layers.1,60821504,757.35205078125,0.5942541991349058,1274.4580549599418,0.16341690044479842
88,model.layers.2,60821504,759.7041015625,0.1776633865925895,4276.087021264672,0.5482996355413734
88,model.layers.3,60821504,837.96240234375,0.18418474248522618,4549.575556786223,0.5833675992206675
88,model.layers.4,60821504,891.08837890625,0.1925722500127283,4627.293801922928,0.5933329917095151
88,model.layers.5,60821504,936.47412109375,0.20861020489443297,4489.1098283885585,0.5756144041434125
88,model.layers.6,60821504,988.21044921875,0.21703975310410317,4553.131097346736,0.5838235070597239
88,model.layers.7,60821504,998.54345703125,0.2275557456969247,4388.126759766299,0.5626658884920498
88,model.layers.8,60821504,1054.58203125,0.2319608960818401,4546.378501995112,0.5829576580833485
88,model.layers.9,60821504,1024.8974609375,0.2232267121469095,4591.285026242722,0.5887157801131271
88,model.layers.10,60821504,949.849609375,0.20039590926110612,4739.865264102733,0.6077674247270387
88,model.layers.11,60821504,813.58349609375,0.17012111344276665,4782.37815183041,0.6132186236224259
88,model.layers.12,60821504,702.62451171875,0.1485541148017118,4729.754626161683,0.6064709920139998
88,model.layers.13,60821504,656.2353515625,0.14087412872299385,4658.309921851446,0.5973100219168389
88,model.layers.14,60821504,628.361328125,0.13926694664209707,4511.920044745645,0.5785392354794014
88,model.layers.15,60821504,827.890625,0.20949999654110787,3951.7452919745137,0.5067110403897115
88,model.norm,2048,0.059814453125,0.001719169965225067,34.79263501277451,0.7688158797775424
88,__whole_model__,1235814400,13969.824462890625,1.001805822043026,13944.642919324782,0.3966712932043611
89,model.embed_tokens,262668288,328.0,0.23244221381946337,1411.1034076398698,0.08706728835351125
89,model.layers.0,60821504,807.11328125,0.25015069125302175,3226.5082986863436,0.41371780215027554
89,model.layers.1,60821504,749.34912109375,0.5905228225968057,1268.9587809638087,0.1627117581235998
89,model.layers.2,60821504,717.44482421875,0.17166236584696445,4179.394945880835,0.5359013308695902
89,model.layers.3,60821504,795.16259765625,0.17515318292703888,4539.812433711124,0.5821157264694343
89,model.layers.4,60821504,853.07470703125,0.18443480202151902,4625.34563803049,0.5930831891337289
89,model.layers.5,60821504,918.14697265625,0.20485475265474712,4481.9412816047925,0.5746952199525028
89,model.layers.6,60821504,988.52392578125,0.21829154487398625,4528.457235262584,0.580659710457629
89,model.layers.7,60821504,1017.595703125,0.23931697554851464,4252.083249809882,0.5452217610559313
89,model.layers.8,60821504,1076.333984375,0.2398925372365423,4486.733921671343,0.5753097544062459
89,model.layers.9,60821504,1038.5986328125,0.23304999607784063,4456.548595974228,0.5714392524739604
89,model.layers.10,60821504,950.359375,0.20117677484992155,4724.00144454533,0.6057332924845557
89,model.layers.11,60821504,816.33837890625,0.17275973892805577,4725.281387732397,0.6058974127139833
89,model.layers.12,60821504,708.19140625,0.14980754223585252,4727.341465458692,0.6061615653986451
89,model.layers.13,60821504,671.4306640625,0.14940297163436142,4494.091762148569,0.5762532107091631
89,model.layers.14,60821504,644.87158203125,0.14356398259664466,4491.8758198779715,0.5759690723524582
89,model.layers.15,60821504,836.95849609375,0.2122800311681735,3942.709502575354,0.5055524297230551
89,model.norm,2048,0.058349609375,0.0016861864050728213,34.60448334742686,0.7646582760757027
89,__whole_model__,1235814400,13917.552001953125,0.9994961788339071,13924.567493785184,0.39610022479791346
90,model.embed_tokens,262668288,318.0,0.2205913733394726,1441.5794923703716,0.08894771047052298
90,model.layers.0,60821504,900.578125,0.27492871782467626,3275.6786272662293,0.42002264887246116
90,model.layers.1,60821504,836.001953125,0.601514283494205,1389.8289301937318,0.1782102871388016
90,model.layers.2,60821504,776.6484375,0.18474668922614368,4203.855780870447,0.5390378121533307
90,model.layers.3,60821504,839.15185546875,0.1874485783208204,4476.704293977263,0.5740237092013817
90,model.layers.4,60821504,878.59619140625,0.19207478817517606,4574.240064265762,0.5865301963321358
90,model.layers.5,60821504,919.63671875,0.2057908552747497,4468.792928248442,0.5730092773331397
90,model.layers.6,60821504,970.3291015625,0.2145886672530502,4521.80962761773,0.5798073234901119
90,model.layers.7,60821504,989.96533203125,0.22851949411504116,4332.082634196985,0.5554796517594771
90,model.layers.8,60821504,1053.01416015625,0.23329908992277815,4513.580230873584,0.5787521122156214
90,model.layers.9,60821504,1018.84716796875,0.223568917112041,4557.195074922501,0.5843446090421107
90,model.layers.10,60821504,933.91650390625,0.19524504177982402,4783.304586855623,0.6133374154019547
90,model.layers.11,60821504,799.32080078125,0.1664707931329655,4801.567805007135,0.6156792096186041
90,model.layers.12,60821504,683.18603515625,0.1418763606117861,4815.361996954803,0.6174479646462454
90,model.layers.13,60821504,634.28515625,0.14018689346807017,4524.568171520747,0.5801610367352183
90,model.layers.14,60821504,603.78955078125,0.13145503499187652,4593.126089225583,0.5889518497154274
90,model.layers.15,60821504,770.13330078125,0.19215831206904962,4007.806336811038,0.5138994465889013
90,model.norm,2048,0.05419921875,0.0015528835154576927,34.902308003459915,0.7712393333846256
90,__whole_model__,1235814400,13925.45458984375,0.9985388075698737,13945.832134190041,0.39670512177933637
91,model.embed_tokens,262668288,350.0,0.23054764900349056,1518.1243509219255,0.09367064802095638
91,model.layers.0,60821504,843.3896484375,0.2677737550450784,3149.6352146068966,0.40386078011725896
91,model.layers.1,60821504,779.22412109375,0.5894849776812512,1321.872737383132,0.16949663010480343
91,model.layers.2,60821504,748.19775390625,0.17137874249498486,4365.755886720577,0.5597973917854313
91,model.layers.3,60821504,822.017578125,0.17911870371638697,4589.233625911934,0.5884527400842112
91,model.layers.4,60821504,876.4619140625,0.18620537479161972,4706.963561300732,0.6035486163713351
91,model.layers.5,60821504,935.5712890625,0.2061891026138538,4537.442945346226,0.5818118997230581
91,model.layers.6,60821504,994.904296875,0.2183968197516955,4555.488939839639,0.5841258405185832
91,model.layers.7,60821504,1004.916015625,0.2275581435961544,4416.084609164401,0.5662507731212139
91,model.layers.8,60821504,1069.2177734375,0.23400453495607298,4569.218171939327,0.5858862660943693
91,model.layers.9,60821504,1043.02734375,0.22567564266619206,4621.7984866572115,0.5926283569950219
91,model.layers.10,60821504,960.04541015625,0.2012055007921444,4771.467014453179,0.6118195471729694
91,model.layers.11,60821504,832.2802734375,0.17303113625238226,4810.002936255014,0.61676080112176
91,model.layers.12,60821504,721.994140625,0.14903808615987993,4844.359983598314,0.6211662204789736
91,model.layers.13,60821504,703.176513671875,0.1466681182020266,4794.337871733591,0.6147521541683386
91,model.layers.14,60821504,680.06298828125,0.145875531266674,4661.940096300536,0.5977754996579346
91,model.layers.15,60821504,886.16552734375,0.22139756916517447,4002.5982700949303,0.5132316442106718
91,model.norm,2048,0.061767578125,0.0017419833833088522,35.458190196782525,0.7835227105233527
91,__whole_model__,1235814400,14250.71435546875,1.0003012118432377,14246.42316408795,0.40525577691228315
92,model.embed_tokens,262668288,324.0,0.23544429202722048,1376.1217025492438,0.0849088624098611
92,model.layers.0,60821504,895.408203125,0.2903826625787872,3083.5456744324606,0.39538647390914466
92,model.layers.1,60821504,796.73974609375,0.5859136320476972,1359.8245586286175,0.17436298798142041
92,model.layers.2,60821504,756.056640625,0.17084824113331679,4425.311232996725,0.5674338534606418
92,model.layers.3,60821504,821.134765625,0.17739042252014794,4628.968993699396,0.5935477925393234
92,model.layers.4,60821504,871.771484375,0.18552013665024944,4699.066635653148,0.6025360360770297
92,model.layers.5,60821504,915.3232421875,0.1990258133467379,4599.017719338979,0.5897073017508643
92,model.layers.6,60821504,962.51171875,0.20916441160709356,4601.699263056457,0.5900511416764014
92,model.layers.7,60821504,984.01806640625,0.22178327501818992,4436.845232470952,0.5689127961661115
92,model.layers.8,60821504,1052.64501953125,0.23096612614272657,4557.573169325978,0.5843930900535111
92,model.layers.9,60821504,1033.5927734375,0.22861341940961336,4521.137805937724,0.5797211794101471
92,model.layers.10,60821504,957.609375,0.20074119683910943,4770.367966708434,0.6116786221929843
92,model.layers.11,60821504,842.080078125,0.17398514635563844,4839.95384527669,0.6206012450647977
92,model.layers.12,60821504,740.88330078125,0.15254694727607096,4856.755995519469,0.62275569440332
92,model.layers.13,60821504,712.054931640625,0.15051856695793853,4730.678387601208,0.6065894409740186
92,model.layers.14,60821504,677.801513671875,0.14490833002934844,4677.450313136582,0.5997642913256629
92,model.layers.15,60821504,865.457763671875,0.2095378452655954,4130.317187212085,0.52960835388913
92,model.norm,2048,0.05712890625,0.0016293471969547172,35.0624509968011,0.7747780270268462
92,__whole_model__,1235814400,14209.145751953125,0.9988417515108503,14225.622557787896,0.4046640799109177
93,model.embed_tokens,262668288,308.0,0.23241258650740004,1325.2294319705152,0.08176872967865738
93,model.layers.0,60821504,991.4228515625,0.31390845489961994,3158.3184080834403,0.40497417930554674
93,model.layers.1,60821504,880.28125,0.6075672502995892,1448.8622445761132,0.18577981147254305
93,model.layers.2,60821504,784.42431640625,0.18612038637708356,4214.607178049754,0.5404164059765292
93,model.layers.3,60821504,821.8955078125,0.1812702674232908,4534.0889021433495,0.5813818288062171
93,model.layers.4,60821504,861.2197265625,0.18489939613800924,4657.774684778765,0.5972413913463149
93,model.layers.5,60821504,904.021484375,0.1997891006758087,4524.878891376194,0.5802008786707658
93,model.layers.6,60821504,947.57470703125,0.2077032437617442,4562.156516526098,0.5849807880088821
93,model.layers.7,60821504,956.7041015625,0.2172748045371711,4403.198537448589,0.5645984614656738
93,model.layers.8,60821504,1006.75341796875,0.21945143299611833,4587.590995528189,0.5882421144266279
93,model.layers.9,60821504,976.7783203125,0.21385445770213604,4567.491044180108,0.5856648057928826
93,model.layers.10,60821504,889.03369140625,0.18707374959044015,4752.316631021766,0.6093639965249809
93,model.layers.11,60821504,754.00634765625,0.15998082588121643,4713.104483009041,0.6043360337269243
93,model.layers.12,60821504,651.607177734375,0.1382109448000335,4714.584497466059,0.6045258080190149
93,model.layers.13,60821504,609.347900390625,0.13170319220658785,4626.675255029582,0.5932536787688525
93,model.layers.14,60821504,593.320068359375,0.13241765060225322,4480.672067967343,0.5745324755155031
93,model.layers.15,60821504,788.126708984375,0.20055623035366713,3929.7044404682306,0.5038848605697454
93,model.norm,2048,0.056640625,0.0016238441410783536,34.88057971030791,0.7707592014023945
93,__whole_model__,1235814400,13724.57421875,1.0011669348254868,13708.577202604407,0.38995613429534975
94,model.embed_tokens,262668288,322.0,0.2219550065736597,1450.7444773188236,0.08951320438325976
94,model.layers.0,60821504,824.9921875,0.2608426644040595,3162.7961989455916,0.40554834233953996
94,model.layers.1,60821504,771.93310546875,0.5955686548407089,1296.1278253893527,0.1661954985345065
94,model.layers.2,60821504,750.39453125,0.18914526317281158,3967.292221134853,0.5087045394812899
94,model.layers.3,60821504,840.39794921875,0.19521760091180346,4304.929193338617,0.55199791211005
94,model.layers.4,60821504,879.5400390625,0.20305745892032073,4331.483530519455,0.5554028319177835
94,model.layers.5,60821504,923.646484375,0.20885756798051738,4422.374986484375,0.5670573543658911
94,model.layers.6,60821504,982.5830078125,0.21639676887688902,4540.654709920851,0.5822237270167858
94,model.layers.7,60821504,1004.59619140625,0.22776252559952723,4410.717648840188,0.5655625966703848
94,model.layers.8,60821504,1060.390625,0.23348337327716268,4541.610865546451,0.5823463297090207
94,model.layers.9,60821504,1020.71826171875,0.22238858943730255,4589.7960156203,0.5885248522911415
94,model.layers.10,60821504,930.66015625,0.1983553791970604,4691.882620059503,0.6016148684038437
94,model.layers.11,60821504,785.3271484375,0.1677122463184656,4682.5867858585425,0.6004229135911626
94,model.layers.12,60821504,668.37646484375,0.1438990378070092,4644.759791515396,0.5955725615967266
94,model.layers.13,60821504,629.7353515625,0.13676418918789157,4604.533944900933,0.5904146176801573
94,model.layers.14,60821504,611.91552734375,0.1375088219689237,4450.009232731554,0.5706007451038344
94,model.layers.15,60821504,811.57421875,0.20598053587551052,3940.052953549432,0.5052117947323574
94,model.norm,2048,0.05712890625,0.0016228234109708028,35.2034028248486,0.7778926518216284
94,__whole_model__,1235814400,13818.83837890625,1.0008206742951384,13807.506912902885,0.39277030288664777
95,model.embed_tokens,262668288,316.0,0.2367630652691656,1334.6676334028425,0.08235108147597986
95,model.layers.0,60821504,880.2333984375,0.2797969846808509,3145.9717103153703,0.4033910286697653
95,model.layers.1,60821504,821.49853515625,0.5785340317053633,1419.9657930834119,0.18207457494599522
95,model.layers.2,60821504,775.3212890625,0.17551102137348565,4417.507704046826,0.5664332489224533
95,model.layers.3,60821504,832.27197265625,0.18152262938283323,4584.948860017774,0.5879033276034863
95,model.layers.4,60821504,884.60498046875,0.1903990770039528,4646.057083829167,0.5957389064113419
95,model.layers.5,60821504,936.56787109375,0.20767857210044818,4509.699106755987,0.5782544565485158
95,model.layers.6,60821504,1009.90087890625,0.22152677488021583,4558.820844353124,0.5845530727103786
95,model.layers.7,60821504,1019.5390625,0.2318087657371904,4398.190289559139,0.5639562807806618
95,model.layers.8,60821504,1081.103515625,0.239759294730417,4509.120352729525,0.5781802460331079
95,model.layers.9,60821504,1031.84619140625,0.22599944449064407,4565.702334940767,0.5854354492294771
95,model.layers.10,60821504,946.7353515625,0.2023597096239166,4678.477515716926,0.5998960039867077
95,model.layers.11,60821504,798.3291015625,0.1686630665692396,4733.277520688086,0.6069227138277216
95,model.layers.12,60821504,688.50244140625,0.14603268675550063,4714.714607415221,0.60454249131787
95,model.layers.13,60821504,653.294677734375,0.14048354599836332,4650.328784710389,0.5962866436357408
95,model.layers.14,60821504,627.2421875,0.13821112163064575,4538.290262749164,0.5819205466754958
95,model.layers.15,60821504,818.95166015625,0.2084299428881552,3929.145922165821,0.5038132447723748
95,model.norm,2048,0.06005859375,0.0017556940841119111,34.20789207726906,0.7558947643104539
95,__whole_model__,1235814400,14122.003173828125,0.998277258714834,14146.37371586383,0.4024097560969028
96,model.embed_tokens,262668288,318.0,0.2334170713128933,1362.3682201621154,0.08406025102505277
96,model.layers.0,60821504,809.8544921875,0.2616739976809399,3094.8986118787343,0.3968422000047925
96,model.layers.1,60821504,752.1767578125,0.58579941703916,1284.0175936232074,0.1646426686620837
96,model.layers.2,60821504,745.7578125,0.17707285595485553,4211.587419644544,0.540029198601009
96,model.layers.3,60821504,823.82763671875,0.18345324219777875,4490.668177074741,0.5758142228123102
96,model.layers.4,60821504,873.4111328125,0.18913250745608276,4617.98526631023,0.5921394082631343
96,model.layers.5,60821504,942.0810546875,0.2106260947136809,4472.765143218071,0.5735186130901784
96,model.layers.6,60821504,985.466796875,0.21819686867973642,4516.411270417643,0.5791151211867887
96,model.layers.7,60821504,996.84326171875,0.2250220848911169,4429.979671555793,0.5680324622232219
96,model.layers.8,60821504,1060.5185546875,0.2335684231110167,4540.504836064369,0.582204509498415
96,model.layers.9,60821504,1038.03955078125,0.22705758075233032,4571.701800670209,0.5862047284458584
96,model.layers.10,60821504,973.48486328125,0.20505455874009892,4747.443164699965,0.6087390981553317
96,model.layers.11,60821504,832.268798828125,0.1736760382574042,4792.076138877745,0.6144621443312176
96,model.layers.12,60821504,723.997802734375,0.15062804798585855,4806.527153577309,0.616315120206959
96,model.layers.13,60821504,683.737060546875,0.1439163915145208,4750.932491785606,0.6091865157967002
96,model.layers.14,60821504,646.47998046875,0.14033028023455124,4606.8459308155625,0.59071107119667
96,model.layers.15,60821504,820.277099609375,0.21032764949169147,3899.9965130204064,0.5000755728468044
96,model.norm,2048,0.06103515625,0.0017585272766890898,34.70810891538483,0.7669480992571837
96,__whole_model__,1235814400,14026.28369140625,0.9975776427170973,14060.34286534623,0.39996251030310803
97,model.embed_tokens,262668288,340.0,0.22575291320488378,1506.0713732248958,0.09292696043648593
97,model.layers.0,60821504,809.103515625,0.24590647424190143,3290.289603473694,0.4218961357518482
97,model.layers.1,60821504,746.59912109375,0.5905084892971991,1264.3325788293475,0.16211856511053632
97,model.layers.2,60821504,752.49365234375,0.17348522358035462,4337.508617817304,0.5561753964500504
97,model.layers.3,60821504,852.39990234375,0.18952659138659547,4497.521409040848,0.5766929758803865
97,model.layers.4,60821504,924.81884765625,0.20121001525574853,4596.2863552331455,0.5893570736249371
97,model.layers.5,60821504,980.974609375,0.21987197897868768,4461.5717470305135,0.5720833441118841
97,model.layers.6,60821504,1039.84814453125,0.22917496685813554,4537.354837602919,0.5818006021411092
97,model.layers.7,60821504,1040.166015625,0.23580799715502665,4411.071838845085,0.5656080125493488
97,model.layers.8,60821504,1092.40283203125,0.23868068606088116,4576.837992465828,0.5868633146896844
97,model.layers.9,60821504,1046.482421875,0.22617697481714968,4626.830041921895,0.593273526259378
97,model.layers.10,60821504,951.22900390625,0.2005686140315286,4742.661300719366,0.6081259454611203
97,model.layers.11,60821504,810.88720703125,0.16993485793019109,4771.753228901164,0.611856246911945
97,model.layers.12,60821504,714.18603515625,0.14752508970949935,4841.115748938688,0.620750229720919
97,model.layers.13,60821504,679.362548828125,0.14291521045133887,4753.605628698569,0.6095292777629188
97,model.layers.14,60821504,649.55859375,0.14119318090497635,4600.4955025919835,0.5898967899476671
97,model.layers.15,60821504,839.1435546875,0.20549574463185305,4083.5081825700627,0.5236062870327628
97,model.norm,2048,0.057861328125,0.0016600222601446154,34.85575435594419,0.7702106333893962
97,__whole_model__,1235814400,14269.7138671875,1.0023438197834247,14236.346436765321,0.40496913289554787
98,model.embed_tokens,262668288,344.0,0.2351063602538418,1463.167562241136,0.09027972816267592
98,model.layers.0,60821504,859.578125,0.25975015137782365,3309.24975573811,0.4243272940806405
98,model.layers.1,60821504,796.17138671875,0.5798162982174225,1373.1441995792218,0.17607089388755381
98,model.layers.2,60821504,760.50634765625,0.18036276679315058,4216.537377298267,0.5406639050426656
98,model.layers.3,60821504,832.01806640625,0.18467169103900136,4505.39041325253,0.5777019759591694
98,model.layers.4,60821504,878.26904296875,0.18931016810728077,4639.312572323326,0.5948740939830243
98,model.layers.5,60821504,935.82568359375,0.20600292406696002,4542.778641770956,0.5824960673722406
98,model.layers.6,60821504,994.82763671875,0.21873652656650333,4548.063610291849,0.5831737304552048
98,model.layers.7,60821504,1028.47509765625,0.23637118460757273,4351.101845868992,0.5579183829583949
98,model.layers.8,60821504,1078.0908203125,0.23800289171750522,4529.738326003734,0.5808239778317434
98,model.layers.9,60821504,1038.0341796875,0.22772200701937795,4558.339324662498,0.5844913300307831
98,model.layers.10,60821504,954.609375,0.2018854770475363,4728.469768903813,0.6063062416797085
98,model.layers.11,60821504,829.017578125,0.17276983001112262,4798.393203672362,0.615272147567203
98,model.layers.12,60821504,725.00341796875,0.14956307874851926,4847.4758880017225,0.6215657561386257
98,model.layers.13,60821504,691.798583984375,0.1458760314891979,4742.373211843254,0.6080890053743094
98,model.layers.14,60821504,667.734375,0.14361611412308994,4649.43909029387,0.5961725629068186
98,model.layers.15,60821504,862.08056640625,0.2156714438961741,3997.1938372205746,0.5125386628563212
98,model.norm,2048,0.059326171875,0.00167286939276215,35.46372007981083,0.7836449048292427
98,__whole_model__,1235814400,14276.099609375,0.9987293579780405,14294.262499980394,0.4066166214562618
99,model.embed_tokens,262668288,328.0,0.2233103130050918,1468.8081154251086,0.09062775912049471
99,model.layers.0,60821504,798.9228515625,0.2549890482143119,3133.165354188174,0.40174893851532356
99,model.layers.1,60821504,758.341796875,0.5964677203811513,1271.3878236200426,0.16302322119638207
99,model.layers.2,60821504,754.8779296875,0.17591651693627383,4291.114574312293,0.550226537828
99,model.layers.3,60821504,831.01318359375,0.18554835825761734,4478.687881678599,0.5742780539816208
99,model.layers.4,60821504,899.779296875,0.1961976562322336,4586.085859302809,0.5880491189053226
99,model.layers.5,60821504,957.70751953125,0.21425606620923127,4469.920205647773,0.5731538220498711
99,model.layers.6,60821504,986.8291015625,0.2185396040222348,4515.561863387002,0.5790062062926318
99,model.layers.7,60821504,993.83740234375,0.2285627019536284,4348.204645154147,0.5575468904962116
99,model.layers.8,60821504,1050.01513671875,0.2309039638372016,4547.410617251513,0.5830900006704164
99,model.layers.9,60821504,1021.33837890625,0.22533492581939119,4532.534737756834,0.5811825466675562
99,model.layers.10,60821504,939.2958984375,0.19862214527666813,4729.059275485722,0.606381830937458
99,model.layers.11,60821504,810.833984375,0.1713579293634783,4731.8147890027785,0.6067351556124746
99,model.layers.12,60821504,700.56396484375,0.14615821552135977,4793.189095424941,0.6146048527621186
99,model.layers.13,60821504,672.931396484375,0.1435780915483727,4686.866841781767,0.6009717221376516
99,model.layers.14,60821504,635.11474609375,0.1365516229367687,4651.096284573966,0.5963850560144843
99,model.layers.15,60821504,815.6337890625,0.2002581789771976,4072.9112450152265,0.5222474987362952
99,model.norm,2048,0.056640625,0.001625314894736182,34.84901614046538,0.7700617384563286
99,__whole_model__,1235814400,13955.093017578125,0.997031142709076,13996.64706526633,0.3981506105265734
100,model.embed_tokens,262668288,332.0,0.23563831319560885,1408.9389602971698,0.08693373856552793
100,model.layers.0,60821504,780.6318359375,0.26380039218215334,2959.17617665434,0.379439242254341
100,model.layers.1,60821504,729.3466796875,0.5886199659174344,1239.0790695499536,0.15888044346680577
100,model.layers.2,60821504,732.74169921875,0.17570537463770644,4170.286200576493,0.5347333654596784
100,model.layers.3,60821504,808.90673828125,0.18353859638699266,4407.284103751472,0.5651223316544025
100,model.layers.4,60821504,865.71337890625,0.18901267622806117,4580.186875200303,0.5872927239074229
100,model.layers.5,60821504,927.45556640625,0.20845969738783826,4449.088135634791,0.5704826377781551
100,model.layers.6,60821504,987.26611328125,0.2219082413318636,4448.983540925793,0.5704692261612873
100,model.layers.7,60821504,1005.4697265625,0.23427482142885458,4291.838621112105,0.5503193784541327
100,model.layers.8,60821504,1055.02392578125,0.23407319853032463,4507.239326866248,0.577939052205632
100,model.layers.9,60821504,1017.15380859375,0.22303362495753123,4560.5401821695295,0.5847735341494044
100,model.layers.10,60821504,923.85595703125,0.19581721645276956,4717.9506162272555,0.604957427319739
100,model.layers.11,60821504,788.6982421875,0.16651374627532503,4736.535330142733,0.6073404452087163
100,model.layers.12,60821504,677.421142578125,0.14312042042168355,4733.224934514599,0.6069159709855825
100,model.layers.13,60821504,644.921630859375,0.14008050667896443,4603.935594960419,0.5903378944861065
100,model.layers.14,60821504,620.822021484375,0.1377832219447064,4505.78824273333,0.57775298749337
100,model.layers.15,60821504,822.072509765625,0.2086091886118655,3940.730105111325,0.5052986222344045
100,model.norm,2048,0.06005859375,0.001756823793773695,34.18589500145195,0.7554086930143115
100,__whole_model__,1235814400,13719.56103515625,0.9963303102134807,13770.093004815442,0.391706021542856
101,model.embed_tokens,262668288,316.0,0.2365748717299332,1335.7293515125991,0.082416591144734
101,model.layers.0,60821504,840.48046875,0.30618408157826366,2745.016868341553,0.3519787462186535
101,model.layers.1,60821504,776.49560546875,0.5854444335158269,1326.335277979474,0.17006883767925063
101,model.layers.2,60821504,758.07373046875,0.1795311145755309,4222.520047631183,0.5414310306757011
101,model.layers.3,60821504,832.83056640625,0.18545733922257757,4490.685404510868,0.5758164317937698
101,model.layers.4,60821504,877.462890625,0.19039516319416092,4608.640660320672,0.5909411997063689
101,model.layers.5,60821504,931.09521484375,0.2091813453157887,4451.138859625034,0.5707455910835613
101,model.layers.6,60821504,978.90087890625,0.2164833633793635,4521.829592931966,0.579809883534953
101,model.layers.7,60821504,979.2099609375,0.22439666286556245,4363.745647697761,0.5595396296496096
101,model.layers.8,60821504,1026.0771484375,0.22698333211703348,4520.495575016278,0.5796388295939691
101,model.layers.9,60821504,991.3359375,0.2163077430156386,4582.988679366547,0.5876519841833646
101,model.layers.10,60821504,901.66455078125,0.1925136460690882,4683.639675380029,0.6005579199504872
101,model.layers.11,60821504,763.312744140625,0.15911579640226234,4797.215370187922,0.6151211203156446
101,model.layers.12,60821504,656.552734375,0.13957067972744197,4704.087818853765,0.6031798753874071
101,model.layers.13,60821504,616.158935546875,0.1331320780949246,4628.177854382676,0.5934463490006716
101,model.layers.14,60821504,597.00390625,0.13296662270649987,4489.877941532589,0.5757128951598094
101,model.layers.15,60821504,789.133056640625,0.20192306740920243,3908.0877027359434,0.5011130625775004
101,model.norm,2048,0.058349609375,0.0017069370995612383,34.18380758728517,0.7553625672420468
101,__whole_model__,1235814400,13631.8466796875,0.9963249240617312,13682.12954476173,0.38920380046368586
102,model.embed_tokens,262668288,320.0,0.22727367986132652,1407.9940985478452,0.08687543911706991
102,model.layers.0,60821504,893.853515625,0.28631106133068424,3121.96640769186,0.40031295785079524
102,model.layers.1,60821504,810.24951171875,0.5962339803450434,1358.9455455890904,0.17425027686800948
102,model.layers.2,60821504,764.888671875,0.17883988721573185,4276.946735894137,0.5484098721234778
102,model.layers.3,60821504,822.14306640625,0.17879844851767432,4598.15548301573,0.5895967418255315
102,model.layers.4,60821504,870.83203125,0.1887341551652201,4614.066968894228,0.5916369860639478
102,model.layers.5,60821504,911.31787109375,0.2057697712634816,4428.8228805330045,0.5678841331333231
102,model.layers.6,60821504,949.1318359375,0.21077635091313715,4503.0281235329185,0.5773990722563531
102,model.layers.7,60821504,961.20458984375,0.2216357547491283,4336.866093341965,0.5560930089930359
102,model.layers.8,60821504,1028.75927734375,0.22707686109640174,4530.445208624789,0.5809146175875688
102,model.layers.9,60821504,1002.07958984375,0.22243420538273018,4505.060667802991,0.5776596944740394
102,model.layers.10,60821504,920.10302734375,0.19367576850182056,4750.7390029285,0.6091617057614264
102,model.layers.11,60821504,795.8310546875,0.16661796361154263,4776.382074521814,0.6124497788850216
102,model.layers.12,60821504,681.255859375,0.14427493573475328,4721.9280043726785,0.6054674264052807
102,model.layers.13,60821504,649.85498046875,0.13920672974781104,4668.27273111032,0.5985874993532061
102,model.layers.14,60821504,630.156494140625,0.14054013594486547,4483.818731951691,0.574935955310748
102,model.layers.15,60821504,822.8427734375,0.21079276965135266,3903.5626070024446,0.5005328338943308
102,model.norm,2048,0.060546875,0.001792440454995806,33.77901610692093,0.7464178547191685
102,__whole_model__,1235814400,13834.564697265625,0.9976375032542069,13867.326210310335,0.3944719311175368
103,model.embed_tokens,262668288,320.0,0.22805040230658052,1403.1985769961793,0.08657954793327445
103,model.layers.0,60821504,762.767578125,0.2505501904295221,3044.370378714842,0.3903632364826428
103,model.layers.1,60821504,707.89599609375,0.5867084089135995,1206.5550541614905,0.15471006393637185
103,model.layers.2,60821504,704.24609375,0.16151934032083667,4360.134782318382,0.5590766278066497
103,model.layers.3,60821504,797.5791015625,0.17475598321551325,4563.958766315351,0.5852118808041614
103,model.layers.4,60821504,870.8349609375,0.18639450284901118,4671.9991610638845,0.5990653194198345
103,model.layers.5,60821504,941.392578125,0.207558790327762,4535.546659519552,0.5815687491925667
103,model.layers.6,60821504,999.583984375,0.21888213861291494,4566.7681735453425,0.5855721159800666
103,model.layers.7,60821504,1030.65869140625,0.23526094371420006,4380.917100538013,0.5617414326735437
103,model.layers.8,60821504,1103.1015625,0.2430552701065895,4538.480330075729,0.5819449179863148
103,model.layers.9,60821504,1065.7919921875,0.23727472230488178,4491.805877315622,0.5759601039939439
103,model.layers.10,60821504,973.79736328125,0.2067370860001744,4710.317737962257,0.6039787044008605
103,model.layers.11,60821504,837.90478515625,0.1760783909486349,4758.703101737688,0.6101828993088863
103,model.layers.12,60821504,727.9404296875,0.15339269074726045,4745.600498572001,0.608502822990359
103,model.layers.13,60821504,696.483154296875,0.15014417775596198,4638.762319701197,0.5948035380493708
103,model.layers.14,60821504,663.74365234375,0.14500811881312217,4577.286139399845,0.5869207781602285
103,model.layers.15,60821504,857.448486328125,0.21283599577662626,4028.681723687504,0.5165761851489988
103,model.norm,2048,0.058349609375,0.0016762578039734152,34.809448306034795,0.7691874045799931
103,__whole_model__,1235814400,14061.228759765625,0.9991190390321992,14073.627075894872,0.4003403948432871
104,model.embed_tokens,262668288,348.0,0.23458201484806526,1483.4896879259632,0.09153363511760032
104,model.layers.0,60821504,825.68359375,0.2631602212153649,3137.5699181916916,0.4023137120631577
104,model.layers.1,60821504,755.609375,0.5909087431177185,1278.724310311094,0.16396393941817072
104,model.layers.2,60821504,731.931640625,0.16812688256211672,4353.447999932897,0.5582192176728816
104,model.layers.3,60821504,813.06884765625,0.1783681988854431,4558.373368889838,0.5844956953389142
104,model.layers.4,60821504,877.08251953125,0.18716388505366957,4686.1739340351105,0.6008828743047927
104,model.layers.5,60821504,934.69580078125,0.2073659945655128,4507.4690415836385,0.5779685072880935
104,model.layers.6,60821504,988.40478515625,0.21595478664949808,4576.906122300797,0.5868720506119182
104,model.layers.7,60821504,1004.22119140625,0.23036660049411006,4359.230848796267,0.5589607212738161
104,model.layers.8,60821504,1076.2744140625,0.23737262065949366,4534.11354297004,0.5813849883668684
104,model.layers.9,60821504,1045.66845703125,0.23049734730307636,4536.574799085742,0.5817005819982659
104,model.layers.10,60821504,957.6064453125,0.20059397894161,4773.854381697296,0.6121256664318485
104,model.layers.11,60821504,833.3955078125,0.1736878217606448,4798.238007503965,0.6152522475974067
104,model.layers.12,60821504,736.07080078125,0.15324604858891105,4803.195955517201,0.6158879785998796
104,model.layers.13,60821504,702.367431640625,0.15069109323837393,4660.975088484958,0.5976517618969993
104,model.layers.14,60821504,675.115234375,0.14567334418544142,4634.445911501707,0.5942500682460533
104,model.layers.15,60821504,868.64404296875,0.21365979362024548,4065.547514815352,0.5213032872259266
104,model.norm,2048,0.0595703125,0.0017089166532024138,34.85852419330608,0.7702718387263142
104,__whole_model__,1235814400,14173.899658203125,1.0021076516359175,14144.088846207853,0.402344760370122
105,model.embed_tokens,262668288,338.0,0.22979354551267145,1470.8855257266648,0.09075593858684343
105,model.layers.0,60821504,844.1591796875,0.2523383156984826,3345.3468108909005,0.4289558252788991
105,model.layers.1,60821504,783.60791015625,0.5963264198047612,1314.0586835190118,0.1684946760134831
105,model.layers.2,60821504,755.93603515625,0.1747283667492519,4326.349803527174,0.55474456172243
105,model.layers.3,60821504,820.21728515625,0.17878508904304746,4587.727587051513,0.5882596288228702
105,model.layers.4,60821504,875.07666015625,0.18713556171393064,4676.164445397916,0.5995994114228548
105,model.layers.5,60821504,930.0166015625,0.20434574204248537,4551.191486872973,0.5835748012428011
105,model.layers.6,60821504,991.45703125,0.2179258449552461,4549.515599921655,0.5833599112744616
105,model.layers.7,60821504,1006.27880859375,0.23300872417371,4318.631468251638,0.553754881110806
105,model.layers.8,60821504,1071.0908203125,0.23725246998515157,4514.561304164859,0.5788779099660812
105,model.layers.9,60821504,1040.96875,0.2297930725814453,4530.0266814224815,0.5808609520958825
105,model.layers.10,60821504,951.236328125,0.2016263612310245,4717.817265149513,0.6049403284284018
105,model.layers.11,60821504,814.08544921875,0.17070866048933067,4768.8585153512495,0.6114850733655408
105,model.layers.12,60821504,705.62353515625,0.14803797707712443,4766.503495171622,0.6111831017967301
105,model.layers.13,60821504,668.668212890625,0.14190326968355071,4712.140984360534,0.6042124894783639
105,model.layers.14,60821504,647.609375,0.14122794831832633,4585.561021819103,0.5879818218181485
105,model.layers.15,60821504,847.583251953125,0.2099274591416442,4037.5054098150913,0.5177075989541502
105,model.norm,2048,0.059326171875,0.0017045209037663237,34.805188803441716,0.7690932819809916
105,__whole_model__,1235814400,14091.674560546875,0.9990487640748777,14105.091830623312,0.4012354457256005
106,model.embed_tokens,262668288,350.0,0.23910130422721865,1463.814683617928,0.09031965656424296
106,model.layers.0,60821504,853.1591796875,0.24861806620455898,3431.605726454063,0.4400163419920244
106,model.layers.1,60821504,804.5576171875,0.5681326618801982,1416.1439240702493,0.18158451724216856
106,model.layers.2,60821504,788.32958984375,0.18194216611129246,4332.858109216615,0.555579086749579
106,model.layers.3,60821504,854.27099609375,0.18792873930128792,4545.717697409656,0.5828729266661515
106,model.layers.4,60821504,928.16552734375,0.1990812800643119,4662.2441198083125,0.5978144829568435
106,model.layers.5,60821504,993.59765625,0.2201648430298728,4512.971474356535,0.5786740546422438
106,model.layers.6,60821504,1054.591796875,0.2299379490510991,4586.4190805695935,0.5880918460757999
106,model.layers.7,60821504,1060.42578125,0.23953761845129165,4426.9697098354945,0.5676465110239067
106,model.layers.8,60821504,1107.02490234375,0.24191889321301818,4576.016728751215,0.5867580084615449
106,model.layers.9,60821504,1072.10693359375,0.23377995363111392,4585.966063135803,0.5880337580872705
106,model.layers.10,60821504,977.3037109375,0.2054747689731514,4756.319794500903,0.6098773006429065
106,model.layers.11,60821504,832.1484375,0.17296360789068027,4811.118637314447,0.6169038614667012
106,model.layers.12,60821504,716.125244140625,0.15015038618124638,4769.386628657691,0.6115527904938421
106,model.layers.13,60821504,679.80322265625,0.144732928590022,4696.949265649809,0.6022645371118861
106,model.layers.14,60821504,651.614501953125,0.1421984624614795,4582.430011362764,0.5875803491905921
106,model.layers.15,60821504,853.46826171875,0.21466143583356473,3975.880709101735,0.5098057950915418
106,model.norm,2048,0.061767578125,0.0017671816680757534,34.95259103284916,0.7723504418552424
106,__whole_model__,1235814400,14576.755126953125,1.0018187614854506,14550.291616958128,0.41389966208462997
107,model.embed_tokens,262668288,330.0,0.22397407579909395,1473.3848050165052,0.09091014802991214
107,model.layers.0,60821504,929.6015625,0.27619642101038705,3365.7263157115276,0.4315689795505721
107,model.layers.1,60821504,826.376953125,0.6105894203257937,1353.408568206223,0.17354030004435514
107,model.layers.2,60821504,784.318359375,0.178654303182303,4390.145355607043,0.562924722177679
107,model.layers.3,60821504,847.89501953125,0.18498109398055276,4583.684750077162,0.5877412375860768
107,model.layers.4,60821504,879.5859375,0.18723257309967029,4697.825399385856,0.602376879027701
107,model.layers.5,60821504,910.57080078125,0.19965282586334562,4560.77091242625,0.584803119449011
107,model.layers.6,60821504,948.19921875,0.20711993030102258,4578.020171076306,0.5870148990933802
107,model.layers.7,60821504,957.34814453125,0.2177456147201582,4396.6357061271365,0.5637569449100523
107,model.layers.8,60821504,1011.1328125,0.22276731508405362,4538.963950427305,0.5820069300223631
107,model.layers.9,60821504,996.400390625,0.21775283359432648,4575.832030187464,0.5867343255583004
107,model.layers.10,60821504,930.59765625,0.19381000440963053,4801.5976217776615,0.6156830328626894
107,model.layers.11,60821504,817.768310546875,0.16762601563169754,4878.528595129584,0.6255474777257004
107,model.layers.12,60821504,718.74560546875,0.14580972623306165,4929.339242568154,0.6320626537110454
107,model.layers.13,60821504,689.61328125,0.14610469257703232,4719.994061014898,0.6052194472521543
107,model.layers.14,60821504,658.18212890625,0.13885993885459433,4739.899313908371,0.6077717907504449
107,model.layers.15,60821504,818.38720703125,0.19869136099314288,4118.8867142517265,0.5281426858316133
107,model.norm,2048,0.054443359375,0.0015544632459017441,35.02389620245888,0.7739260783853888
107,__whole_model__,1235814400,14054.77783203125,0.9973489590209689,14092.136663809115,0.40086692121022954
108,model.embed_tokens,262668288,310.0,0.23078373220008927,1343.2489241972667,0.08288056054604538
108,model.layers.0,60821504,853.9970703125,0.2907599619520495,2937.120587645889,0.37661117272375244
108,model.layers.1,60821504,790.123046875,0.6066017241498266,1302.540061161852,0.1670177050330138
108,model.layers.2,60821504,758.38818359375,0.17774069130168474,4266.823640887693,0.5471118421079562
108,model.layers.3,60821504,820.8349609375,0.1830885400744823,4483.267825520788,0.5748653155427126
108,model.layers.4,60821504,857.47216796875,0.18809645715251003,4558.683246614821,0.5845354292926026
108,model.layers.5,60821504,893.37890625,0.19999426738628906,4467.022569824154,0.5727822737960303
108,model.layers.6,60821504,940.38232421875,0.20896785632837758,4500.129066457994,0.5770273417631029
108,model.layers.7,60821504,949.0185546875,0.2193541059425162,4326.422569615356,0.5547538921264727
108,model.layers.8,60821504,1003.6923828125,0.22240384204362176,4512.927355884608,0.5786683975679239
108,model.layers.9,60821504,979.02392578125,0.21838917322129092,4482.932516023667,0.574822320609693
108,model.layers.10,60821504,897.40673828125,0.18948414422508855,4736.051884189417,0.6072784555348185
108,model.layers.11,60821504,769.006591796875,0.16195102637229425,4748.389738692219,0.6088604722462669
108,model.layers.12,60821504,655.673828125,0.13952062116415243,4699.476125135435,0.6025885427104961
108,model.layers.13,60821504,616.6591796875,0.13342168644304916,4621.881165853199,0.592638958503551
108,model.layers.14,60821504,597.354736328125,0.13301292178165494,4490.952670814211,0.5758507019140894
108,model.layers.15,60821504,789.5654296875,0.2017704969039301,3913.1857323196236,0.5017667554861831
108,model.norm,2048,0.06005859375,0.0017469484897772885,34.37914403398158,0.7596789336817942
108,__whole_model__,1235814400,13482.0380859375,0.9964973289547964,13529.427218915385,0.3848600084125577
109,model.embed_tokens,262668288,344.0,0.23702323769271438,1451.3344908652973,0.08954960914233354
109,model.layers.0,60821504,848.9736328125,0.28505974200339834,2978.230552114858,0.38188248231669614
109,model.layers.1,60821504,782.24462890625,0.5855335058887657,1335.9519498698912,0.1713019317829055
109,model.layers.2,60821504,743.01708984375,0.1748256170923476,4250.047002272375,0.5449606639881837
109,model.layers.3,60821504,814.1494140625,0.17817985199971192,4569.256315600803,0.5858911570508868
109,model.layers.4,60821504,870.515625,0.18743369349477204,4644.39241829421,0.5955254553048569
109,model.layers.5,60821504,931.896484375,0.2075104889363492,4490.840386679661,0.5758363043235482
109,model.layers.6,60821504,986.77001953125,0.21819966299103422,4522.32604764287,0.5798735412518559
109,model.layers.7,60821504,990.9912109375,0.22768453020449778,4352.474935593686,0.5580944468672608
109,model.layers.8,60821504,1051.45458984375,0.23210591902642994,4530.063663408862,0.5808656940970517
109,model.layers.9,60821504,1017.77880859375,0.22637492382939378,4495.987414934674,0.5764962800682678
109,model.layers.10,60821504,933.78857421875,0.19919660623043423,4687.773511254135,0.601087979486668
109,model.layers.11,60821504,807.6455078125,0.17209365771066298,4693.0579462165615,0.6017655741543003
109,model.layers.12,60821504,696.31982421875,0.14900299608880646,4673.193442390516,0.5992184556897162
109,model.layers.13,60821504,670.05810546875,0.1471175401776752,4554.576596777752,0.5840088556757037
109,model.layers.14,60821504,653.0498046875,0.14358555832230577,4548.157992474441,0.58318583257475
109,model.layers.15,60821504,866.85107421875,0.21928870755347032,3953.012829023041,0.5068735698467328
109,model.norm,2048,0.0634765625,0.001839089151138847,34.51521774281168,0.7626857662522619
109,__whole_model__,1235814400,14009.56787109375,1.0035992323975589,13959.32501624722,0.39708894221888724
110,model.embed_tokens,262668288,338.0,0.22439168249077232,1506.294690819922,0.09294073948154762
110,model.layers.0,60821504,869.2490234375,0.2652737217452135,3276.8003468974753,0.420166480946489
110,model.layers.1,60821504,792.36572265625,0.599179625123429,1322.4176681458841,0.16956650364505796
110,model.layers.2,60821504,763.638671875,0.17989520996671524,4244.908310878821,0.5443017572343608
110,model.layers.3,60821504,824.5166015625,0.1861718870545067,4428.792201698536,0.5678801993514159
110,model.layers.4,60821504,880.7822265625,0.19492722946630836,4518.518161746799,0.5793852765279116
110,model.layers.5,60821504,934.46240234375,0.21330880515400977,4380.796196711452,0.5617259298262653
110,model.layers.6,60821504,973.8408203125,0.21990234436653405,4428.51495338903,0.5678446492921442
110,model.layers.7,60821504,978.03076171875,0.2294982886914227,4261.60372391179,0.5464425202346614
110,model.layers.8,60821504,1023.3251953125,0.22807972771893747,4486.699478059458,0.5753053378871832
110,model.layers.9,60821504,988.71044921875,0.21844747872853465,4526.078556610047,0.5803547052901079
110,model.layers.10,60821504,910.09716796875,0.19233496889028992,4731.834118463814,0.6067376341252804
110,model.layers.11,60821504,785.69873046875,0.16474738028074393,4769.112134771738,0.6115175936194853
110,model.layers.12,60821504,687.564453125,0.1434304261388981,4793.714078902354,0.6146721685692805
110,model.layers.13,60821504,652.985595703125,0.13721616736445946,4758.8094627999035,0.6101965374157253
110,model.layers.14,60821504,628.038330078125,0.1348328101684005,4657.904328284277,0.5972580148356099
110,model.layers.15,60821504,806.00537109375,0.1983373478692176,4063.810370325335,0.5210805425329343
110,model.norm,2048,0.05517578125,0.0015671318313194094,35.208130003680715,0.7779971087031304
110,__whole_model__,1235814400,13837.36669921875,0.9960314981013089,13892.499108307633,0.39518800294957
111,model.embed_tokens,262668288,324.0,0.21987757261982177,1473.5472842435395,0.09092017325246851
111,model.layers.0,60821504,809.46484375,0.24953543009485035,3243.887424893195,0.4159462340128306
111,model.layers.1,60821504,743.4775390625,0.605979828334018,1226.901464866406,0.1573189747276169
111,model.layers.2,60821504,734.24609375,0.17568988204303265,4179.216726721675,0.5358784787855404
111,model.layers.3,60821504,815.03662109375,0.18417231558131464,4425.402474422927,0.5674455528578907
111,model.layers.4,60821504,866.1474609375,0.18983775818762028,4562.566842374265,0.585033401885046
111,model.layers.5,60821504,926.76806640625,0.2088923555463672,4436.582008864073,0.5688790444190118
111,model.layers.6,60821504,987.33642578125,0.22271371143587032,4433.208981233067,0.5684465392310785
111,model.layers.7,60821504,987.77490234375,0.23381666920640523,4224.570068919153,0.541693893877375
111,model.layers.8,60821504,1032.01806640625,0.229240749748301,4501.896227173279,0.577253935275189
111,model.layers.9,60821504,998.77490234375,0.2228255520356237,4482.317639155106,0.5747434782565654
111,model.layers.10,60821504,914.09912109375,0.19406142852167152,4710.359642599814,0.6039840776071086
111,model.layers.11,60821504,783.009765625,0.1658681454997041,4720.675951769153,0.6053068824353433
111,model.layers.12,60821504,682.5615234375,0.14437304604824933,4727.762848540223,0.6062155970843609
111,model.layers.13,60821504,652.103759765625,0.1395229544278533,4673.809857594614,0.5992974952953345
111,model.layers.14,60821504,632.29736328125,0.1377342181528754,4590.706447249324,0.5886415920412674
111,model.layers.15,60821504,822.201171875,0.2040900978266016,4028.6186377036092,0.5165680959726549
111,model.norm,2048,0.0576171875,0.0016516815962331973,34.88395561917078,0.7708337991539445
111,__whole_model__,1235814400,13711.375244140625,0.9974312503763576,13746.687041304305,0.3910402121801946
112,model.embed_tokens,262668288,312.0,0.23330407250095955,1337.3105606577733,0.08251415422327574
112,model.layers.0,60821504,800.2265625,0.25808052995746783,3100.6855210343797,0.39758422423516304
112,model.layers.1,60821504,754.908203125,0.5902156171076486,1279.038001102762,0.1640041623008878
112,model.layers.2,60821504,766.6259765625,0.18242797847035666,4202.348691196355,0.5388445661518054
112,model.layers.3,60821504,840.45849609375,0.18786695667184522,4473.689844041135,0.5736371825022951
112,model.layers.4,60821504,897.54248046875,0.19487964060978988,4605.624669977257,0.5905544754891425
112,model.layers.5,60821504,954.53564453125,0.21442400234654785,4451.62684254232,0.5708081625079426
112,model.layers.6,60821504,1005.23388671875,0.22205830816933916,4526.891585394634,0.58045895559747
112,model.layers.7,60821504,1015.86474609375,0.2309672628915209,4398.306207451029,0.5639711443083589
112,model.layers.8,60821504,1066.828125,0.23541806637394158,4531.63234849374,0.5810668381467495
112,model.layers.9,60821504,1024.837890625,0.2265078298830953,4524.514190763017,0.5801541150730438
112,model.layers.10,60821504,933.79931640625,0.19747766413758658,4728.632579711159,0.6063271180336943
112,model.layers.11,60821504,794.52099609375,0.166999864329899,4757.614620118599,0.6100433291663537
112,model.layers.12,60821504,684.4384765625,0.14440580311638077,4739.688168978164,0.6077447167718979
112,model.layers.13,60821504,646.10107421875,0.1400063802542038,4614.797361703452,0.5917306404047289
112,model.layers.14,60821504,623.360107421875,0.1380656836841629,4514.95325114867,0.5789281672193377
112,model.layers.15,60821504,826.888916015625,0.2119633252918726,3901.0942807063557,0.5002163336917361
112,model.norm,2048,0.060302734375,0.0017852122190660446,33.779028471219014,0.7464181279341383
112,__whole_model__,1235814400,13948.231201171875,1.0013184911439155,13929.864797800035,0.39625091266035817
113,model.embed_tokens,262668288,306.0,0.2333392303578792,1311.3954285812927,0.08091515002202013
113,model.layers.0,60821504,923.0458984375,0.2865889287343636,3220.8009657381494,0.41298598154890664
113,model.layers.1,60821504,831.20263671875,0.6009464763660539,1383.155853987303,0.1773546344746417
113,model.layers.2,60821504,759.46728515625,0.19234157422230191,3948.534206538641,0.5062993001782925
113,model.layers.3,60821504,828.70263671875,0.18227676920133337,4546.397439178925,0.5829600862965564
113,model.layers.4,60821504,859.703125,0.18802105713742112,4572.376828897727,0.586291283684161
113,model.layers.5,60821504,908.37353515625,0.20182297936206592,4500.842956671689,0.5771188800648351
113,model.layers.6,60821504,938.02099609375,0.2078163491366593,4513.701640850743,0.578767679963868
113,model.layers.7,60821504,947.70068359375,0.21681525192140125,4371.0056151276,0.560470536218168
113,model.layers.8,60821504,1014.50830078125,0.2229398170795567,4550.59268492725,0.5834980200905541
113,model.layers.9,60821504,986.0185546875,0.21759618765738442,4531.414659893,0.5810389251085317
113,model.layers.10,60821504,910.40869140625,0.19380182497224277,4697.627029759101,0.6023514431575909
113,model.layers.11,60821504,782.575439453125,0.16643425574284956,4702.009426846891,0.6029133743610683
113,model.layers.12,60821504,672.675048828125,0.14364784832089098,4682.8062981177045,0.6004510604672894
113,model.layers.13,60821504,644.28759765625,0.1405862314695621,4582.864132009562,0.5876360141457804
113,model.layers.14,60821504,620.255615234375,0.13630990393832842,4550.33418199019,0.5834648736495504
113,model.layers.15,60821504,820.9716796875,0.20729131469253007,3960.473119219811,0.5078301627260593
113,model.norm,2048,0.056884765625,0.0016206102666159955,35.10083009888699,0.7756260933812457
113,__whole_model__,1235814400,13753.974609375,0.9992395964385193,13764.441139439221,0.3915452477775633
114,model.embed_tokens,262668288,334.0,0.22898979387538423,1458.5802901842958,0.08999668629858112
114,model.layers.0,60821504,774.138671875,0.2449506526907852,3160.3862384977524,0.40523932607568747
114,model.layers.1,60821504,741.283203125,0.5888208993024746,1258.9281460680731,0.16142558377068553
114,model.layers.2,60821504,749.9375,0.17397983488303131,4310.485180677357,0.552710326478082
114,model.layers.3,60821504,834.01171875,0.18691294388783325,4462.0329732246455,0.572142484665593
114,model.layers.4,60821504,883.41943359375,0.19526826523377003,4524.1321345081005,0.5801051260547463
114,model.layers.5,60821504,949.3525390625,0.21226994235415106,4472.383270725163,0.5734696476346947
114,model.layers.6,60821504,1016.2744140625,0.22437862803354575,4529.283483766385,0.5807656558584705
114,model.layers.7,60821504,1039.0966796875,0.2393342751832093,4341.6124952937735,0.5567016145820634
114,model.layers.8,60821504,1101.2822265625,0.24489972321002385,4496.870033691504,0.5766094535234115
114,model.layers.9,60821504,1051.98046875,0.23152304486398778,4543.739779199967,0.5826193088543273
114,model.layers.10,60821504,957.1103515625,0.20329731330373724,4707.93408928393,0.6036730619536685
114,model.layers.11,60821504,814.8935546875,0.1714001775176251,4754.33320133933,0.6096225704886691
114,model.layers.12,60821504,698.7451171875,0.14725862695081443,4745.019912625469,0.6084283775776952
114,model.layers.13,60821504,662.921630859375,0.1418587569337816,4673.11038943349,0.5992078062558199
114,model.layers.14,60821504,638.67236328125,0.1396374540591031,4573.789801487822,0.5864724615583075
114,model.layers.15,60821504,833.76611328125,0.2101252010285335,3967.9491522201115,0.508788774220394
114,model.norm,2048,0.05908203125,0.0016839498672203581,35.08538609140711,0.775284825805692
114,__whole_model__,1235814400,14080.945068359375,1.0024555832847615,14046.452833571067,0.3995673924862676
115,model.embed_tokens,262668288,312.0,0.2224809391451104,1402.3673272814706,0.08652825852513293
115,model.layers.0,60821504,794.1962890625,0.2618323877242189,3033.2240253600935,0.3889339995537328
115,model.layers.1,60821504,750.84033203125,0.5960921730599495,1259.6044134868002,0.16151229790381064
115,model.layers.2,60821504,750.95458984375,0.1788509772320444,4198.772640025602,0.5383860283475349
115,model.layers.3,60821504,845.21240234375,0.19158049481694184,4411.787343755238,0.5656997578949214
115,model.layers.4,60821504,891.58837890625,0.19607130715175555,4547.265950627733,0.5830714508474827
115,model.layers.5,60821504,935.20166015625,0.2084933822510344,4485.522034604579,0.5751543606470171
115,model.layers.6,60821504,990.6494140625,0.21787035843523067,4546.96738545553,0.5830331674415814
115,model.layers.7,60821504,1003.72509765625,0.22897846238260047,4383.491299627666,0.5620715083749147
115,model.layers.8,60821504,1070.1474609375,0.2360054875533961,4534.417703721317,0.5814239892637728
115,model.layers.9,60821504,1033.73193359375,0.22770958701134902,4539.69438512147,0.5821005897338251
115,model.layers.10,60821504,952.3564453125,0.20249671654145618,4703.071050129984,0.6030495006036604
115,model.layers.11,60821504,809.02001953125,0.17129637439120365,4722.925528380561,0.6055953335426346
115,model.layers.12,60821504,691.9970703125,0.14653012033590007,4722.558534219396,0.6055482758555923
115,model.layers.13,60821504,655.610107421875,0.14041426677057783,4669.1132069440855,0.598695269048033
115,model.layers.14,60821504,631.2470703125,0.139064076078726,4539.25332920015,0.5820440355056932
115,model.layers.15,60821504,818.0791015625,0.20354142498498903,4019.2265609952983,0.5153638005009925
115,model.norm,2048,0.0576171875,0.0016598462440327864,34.71236429707637,0.7670421307962656
115,__whole_model__,1235814400,13936.614990234375,1.0018673676687617,13910.638713249427,0.39570400472832523
116,model.embed_tokens,262668288,312.0,0.22283983191358525,1400.1087566830963,0.08638890118498993
116,model.layers.0,60821504,791.9638671875,0.2549752561849281,3106.0420490885026,0.398271063012119
116,model.layers.1,60821504,723.0810546875,0.6119625020403895,1181.5773879553435,0.15150731216602692
116,model.layers.2,60821504,724.0537109375,0.17225765514160196,4203.318049013856,0.5389688616900867
116,model.layers.3,60821504,796.19189453125,0.17486287633706,4553.235719378975,0.583836922180104
116,model.layers.4,60821504,851.3359375,0.18306363533391679,4650.491813664264,0.5963075479614824
116,model.layers.5,60821504,911.63525390625,0.20240819356093742,4503.944419778596,0.5775165639947236
116,model.layers.6,60821504,977.46240234375,0.2152310530469719,4541.456209529529,0.5823264989999422
116,model.layers.7,60821504,999.03076171875,0.2366864347031332,4220.904180553467,0.5412238367328769
116,model.layers.8,60821504,1056.70654296875,0.23351245541097568,4525.268432079885,0.5802508273796674
116,model.layers.9,60821504,1017.5361328125,0.22943497913933608,4434.965133169818,0.5686717211467147
116,model.layers.10,60821504,923.98291015625,0.19746023062895388,4679.336731316291,0.6000061765808669
116,model.layers.11,60821504,788.82958984375,0.16778156819021883,4701.527100696967,0.6028515282735353
116,model.layers.12,60821504,676.935546875,0.1448553639127173,4673.182466911532,0.5992170483630888
116,model.layers.13,60821504,643.10888671875,0.1392958620932751,4616.855641326319,0.591994562528261
116,model.layers.14,60821504,622.294921875,0.1375981311094761,4522.553590352825,0.5799027178294882
116,model.layers.15,60821504,818.82080078125,0.20715444216625695,3952.706937967012,0.5068343470821581
116,model.norm,2048,0.05810546875,0.001641264909348298,35.40285813645532,0.782300033177278
116,__whole_model__,1235814400,13635.0283203125,1.0013935474566737,13616.053703304327,0.3873241976920615
117,model.embed_tokens,262668288,328.0,0.23134000611770153,1417.8265381091053,0.08748211602385347
117,model.layers.0,60821504,927.109375,0.28275829209447045,3278.8052584864595,0.4204235599741294
117,model.layers.1,60821504,855.3212890625,0.599448833336707,1426.8461985346312,0.18295681232388764
117,model.layers.2,60821504,789.19287109375,0.1827383262772725,4318.704713844713,0.5537642729991817
117,model.layers.3,60821504,831.462890625,0.18448745044564535,4506.880487624116,0.5778930401799879
117,model.layers.4,60821504,871.4765625,0.18958794398344334,4596.687659507009,0.5894085307131596
117,model.layers.5,60821504,918.25732421875,0.2048022792834598,4483.628441204121,0.5749115553518557
117,model.layers.6,60821504,962.0732421875,0.21335307648177657,4509.301004945551,0.5782034100949509
117,model.layers.7,60821504,967.89111328125,0.22373375437061532,4326.084439087081,0.5547105354678039
117,model.layers.8,60821504,1026.44775390625,0.22929388885607535,4476.559576127811,0.5740051528100556
117,model.layers.9,60821504,994.95361328125,0.22001322019893021,4522.2446741229405,0.5798631071631438
117,model.layers.10,60821504,918.04296875,0.19387620162020808,4735.201954020078,0.6071694735614005
117,model.layers.11,60821504,794.580078125,0.1658069760550705,4792.199321342735,0.6144779393560437
117,model.layers.12,60821504,700.7548828125,0.14667795907714476,4777.506363065363,0.6125939403568545
117,model.layers.13,60821504,669.419677734375,0.14149935293566107,4730.902748641941,0.6066182095833224
117,model.layers.14,60821504,638.864990234375,0.13724068020001776,4655.070124275676,0.5968946001021779
117,model.layers.15,60821504,830.77099609375,0.2036937759019695,4078.5291176180576,0.5229678483188299
117,model.norm,2048,0.060791015625,0.0017254419611291544,35.23214167413517,0.7785276966720668
117,__whole_model__,1235814400,14024.680419921875,1.0008142810571885,14013.26967987228,0.3986234597827593
118,model.embed_tokens,262668288,316.0,0.23186800380650366,1362.8443545997204,0.08408962926491069
118,model.layers.0,60821504,898.6923828125,0.3055542501499872,2941.187636471623,0.37713266851600113
118,model.layers.1,60821504,829.0751953125,0.6001551147259264,1381.4348573720226,0.17713396033675963
118,model.layers.2,60821504,784.07958984375,0.18318937975733426,4280.158548942072,0.5488217056326772
118,model.layers.3,60821504,843.66259765625,0.18379833599658532,4590.153621803866,0.5885707062083189
118,model.layers.4,60821504,875.90234375,0.18728166366405863,4676.925261200011,0.5996969667403514
118,model.layers.5,60821504,910.81396484375,0.19836922985044533,4591.508297584416,0.5887444089961851
118,model.layers.6,60821504,950.1396484375,0.20667804622708602,4597.196779156413,0.5894738123869951
118,model.layers.7,60821504,955.638671875,0.21589104382673255,4426.485948356273,0.5675844808918193
118,model.layers.8,60821504,1019.57568359375,0.2230050195331206,4571.985355882643,0.5862410872053643
118,model.layers.9,60821504,999.02099609375,0.21708978747883756,4601.879285505943,0.5900742249866687
118,model.layers.10,60821504,921.90869140625,0.19221403600784387,4796.261035633364,0.6149987511295529
118,model.layers.11,60821504,799.94970703125,0.16734775646368527,4780.1639169560085,0.6129347041959501
118,model.layers.12,60821504,695.00244140625,0.14540311530288652,4779.831848571493,0.6128921248533644
118,model.layers.13,60821504,669.80419921875,0.14315430431914583,4678.896680085145,0.599949751178751
118,model.layers.14,60821504,635.25439453125,0.1393960281163447,4557.191500471197,0.5843441507094488
118,model.layers.15,60821504,828.14208984375,0.20661787880296806,4008.085334345489,0.5139352209418778
118,model.norm,2048,0.05859375,0.0017064900694474122,34.335828288162006,0.7587217818817573
118,__whole_model__,1235814400,13932.72119140625,1.001984578501591,13905.125378518114,0.3955471716254346
119,model.embed_tokens,262668288,316.0,0.22405534498742818,1410.3658183996051,0.08702177794320334
119,model.layers.0,60821504,806.4658203125,0.28120199557008585,2867.9235318993287,0.36773840651069395
119,model.layers.1,60821504,742.6611328125,0.6003895838969197,1236.965385029076,0.15860941707125223
119,model.layers.2,60821504,727.63671875,0.17019348467131007,4275.3500238582255,0.5482051343286196
119,model.layers.3,60821504,801.505859375,0.17694290378534563,4529.742884446664,0.5808245623363583
119,model.layers.4,60821504,855.88720703125,0.18565823788998267,4610.01470636833,0.5911173862393841
119,model.layers.5,60821504,915.38720703125,0.20315150024623146,4505.9337781003205,0.5777716487105723
119,model.layers.6,60821504,977.01513671875,0.21559613620620344,4531.691309088674,0.5810743983466595
119,model.layers.7,60821504,987.53271484375,0.22468874688784723,4395.114257042317,0.5635618576785362
119,model.layers.8,60821504,1040.26806640625,0.23078197395867195,4507.5793770294185,0.5779826550087567
119,model.layers.9,60821504,1012.58984375,0.2247391632003952,4505.622559638593,0.5777317428414235
119,model.layers.10,60821504,924.53564453125,0.19632067826723815,4709.313622443489,0.603849952069525
119,model.layers.11,60821504,796.819580078125,0.1681819684302454,4737.841919174654,0.6075079820914883
119,model.layers.12,60821504,690.61962890625,0.14677582260099745,4705.268324631803,0.603331245292798
119,model.layers.13,60821504,655.608154296875,0.14044257753509498,4668.158088547229,0.5985727993540603
119,model.layers.14,60821504,629.50390625,0.14303185363357812,4401.144851710275,0.5643351283912451
119,model.layers.15,60821504,822.4140625,0.21432445720725404,3837.2385177894876,0.4920284527247627
119,model.norm,2048,0.058349609375,0.0016949034420751107,34.42650945564261,0.7607255715208651
119,__whole_model__,1235814400,13702.509033203125,1.0004909178870953,13695.785527110045,0.38959226047728546
120,model.embed_tokens,262668288,308.0,0.2285836273476099,1347.4280882401986,0.08313842150707246
120,model.layers.0,60821504,824.0224609375,0.2725401357421577,3023.4903152652855,0.3876858982707355
120,model.layers.1,60821504,771.65966796875,0.6009616336191642,1284.041484181932,0.16464573201990976
120,model.layers.2,60821504,762.57958984375,0.18232555381213508,4182.516240315376,0.5363015576639388
120,model.layers.3,60821504,839.29833984375,0.18986360924424803,4420.532945647544,0.5668211593786366
120,model.layers.4,60821504,868.34423828125,0.1948237744035888,4457.0753284064,0.5715067925401826
120,model.layers.5,60821504,903.39111328125,0.20347295782773878,4439.8583621419875,0.5692991535747076
120,model.layers.6,60821504,947.19482421875,0.2093147668418797,4525.217396316232,0.5802442833382409
120,model.layers.7,60821504,962.0283203125,0.22265000643212438,4320.809757559013,0.5540341914305908
120,model.layers.8,60821504,1023.3818359375,0.22685159231410185,4511.2393768015145,0.5784519570905764
120,model.layers.9,60821504,1002.90966796875,0.22238142013183276,4509.862682656682,0.578275431006306
120,model.layers.10,60821504,921.60498046875,0.1931698965549458,4770.9555003390815,0.6117539584698071
120,model.layers.11,60821504,786.57568359375,0.16447871805890618,4782.233792167853,0.6132001131594783
120,model.layers.12,60821504,678.05712890625,0.14342193948981968,4727.7085452772,0.6062086340690677
120,model.layers.13,60821504,639.3037109375,0.1416259442692834,4514.029645034152,0.5788097381758092
120,model.layers.14,60821504,611.483154296875,0.13424000697800656,4555.148409647047,0.584082176163868
120,model.layers.15,60821504,808.5400390625,0.20557519824372097,3933.062188289515,0.5043154065098758
120,model.norm,2048,0.059814453125,0.0017112950207971728,34.9527418698014,0.7723537749124855
120,__whole_model__,1235814400,13658.4345703125,0.9979542861340486,13686.433096272962,0.38932621990125826
121,model.embed_tokens,262668288,320.0,0.23242399070482037,1376.794189918207,0.08495035593283795
121,model.layers.0,60821504,841.4384765625,0.253521993680891,3318.9959748487204,0.425576999327442
121,model.layers.1,60821504,788.05029296875,0.5859721445744818,1344.8596494992305,0.1724441181874362
121,model.layers.2,60821504,775.81591796875,0.1787733975963679,4339.660869009026,0.556451368042337
121,model.layers.3,60821504,844.97412109375,0.18816132085288645,4490.689782914477,0.5758169932129111
121,model.layers.4,60821504,898.619140625,0.1938856984846979,4634.788164615051,0.5942939535216278
121,model.layers.5,60821504,950.02099609375,0.21199548182506958,4481.326620336515,0.5746164052446397
121,model.layers.6,60821504,1012.5888671875,0.2246614499510464,4507.176764897327,0.5779310302209092
121,model.layers.7,60821504,1017.90625,0.23520832639956826,4327.679489844236,0.5549150602458238
121,model.layers.8,60821504,1084.5810546875,0.23871703163184568,4543.37525593969,0.5825725679976136
121,model.layers.9,60821504,1052.9814453125,0.2312879578559363,4552.685989680348,0.5837664332981181
121,model.layers.10,60821504,960.11083984375,0.2034797511436259,4718.458885700411,0.6050225999800478
121,model.layers.11,60821504,815.77880859375,0.17290311481901566,4718.126735007967,0.6049800100835593
121,model.layers.12,60821504,696.875,0.14849428561408343,4692.941530498244,0.6017506467929984
121,model.layers.13,60821504,660.484375,0.1432670050360789,4610.163902244417,0.591136516823976
121,model.layers.14,60821504,640.5,0.14196900116999692,4511.548258574072,0.578491563338643
121,model.layers.15,60821504,837.13623046875,0.208290029705609,4019.0893037556034,0.5153462007435212
121,model.norm,2048,0.05908203125,0.0017028986552207576,34.69497792418,0.7666579426032889
121,__whole_model__,1235814400,14197.9208984375,1.0026215675429169,14160.797411561529,0.4028200545934863
122,model.embed_tokens,262668288,312.0,0.22482746151423197,1387.7308310054902,0.08562516380163758
122,model.layers.0,60821504,812.4794921875,0.2699187341924413,3010.089294536461,0.38596755747342315
122,model.layers.1,60821504,746.41259765625,0.6012631893951925,1241.4074415682464,0.15917899808524222
122,model.layers.2,60821504,738.38720703125,0.17201696498293226,4292.5254907532735,0.5504074520532068
122,model.layers.3,60821504,815.77197265625,0.18170309989703654,4489.587536583104,0.5756756580953696
122,model.layers.4,60821504,858.77734375,0.18742924458755617,4581.874859709145,0.587509165080485
122,model.layers.5,60821504,909.38818359375,0.20408414136329311,4455.947324074216,0.5713621546127621
122,model.layers.6,60821504,973.3876953125,0.21554476222329022,4515.942235256611,0.5790549793312626
122,model.layers.7,60821504,997.34765625,0.2329842458240698,4280.751484815473,0.548897734610027
122,model.layers.8,60821504,1054.2646484375,0.23656579292721489,4456.538857086027,0.5714380037087168
122,model.layers.9,60821504,1015.21533203125,0.228509435495596,4442.77204496799,0.5696727594493393
122,model.layers.10,60821504,921.73193359375,0.19721452737884437,4673.75271915504,0.5992901687406038
122,model.layers.11,60821504,776.08544921875,0.16709705363973396,4644.519052334774,0.5955416929066509
122,model.layers.12,60821504,662.8701171875,0.14280322799539505,4641.842670453328,0.5951985148555804
122,model.layers.13,60821504,636.112060546875,0.13796949529560648,4610.526835544142,0.5911830538086014
122,model.layers.14,60821504,621.105712890625,0.13845303060208827,4486.039129585199,0.5752206649546714
122,model.layers.15,60821504,818.63525390625,0.20717546184752408,3951.4103002639613,0.506668086204754
122,model.norm,2048,0.058837890625,0.0016817926244735207,34.985223367488004,0.773071521389901
122,__whole_model__,1235814400,13670.031494140625,1.0007822267100828,13659.34678824058,0.38855571893558294
123,model.embed_tokens,262668288,320.0,0.23161385431354367,1381.6099254874666,0.08524749435314995
123,model.layers.0,60821504,884.41015625,0.2746445937493673,3220.1986726783603,0.4129087527498832
123,model.layers.1,60821504,823.4365234375,0.600032133027889,1372.3207110296996,0.17596530238080238
123,model.layers.2,60821504,793.33251953125,0.18168629065279007,4366.49632000766,0.5598923335626756
123,model.layers.3,60821504,846.52099609375,0.18700562856959824,4526.713995556014,0.5804361842078076
123,model.layers.4,60821504,884.54052734375,0.19178989627723603,4612.028811283831,0.5913756440778283
123,model.layers.5,60821504,927.13232421875,0.2052837118885079,4516.346258987595,0.5791067851208423
123,model.layers.6,60821504,970.27099609375,0.21182742402184407,4580.478663582737,0.5873301383620279
123,model.layers.7,60821504,980.0908203125,0.22449376230432366,4365.781972079426,0.5598007365706704
123,model.layers.8,60821504,1030.00439453125,0.22695874265950833,4538.289128947545,0.5819204012942134
123,model.layers.9,60821504,1001.01611328125,0.22089664317452565,4531.604006722587,0.581063204033899
123,model.layers.10,60821504,916.35595703125,0.19403614809735972,4722.604349842373,0.6055541505464616
123,model.layers.11,60821504,793.701171875,0.1661071203116467,4778.248941922986,0.6126891572490673
123,model.layers.12,60821504,685.74609375,0.14557691496042788,4710.541461442606,0.6040073912592261
123,model.layers.13,60821504,650.729248046875,0.1416283754295464,4594.624813518269,0.5891440230690963
123,model.layers.14,60821504,616.32763671875,0.1353079404653673,4554.999762755993,0.5840631159726737
123,model.layers.15,60821504,807.44384765625,0.20474815481146413,3943.5952348374476,0.5056660024062297
123,model.norm,2048,0.0576171875,0.0016280867220123873,35.38950764783746,0.7820050262699704
123,__whole_model__,1235814400,13931.116943359375,0.9991588508230085,13942.844955918967,0.3966201480819334
124,model.embed_tokens,262668288,340.0,0.228556376679,1487.5979613446486,0.09178712201618135
124,model.layers.0,60821504,884.3798828125,0.27558040410153267,3209.1537339014353,0.4114925196667283
124,model.layers.1,60821504,811.31494140625,0.5991226216408008,1354.1717706874829,0.173638161392882
124,model.layers.2,60821504,793.3310546875,0.18883605297609354,4201.163083979175,0.5386925421163166
124,model.layers.3,60821504,843.5234375,0.1909827665909704,4416.7515873648545,0.5663362961478511
124,model.layers.4,60821504,884.287109375,0.18988638488875864,4656.927403684276,0.5971327490495144
124,model.layers.5,60821504,922.38525390625,0.20259814425749967,4552.7823430303,0.5837787881698498
124,model.layers.6,60821504,976.58984375,0.21389585478343345,4565.725898422779,0.5854384706480158
124,model.layers.7,60821504,988.27685546875,0.2220289722154492,4451.11665206359,0.5707427435274228
124,model.layers.8,60821504,1038.279296875,0.2271604070145118,4570.687781910301,0.5860747062751855
124,model.layers.9,60821504,1010.7109375,0.220407719488494,4585.642190053885,0.5879922295842503
124,model.layers.10,60821504,927.10498046875,0.19388773865529899,4781.658638646524,0.6131263643174747
124,model.layers.11,60821504,795.635986328125,0.1644543124069431,4838.036623565817,0.6203554100385
124,model.layers.12,60821504,684.675048828125,0.14162707126330415,4834.351531249419,0.6198828904747097
124,model.layers.13,60821504,649.860595703125,0.1467787769950315,4427.483380142368,0.5677123762040696
124,model.layers.14,60821504,625.8583984375,0.13554575283069412,4617.322087688279,0.5920543724360086
124,model.layers.15,60821504,808.715576171875,0.20372706167096108,3969.6031029889828,0.509000851430064
124,model.norm,2048,0.05859375,0.001726008970558891,33.94753503571133,0.7501416321349808
124,__whole_model__,1235814400,13984.98779296875,0.9988577399335974,14000.980553946001,0.39827388156109156
125,model.embed_tokens,262668288,320.0,0.22434765038060137,1426.3577062524448,0.08800850244791489
125,model.layers.0,60821504,848.75390625,0.28071626206466016,3023.5295241089316,0.3876909258098324
125,model.layers.1,60821504,799.98974609375,0.5917798776563303,1351.8366816763162,0.1733387454905834
125,model.layers.2,60821504,782.26513671875,0.17997554832254892,4346.50786737312,0.5573293218091606
125,model.layers.3,60821504,855.79931640625,0.18776559700322518,4557.806808408839,0.5844230483362458
125,model.layers.4,60821504,908.16357421875,0.19752302836436963,4597.7604826079605,0.5895460930481464
125,model.layers.5,60821504,942.2021484375,0.21148514268528995,4455.169457646425,0.5712624129852562
125,model.layers.6,60821504,990.14111328125,0.2187361879129604,4526.645191765193,0.5804273618678405
125,model.layers.7,60821504,993.46484375,0.22674516908993034,4381.41570000099,0.5618053654004672
125,model.layers.8,60821504,1055.0146484375,0.2332910790704605,4522.310294251996,0.5798715212792894
125,model.layers.9,60821504,1014.16015625,0.22349748438743958,4537.680408482464,0.5818423483435857
125,model.layers.10,60821504,930.7890625,0.19661648249262587,4734.033742745395,0.6070196801140363
125,model.layers.11,60821504,798.3271484375,0.16764127191906383,4762.1157922431385,0.6106204902538434
125,model.layers.12,60821504,697.81103515625,0.1472990526862035,4737.376258914727,0.6074482729813755
125,model.layers.13,60821504,661.7978515625,0.14048690024393767,4710.744207562214,0.6040333883034713
125,model.layers.14,60821504,636.183349609375,0.1392955852601833,4567.1465353412295,0.5856206312777573
125,model.layers.15,60821504,822.3896484375,0.20445241460967475,4022.4012516924527,0.5157708740108509
125,model.norm,2048,0.057861328125,0.0016793732200530368,34.454120998292844,0.7613357061785839
125,__whole_model__,1235814400,14057.310546875,1.0018793208556824,14030.941905127826,0.399126166412572
126,model.embed_tokens,262668288,320.0,0.21908256251150085,1460.6365578876294,0.09012356123353546
126,model.layers.0,60821504,834.0478515625,0.2631207689620067,3169.829028900916,0.4064501242916267
126,model.layers.1,60821504,778.2978515625,0.6050379518816931,1286.3620358722317,0.16494328387975707
126,model.layers.2,60821504,745.80908203125,0.17244891085171063,4324.811785402191,0.5545473499320267
126,model.layers.3,60821504,802.94384765625,0.17893612564977068,4487.321074716021,0.5753850418825772
126,model.layers.4,60821504,859.94970703125,0.18579610725361906,4628.45922739051,0.593482427947821
126,model.layers.5,60821504,906.5634765625,0.2008405848741671,4513.846029329632,0.5787861941217786
126,model.layers.6,60821504,964.13720703125,0.21471451905398328,4490.321433683987,0.5757697617726188
126,model.layers.7,60821504,987.45751953125,0.22731061498093197,4344.088900617699,0.5570191507149365
126,model.layers.8,60821504,1056.896484375,0.23463249787399346,4504.476123092691,0.577584741450394
126,model.layers.9,60821504,1045.9736328125,0.2271441711421701,4604.8887257504075,0.5904601093199429
126,model.layers.10,60821504,987.16943359375,0.2045588361647313,4825.845962473027,0.618792267146191
126,model.layers.11,60821504,867.65771484375,0.17745799653852545,4889.369494574367,0.6269375479429238
126,model.layers.12,60821504,752.251220703125,0.15295544228057503,4918.106930273373,0.630622394729671
126,model.layers.13,60821504,709.682861328125,0.1465460831553166,4842.7282807413485,0.6209569959993649
126,model.layers.14,60821504,662.99560546875,0.14131353323950138,4691.663921141155,0.601586825818034
126,model.layers.15,60821504,833.316650390625,0.2039915629357659,4085.054491459653,0.5238045619033116
126,model.norm,2048,0.0556640625,0.0016392138545212338,33.95777942363588,0.7503680032653105
126,__whole_model__,1235814400,14115.205810546875,1.0020605732979957,14086.180203748276,0.400697482901273
127,model.embed_tokens,262668288,334.0,0.22347204601549459,1494.5940933339014,0.09221879430750285
127,model.layers.0,60821504,896.98828125,0.2762446641733911,3247.07912072823,0.4163554880000404
127,model.layers.1,60821504,848.38720703125,0.5857620495805352,1448.3478532601778,0.18571385384126696
127,model.layers.2,60821504,786.60400390625,0.18510022854300992,4249.611197662431,0.5449047831074597
127,model.layers.3,60821504,851.783203125,0.18921763597885755,4501.605776430771,0.5772166923389559
127,model.layers.4,60821504,898.2841796875,0.19415414401292852,4626.654683341109,0.5932510409719048
127,model.layers.5,60821504,949.5302734375,0.20962522721981236,4529.656501895287,0.58081348596649
127,model.layers.6,60821504,992.20849609375,0.2155211409168531,4603.764122038212,0.5903159074357299
127,model.layers.7,60821504,1001.26904296875,0.22651141053813986,4420.391187313528,0.5668029824700541
127,model.layers.8,60821504,1054.4560546875,0.23014980216026004,4581.60747821652,0.5874748801900634
127,model.layers.9,60821504,1027.83837890625,0.22215320548463702,4626.709646903249,0.5932580886538018
127,model.layers.10,60821504,957.10498046875,0.2000290272340252,4784.830450377481,0.613533068672985
127,model.layers.11,60821504,832.39599609375,0.1728425229493252,4815.921347883795,0.6175196872068437
127,model.layers.12,60821504,733.25927734375,0.1508731131797565,4860.1057000137225,0.6231852089908944
127,model.layers.13,60821504,699.122314453125,0.1449153388616545,4824.349995969385,0.6186004474089757
127,model.layers.14,60821504,667.110107421875,0.141950788513891,4699.587190786144,0.6026027840614091
127,model.layers.15,60821504,841.718505859375,0.20809966367148813,4044.7855177129695,0.5186410880265798
127,model.norm,2048,0.056640625,0.0016355603498656164,34.63071540261648,0.7652379280791103
127,__whole_model__,1235814400,14372.116943359375,0.9991282482837863,14384.656792605474,0.4091879903440368
128,model.embed_tokens,262668288,322.0,0.2253597330908994,1428.8266833814562,0.08816084220024345
128,model.layers.0,60821504,926.08984375,0.2864538809686437,3232.9457035751357,0.414543235949168
128,model.layers.1,60821504,849.25048828125,0.6101902755088071,1391.7797814347377,0.17846043429883826
128,model.layers.2,60821504,796.78271484375,0.18462339994963586,4315.718999114454,0.5533814308609626
128,model.layers.3,60821504,852.046875,0.19063370894331225,4469.549901341786,0.573106339920765
128,model.layers.4,60821504,875.26513671875,0.18949020321854826,4619.052182393114,0.592276213172971
128,model.layers.5,60821504,911.25732421875,0.20346375532268682,4478.720658495297,0.5742822567765032
128,model.layers.6,60821504,953.396484375,0.2092555118576468,4556.135587116962,0.5842087566203176
128,model.layers.7,60821504,961.7080078125,0.2191405758433447,4388.543765167381,0.5627193588513515
128,model.layers.8,60821504,1019.06396484375,0.22249311066598457,4580.204581586389,0.5872949943020593
128,model.layers.9,60821504,984.8974609375,0.21536928688126894,4573.063667525002,0.5863793533064903
128,model.layers.10,60821504,901.465087890625,0.18888600196700514,4772.535172024522,0.6119565112721926
128,model.layers.11,60821504,772.5732421875,0.16156726072117733,4781.743768750022,0.6131372800926893
128,model.layers.12,60821504,666.613525390625,0.13965926511843682,4773.142152977171,0.6120343411744988
128,model.layers.13,60821504,633.098388671875,0.13484505655342685,4695.0062898378155,0.6020153997757459
128,model.layers.14,60821504,613.039794921875,0.1338287530969676,4580.777902620732,0.5873685081741147
128,model.layers.15,60821504,795.571533203125,0.19849296015814266,4008.059190458341,0.5139318686518698
128,model.norm,2048,0.054931640625,0.0015783708976472514,34.80274548072453,0.7690392916665557
128,__whole_model__,1235814400,13834.1748046875,0.9986919010209167,13852.294977605667,0.3940443505369575
129,model.embed_tokens,262668288,318.0,0.22895046171715377,1388.9467512533708,0.0857001879836103
129,model.layers.0,60821504,818.7109375,0.2795976444917064,2928.1753749691734,0.37546417622295797
129,model.layers.1,60821504,757.54443359375,0.600647209833145,1261.2136062434881,0.16171863603435385
129,model.layers.2,60821504,749.62890625,0.17285997306429016,4336.625147865768,0.5560621138507885
129,model.layers.3,60821504,823.47119140625,0.18130437902516594,4541.9266530343875,0.582386821439821
129,model.layers.4,60821504,882.76904296875,0.18758573298068765,4705.949801948067,0.6034186274630577
129,model.layers.5,60821504,932.64794921875,0.2039392874963071,4573.164693613231,0.5863923073383145
129,model.layers.6,60821504,984.46044921875,0.2117901817917401,4648.281808392802,0.5960241708742386
129,model.layers.7,60821504,1000.53173828125,0.22468529237317328,4453.036189923352,0.570988875541033
129,model.layers.8,60821504,1062.26708984375,0.23344507683363133,4550.394055218363,0.5834725508715113
129,model.layers.9,60821504,1036.03662109375,0.2287740707993788,4528.645302650108,0.5806838253270233
129,model.layers.10,60821504,948.42236328125,0.19858974910899918,4775.78710651723,0.6123734893384223
129,model.layers.11,60821504,812.01416015625,0.16928963383358572,4796.597061308977,0.6150418378942878
129,model.layers.12,60821504,703.693359375,0.14842049683187689,4741.214147612696,0.6079403848032071
129,model.layers.13,60821504,661.23193359375,0.14207703097085303,4654.038228947796,0.596762285715361
129,model.layers.14,60821504,641.546875,0.1422880299480132,4508.790199951447,0.5781379123184307
129,model.layers.15,60821504,837.957763671875,0.21029103434037877,3984.75268477471,0.5109434008053247
129,model.norm,2048,0.06103515625,0.0017516928915661933,34.84352567956607,0.7699404152646492
129,__whole_model__,1235814400,13970.995849609375,1.0039208748863808,13916.431263759256,0.3958687804429117
130,model.embed_tokens,262668288,354.0,0.24640907793956127,1436.6353827549667,0.08864265117068343
130,model.layers.0,60821504,856.78515625,0.2682621362753839,3193.835582411336,0.409528355505096
130,model.layers.1,60821504,789.2919921875,0.5857500320766268,1347.4894561922042,0.1727813241526402
130,model.layers.2,60821504,764.4970703125,0.17721992571022713,4313.832472554647,0.5531395317087617
130,model.layers.3,60821504,829.26513671875,0.18389785236532966,4509.379125708005,0.57821342710007
130,model.layers.4,60821504,868.2138671875,0.18790508742854725,4620.491542133721,0.5924607745294783
130,model.layers.5,60821504,923.3173828125,0.20458555757746155,4513.111256462506,0.5786919781497352
130,model.layers.6,60821504,979.0830078125,0.2155611246681883,4542.020317065962,0.5823988314747245
130,model.layers.7,60821504,991.97705078125,0.22889169945921412,4333.827103057571,0.5557033356171057
130,model.layers.8,60821504,1049.45556640625,0.23470861225796766,4471.312562032432,0.5733323564188993
130,model.layers.9,60821504,1015.45849609375,0.2233634246770724,4546.216541771997,0.5829368907952029
130,model.layers.10,60821504,933.79736328125,0.1988152572256268,4696.809371232128,0.6022465992032684
130,model.layers.11,60821504,798.08447265625,0.16883999708153177,4726.8685527805355,0.6061009263499573
130,model.layers.12,60821504,689.43017578125,0.1455138304445207,4737.901364256269,0.607515604414519
130,model.layers.13,60821504,666.484375,0.145586510296221,4577.92671617667,0.5870029158743403
130,model.layers.14,60821504,645.609619140625,0.1409225139802592,4581.309266389214,0.5874366420916775
130,model.layers.15,60821504,849.95556640625,0.21312000759203442,3988.1547303305274,0.5113796268056549
130,model.norm,2048,0.059814453125,0.0017229821702180025,34.7156541483142,0.7671148269249959
130,__whole_model__,1235814400,14004.76611328125,0.998848227637305,14020.915015696024,0.39884094009155824
131,model.embed_tokens,262668288,330.0,0.2363079945211193,1396.4825890412576,0.08616516096724204
131,model.layers.0,60821504,892.0576171875,0.2769670408871246,3220.8078417209576,0.4129868632191927
131,model.layers.1,60821504,796.81298828125,0.6055263989814388,1315.9013209359262,0.16873094749699244
131,model.layers.2,60821504,759.76806640625,0.17687080956713724,4295.6102720718,0.550802996967111
131,model.layers.3,60821504,830.46337890625,0.18500520937801232,4488.86483628363,0.5755829901237317
131,model.layers.4,60821504,869.716796875,0.18940848847878067,4591.751952935488,0.5887756516111099
131,model.layers.5,60821504,902.94677734375,0.2017976599536602,4474.515599195244,0.5737430646435595
131,model.layers.6,60821504,949.75830078125,0.21235544572725024,4472.493264906055,0.5734837515967971
131,model.layers.7,60821504,962.0947265625,0.2261872945733328,4253.531253279908,0.5454074307513632
131,model.layers.8,60821504,1017.94189453125,0.22562318928159353,4511.690034045158,0.5785097424446198
131,model.layers.9,60821504,984.56982421875,0.219066688479563,4494.384020921564,0.5762906854794192
131,model.layers.10,60821504,904.904052734375,0.19056540784087844,4748.522111053688,0.6088774456420813
131,model.layers.11,60821504,772.697265625,0.16377382891952394,4718.0753525930695,0.6049734215929086
131,model.layers.12,60821504,666.1767578125,0.14148560429258578,4708.4419729011925,0.603738185137752
131,model.layers.13,60821504,636.666259765625,0.13834767586559404,4601.9295646437295,0.5900806720100307
131,model.layers.14,60821504,615.05224609375,0.13634159348348873,4511.112349352395,0.5784356690441195
131,model.layers.15,60821504,811.140380859375,0.20632981747498,3931.2804653536596,0.5040869457625836
131,model.norm,2048,0.058837890625,0.0016829540406955194,34.96107986447681,0.7725380203055005
131,__whole_model__,1235814400,13702.826171875,0.9999666145381508,13703.283662328917,0.38980555349676954
132,model.embed_tokens,262668288,340.0,0.22584575701748524,1505.4522364733946,0.09288875873008982
132,model.layers.0,60821504,833.90625,0.25948955946311536,3213.640856014995,0.4120678791968921
132,model.layers.1,60821504,793.30419921875,0.5942560002395968,1334.953620828228,0.17117392142040067
132,model.layers.2,60821504,781.130859375,0.18378001464613455,4250.358021132248,0.5450005442634601
132,model.layers.3,60821504,845.8916015625,0.18620299502668683,4542.846378175957,0.5825047528470662
132,model.layers.4,60821504,897.02685546875,0.19477827132464443,4605.374353968061,0.5905223788138574
132,model.layers.5,60821504,946.32861328125,0.21092395634130812,4486.586681267923,0.5752908745613947
132,model.layers.6,60821504,989.79052734375,0.21941575821062653,4511.027537017682,0.578424794014687
132,model.layers.7,60821504,986.6005859375,0.22488613114094738,4387.111739314631,0.5625357378798316
132,model.layers.8,60821504,1035.82275390625,0.22844805172538646,4534.171975129799,0.5813924808083786
132,model.layers.9,60821504,1009.2705078125,0.22089661583574355,4568.972249728729,0.5858547328122422
132,model.layers.10,60821504,941.2890625,0.19570200733499007,4809.807908044408,0.6167357937034676
132,model.layers.11,60821504,824.6416015625,0.17045082054184849,4838.003119850261,0.6203511140372875
132,model.layers.12,60821504,720.252197265625,0.14834992990385196,4855.089569185724,0.6225420175190786
132,model.layers.13,60821504,688.495361328125,0.14540578538407573,4734.992899419573,0.6071426676145862
132,model.layers.14,60821504,650.5517578125,0.13882815091997838,4686.021916314963,0.6008633818903168
132,model.layers.15,60821504,829.3271484375,0.2047766744374114,4049.910228867293,0.5192982021695328
132,model.norm,2048,0.05712890625,0.001637493584740547,34.88801836072646,0.7709235739072019
132,__whole_model__,1235814400,14113.68701171875,0.9968796668501515,14157.86426491562,0.40273661788736764
133,model.embed_tokens,262668288,298.0,0.23594020500906127,1263.0318770323834,0.07793104321190926
133,model.layers.0,60821504,858.7978515625,0.2844564945188691,3019.0832978346098,0.3871208101331351
133,model.layers.1,60821504,810.93994140625,0.5975799507278163,1357.040075421831,0.17400594867893202
133,model.layers.2,60821504,794.03125,0.18950482900655483,4190.031748333628,0.5372652308274697
133,model.layers.3,60821504,840.7802734375,0.19243912041629035,4369.071484107273,0.5602225330020827
133,model.layers.4,60821504,876.08740234375,0.19285577238996232,4542.707700614038,0.5824869709693168
133,model.layers.5,60821504,919.7041015625,0.20856725620382607,4409.628425392444,0.5654229314071543
133,model.layers.6,60821504,962.453125,0.21652946082847993,4444.906117243743,0.5699464000570247
133,model.layers.7,60821504,961.66357421875,0.22347011262313626,4303.320756993198,0.5517916709700548
133,model.layers.8,60821504,1010.31982421875,0.2238687537571536,4513.000618722861,0.5786777916675558
133,model.layers.9,60821504,982.7001953125,0.21845444707177758,4498.421563327636,0.5768083978222044
133,model.layers.10,60821504,895.41552734375,0.1889928327877145,4737.827959589992,0.6075061921290427
133,model.layers.11,60821504,765.628173828125,0.16279730596637323,4702.953585646375,0.6030344387648271
133,model.layers.12,60821504,659.987548828125,0.1419557388784047,4649.248801370769,0.596148163181868
133,model.layers.13,60821504,614.9775390625,0.13490170789961103,4558.708326510914,0.5845386451527613
133,model.layers.14,60821504,597.783935546875,0.1340529629509241,4459.311621226304,0.5717935403383493
133,model.layers.15,60821504,795.3779296875,0.20664565810164587,3848.994152571382,0.4935358145334482
133,model.norm,2048,0.0595703125,0.0017387794889130396,34.25984311399894,0.7570427308842468
133,__whole_model__,1235814400,13644.707763671875,1.0016156384672827,13622.698408095564,0.3875132139083784
134,model.embed_tokens,262668288,312.0,0.23355052892616468,1335.8993509222005,0.08242708037432239
134,model.layers.0,60821504,832.740234375,0.2667181089869131,3122.1735844560126,0.4003395230127559
134,model.layers.1,60821504,757.34716796875,0.5762647198339753,1314.2348332324516,0.16851726274364076
134,model.layers.2,60821504,758.81689453125,0.17650014163407188,4299.242411399668,0.5512687266540424
134,model.layers.3,60821504,838.91162109375,0.18413355818272606,4555.995275240654,0.5841907651832259
134,model.layers.4,60821504,892.90380859375,0.19289157396211146,4629.045169018828,0.5935575600907492
134,model.layers.5,60821504,945.26806640625,0.2075416726990905,4554.594044236941,0.584011092869537
134,model.layers.6,60821504,1003.6435546875,0.22050728553053678,4551.5210632281405,0.5836170610458693
134,model.layers.7,60821504,1023.2294921875,0.23503863020940002,4353.452414506871,0.5582197837299542
134,model.layers.8,60821504,1078.7763671875,0.2382743142864105,4527.455552304263,0.5805312700404335
134,model.layers.9,60821504,1041.09716796875,0.22873678946484616,4551.507304113635,0.5836152967886334
134,model.layers.10,60821504,946.4267578125,0.20226007994468645,4679.256322213095,0.5999958661541245
134,model.layers.11,60821504,811.205078125,0.1722419871795859,4709.682531003358,0.6038972552296146
134,model.layers.12,60821504,706.437744140625,0.14997002487701444,4710.526284968958,0.6040054452616519
134,model.layers.13,60821504,679.113037109375,0.14680576417855903,4625.928967498671,0.5931579863334148
134,model.layers.14,60821504,654.55810546875,0.14505046777807176,4512.623195881233,0.5786293967669187
134,model.layers.15,60821504,837.197998046875,0.2094812339373696,3996.529819454755,0.5124535194302915
134,model.norm,2048,0.059326171875,0.001687152292302478,35.16349540327319,0.7770108140586394
134,__whole_model__,1235814400,14119.732421875,0.9978024064286264,14150.830195341883,0.40253652574514154
135,model.embed_tokens,262668288,316.0,0.2182430797017222,1447.9267816046422,0.0893393481485495
135,model.layers.0,60821504,806.5947265625,0.26299643277567986,3066.941699739619,0.39325743555530623
135,model.layers.1,60821504,773.107421875,0.6160648292079843,1254.9124462581483,0.16091067218650212
135,model.layers.2,60821504,782.4599609375,0.18805433158368298,4160.818601454603,0.5335193861551953
135,model.layers.3,60821504,868.99267578125,0.20256390855957945,4289.967951154813,0.5500795125087717
135,model.layers.4,60821504,892.61083984375,0.2033196288977032,4390.185269779594,0.5629298401573071
135,model.layers.5,60821504,920.7666015625,0.20562687816016215,4477.851386944258,0.5741707947617567
135,model.layers.6,60821504,949.57421875,0.21171308438302772,4485.193825016721,0.5751122760971685
135,model.layers.7,60821504,943.48095703125,0.21479007112337115,4392.572487623664,0.5632359402594219
135,model.layers.8,60821504,998.9375,0.21941231927636226,4552.786750053818,0.583779353258768
135,model.layers.9,60821504,979.3896484375,0.21528642752878607,4549.240096924109,0.5833245850071538
135,model.layers.10,60821504,907.904541015625,0.1899466589803388,4779.786840628775,0.6128863537269897
135,model.layers.11,60821504,789.7685546875,0.1650536030176419,4784.921626964331,0.6135447597562328
135,model.layers.12,60821504,685.61962890625,0.14262364746054876,4807.194607022652,0.6164007041716918
135,model.layers.13,60821504,662.355712890625,0.14336974582961276,4619.912723272867,0.592386555700705
135,model.layers.14,60821504,627.9140625,0.13584669008202743,4622.225702524299,0.5926831365874523
135,model.layers.15,60821504,817.766845703125,0.20256040662639252,4037.1504941310404,0.5176620900252521
135,model.norm,2048,0.056396484375,0.0015959603628462494,35.33702069794642,0.7808452175764782
135,__whole_model__,1235814400,13723.30029296875,1.002748478703791,13685.685477885998,0.3893049530424297
136,model.embed_tokens,262668288,314.0,0.22507989776135642,1395.0601680693944,0.08607739536746616
136,model.layers.0,60821504,788.91796875,0.25903441580422026,3045.610623980826,0.39052226646120475
136,model.layers.1,60821504,724.15380859375,0.6213878988146141,1165.3812537630304,0.14943056900559465
136,model.layers.2,60821504,728.23876953125,0.17042159605373128,4273.160129903064,0.5479243360072765
136,model.layers.3,60821504,807.95263671875,0.17785593698990385,4542.736387622608,0.5824906493501041
136,model.layers.4,60821504,865.51220703125,0.18655814626965989,4639.369678235322,0.5948814163669185
136,model.layers.5,60821504,909.5673828125,0.20136468793926404,4517.015332334959,0.5791925767968971
136,model.layers.6,60821504,945.259765625,0.20814110425986093,4541.437257125617,0.582324068835143
136,model.layers.7,60821504,953.96142578125,0.21822519691944958,4371.454072434049,0.5605280394860993
136,model.layers.8,60821504,1010.76611328125,0.22182530132436346,4556.586229103144,0.5842665400179787
136,model.layers.9,60821504,1003.1484375,0.22271201540381133,4504.240310883707,0.577554504519387
136,model.layers.10,60821504,935.48193359375,0.1974182372613586,4738.579102777023,0.6076025071791433
136,model.layers.11,60821504,810.516357421875,0.17069440760200272,4748.347463800363,0.6088550515643018
136,model.layers.12,60821504,712.128662109375,0.14726892867803562,4835.566256248493,0.6200386481267322
136,model.layers.13,60821504,682.168212890625,0.1441883987367023,4731.089455652462,0.6066421500188918
136,model.layers.14,60821504,651.92138671875,0.14085274990812682,4628.389485785509,0.5934734853569864
136,model.layers.15,60821504,831.82373046875,0.20594482702317307,4039.0610557805007,0.5179070710677026
136,model.norm,2048,0.058837890625,0.0017187650763530466,34.232654267007156,0.75644193656923
136,__whole_model__,1235814400,13675.57763671875,1.001252916041121,13658.464727165,0.38853062770093755
137,model.embed_tokens,262668288,320.0,0.22609498853416737,1415.3343339215223,0.0873283431256652
137,model.layers.0,60821504,851.1669921875,0.27600945301818525,3083.832756015859,0.3954232848362295
137,model.layers.1,60821504,794.86328125,0.5943927972515112,1337.2693695574205,0.17147085742238272
137,model.layers.2,60821504,777.38623046875,0.18466459146677386,4209.720035086546,0.5397897539247258
137,model.layers.3,60821504,833.3310546875,0.18731480417653706,4448.826446745326,0.5704490828196135
137,model.layers.4,60821504,900.28369140625,0.19624221545232037,4587.614797005723,0.5882451663620522
137,model.layers.5,60821504,956.3662109375,0.21625481370990077,4422.404267127372,0.5670611088652274
137,model.layers.6,60821504,995.96240234375,0.22334332312196492,4459.333677057665,0.5717963684389555
137,model.layers.7,60821504,997.48388671875,0.23265733529432234,4287.351978208151,0.5497440803704386
137,model.layers.8,60821504,1034.32958984375,0.23016874145352434,4493.78826730302,0.5762142951977679
137,model.layers.9,60821504,986.15234375,0.21801180679383875,4523.389619363816,0.5800099173321523
137,model.layers.10,60821504,903.41015625,0.19293881824257156,4682.3659669885155,0.6003945991753533
137,model.layers.11,60821504,767.70068359375,0.16243399965840377,4726.231486069498,0.606019238712699
137,model.layers.12,60821504,668.244140625,0.14212918881288075,4701.667167781929,0.6028694883223495
137,model.layers.13,60821504,639.671630859375,0.13789079923227124,4638.972537840434,0.5948304931904973
137,model.layers.14,60821504,621.0654296875,0.13596063483848514,4567.979771683889,0.5857274726915846
137,model.layers.15,60821504,815.147216796875,0.20388464810776738,3998.0804065542607,0.5126523428726832
137,model.norm,2048,0.055908203125,0.0016264529630434445,34.37431293456141,0.7595721804580257
137,__whole_model__,1235814400,13862.620849609375,1.0012332851345558,13845.545344356362,0.39385234951081816
138,model.embed_tokens,262668288,324.0,0.22517548413422095,1438.877776795952,0.08878101039192238
138,model.layers.0,60821504,971.59765625,0.30788649166005144,3155.7008266630155,0.40463854092127594
138,model.layers.1,60821504,880.90625,0.6029972624780789,1460.8793518893033,0.18732070049732605
138,model.layers.2,60821504,817.4462890625,0.19689128271986353,4151.764759568156,0.5323584607152074
138,model.layers.3,60821504,858.6083984375,0.18985276557924552,4522.496134401121,0.5798953505618852
138,model.layers.4,60821504,880.2099609375,0.19042362786071704,4622.377857338788,0.592702646580798
138,model.layers.5,60821504,917.3818359375,0.20498809481057373,4475.293244640564,0.5738427779356717
138,model.layers.6,60821504,957.640625,0.21220667178395414,4512.773405988696,0.578648657400944
138,model.layers.7,60821504,939.447265625,0.21449129991974414,4379.885179382621,0.561609114975004
138,model.layers.8,60821504,987.06591796875,0.21602241940195616,4569.275359017722,0.5858935988857943
138,model.layers.9,60821504,968.38671875,0.21069200496214768,4596.219580918496,0.5893485115137816
138,model.layers.10,60821504,897.85205078125,0.18840306826740602,4765.591447305424,0.6110661548052059
138,model.layers.11,60821504,769.134765625,0.16070639794322342,4785.962323022949,0.6136782026134084
138,model.layers.12,60821504,669.175537109375,0.1406303895607063,4758.399227931529,0.6101439352054107
138,model.layers.13,60821504,640.300537109375,0.13593178868269298,4710.454731115437,0.6039962702959387
138,model.layers.14,60821504,617.791748046875,0.13489535961995608,4579.785025870382,0.5872411969295943
138,model.layers.15,60821504,784.938720703125,0.19447044257425347,4036.2880359230767,0.5175515016488359
138,model.norm,2048,0.05615234375,0.0016034366102404187,35.019996045606405,0.7738398962804489
138,__whole_model__,1235814400,13881.9404296875,0.9999425053295743,13882.73861316867,0.3949103545184494
139,model.embed_tokens,262668288,314.0,0.22630059790846238,1387.5349994745116,0.08561308068973797
139,model.layers.0,60821504,803.310546875,0.25098093872125776,3200.6834900205936,0.41040642585953563
139,model.layers.1,60821504,748.67041015625,0.6109313368410211,1225.457535092969,0.1571338273803843
139,model.layers.2,60821504,735.31298828125,0.1738853843132111,4228.722219440636,0.5422263018022655
139,model.layers.3,60821504,819.2216796875,0.1823825140930082,4491.777535590543,0.5759564698870013
139,model.layers.4,60821504,866.39501953125,0.1860521083253531,4656.733144975533,0.5971078403003063
139,model.layers.5,60821504,919.84423828125,0.20492305854419007,4488.729793591739,0.5755656743258121
139,model.layers.6,60821504,959.9453125,0.209400734835014,4584.249970547319,0.5878137127663635
139,model.layers.7,60821504,983.21533203125,0.22077649531174323,4453.442068834907,0.5710409192104374
139,model.layers.8,60821504,1045.08203125,0.2303100707295043,4537.717469061234,0.5818471004222341
139,model.layers.9,60821504,1012.59814453125,0.22517986626533054,4496.841397614566,0.5766057816733133
139,model.layers.10,60821504,930.22802734375,0.19650236082440833,4733.9279967989205,0.6070061208801799
139,model.layers.11,60821504,799.764404296875,0.16874689854918581,4739.431723918542,0.6077118342014478
139,model.layers.12,60821504,683.05859375,0.1451349031088208,4706.370274267169,0.6034725423666069
139,model.layers.13,60821504,648.921630859375,0.13960277071958005,4648.343492858486,0.596032080341442
139,model.layers.14,60821504,626.918701171875,0.13840364362854937,4529.640150619247,0.580811389330325
139,model.layers.15,60821504,829.398681640625,0.20962086580009842,3956.660890960959,0.5073413412042954
139,model.norm,2048,0.061279296875,0.0017698480311295194,34.6240444361155,0.7650905191525504
139,__whole_model__,1235814400,13725.947021484375,0.9973113109129186,13762.95131850046,0.39150286811952256
140,model.embed_tokens,262668288,346.0,0.2372894517693598,1458.1347692450504,0.08996919695947615
140,model.layers.0,60821504,825.314453125,0.2589192162325492,3187.536503214736,0.4087206584655908
140,model.layers.1,60821504,776.91259765625,0.5786830588440964,1342.5528634069774,0.17214833141617442
140,model.layers.2,60821504,758.50048828125,0.17412055634877927,4356.1800179520715,0.5585695296465989
140,model.layers.3,60821504,825.89599609375,0.17849544149803062,4626.986488631769,0.5932935865793807
140,model.layers.4,60821504,890.33203125,0.18998131393680492,4686.418957741068,0.6009142923765033
140,model.layers.5,60821504,946.5732421875,0.20761930825488137,4559.177323842398,0.584598782157608
140,model.layers.6,60821504,1001.64404296875,0.21921618536302906,4569.2066090375365,0.5858847834456754
140,model.layers.7,60821504,1010.9658203125,0.22697793840541503,4454.026798440519,0.5711158959422141
140,model.layers.8,60821504,1073.521484375,0.23547303300523637,4558.999689578583,0.584576005071542
140,model.layers.9,60821504,1054.28466796875,0.22884576437942666,4606.966053436516,0.5907264738741554
140,model.layers.10,60821504,981.36083984375,0.2059319912317833,4765.460839638052,0.6110494076866223
140,model.layers.11,60821504,855.52734375,0.17810661405990244,4803.45633577797,0.6159213657600034
140,model.layers.12,60821504,751.62890625,0.15556958613091182,4831.464330164793,0.6195126802113166
140,model.layers.13,60821504,717.74462890625,0.1512571497054696,4745.194725035174,0.608450792832589
140,model.layers.14,60821504,685.557373046875,0.14758077539768685,4645.30269067566,0.595642174635523
140,model.layers.15,60821504,892.870849609375,0.22475320980035596,3972.6722942132633,0.5093943973100499
140,model.norm,2048,0.06201171875,0.001808483235870721,34.289352270464114,0.7576947972793598
140,__whole_model__,1235814400,14394.69677734375,1.000248660020343,14391.118281579093,0.40937179477718144
141,model.embed_tokens,262668288,310.0,0.22434645481819757,1381.7913915832235,0.08525869109521728
141,model.layers.0,60821504,802.05859375,0.25681545287693486,3123.0931969438143,0.40045743997501454
141,model.layers.1,60821504,747.05859375,0.5967134922318507,1251.9552573812648,0.16053148776500673
141,model.layers.2,60821504,748.705078125,0.1779110090144522,4208.312247075057,0.5396092408412032
141,model.layers.3,60821504,810.20703125,0.18388743531640303,4405.994514284948,0.5649569745344523
141,model.layers.4,60821504,858.208984375,0.18804461576386775,4563.858321009702,0.5851990012429632
141,model.layers.5,60821504,920.529296875,0.20580195392245196,4472.889004843286,0.5735344952000666
141,model.layers.6,60821504,978.580078125,0.21602291650022462,4529.982716551197,0.5808553147169466
141,model.layers.7,60821504,998.4189453125,0.23012732678530418,4338.550137698199,0.5563089449415249
141,model.layers.8,60821504,1053.02880859375,0.23220918434211307,4534.8284202330515,0.5814766532326245
141,model.layers.9,60821504,1022.71826171875,0.22693253598484658,4506.706177147917,0.5778706892853275
141,model.layers.10,60821504,937.16552734375,0.19791849182430432,4735.1084717020185,0.6071574868266434
141,model.layers.11,60821504,800.4560546875,0.1697639376662643,4715.112441966923,0.6045935035022852
141,model.layers.12,60821504,685.37939453125,0.14544305864671567,4712.355480614935,0.604239993179184
141,model.layers.13,60821504,647.487060546875,0.13991178417256736,4627.823627409852,0.5934009283815092
141,model.layers.14,60821504,625.9814453125,0.13844956582106455,4521.368063526707,0.5797507041021125
141,model.layers.15,60821504,812.12451171875,0.20370936870103923,3986.6821879489084,0.5111908106175966
141,model.norm,2048,0.057373046875,0.001632917134419379,35.13530825641088,0.7763879602246194
141,__whole_model__,1235814400,13758.1650390625,0.9949711435740441,13827.702569987789,0.39334479141671114
142,model.embed_tokens,262668288,318.0,0.22574276447634967,1408.6830235186378,0.08691794686580127
142,model.layers.0,60821504,990.0712890625,0.30748156989974185,3219.937017315623,0.4128752020902936
142,model.layers.1,60821504,876.8994140625,0.608185397193003,1441.8291167622735,0.18487799132766122
142,model.layers.2,60821504,804.8193359375,0.1930190662069706,4169.636460029849,0.5346500527246594
142,model.layers.3,60821504,849.16552734375,0.18759542277836974,4526.579139124183,0.5804188922930136
142,model.layers.4,60821504,865.4619140625,0.1904930180825097,4543.273673619029,0.582559542643097
142,model.layers.5,60821504,895.5078125,0.19708607657107544,4543.7396090081065,0.5826192870315405
142,model.layers.6,60821504,936.88671875,0.20560369435794187,4556.760138360864,0.5842888394665519
142,model.layers.7,60821504,936.0107421875,0.21127834008845509,4430.225747682531,0.5680640152411878
142,model.layers.8,60821504,988.814453125,0.2159866484335195,4578.12767731963,0.5870286840406321
142,model.layers.9,60821504,973.82421875,0.21241273332625946,4584.584942251253,0.5878566643859797
142,model.layers.10,60821504,908.723876953125,0.18991363131339412,4784.932343553346,0.6135461338867922
142,model.layers.11,60821504,799.38525390625,0.16507453213575304,4842.571676949271,0.6209369155375564
142,model.layers.12,60821504,695.553955078125,0.14434468139526335,4818.70165464198,0.6178761909857952
142,model.layers.13,60821504,660.361083984375,0.1387139903407508,4760.594676587405,0.6104254457761452
142,model.layers.14,60821504,625.73046875,0.1357784640052663,4608.466249299524,0.5909188359193706
142,model.layers.15,60821504,790.266845703125,0.19609943551054576,4029.9292226194416,0.5167361452261251
142,model.norm,2048,0.05517578125,0.001577902070047443,34.967810929065465,0.7726867572247268
142,__whole_model__,1235814400,13915.5380859375,1.0009699980719788,13902.053121213376,0.39545977775775526
143,model.embed_tokens,262668288,328.0,0.21983200933885827,1492.048409994775,0.0920617216619799
143,model.layers.0,60821504,805.984375,0.25643736494353053,3143.0067735155676,0.4030108507737939
143,model.layers.1,60821504,755.9794921875,0.615397912578796,1228.4401307433814,0.15751626957577364
143,model.layers.2,60821504,748.24755859375,0.17614772107771137,4247.841266499522,0.5446778343557785
143,model.layers.3,60821504,826.0791015625,0.18710078216455225,4415.1557893327035,0.5661316755507785
143,model.layers.4,60821504,877.7119140625,0.190488265829956,4607.6954411775205,0.5908199993404457
143,model.layers.5,60821504,917.4482421875,0.2032122121200692,4514.729861045063,0.5788995231080788
143,model.layers.6,60821504,956.77587890625,0.209199879475765,4573.501100018983,0.586435442922027
143,model.layers.7,60821504,972.57568359375,0.2223760759267465,4373.5625765522045,0.5607984016264799
143,model.layers.8,60821504,1029.95703125,0.22837959666545007,4509.846966578057,0.5782734158180883
143,model.layers.9,60821504,1003.587890625,0.2238734161309515,4482.836363375837,0.5748099914729147
143,model.layers.10,60821504,932.6015625,0.19606338987637906,4756.632857812055,0.6099174430671725
143,model.layers.11,60821504,814.080078125,0.16934495786125478,4807.229506012101,0.6164051790813699
143,model.layers.12,60821504,712.250244140625,0.1468103033882682,4851.500389975638,0.6220817963769465
143,model.layers.13,60821504,680.79541015625,0.14282979959985279,4766.480188752934,0.6111801133400385
143,model.layers.14,60821504,641.266357421875,0.13691454957340018,4683.697674351919,0.6005653568466475
143,model.layers.15,60821504,813.703857421875,0.20018975682934395,4064.6627994834635,0.5211898449382415
143,model.norm,2048,0.056884765625,0.0016598587780929902,34.27084663814282,0.7572858767135932
143,__whole_model__,1235814400,13817.1015625,0.9999026241139797,13818.44714603427,0.39308151031227284
144,model.embed_tokens,262668288,320.0,0.22963877115606407,1393.4929123206543,0.08598069323531875
144,model.layers.0,60821504,876.833984375,0.2679636306851386,3272.212658609979,0.4195782263568366
144,model.layers.1,60821504,811.4365234375,0.5921870254208017,1370.2369160501312,0.17569810856034027
144,model.layers.2,60821504,782.203125,0.18025494981868193,4339.426605409818,0.5564213296812308
144,model.layers.3,60821504,838.275390625,0.18236493489241845,4596.69174405441,0.5894090544527001
144,model.layers.4,60821504,889.47705078125,0.18943616136159394,4695.392075029565,0.6020648669355537
144,model.layers.5,60821504,935.9111328125,0.20708047240140912,4519.552819052442,0.5795179450682789
144,model.layers.6,60821504,983.3857421875,0.2141468677347923,4592.1089231403685,0.5888214239801618
144,model.layers.7,60821504,986.080078125,0.2226076652645718,4429.677104573341,0.5679936656867202
144,model.layers.8,60821504,1045.2646484375,0.22848929471528598,4574.676681198454,0.5865861813726356
144,model.layers.9,60821504,1022.21337890625,0.22395489253136328,4564.3717239314,0.5852648321377633
144,model.layers.10,60821504,944.10888671875,0.19884913129598578,4747.865281410002,0.6087932239102843
144,model.layers.11,60821504,814.88916015625,0.16922001417581276,4815.560169553071,0.6174733752524526
144,model.layers.12,60821504,711.809326171875,0.1468939626641269,4845.735748850531,0.6213426274563411
144,model.layers.13,60821504,684.493408203125,0.14470548385240387,4730.252026255563,0.606534770952276
144,model.layers.14,60821504,653.05322265625,0.1394844878311363,4681.90572880659,0.6003355853091347
144,model.layers.15,60821504,842.837646484375,0.20823909935658141,4047.451458869062,0.5189829273196044
144,model.norm,2048,0.05712890625,0.0016377299678003489,34.88298277079853,0.7708123020389106
144,__whole_model__,1235814400,14142.329833984375,0.9955065942457509,14206.163892565031,0.4041105559560455
145,model.embed_tokens,262668288,326.0,0.22953499739660518,1420.2627211427653,0.08763243232918248
145,model.layers.0,60821504,735.419921875,0.25166248286330184,2922.2469456222675,0.3747040056197694
145,model.layers.1,60821504,695.705078125,0.5917478975699323,1175.678157847248,0.15075088562415387
145,model.layers.2,60821504,701.740234375,0.16359654759462328,4289.456254992897,0.5500139004625969
145,model.layers.3,60821504,776.8134765625,0.1727505454053903,4496.735305463535,0.576592178047509
145,model.layers.4,60821504,843.51513671875,0.1811536956638501,4656.350695069351,0.5970588008062245
145,model.layers.5,60821504,921.13720703125,0.2041191898681937,4512.741832975419,0.5786446089632984
145,model.layers.6,60821504,985.7001953125,0.21630604859230773,4556.970097356554,0.5843157613790955
145,model.layers.7,60821504,1020.92578125,0.23587939554271115,4328.168549444747,0.5549777697275031
145,model.layers.8,60821504,1081.583984375,0.2399923545390034,4506.743502111113,0.5778754752645686
145,model.layers.9,60821504,1052.916015625,0.23529872425823295,4474.80545822874,0.5737802317081289
145,model.layers.10,60821504,964.865234375,0.2059411361915227,4685.150583405965,0.6007516555587286
145,model.layers.11,60821504,812.2734375,0.17383135560111132,4672.767089062539,0.5991637866960361
145,model.layers.12,60821504,696.55810546875,0.15016943039474126,4638.481371593073,0.5947675135848255
145,model.layers.13,60821504,660.608154296875,0.15023293818706795,4397.225816580216,0.5638326115989537
145,model.layers.14,60821504,634.49169921875,0.14356940017606568,4419.407606639325,0.5666768632113701
145,model.layers.15,60821504,850.2177734375,0.21842991071997533,3892.4054431696836,0.49910221079598016
145,model.norm,2048,0.061767578125,0.0017798779698720893,34.70326571289543,0.7668410785908426
145,__whole_model__,1235814400,13760.533203125,0.9993697257011686,13769.211583301127,0.39168094850126123
146,model.embed_tokens,262668288,346.0,0.22239741120832132,1555.7735052765483,0.09599365975823398
146,model.layers.0,60821504,907.390625,0.2844713931950016,3189.7429643408645,0.4090035811061442
146,model.layers.1,60821504,833.25927734375,0.6058082421399494,1375.4505458696888,0.17636662426539848
146,model.layers.2,60821504,784.828125,0.1806714361287329,4343.952435518309,0.5570016525293552
146,model.layers.3,60821504,828.69921875,0.18542233363864738,4469.252449195123,0.5730681992321411
146,model.layers.4,60821504,863.77099609375,0.18674360878740875,4625.438062927646,0.5930950402810916
146,model.layers.5,60821504,901.37109375,0.19951973146597912,4517.7040241941995,0.5792808840491921
146,model.layers.6,60821504,947.8798828125,0.20873919586822953,4540.97697784975,0.5822650496996693
146,model.layers.7,60821504,963.32470703125,0.22121773853357463,4354.6449458213065,0.5583726956051862
146,model.layers.8,60821504,1023.8828125,0.2262702130204279,4525.044630631796,0.5802221305239179
146,model.layers.9,60821504,993.14599609375,0.21852502162785378,4544.770153529919,0.582751428211762
146,model.layers.10,60821504,916.586181640625,0.19129619915277568,4791.45004291804,0.6143818634143857
146,model.layers.11,60821504,795.63330078125,0.16570032153538777,4801.640053615289,0.6156884736689665
146,model.layers.12,60821504,697.0634765625,0.14412804732552084,4836.417959567198,0.6201478574615545
146,model.layers.13,60821504,668.549560546875,0.14224041959558587,4700.137713651838,0.6026733746469412
146,model.layers.14,60821504,641.0009765625,0.13765229183390654,4656.667666208871,0.5970994443103
146,model.layers.15,60821504,830.659912109375,0.2056328223214099,4039.529792627318,0.5179671746720017
146,model.norm,2048,0.057861328125,0.0016352616406462783,35.38352926943996,0.7818729215229275
146,__whole_model__,1235814400,13943.10400390625,0.9984215538689195,13965.147236531722,0.39725456192409847
147,model.embed_tokens,262668288,332.0,0.22633783118833187,1466.8338839199553,0.09050594594733877
147,model.layers.0,60821504,890.884765625,0.3024792312248033,2945.2758194921894,0.37765687423236194
147,model.layers.1,60821504,799.32763671875,0.6121164973280095,1305.8423359081944,0.16744113795916168
147,model.layers.2,60821504,756.888671875,0.17490742700592837,4327.367252674443,0.5548750237532202
147,model.layers.3,60821504,817.0380859375,0.17987095990063529,4542.356845089668,0.582441982652853
147,model.layers.4,60821504,855.203125,0.1876140305881024,4558.311136535185,0.5844877156188557
147,model.layers.5,60821504,895.45361328125,0.1997272458107542,4483.38237302742,0.57488000335328
147,model.layers.6,60821504,944.63134765625,0.2101214571668915,4495.644378222473,0.576452294316027
147,model.layers.7,60821504,941.76708984375,0.21650864546506232,4349.789763918326,0.5577501417482013
147,model.layers.8,60821504,1004.13330078125,0.2235452475696597,4491.857070092034,0.5759666681682719
147,model.layers.9,60821504,978.83056640625,0.21785569441242675,4493.022636136411,0.5761161224319838
147,model.layers.10,60821504,899.41064453125,0.1897333955488825,4740.3918636955395,0.6078349477599836
147,model.layers.11,60821504,783.44677734375,0.1634703463995901,4792.59262978912,0.6145283711823223
147,model.layers.12,60821504,692.369384765625,0.14403165116863906,4807.064135888897,0.6163839745600793
147,model.layers.13,60821504,657.479736328125,0.13878465216807828,4737.409548224896,0.6074525414905387
147,model.layers.14,60821504,640.609130859375,0.13803641893690372,4640.870400674453,0.5950738459321571
147,model.layers.15,60821504,816.822265625,0.20102211523802957,4063.345292421203,0.5210209080951725
147,model.norm,2048,0.0546875,0.0015841144731288356,34.52244198740572,0.7628454010129304
147,__whole_model__,1235814400,13706.350830078125,1.0030453326959727,13664.737159225262,0.3887090541942709
148,model.embed_tokens,262668288,348.0,0.24055623768806897,1446.6471680158804,0.08926039398777674
148,model.layers.0,60821504,859.8251953125,0.26924005314492233,3193.526317013787,0.40948870006686033
148,model.layers.1,60821504,805.17431640625,0.5812261017205579,1385.3030929319173,0.17762996337344505
148,model.layers.2,60821504,779.8818359375,0.17742699578620164,4395.508318684787,0.5636123860830968
148,model.layers.3,60821504,852.2822265625,0.18614738769600542,4578.534445803503,0.5870808417751096
148,model.layers.4,60821504,907.1044921875,0.19519361257380954,4647.203769767271,0.595885939780592
148,model.layers.5,60821504,955.7705078125,0.21035537580514954,4543.599155259157,0.5826012774028833
148,model.layers.6,60821504,1007.65185546875,0.22070011669219644,4565.7060384525785,0.5854359241108736
148,model.layers.7,60821504,1010.59033203125,0.2303178802757601,4387.806673199962,0.562624845513553
148,model.layers.8,60821504,1066.0224609375,0.23523800015204266,4531.676260844302,0.5810724687912358
148,model.layers.9,60821504,1035.0263671875,0.22686780368986315,4562.244401159805,0.5849920569826873
148,model.layers.10,60821504,952.04345703125,0.20105944203810888,4735.134283575697,0.6071607965443504
148,model.layers.11,60821504,825.1484375,0.17206062478524145,4795.684303308291,0.6149247998460384
148,model.layers.12,60821504,719.374755859375,0.14920119968167178,4821.507852444866,0.6182360146341279
148,model.layers.13,60821504,691.240966796875,0.14658098223093022,4715.7615966023695,0.6046767411090634
148,model.layers.14,60821504,666.36669921875,0.14388487485871954,4631.249114078565,0.5938401601096444
148,model.layers.15,60821504,865.51171875,0.21327729488163585,4058.1521780381718,0.5203550229741774
148,model.norm,2048,0.06201171875,0.0017924668399037556,34.59574111470293,0.7644650981993966
148,__whole_model__,1235814400,14347.07763671875,1.0025932424034536,14309.96841982039,0.4070633942829264
149,model.embed_tokens,262668288,312.0,0.2212069002834263,1410.4442474454595,0.08702661713805875
149,model.layers.0,60821504,810.201171875,0.27070666055586096,2992.9118486089596,0.3837649859881509
149,model.layers.1,60821504,751.169921875,0.6144994183165129,1222.4094921569017,0.15674299323162885
149,model.layers.2,60821504,734.0712890625,0.17611538799248858,4168.126916279505,0.5344564920501381
149,model.layers.3,60821504,804.26171875,0.18462708103258849,4356.14165729046,0.5585646108653215
149,model.layers.4,60821504,845.44921875,0.18728631648042987,4514.207095521277,0.578832491697179
149,model.layers.5,60821504,883.33642578125,0.19587817918054487,4509.621385478885,0.5782444907672543
149,model.layers.6,60821504,937.25927734375,0.20622832579547304,4544.765001260191,0.5827507675639312
149,model.layers.7,60821504,949.33251953125,0.2181772354671847,4351.198774237085,0.5579308115616096
149,model.layers.8,60821504,1016.13134765625,0.22414560913712714,4533.353794294512,0.5812875698812707
149,model.layers.9,60821504,1006.705078125,0.22009834671527875,4573.887505966971,0.586484989678068
149,model.layers.10,60821504,955.2958984375,0.2006467067513025,4761.084365175102,0.6104882359094677
149,model.layers.11,60821504,827.90185546875,0.17166494245005226,4822.777695041822,0.6183988397192215
149,model.layers.12,60821504,721.872802734375,0.14813606624477715,4873.038828650725,0.6248435545022961
149,model.layers.13,60821504,688.92236328125,0.1445436439341754,4766.1892597296255,0.6111428090764314
149,model.layers.14,60821504,651.37744140625,0.13879785450566115,4692.993589318647,0.6017573220154883
149,model.layers.15,60821504,809.195068359375,0.19948676014113664,4056.3848336945794,0.5201284059164213
149,model.norm,2048,0.0576171875,0.001639117448947907,35.151347779857076,0.7767423869682383
149,__whole_model__,1235814400,13704.541015625,0.9994077817109569,13712.661904796485,0.3900723283141038
150,model.embed_tokens,262668288,344.0,0.23203623056685627,1482.527100012012,0.09147424193704684
150,model.layers.0,60821504,810.318359375,0.2558437642066442,3167.239044843432,0.40611802456874585
150,model.layers.1,60821504,760.0947265625,0.5843077777870725,1300.8464981266875,0.16680054855553117
150,model.layers.2,60821504,761.8251953125,0.17693355989067328,4305.713375027493,0.552098463509512
150,model.layers.3,60821504,849.5302734375,0.18932971738282145,4487.04136456172,0.575349176154191
150,model.layers.4,60821504,910.2451171875,0.19544067969309836,4657.398442416713,0.5971931478122235
150,model.layers.5,60821504,969.21923828125,0.21392702053092152,4530.606913871157,0.5809353521814177
150,model.layers.6,60821504,1016.59814453125,0.22239966473753717,4571.041713264175,0.5861200889887204
150,model.layers.7,60821504,1027.35595703125,0.23260856674513186,4416.672917111085,0.5663262086844166
150,model.layers.8,60821504,1080.33203125,0.2378332027766463,4542.393655037982,0.5824467025945063
150,model.layers.9,60821504,1043.53662109375,0.22825445382810644,4571.812744909746,0.5862189542288698
150,model.layers.10,60821504,963.9775390625,0.20362742167955752,4734.026149874269,0.6070187065210177
150,model.layers.11,60821504,833.21630859375,0.17445845610797636,4776.015603841256,0.6124027883210815
150,model.layers.12,60821504,727.624267578125,0.1514656841093906,4803.888562987144,0.615976787929871
150,model.layers.13,60821504,697.24609375,0.14745168525391728,4728.64106333757,0.6063282058434711
150,model.layers.14,60821504,668.1142578125,0.14463121419682995,4619.4333742041135,0.5923250913482754
150,model.layers.15,60821504,859.7080078125,0.21050540940480253,4084.0186019128796,0.5236717353592931
150,model.norm,2048,0.06005859375,0.0017171395344372298,34.97595422242924,0.7728667002859365
150,__whole_model__,1235814400,14323.002197265625,1.0029336768095938,14281.106047638319,0.40624237114417383
151,model.embed_tokens,262668288,316.0,0.23938458256676953,1320.051594850979,0.08144924902607488
151,model.layers.0,60821504,870.9833984375,0.2812053464191999,3097.321617559515,0.3971528889886883
151,model.layers.1,60821504,810.990234375,0.59285298398176,1367.9449311837338,0.17540421967064682
151,model.layers.2,60821504,788.6435546875,0.1810687457578481,4355.492447836308,0.5584813662294357
151,model.layers.3,60821504,846.53076171875,0.18582855102074136,4555.439716172915,0.5841195288325977
151,model.layers.4,60821504,885.33837890625,0.1900733790867789,4657.876779799051,0.5972544824415464
151,model.layers.5,60821504,935.85546875,0.20915267214716488,4474.508784145533,0.5737421907863965
151,model.layers.6,60821504,970.8232421875,0.21328835246994746,4551.693662335781,0.5836391925009458
151,model.layers.7,60821504,981.21142578125,0.22113872285796968,4437.085523060792,0.5689436073358043
151,model.layers.8,60821504,1040.57470703125,0.22870488659364807,4549.857777547593,0.5834037868706924
151,model.layers.9,60821504,1011.65869140625,0.22259304686541584,4544.880020524266,0.5827655158654178
151,model.layers.10,60821504,926.10205078125,0.19559468054083098,4734.801827025778,0.6071181674294032
151,model.layers.11,60821504,795.63818359375,0.16677670114044346,4770.679466334685,0.6117185641143472
151,model.layers.12,60821504,686.5556640625,0.1444040564879716,4754.407048943863,0.6096320395697354
151,model.layers.13,60821504,645.9169921875,0.13891756621441942,4649.642300747814,0.5961986194901581
151,model.layers.14,60821504,627.295654296875,0.13820108220007157,4539.006817535254,0.5820124266410122
151,model.layers.15,60821504,830.0791015625,0.208089831083026,3989.0421230209263,0.5114934123966188
151,model.norm,2048,0.06103515625,0.001782828965160374,34.2350037175381,0.7564938525818079
151,__whole_model__,1235814400,13970.258544921875,0.9999606325021555,13970.808540696988,0.39741560418652505
152,model.embed_tokens,262668288,346.0,0.23139650498193093,1495.2689109414946,0.09226043160984955
152,model.layers.0,60821504,911.5107421875,0.2820548358714351,3231.679185259495,0.4143808371187844
152,model.layers.1,60821504,823.25634765625,0.5893232922214355,1396.9519931123225,0.17912363917836005
152,model.layers.2,60821504,776.630859375,0.1753655188996965,4428.640614459722,0.5678607621352458
152,model.layers.3,60821504,832.2099609375,0.18113377089529958,4594.449487934201,0.5891215420126146
152,model.layers.4,60821504,879.5986328125,0.18865667807117487,4662.430409596484,0.5978383698942354
152,model.layers.5,60821504,924.013671875,0.20367445772833145,4536.718458371858,0.5817190026557101
152,model.layers.6,60821504,971.20751953125,0.2128559626027053,4562.745190013796,0.5850562704434425
152,model.layers.7,60821504,993.77490234375,0.22803179284792174,4358.054155222624,0.558809840186887
152,model.layers.8,60821504,1047.57421875,0.23162515914040283,4522.713433366702,0.5799232136392827
152,model.layers.9,60821504,1015.83544921875,0.22464595589032768,4521.939623585664,0.5798239921737671
152,model.layers.10,60821504,935.4111328125,0.19565217194987938,4780.990282347217,0.613040664584635
152,model.layers.11,60821504,818.58349609375,0.17014596247245073,4811.066241000525,0.6168971429692328
152,model.layers.12,60821504,724.938720703125,0.14819563773459926,4891.768285389101,0.6272451319848101
152,model.layers.13,60821504,689.997802734375,0.1438406646451887,4796.95922176382,0.6150882757811715
152,model.layers.14,60821504,665.43310546875,0.14214796719976913,4681.270640568336,0.6002541513607984
152,model.layers.15,60821504,849.45458984375,0.20623818133568597,4118.803726556943,0.5281320447659432
152,model.norm,2048,0.056396484375,0.0015915595773465527,35.434730297073884,0.7830043150805421
152,__whole_model__,1235814400,14205.487548828125,0.9975393725940134,14240.528182750326,0.4050880874358197
153,model.embed_tokens,262668288,320.0,0.22864312095742212,1399.5610218231334,0.08635510508703179
153,model.layers.0,60821504,788.1572265625,0.2607651795919131,3022.478797958892,0.38755619684799053
153,model.layers.1,60821504,736.40771484375,0.5775226014893271,1275.1149702967239,0.16350113316456022
153,model.layers.2,60821504,736.31640625,0.17125903411261276,4299.4310347787505,0.5512929128152434
153,model.layers.3,60821504,835.16748046875,0.18400319755296765,4538.874821609208,0.5819955015134869
153,model.layers.4,60821504,916.78759765625,0.20055379304360174,4571.280272205743,0.5861506781184707
153,model.layers.5,60821504,978.97607421875,0.21897783790696002,4470.662801204113,0.5732490410832701
153,model.layers.6,60821504,1015.86328125,0.22597515187401737,4495.464535925395,0.5764292341057337
153,model.layers.7,60821504,1020.7275390625,0.23514920132828007,4340.765493978919,0.5565930081599002
153,model.layers.8,60821504,1072.89599609375,0.2366623395994501,4533.446250508727,0.5812994250442516
153,model.layers.9,60821504,1027.5341796875,0.2265361069647191,4535.851672632164,0.58160785938318
153,model.layers.10,60821504,939.04541015625,0.19938277719735495,4709.7619130199755,0.6039074339585702
153,model.layers.11,60821504,799.08154296875,0.16856704807756206,4740.437422864948,0.6078407895671915
153,model.layers.12,60821504,680.810302734375,0.14513191464948744,4690.975822779028,0.6014985946666812
153,model.layers.13,60821504,647.18115234375,0.1410003804526838,4589.924865918556,0.588541374071737
153,model.layers.14,60821504,625.674072265625,0.13765904997658582,4545.099449488027,0.5827936520610235
153,model.layers.15,60821504,828.35498046875,0.20954922539298418,3953.0328919864564,0.506876142412603
153,model.norm,2048,0.05908203125,0.0016923881149404972,34.91045034435099,0.7714192553989633
153,__whole_model__,1235814400,13969.0400390625,0.9954057093494064,14033.51408160258,0.3991993349099293
154,model.embed_tokens,262668288,338.0,0.22658761477210487,1491.696712284784,0.092040021362935
154,model.layers.0,60821504,820.109375,0.2770486559659654,2960.1637017172466,0.3795658672807698
154,model.layers.1,60821504,758.482421875,0.601594059393121,1260.787752193141,0.16166403106035818
154,model.layers.2,60821504,755.99951171875,0.17833637236891556,4239.177357240684,0.5435669078789879
154,model.layers.3,60821504,821.3876953125,0.18709791093176367,4390.14893978195,0.5629251817571462
154,model.layers.4,60821504,868.2783203125,0.19486371153539284,4455.823577776798,0.5713462872907369
154,model.layers.5,60821504,907.333984375,0.20497868934875785,4426.479587988927,0.5675836653361302
154,model.layers.6,60821504,952.44775390625,0.21339307722701595,4463.348887803884,0.5723112173131307
154,model.layers.7,60821504,955.51416015625,0.2203902011534375,4335.556459204886,0.5559250816528105
154,model.layers.8,60821504,1011.13134765625,0.2239832203934972,4514.317393418483,0.5788466346031905
154,model.layers.9,60821504,977.02099609375,0.21905194002562625,4460.2252597235665,0.5719106912879381
154,model.layers.10,60821504,897.15673828125,0.19043443626176185,4711.10559567106,0.6040797271565825
154,model.layers.11,60821504,774.7548828125,0.16393600817984696,4725.959180136621,0.605984322387795
154,model.layers.12,60821504,671.8603515625,0.14273841316780161,4706.934430976677,0.6035448811465878
154,model.layers.13,60821504,640.849853515625,0.13681660913903748,4684.00625880424,0.6006049249709395
154,model.layers.14,60821504,622.237060546875,0.1365702845308185,4556.167270827212,0.5842128192520404
154,model.layers.15,60821504,829.191650390625,0.22186682085953527,3737.3395768607934,0.47921894893548467
154,model.norm,2048,0.061279296875,0.0017690756249993547,34.63916183629649,0.7654245696582346
154,__whole_model__,1235814400,13601.8173828125,0.9995921192509617,13607.367566087796,0.38707711059900607
155,model.embed_tokens,262668288,358.0,0.23996252480127375,1491.8996218116959,0.09205254119825938
155,model.layers.0,60821504,777.8369140625,0.23783761263771258,3270.4537580746082,0.4193526920031854
155,model.layers.1,60821504,743.89501953125,0.5690853545618552,1307.1765308456806,0.1676122145986985
155,model.layers.2,60821504,732.80615234375,0.1671772123078112,4383.409330899043,0.5620609979657939
155,model.layers.3,60821504,816.71630859375,0.1794869872613369,4550.281449677427,0.5834581120687581
155,model.layers.4,60821504,888.65185546875,0.1910894634104532,4650.44926919889,0.5963020927135554
155,model.layers.5,60821504,951.65625,0.21190671167089245,4490.9207570451845,0.5758466097831672
155,model.layers.6,60821504,1013.958984375,0.22435310980231302,4519.478180037005,0.5795083745088497
155,model.layers.7,60821504,1046.16162109375,0.24137229177541364,4334.224170465919,0.5557542494348555
155,model.layers.8,60821504,1110.02783203125,0.24571477489449373,4517.546136604441,0.579260638972913
155,model.layers.9,60821504,1079.73193359375,0.23669752216702936,4561.652879626767,0.5849162093585938
155,model.layers.10,60821504,992.001953125,0.21045318475089397,4713.6466682564005,0.6044055552245096
155,model.layers.11,60821504,851.16064453125,0.17878948554935445,4760.686244585054,0.610437187047894
155,model.layers.12,60821504,744.319091796875,0.15538517275266892,4790.155190557527,0.6142158314618509
155,model.layers.13,60821504,708.243896484375,0.14918200898288558,4747.51547665259,0.6087483703280149
155,model.layers.14,60821504,686.37744140625,0.14791130027444915,4640.466550781975,0.5950220624329536
155,model.layers.15,60821504,886.719970703125,0.21768207632683037,4073.463399769274,0.522318298570092
155,model.norm,2048,0.060546875,0.0017423127338868063,34.75086522781138,0.7678928892089132
155,__whole_model__,1235814400,14388.326416015625,0.9982529793409185,14413.50711070785,0.4100086705907262
156,model.embed_tokens,262668288,330.0,0.2279748468191672,1447.5281137561662,0.08931474971846096
156,model.layers.0,60821504,785.591796875,0.24102385870518347,3259.394323430542,0.41793460019296735
156,model.layers.1,60821504,724.27490234375,0.5796991008488466,1249.3980088690887,0.16020358554499997
156,model.layers.2,60821504,717.54296875,0.1667707995812904,4302.569577836931,0.5516953513078122
156,model.layers.3,60821504,811.44921875,0.17780737062395488,4563.642192685787,0.5851712882706492
156,model.layers.4,60821504,893.4619140625,0.19248306127716336,4641.76903741141,0.5951890732867239
156,model.layers.5,60821504,962.07861328125,0.21368903063000266,4502.23678045068,0.577297602589945
156,model.layers.6,60821504,1033.65478515625,0.22817256951318832,4530.144825741225,0.580876101106318
156,model.layers.7,60821504,1057.2265625,0.24312894458857792,4348.419166171414,0.5575743973722407
156,model.layers.8,60821504,1116.04541015625,0.24842091337584865,4492.558194839772,0.5760565696229761
156,model.layers.9,60821504,1072.2421875,0.23564408161830205,4550.261479670113,0.5834555514221489
156,model.layers.10,60821504,975.55908203125,0.20731418609026364,4705.703456330268,0.6033870398897028
156,model.layers.11,60821504,835.02734375,0.17531224521131578,4763.08624502233,0.6107449261931718
156,model.layers.12,60821504,720.8818359375,0.15183414967805164,4747.824105881676,0.6087879441937906
156,model.layers.13,60821504,679.865234375,0.14647609211369939,4641.475783278455,0.5951514708868146
156,model.layers.14,60821504,654.560302734375,0.14208913378278526,4606.6879662664105,0.590690816252302
156,model.layers.15,60821504,865.955810546875,0.2149284485246635,4029.0422998494064,0.5166224198905214
156,model.norm,2048,0.06005859375,0.0017265331913711623,34.78565836449586,0.768661716174174
156,__whole_model__,1235814400,14235.47802734375,1.0006403995286406,14226.36746832277,0.404685269741801
157,model.embed_tokens,262668288,350.0,0.23135507007344058,1512.8261502499045,0.09334374074884005
157,model.layers.0,60821504,845.1474609375,0.25827246611150884,3272.309563856523,0.4195906519952995
157,model.layers.1,60821504,769.4111328125,0.5895712865566611,1305.0349471837028,0.16733761084636498
157,model.layers.2,60821504,752.51416015625,0.17357658842113935,4335.34364859428,0.5558977940930265
157,model.layers.3,60821504,821.35693359375,0.1786260966337399,4598.191132608602,0.5896013129810485
157,model.layers.4,60821504,879.89892578125,0.18788884405554138,4683.082330961306,0.6004864546739067
157,model.layers.5,60821504,932.07275390625,0.20710376364112404,4500.510939633986,0.5770763073061749
157,model.layers.6,60821504,984.01611328125,0.2169218516714408,4536.270116169225,0.5816615141469217
157,model.layers.7,60821504,998.26953125,0.2285171316689932,4368.466923941581,0.5601450135042653
157,model.layers.8,60821504,1065.337890625,0.236676985950336,4501.231441440399,0.5771686933768744
157,model.layers.9,60821504,1036.73193359375,0.23018685353934232,4503.871170977005,0.5775071716949374
157,model.layers.10,60821504,950.92236328125,0.20192707404781185,4709.236578429759,0.6038400731301022
157,model.layers.11,60821504,816.95703125,0.17337848162817623,4711.986306363142,0.604192655950848
157,model.layers.12,60821504,704.43701171875,0.14931084880602105,4717.9224909097375,0.6049538209615737
157,model.layers.13,60821504,673.98291015625,0.14739894451065605,4572.5083879927315,0.5863081527991916
157,model.layers.14,60821504,656.93017578125,0.14481358939254774,4536.384869243883,0.5816762283163713
157,model.layers.15,60821504,870.22314453125,0.2198999033959403,3957.3602857131395,0.5074310208309759
157,model.norm,2048,0.061279296875,0.0017602585621850266,34.81266797471696,0.7692585498786911
157,__whole_model__,1235814400,14108.270751953125,1.0002581926027208,14104.6290410706,0.4012222811482487
158,model.embed_tokens,262668288,350.0,0.2487358152595967,1407.1154153442578,0.0868212229884404
158,model.layers.0,60821504,901.34375,0.27963145244995624,3223.32749804426,0.41330994519504727
158,model.layers.1,60821504,805.5556640625,0.5938461487496071,1356.5056635606127,0.17393742392083475
158,model.layers.2,60821504,775.76171875,0.17877861377541562,4339.23108792265,0.5563962595256369
158,model.layers.3,60821504,833.8349609375,0.18505786327958076,4505.806703699821,0.5777553546437926
158,model.layers.4,60821504,887.900390625,0.1916499127574524,4632.928749353023,0.594055530705296
158,model.layers.5,60821504,926.3994140625,0.20594925460260732,4498.1926050184,0.5767790397298915
158,model.layers.6,60821504,969.45263671875,0.2115061130650647,4583.567929407892,0.5877262583000926
158,model.layers.7,60821504,961.83740234375,0.21765201982478813,4419.1522004621775,0.566644113851231
158,model.layers.8,60821504,1012.88671875,0.2220987398964261,4560.524383084529,0.584771508317726
158,model.layers.9,60821504,987.576171875,0.2152880727513221,4587.231235126263,0.5881959842856188
158,model.layers.10,60821504,909.8544921875,0.1916702401457428,4746.978411962452,0.6086795054119362
158,model.layers.11,60821504,791.695556640625,0.16466215635824452,4807.999446564914,0.6165039044165644
158,model.layers.12,60821504,694.743408203125,0.14457368587670882,4805.462377127164,0.616178589650718
158,model.layers.13,60821504,673.860107421875,0.1425234535823826,4728.064683279406,0.6062542997292475
158,model.layers.14,60821504,660.609130859375,0.14364801059981427,4598.804592565858,0.5896799736512618
158,model.layers.15,60821504,860.641845703125,0.21377005362079093,4026.0168864897564,0.5162344874106142
158,model.norm,2048,0.0625,0.0018315144547767172,34.12476480160757,0.7540578936753976
158,__whole_model__,1235814400,14004.015869140625,0.998626491199848,14023.276963456901,0.39890812839305934
159,model.embed_tokens,262668288,310.0,0.2275078387796354,1362.5904129847002,0.08407396066989475
159,model.layers.0,60821504,822.9384765625,0.26104754587180007,3152.446707798753,0.40422128276483277
159,model.layers.1,60821504,757.42041015625,0.5998657935133732,1262.6497765776744,0.16190278843043315
159,model.layers.2,60821504,735.56005859375,0.1710287457784917,4300.797829310006,0.5514681695253199
159,model.layers.3,60821504,803.828125,0.1775386367799534,4527.623618042579,0.5805528202059489
159,model.layers.4,60821504,852.7109375,0.18574482611338625,4590.765489098848,0.5886491626600163
159,model.layers.5,60821504,909.74609375,0.2014002774196609,4517.1044717795885,0.5792040066683566
159,model.layers.6,60821504,966.76708984375,0.21456586967155983,4505.6890516818885,0.5777402687584415
159,model.layers.7,60821504,1001.34033203125,0.2292764728505131,4367.3924305531245,0.560007236997297
159,model.layers.8,60821504,1071.02099609375,0.2383749574600161,4493.009699953058,0.5761144636947827
159,model.layers.9,60821504,1041.85595703125,0.23504395521664417,4432.600515384252,0.5683685189285248
159,model.layers.10,60821504,955.23876953125,0.20245020031603886,4718.388858297279,0.6050136207428564
159,model.layers.11,60821504,818.579345703125,0.17121154607991407,4781.098964675244,0.6130546003349018
159,model.layers.12,60821504,704.380859375,0.1486556167574061,4738.340028715446,0.6075718519983254
159,model.layers.13,60821504,652.2958984375,0.14173067860362024,4602.362063486503,0.5901361290100134
159,model.layers.14,60821504,622.732666015625,0.13688512729704833,4549.308447982523,0.5833333492956799
159,model.layers.15,60821504,808.391357421875,0.20360952880286665,3970.3021866160007,0.5090904911628384
159,model.norm,2048,0.059814453125,0.0017291068083977858,34.59268845307763,0.7643976432701491
159,__whole_model__,1235814400,13834.8671875,0.9994678770614114,13842.232957177801,0.3937581248746396
160,model.embed_tokens,262668288,336.0,0.22428753226502732,1498.0770291010588,0.09243369689445291
160,model.layers.0,60821504,837.880859375,0.2616165691028769,3202.7056323237525,0.4106657142889622
160,model.layers.1,60821504,767.66015625,0.5938961402002821,1292.5831711772341,0.16574098659334163
160,model.layers.2,60821504,739.62255859375,0.17452788533647387,4237.847477311863,0.5433963845297997
160,model.layers.3,60821504,819.70166015625,0.1816622581999711,4512.228727521017,0.5785788162111295
160,model.layers.4,60821504,864.58447265625,0.18973427713044935,4556.8174909260915,0.5842961934774631
160,model.layers.5,60821504,918.384765625,0.2022417458565178,4541.024711468602,0.5822711703248318
160,model.layers.6,60821504,971.14599609375,0.21420354485272997,4533.753149423535,0.5813387770411359
160,model.layers.7,60821504,1002.53271484375,0.2313187572169024,4333.987986558728,0.5557239648429869
160,model.layers.8,60821504,1071.451171875,0.23685185741085998,4523.718680476231,0.5800521110684143
160,model.layers.9,60821504,1047.5361328125,0.23239410281986125,4507.584831550096,0.5779833544126006
160,model.layers.10,60821504,963.798828125,0.20483043483525507,4705.349714753975,0.6033416815103262
160,model.layers.11,60821504,832.5927734375,0.17504685157976105,4756.399592015082,0.6098875326488792
160,model.layers.12,60821504,714.00048828125,0.1498479749609436,4764.832414100672,0.6109688280605772
160,model.layers.13,60821504,678.424072265625,0.14547064602779214,4663.649270767741,0.5979946579053663
160,model.layers.14,60821504,653.8720703125,0.14366191065575332,4551.4643883536155,0.5836097939315913
160,model.layers.15,60821504,846.081787109375,0.21073828850303367,4014.8460591545295,0.5148021123148452
160,model.norm,2048,0.05859375,0.001726764232642494,33.93268686735136,0.7498135308682453
160,__whole_model__,1235814400,14065.3291015625,1.0012918964632593,14047.181597338138,0.3995881230039005
161,model.embed_tokens,262668288,306.0,0.22811906591300668,1341.404756219251,0.08276677249603795
161,model.layers.0,60821504,815.2802734375,0.2700956638542695,3018.4870864027853,0.38704436114854956
161,model.layers.1,60821504,779.92138671875,0.5838415393491658,1335.844290195869,0.1712881271620605
161,model.layers.2,60821504,791.2802734375,0.185237599768204,4271.70441869072,0.5477376779895109
161,model.layers.3,60821504,878.1728515625,0.19552973750908495,4491.249580497683,0.5758887730455765
161,model.layers.4,60821504,898.7880859375,0.20186869277154107,4452.340150409935,0.5708996261385695
161,model.layers.5,60821504,932.39013671875,0.205728304030025,4532.14321245108,0.5811323434838084
161,model.layers.6,60821504,983.71826171875,0.21595801555268565,4555.136604683051,0.5840806624768397
161,model.layers.7,60821504,995.90283203125,0.2267702730715144,4391.681583931336,0.5631217044715682
161,model.layers.8,60821504,1058.63818359375,0.23369443931746645,4530.010156363301,0.5808588331764403
161,model.layers.9,60821504,1029.1591796875,0.22436406521452346,4587.0054043791715,0.5881670272237751
161,model.layers.10,60821504,956.73193359375,0.2005793834445873,4769.841831017791,0.6116111586437183
161,model.layers.11,60821504,828.58349609375,0.17445783637844742,4749.477084516414,0.6089998967519302
161,model.layers.12,60821504,719.19970703125,0.1500593806425824,4792.767396156788,0.6145507805334932
161,model.layers.13,60821504,671.234130859375,0.1427284681438268,4702.874903575476,0.6030243497861456
161,model.layers.14,60821504,643.236083984375,0.1408027579883052,4568.348611735297,0.5857747670672028
161,model.layers.15,60821504,811.75830078125,0.20424848335009066,3974.3663574228917,0.5096116179222133
161,model.norm,2048,0.057861328125,0.0016423320487557722,35.23119954264769,0.7785068783107052
161,__whole_model__,1235814400,14100.052978515625,0.9997990956431501,14102.886309819427,0.4011727071675372
162,model.embed_tokens,262668288,314.0,0.22503026420982308,1395.3678679736145,0.08609638093304699
162,model.layers.0,60821504,874.8564453125,0.28306296974187284,3090.677830838445,0.3963009919576733
162,model.layers.1,60821504,816.25390625,0.5930523601251533,1376.3606068066974,0.17648331648368143
162,model.layers.2,60821504,766.421875,0.19307250773194834,3969.6064654842503,0.5090012825847436
162,model.layers.3,60821504,841.03076171875,0.18892065128740512,4451.767215428923,0.570826161768056
162,model.layers.4,60821504,898.02490234375,0.19572836456538714,4588.118356467165,0.5883097350828964
162,model.layers.5,60821504,948.33251953125,0.2097343592484274,4521.58875126399,0.5797790017034754
162,model.layers.6,60821504,985.15478515625,0.21613490459161697,4558.055012066109,0.5844548741560067
162,model.layers.7,60821504,994.40283203125,0.2271260140519634,4378.198755355887,0.5613928738941684
162,model.layers.8,60821504,1040.3330078125,0.2298558958142126,4526.02272448725,0.5803475462373503
162,model.layers.9,60821504,1006.0205078125,0.21969888544693777,4579.087899175877,0.5871518081237487
162,model.layers.10,60821504,925.044921875,0.1951686497682886,4739.720866918162,0.6077489094528454
162,model.layers.11,60821504,792.70703125,0.167046985225144,4745.413574400032,0.6084788547093453
162,model.layers.12,60821504,678.1708984375,0.14291274278773075,4745.349401381175,0.6084706261483558
162,model.layers.13,60821504,649.1767578125,0.14433486535394138,4497.712705939575,0.5767175048526292
162,model.layers.14,60821504,620.35107421875,0.13469165460291121,4605.712774467185,0.5905657726539282
162,model.layers.15,60821504,814.505615234375,0.2011049922174733,4050.1511486774793,0.5193290940207657
162,model.norm,2048,0.05712890625,0.0016275359613810367,35.1014709386351,0.7756402540728564
162,__whole_model__,1235814400,13964.844970703125,1.0014899569336384,13944.0689085497,0.39665496481231965
163,model.embed_tokens,262668288,320.0,0.22915915816462065,1396.4093888411048,0.08616064440034854
163,model.layers.0,60821504,896.1904296875,0.28399711726841437,3155.632135661726,0.4046297330437036
163,model.layers.1,60821504,814.6357421875,0.6049017970313113,1346.7239578151432,0.17268316841374556
163,model.layers.2,60821504,778.263671875,0.18139562484871616,4290.421406382163,0.5501376566332139
163,model.layers.3,60821504,834.14794921875,0.18973785896799533,4396.317918605019,0.5637161967256282
163,model.layers.4,60821504,853.720703125,0.19221340633655168,4441.5252785760285,0.5695128933018735
163,model.layers.5,60821504,880.87255859375,0.1967223880880415,4477.744333804664,0.5741570679135587
163,model.layers.6,60821504,924.62255859375,0.20402731108455263,4531.856807202491,0.5810956192794978
163,model.layers.7,60821504,942.26416015625,0.21741128237120771,4334.016845305339,0.5557276652448193
163,model.layers.8,60821504,1002.38232421875,0.2206699286236,4542.450937791929,0.5824540476538925
163,model.layers.9,60821504,978.4609375,0.2156171061276697,4537.9559862965625,0.5818776842042177
163,model.layers.10,60821504,902.784423828125,0.19110571978608645,4724.0052513271385,0.6057337806077083
163,model.layers.11,60821504,770.13232421875,0.16156408593561433,4766.729683511836,0.6112121047108164
163,model.layers.12,60821504,669.23193359375,0.1411637394711843,4740.820384191934,0.6078898946380118
163,model.layers.13,60821504,645.03759765625,0.13897500975136717,4641.392713771005,0.5951408193307465
163,model.layers.14,60821504,621.48486328125,0.13790191039207586,4506.716850508272,0.5778720578729084
163,model.layers.15,60821504,804.83935546875,0.20688282021035112,3890.3150810222805,0.49883417490291465
163,model.norm,2048,0.056396484375,0.0016254514266706808,34.69589029215945,0.7666781032778266
163,__whole_model__,1235814400,13639.1279296875,0.9956864134909336,13698.216371023822,0.389661408608538
164,model.embed_tokens,262668288,346.0,0.23665775608584405,1462.026876797115,0.09020934608582916
164,model.layers.0,60821504,785.69921875,0.259564593933078,3026.989185407052,0.38813453956685434
164,model.layers.1,60821504,731.78369140625,0.5665678266644844,1291.6082717129025,0.1656159804794987
164,model.layers.2,60821504,740.63916015625,0.17254388499225834,4292.468320100019,0.5504001213678893
164,model.layers.3,60821504,823.26953125,0.18337184736463114,4489.6179161730615,0.5756795535067628
164,model.layers.4,60821504,892.658203125,0.19580223482315098,4558.978624177865,0.584573303968529
164,model.layers.5,60821504,958.7685546875,0.21220622518505203,4518.0981559396605,0.5793314214426821
164,model.layers.6,60821504,1030.41064453125,0.22661912072351312,4546.883075185891,0.5830223567892524
164,model.layers.7,60821504,1058.861328125,0.24311464427034374,4355.399203955583,0.5584694100682155
164,model.layers.8,60821504,1121.22705078125,0.24753855542543968,4529.504702223939,0.5807940215112386
164,model.layers.9,60821504,1084.17578125,0.2343363298080089,4626.580019147104,0.5932414671839634
164,model.layers.10,60821504,995.4912109375,0.2085847044402763,4772.599283388669,0.6119647319275304
164,model.layers.11,60821504,849.09521484375,0.17694753196634516,4798.570544658657,0.6152948870478704
164,model.layers.12,60821504,731.193603515625,0.15351056756898762,4763.148329752782,0.6107528869841732
164,model.layers.13,60821504,690.298583984375,0.14879128169632283,4639.375211467345,0.5948821258634948
164,model.layers.14,60821504,659.68212890625,0.1444976796294878,4565.3475585059,0.5853899581557528
164,model.layers.15,60821504,870.211669921875,0.21714319791530978,4007.5474538294084,0.5138662514168272
164,model.norm,2048,0.0625,0.0018132334698554872,34.46881002311367,0.7616602908367036
164,__whole_model__,1235814400,14369.528076171875,1.003171266282247,14324.102532786203,0.4074654552679858
165,model.embed_tokens,262668288,314.0,0.2241234623403613,1401.0135160376437,0.08644472625293775
165,model.layers.0,60821504,748.83203125,0.22595261104925118,3314.1109889045542,0.42495062385858656
165,model.layers.1,60821504,715.3984375,0.5955945242190347,1201.1501254784982,0.15401701900714698
165,model.layers.2,60821504,716.05419921875,0.168344537211341,4253.504218671558,0.5454039642489671
165,model.layers.3,60821504,802.19384765625,0.17828296858368553,4499.554018137758,0.5769536064104697
165,model.layers.4,60821504,875.2783203125,0.19120812355177708,4577.620992527988,0.5869637145755091
165,model.layers.5,60821504,937.2119140625,0.21097828516598574,4442.219792075544,0.5696019470317834
165,model.layers.6,60821504,1001.9697265625,0.2236702158050231,4479.674340887358,0.574404542339306
165,model.layers.7,60821504,1024.73974609375,0.23972953492286128,4274.566112279343,0.5481046175639093
165,model.layers.8,60821504,1085.14697265625,0.24558107460615497,4418.691360466313,0.5665850228176484
165,model.layers.9,60821504,1038.974609375,0.2369788241435451,4384.2508423692,0.562168900454704
165,model.layers.10,60821504,950.3564453125,0.20393118135285399,4660.182121282062,0.5975500839783363
165,model.layers.11,60821504,804.58056640625,0.17133519912238623,4695.944385785731,0.6021356867726633
165,model.layers.12,60821504,691.00146484375,0.14841162881187955,4655.979254291689,0.5970111729534693
165,model.layers.13,60821504,651.803955078125,0.1446527951713629,4505.9893540665125,0.5777787749177463
165,model.layers.14,60821504,630.04541015625,0.14135272837846827,4457.256802778647,0.571530062022695
165,model.layers.15,60821504,829.3623046875,0.21500775280138681,3857.3599969375177,0.4946085217524868
165,model.norm,2048,0.05908203125,0.001697920370947696,34.7967032264436,0.7689057754485651
165,__whole_model__,1235814400,13817.009033203125,1.0006444936053176,13808.109794738892,0.3927874525489893
166,model.embed_tokens,262668288,302.0,0.2234857233733983,1351.3167438235891,0.08337835764155663
166,model.layers.0,60821504,890.263671875,0.2893753928768942,3076.5009527044863,0.39448316713902287
166,model.layers.1,60821504,816.00439453125,0.6022150808123518,1355.0049152381062,0.1737449910367102
166,model.layers.2,60821504,786.81884765625,0.18749005170971458,4196.589848268103,0.5381061407027915
166,model.layers.3,60821504,850.1650390625,0.19404895599444422,4381.188420755229,0.5617762226054311
166,model.layers.4,60821504,871.5361328125,0.19688659993562854,4426.589382403099,0.5675977436832207
166,model.layers.5,60821504,904.01318359375,0.20258003306536013,4462.498943822763,0.5722022335687024
166,model.layers.6,60821504,950.26025390625,0.21099941718935372,4503.615538679302,0.5774743933405759
166,model.layers.7,60821504,964.52197265625,0.2219517671459756,4345.6377259744595,0.557217748258533
166,model.layers.8,60821504,1019.7001953125,0.22551552638258965,4521.640756488611,0.5797856700536665
166,model.layers.9,60821504,984.76513671875,0.21553386694509355,4568.957772977809,0.5858528765363493
166,model.layers.10,60821504,905.47314453125,0.19176340982048787,4721.824384427012,0.6054541397770712
166,model.layers.11,60821504,760.01904296875,0.1622227569236128,4685.033452653172,0.6007366365124024
166,model.layers.12,60821504,641.677490234375,0.13694017664598987,4685.823444592188,0.6008379329289835
166,model.layers.13,60821504,598.220703125,0.1314473776425986,4551.028052849741,0.5835538449771948
166,model.layers.14,60821504,579.28662109375,0.13113641461038716,4417.435254843893,0.5664239591509014
166,model.layers.15,60821504,786.340087890625,0.2082049205266168,3776.7603469779656,0.48427366222371265
166,model.norm,2048,0.056640625,0.0016242572930256344,34.87170736016272,0.770563148310122
166,__whole_model__,1235814400,13611.12255859375,0.9998610358685701,13613.014279299216,0.387237737805087
167,model.embed_tokens,262668288,326.0,0.2218871469262027,1469.215339942264,0.09065288551043028
167,model.layers.0,60821504,757.423828125,0.24276434697532023,3119.9961508433557,0.40006032241410155
167,model.layers.1,60821504,714.64892578125,0.5873078942351336,1216.8215901677193,0.15602648661965549
167,model.layers.2,60821504,720.11083984375,0.16865039098514747,4269.843880214709,0.5474991111494926
167,model.layers.3,60821504,805.68896484375,0.17789548366339425,4529.001795055337,0.5807295364303964
167,model.layers.4,60821504,881.4580078125,0.1904427742327511,4628.4665373295775,0.5934833652619839
167,model.layers.5,60821504,951.5166015625,0.21292139494303333,4468.863271429705,0.5730182970608619
167,model.layers.6,60821504,1006.53857421875,0.22630280744551504,4447.751159521455,0.5703112045234003
167,model.layers.7,60821504,1019.96875,0.23601873035095422,4321.55849869767,0.5541301984789506
167,model.layers.8,60821504,1093.04345703125,0.24041949972460563,4546.401012743572,0.582960544515527
167,model.layers.9,60821504,1078.7919921875,0.23915693782288772,4510.812029991872,0.5783971607080867
167,model.layers.10,60821504,995.31591796875,0.20777404168186525,4790.376651057957,0.6142442281504751
167,model.layers.11,60821504,862.095703125,0.17935037230748038,4806.768405515284,0.6163460546451515
167,model.layers.12,60821504,740.94580078125,0.15588159830802606,4753.260223295389,0.6094849882861761
167,model.layers.13,60821504,682.313232421875,0.1501670171527947,4543.695715335561,0.5826136587820359
167,model.layers.14,60821504,639.6171875,0.14053275450391803,4551.374444753857,0.5835982609476454
167,model.layers.15,60821504,830.82568359375,0.2061887746102829,4029.4418799669984,0.5166736558994603
167,model.norm,2048,0.05810546875,0.0016716666265061534,34.75900507234665,0.7680727560610598
167,__whole_model__,1235814400,14106.361572265625,1.000579820870244,14098.187149123956,0.4010390341749169
168,model.embed_tokens,262668288,316.0,0.22739336973269178,1389.6623299591724,0.08574434030949962
168,model.layers.0,60821504,922.576171875,0.29716122478057083,3104.631745128412,0.3980902273220419
168,model.layers.1,60821504,840.326171875,0.6180606266960088,1359.6177067081023,0.17433646447241194
168,model.layers.2,60821504,783.02099609375,0.18009375236078815,4347.852081648543,0.5575016831745021
168,model.layers.3,60821504,832.52490234375,0.18384802718201673,4528.331987590586,0.5806436506224183
168,model.layers.4,60821504,872.21044921875,0.1875952934969954,4649.426075461321,0.5961708940848541
168,model.layers.5,60821504,908.77490234375,0.2032618547964107,4470.956457885268,0.5732866950997695
168,model.layers.6,60821504,948.76953125,0.21001743704197737,4517.5750385924575,0.5792643449193583
168,model.layers.7,60821504,952.08642578125,0.21901488114556203,4347.1312122780955,0.5574092499730439
168,model.layers.8,60821504,991.751953125,0.22038956451299793,4499.9950669919735,0.5770101597324249
168,model.layers.9,60821504,954.447265625,0.2120935853262758,4500.123208142852,0.5770265905828671
168,model.layers.10,60821504,874.84423828125,0.18374063346631211,4761.29978316227,0.6105158577991218
168,model.layers.11,60821504,748.004638671875,0.1566279874323722,4775.676754416854,0.6123593394822298
168,model.layers.12,60821504,646.91796875,0.13571911292653294,4766.594437588077,0.6111947628535678
168,model.layers.13,60821504,619.16552734375,0.1328491105310814,4660.66746603388,0.5976123171249516
168,model.layers.14,60821504,605.33837890625,0.13326993078900415,4542.197743500256,0.5824215819119292
168,model.layers.15,60821504,797.903564453125,0.20219738923910843,3946.161557553864,0.5059950681626315
168,model.norm,2048,0.057373046875,0.0016421902050948146,34.9369072455815,0.7720038758448783
168,__whole_model__,1235814400,13614.720458984375,1.0016943975380352,13591.690731670895,0.38663116514041823
169,model.embed_tokens,262668288,324.0,0.22428612045818827,1444.5833711783362,0.08913305449345997
169,model.layers.0,60821504,836.4951171875,0.2702271650104029,3095.525637310733,0.3969226001028565
169,model.layers.1,60821504,768.55078125,0.6193252347191003,1240.9485972238515,0.159120162943312
169,model.layers.2,60821504,748.37548828125,0.17498349510299638,4276.8347257022815,0.5483955096591345
169,model.layers.3,60821504,816.1904296875,0.1794381935444886,4548.588087993317,0.5832409814094379
169,model.layers.4,60821504,862.15966796875,0.1893513233610434,4553.2275806957905,0.5838358786005412
169,model.layers.5,60821504,902.88134765625,0.20244636527971305,4459.854571401025,0.5718631599184552
169,model.layers.6,60821504,952.64501953125,0.21157890375913826,4502.552015373624,0.5773380234683089
169,model.layers.7,60821504,957.3935546875,0.21913564406641114,4368.954027384759,0.5602074721584127
169,model.layers.8,60821504,1017.630859375,0.22455294368527953,4531.808145883195,0.5810893797002978
169,model.layers.9,60821504,982.51953125,0.22016268496051666,4462.697806516132,0.5722277326620919
169,model.layers.10,60821504,893.6572265625,0.18917432913737547,4723.987819264526,0.6057315453880953
169,model.layers.11,60821504,761.6962890625,0.16093793110050464,4732.857467807424,0.6068688527065073
169,model.layers.12,60821504,658.6123046875,0.13713245467638888,4802.745682936413,0.615830242569085
169,model.layers.13,60821504,631.037109375,0.13498756381781898,4674.779598412903,0.5994218399437462
169,model.layers.14,60821504,610.794189453125,0.13367534217510432,4569.236027486894,0.5858885556151803
169,model.layers.15,60821504,799.4609375,0.20152405626990944,3967.0744639500963,0.5086766176489125
169,model.norm,2048,0.056640625,0.0016480223431964462,34.368845321685285,0.7594513621411004
169,__whole_model__,1235814400,13524.156494140625,0.9977107922331384,13555.187133808602,0.38559277861059305
170,model.embed_tokens,262668288,328.0,0.2255920310250213,1453.952067853054,0.08971111773847654
170,model.layers.0,60821504,907.96875,0.27636873287246544,3285.352653908921,0.4212630972674606
170,model.layers.1,60821504,847.0771484375,0.6000916742754228,1411.5795715051345,0.18099925486666277
170,model.layers.2,60821504,768.7294921875,0.19159428707725762,4012.2777349698376,0.5144727899209333
170,model.layers.3,60821504,829.4599609375,0.18214676373709848,4553.800154993151,0.5839092967225304
170,model.layers.4,60821504,875.28125,0.18934445902283406,4622.69270786765,0.5927430181703764
170,model.layers.5,60821504,931.95751953125,0.20667908272292732,4509.200966314654,0.5781905826794683
170,model.layers.6,60821504,975.40087890625,0.2161154724152547,4513.332007215419,0.5787202838312533
170,model.layers.7,60821504,979.83203125,0.22500472837858898,4354.717513319773,0.5583820005451379
170,model.layers.8,60821504,1040.263671875,0.23021153750738016,4518.729526497564,0.5794123786928662
170,model.layers.9,60821504,1009.408203125,0.22280224599372345,4530.511793644288,0.5809231554264254
170,model.layers.10,60821504,920.1669921875,0.1932595083800331,4761.302561000245,0.6105162139863419
170,model.layers.11,60821504,795.765625,0.16619918001477843,4788.023773217416,0.6139425312822808
170,model.layers.12,60821504,692.179443359375,0.14367499582484167,4817.675054629763,0.6177445555888197
170,model.layers.13,60821504,661.735107421875,0.13935492064881402,4748.559321342534,0.6088822169172475
170,model.layers.14,60821504,632.72607421875,0.13637794668364617,4639.504330465357,0.5948986820980147
170,model.layers.15,60821504,821.576416015625,0.20278485057152038,4051.4684094996655,0.5194979992897946
170,model.norm,2048,0.05419921875,0.0015760133905239333,34.39007503101347,0.7599204768732434
170,__whole_model__,1235814400,14017.582763671875,1.0002814031302838,14013.639281711334,0.39863397352917185
171,model.embed_tokens,262668288,344.0,0.23164788567677133,1485.0124748386377,0.0916275934529774
171,model.layers.0,60821504,802.4228515625,0.26433236274829836,3035.6587563460034,0.3892461920104291
171,model.layers.1,60821504,754.84326171875,0.5743759977967999,1314.1970845129133,0.16851242242840345
171,model.layers.2,60821504,757.82080078125,0.1772206659833819,4276.142382019439,0.5483067341531441
171,model.layers.3,60821504,848.923828125,0.18667032426594413,4547.71711284736,0.5831293009518799
171,model.layers.4,60821504,914.72900390625,0.19579343720410733,4671.908399834052,0.5990536815955829
171,model.layers.5,60821504,981.14208984375,0.21685102433064182,4524.498294957379,0.5801520768393983
171,model.layers.6,60821504,1035.03662109375,0.2283280009971951,4533.1129628138115,0.5812566893560527
171,model.layers.7,60821504,1047.10888671875,0.24115118738916186,4342.126190857025,0.5567674830007155
171,model.layers.8,60821504,1092.28662109375,0.2408375691029109,4535.366409660992,0.581545636722857
171,model.layers.9,60821504,1059.22216796875,0.23161355446899815,4573.23048470606,0.586400743376225
171,model.layers.10,60821504,968.17919921875,0.20460676184536583,4731.902262108345,0.6067463718182402
171,model.layers.11,60821504,826.5888671875,0.1720851040431476,4803.3725625679135,0.6159106239719356
171,model.layers.12,60821504,712.8154296875,0.14903628789826684,4782.831347584774,0.6132767344760429
171,model.layers.13,60821504,684.9912109375,0.14576680310411727,4699.226410613049,0.6025565231606288
171,model.layers.14,60821504,663.80712890625,0.14506958632370018,4575.7842544960995,0.5867281995384059
171,model.layers.15,60821504,855.7763671875,0.211843034952218,4039.6719551366114,0.5179854034058057
171,model.norm,2048,0.0595703125,0.001699401673424428,35.05369768170296,0.7745846042623538
171,__whole_model__,1235814400,14349.75390625,1.0039174337793126,14293.759051707486,0.40660230029517996
172,model.embed_tokens,262668288,286.0,0.22664759123233513,1261.8709003036483,0.07785940913104374
172,model.layers.0,60821504,918.984375,0.2878518478234369,3192.560276923038,0.409364829942833
172,model.layers.1,60821504,841.12890625,0.6170781134962974,1363.0833566341466,0.17478084611897682
172,model.layers.2,60821504,794.541015625,0.18532766691473815,4287.222889340837,0.549727527999416
172,model.layers.3,60821504,836.65380859375,0.1844406415955088,4536.1683919349525,0.5816484705955861
172,model.layers.4,60821504,864.1435546875,0.18545396836623695,4659.612098356277,0.5974769930049992
172,model.layers.5,60821504,891.7509765625,0.19767026541489768,4511.305606287166,0.5784604493412402
172,model.layers.6,60821504,927.39794921875,0.20387323640825133,4548.895017105911,0.583280337278422
172,model.layers.7,60821504,940.03271484375,0.21526807332542347,4366.800428518216,0.5599313277610336
172,model.layers.8,60821504,999.38671875,0.22060518629592582,4530.205003473469,0.5808838173731978
172,model.layers.9,60821504,976.39306640625,0.21529156278652775,4535.212870252571,0.5815259491904798
172,model.layers.10,60821504,906.155517578125,0.18957697498422624,4779.881721678077,0.6128985198135295
172,model.layers.11,60821504,790.201171875,0.16342280708129228,4835.31757891006,0.6200067615693837
172,model.layers.12,60821504,682.6220703125,0.13904969919381802,4909.194872554234,0.6294796495107297
172,model.layers.13,60821504,646.1162109375,0.15084579879587232,4283.289399473683,0.5492231577539461
172,model.layers.14,60821504,600.2587890625,0.12895810611274822,4654.680556007027,0.59684464785877
172,model.layers.15,60821504,779.762451171875,0.1983298895789656,3931.6436510262383,0.5041335151076223
172,model.norm,2048,0.05712890625,0.001700738642334819,33.59064398723364,0.7422553796186262
172,__whole_model__,1235814400,13681.58642578125,1.000234927773949,13678.37299606204,0.38909694114578774
173,model.embed_tokens,262668288,342.0,0.22947387622259277,1490.3657254137954,0.09195789739025967
173,model.layers.0,60821504,800.0654296875,0.2644368414985504,3025.544493549269,0.3879492945016457
173,model.layers.1,60821504,752.91552734375,0.5961399719046236,1262.9844714794747,0.16194570455720095
173,model.layers.2,60821504,745.62744140625,0.17653658627649554,4223.64257252846,0.54157496600466
173,model.layers.3,60821504,814.509765625,0.184810012187281,4407.281596841192,0.5651220102067833
173,model.layers.4,60821504,876.84326171875,0.19046906714954454,4603.599286966145,0.5902947715211685
173,model.layers.5,60821504,925.62744140625,0.20557384439858725,4502.651804339225,0.5773508188705535
173,model.layers.6,60821504,974.77783203125,0.21491904517480992,4535.558173722527,0.5815702255968735
173,model.layers.7,60821504,995.1533203125,0.22876691657174225,4350.075330933683,0.5577867584703738
173,model.layers.8,60821504,1049.20654296875,0.23178385519893754,4526.659296732412,0.5804291704719093
173,model.layers.9,60821504,1015.58837890625,0.2235810643209347,4542.372056376139,0.582443933114288
173,model.layers.10,60821504,937.92919921875,0.19867933734989357,4720.819043033981,0.6053252302584732
173,model.layers.11,60821504,814.641357421875,0.17009508949668262,4789.329073710638,0.614109902942667
173,model.layers.12,60821504,703.00341796875,0.14613458818400413,4810.6572626294965,0.6168447018728134
173,model.layers.13,60821504,673.9853515625,0.14235786069565332,4734.444225762934,0.6070723141431834
173,model.layers.14,60821504,651.86083984375,0.140553617560494,4637.809052215895,0.5946813056878296
173,model.layers.15,60821504,843.708984375,0.20794420900319657,4057.3814890994645,0.5202562016774854
173,model.norm,2048,0.0615234375,0.00177934697505734,34.57641391051197,0.7640380232886212
173,__whole_model__,1235814400,13917.505615234375,0.9985438745857901,13937.800801199197,0.39647666134029436
174,model.embed_tokens,262668288,340.0,0.23865837208812274,1424.6305169401628,0.08790193216463205
174,model.layers.0,60821504,771.27734375,0.24525425041455798,3144.80724573089,0.40324171564033057
174,model.layers.1,60821504,725.21533203125,0.5863339332471763,1236.8639966220862,0.1585964165812425
174,model.layers.2,60821504,732.49267578125,0.17188564453924482,4261.511644819226,0.5464307134279611
174,model.layers.3,60821504,823.0361328125,0.18566202194325734,4432.980553578368,0.5684172491817421
174,model.layers.4,60821504,896.03125,0.1963535979481134,4563.355392330406,0.5851345134039203
174,model.layers.5,60821504,960.3955078125,0.21297022252324785,4509.529531564738,0.5782327128339712
174,model.layers.6,60821504,1012.90185546875,0.22282268655578036,4545.775258010746,0.5828803073523822
174,model.layers.7,60821504,1018.02587890625,0.23189168143537398,4390.092273275289,0.5629179157158344
174,model.layers.8,60821504,1080.71484375,0.23870490412867446,4527.409471099253,0.5805253612954089
174,model.layers.9,60821504,1042.40576171875,0.22990276232415469,4534.115863510136,0.5813852859172414
174,model.layers.10,60821504,957.60498046875,0.20171378034779475,4747.345366378282,0.6087265580026481
174,model.layers.11,60821504,830.70703125,0.1741434087921602,4770.2467581844985,0.6116630802760007
174,model.layers.12,60821504,716.7548828125,0.14966297540710063,4789.126240894541,0.6140838947817974
174,model.layers.13,60821504,689.4248046875,0.147037901194642,4688.755749953689,0.6012139266711621
174,model.layers.14,60821504,665.42626953125,0.14380663650411396,4627.229213529473,0.5933247098872755
174,model.layers.15,60821504,863.841796875,0.21297964601545713,4055.982874590308,0.5200768648628182
174,model.norm,2048,0.06201171875,0.001803230311121253,34.38923933762014,0.7599020104836992
174,__whole_model__,1235814400,14126.318359375,1.0015775202126973,14104.068905595148,0.4012063474549513
175,model.embed_tokens,262668288,312.0,0.23434613367972595,1331.3639747366233,0.08214724056669145
175,model.layers.0,60821504,837.984375,0.28478927502088175,2942.4716746743925,0.3772973138272631
175,model.layers.1,60821504,751.97607421875,0.595234401604613,1263.3276440198986,0.161989707725964
175,model.layers.2,60821504,730.5751953125,0.1740394233927207,4197.756928118258,0.5382557890736748
175,model.layers.3,60821504,797.51904296875,0.18022182164170034,4425.207978167597,0.5674206136493617
175,model.layers.4,60821504,844.14501953125,0.1839984678460337,4587.782873483567,0.5882667179046392
175,model.layers.5,60821504,894.31787109375,0.19977138953332463,4476.706465239686,0.5740239876106817
175,model.layers.6,60821504,946.33447265625,0.20934344187418746,4520.487788793423,0.5796378312084983
175,model.layers.7,60821504,967.90283203125,0.2311771400646582,4186.84490932164,0.5368565996045521
175,model.layers.8,60821504,1017.9560546875,0.2288400130943239,4448.330695855694,0.5703855153499262
175,model.layers.9,60821504,975.5859375,0.22551471788795133,4326.041096726676,0.5547049779100894
175,model.layers.10,60821504,889.03173828125,0.1895701395248055,4689.724555300647,0.6013381513691174
175,model.layers.11,60821504,761.19482421875,0.16369839856051668,4649.9833285623035,0.596242347652252
175,model.layers.12,60821504,652.547607421875,0.13996261270839738,4662.299415497578,0.597821573225615
175,model.layers.13,60821504,626.853759765625,0.1421707095290018,4409.162490940171,0.565363187138832
175,model.layers.14,60821504,606.48193359375,0.13647071110958098,4444.044650040456,0.5698359387518069
175,model.layers.15,60821504,797.602294921875,0.20377400054896225,3914.1514264486814,0.501890581249404
175,model.norm,2048,0.059326171875,0.001741982991731579,34.056688358379525,0.7525536025927222
175,__whole_model__,1235814400,13410.068359375,0.9950075732068785,13477.353057881526,0.38337869943108444
176,model.embed_tokens,262668288,316.0,0.23417683807243006,1349.407578482473,0.08326055915253766
176,model.layers.0,60821504,995.8173828125,0.304670192167887,3268.5093862538406,0.4191033756643499
176,model.layers.1,60821504,890.09033203125,0.5987350175535805,1486.618129783258,0.1906210455250009
176,model.layers.2,60821504,814.966796875,0.18994055818792505,4290.641265088213,0.5501658479323616
176,model.layers.3,60821504,840.26953125,0.18292326222627003,4593.563011196544,0.5890078738693435
176,model.layers.4,60821504,854.3984375,0.1839250850184855,4645.361112183953,0.5956496657112532
176,model.layers.5,60821504,890.140625,0.19686811455414782,4521.507340159801,0.579768562795536
176,model.layers.6,60821504,937.26220703125,0.20599577977265177,4549.909750897149,0.5834104511337155
176,model.layers.7,60821504,960.52734375,0.21859713195155478,4394.05281841882,0.5634257551138505
176,model.layers.8,60821504,1021.2109375,0.2258733164909746,4521.166791035298,0.5797248960132838
176,model.layers.9,60821504,992.72509765625,0.21718474679000377,4570.87853695415,0.5860991657682924
176,model.layers.10,60821504,915.47607421875,0.19048113374804768,4806.1246602493675,0.6162635106527286
176,model.layers.11,60821504,792.200927734375,0.16368847809525686,4839.6865616489,0.6205669727230576
176,model.layers.12,60821504,690.36865234375,0.14321174599176764,4820.614730745864,0.6181214944432099
176,model.layers.13,60821504,651.66845703125,0.13632756171492907,4780.16659898852,0.6129350480985509
176,model.layers.14,60821504,628.70556640625,0.1359827771580086,4623.420550351827,0.5928363454966965
176,model.layers.15,60821504,822.761474609375,0.20571193817168784,3999.5805878932297,0.5128447030555588
176,model.norm,2048,0.057373046875,0.001642472080528541,34.93091149320333,0.7718713871834746
176,__whole_model__,1235814400,14014.647216796875,0.9998301384438709,14017.028171014308,0.398730374355648
177,model.embed_tokens,262668288,330.0,0.2410584867626495,1368.9623810047556,0.08446712106762168
177,model.layers.0,60821504,800.9833984375,0.25852332596120264,3098.3022342738464,0.3972786281947428
177,model.layers.1,60821504,740.6484375,0.5841213791673295,1267.9700896341121,0.1625849835530544
177,model.layers.2,60821504,735.3837890625,0.1727153438558873,4257.779144834405,0.5459521150338783
177,model.layers.3,60821504,802.953125,0.17633471530183242,4553.573717039119,0.5838802618018071
177,model.layers.4,60821504,868.32373046875,0.18755512061124766,4629.698872730627,0.5936413810011163
177,model.layers.5,60821504,931.94580078125,0.20729629201267924,4495.718624452036,0.5764618145106366
177,model.layers.6,60821504,997.83837890625,0.22111512853955909,4512.754896043803,0.5786462839702844
177,model.layers.7,60821504,1007.59375,0.23093849412313303,4363.039405040746,0.5594490719529304
177,model.layers.8,60821504,1066.08447265625,0.23399524763689464,4556.009078913266,0.5841925351539081
177,model.layers.9,60821504,1034.47265625,0.22920267251442103,4513.353378045419,0.5787230240978198
177,model.layers.10,60821504,947.6123046875,0.20164652697948995,4699.373298821479,0.6025753578454112
177,model.layers.11,60821504,810.51513671875,0.1699935681866532,4767.916488633282,0.6113642823471254
177,model.layers.12,60821504,699.38623046875,0.14960367996883664,4674.9266502965465,0.5994406956157207
177,model.layers.13,60821504,657.73681640625,0.14351049243279135,4583.196707476149,0.5876786585087722
177,model.layers.14,60821504,633.805419921875,0.14190943359211047,4466.266997750259,0.572685390853592
177,model.layers.15,60821504,851.4013671875,0.22096095876683686,3853.1755652179195,0.4940719745832187
177,model.norm,2048,0.06201171875,0.001791427132864017,34.61581976312913,0.7649087778387474
177,__whole_model__,1235814400,13916.746826171875,0.9981119757024071,13943.071684294904,0.39662659762952024
178,model.embed_tokens,262668288,318.0,0.22851888540175408,1391.5698890309704,0.08586203968918817
178,model.layers.0,60821504,793.3447265625,0.2724786844486808,2911.5845452928274,0.37333682338387114
178,model.layers.1,60821504,736.27978515625,0.5930013800869712,1241.615635107401,0.15920569362279158
178,model.layers.2,60821504,737.1171875,0.17072635077668674,4317.536128117464,0.5536144315377793
178,model.layers.3,60821504,813.7119140625,0.17890219411985783,4548.361846905819,0.5832119717318515
178,model.layers.4,60821504,878.470703125,0.1883253945390769,4664.64283945902,0.5981220578737497
178,model.layers.5,60821504,928.9541015625,0.20653675699482,4497.766475464697,0.5767243994295825
178,model.layers.6,60821504,989.66650390625,0.21801546102348365,4539.432658859215,0.5820670299831717
178,model.layers.7,60821504,1005.66162109375,0.23095950009615995,4354.276921603324,0.5583255058394992
178,model.layers.8,60821504,1067.64892578125,0.23845683273513818,4477.325784860704,0.5741033996340571
178,model.layers.9,60821504,1036.787109375,0.22910676117382306,4525.344883158602,0.5802606302902228
178,model.layers.10,60821504,943.17578125,0.1996377028262419,4724.437157398616,0.6057891615998167
178,model.layers.11,60821504,804.26318359375,0.1690319649061295,4758.053803849413,0.6100996433335686
178,model.layers.12,60821504,695.25830078125,0.14827660337674756,4688.927888472788,0.6012359990674475
178,model.layers.13,60821504,658.35888671875,0.14571100640487114,4518.250906108222,0.5793510077750778
178,model.layers.14,60821504,635.435546875,0.14134077809962875,4495.769412186851,0.5764683267486594
178,model.layers.15,60821504,832.76025390625,0.20831786737641783,3997.545982944912,0.5125838166081863
178,model.norm,2048,0.0595703125,0.0017088433403335138,34.86001969517797,0.7703048849611545
178,__whole_model__,1235814400,13874.9541015625,1.0013187584457308,13856.680487140291,0.3941691013641047
179,model.embed_tokens,262668288,318.0,0.23025433215995716,1381.0815067708959,0.08521489009146511
179,model.layers.0,60821504,844.451171875,0.2874398902707539,2937.835702203927,0.3767028680165733
179,model.layers.1,60821504,776.80859375,0.596594272408698,1302.0718261569998,0.1669576657772102
179,model.layers.2,60821504,767.634765625,0.17926451575004476,4282.134489434272,0.549075069852427
179,model.layers.3,60821504,833.7763671875,0.18484543273941093,4510.667939320582,0.5783786847364425
179,model.layers.4,60821504,876.8359375,0.1913714384012943,4581.853722922478,0.587506454824036
179,model.layers.5,60821504,911.56005859375,0.20056248436510113,4545.017785750793,0.5827831807593079
179,model.layers.6,60821504,950.765625,0.2076419715507318,4578.870147973458,0.5871238870584543
179,model.layers.7,60821504,964.7734375,0.2184253222789209,4416.948673505999,0.5663615674435059
179,model.layers.8,60821504,1027.078125,0.225336968084219,4557.965493776115,0.5844433957072442
179,model.layers.9,60821504,1016.7783203125,0.2221310131382361,4577.381185758788,0.5869329654435342
179,model.layers.10,60821504,940.234375,0.1970555462560193,4771.41797256711,0.6118132587957394
179,model.layers.11,60821504,809.08056640625,0.16881798696016478,4792.620626362314,0.6145319610322953
179,model.layers.12,60821504,696.498046875,0.1453392891980739,4792.221365041809,0.614480765900992
179,model.layers.13,60821504,660.110107421875,0.1411973207821378,4675.0894688745575,0.599461572966097
179,model.layers.14,60821504,628.606689453125,0.13730485657581276,4578.182484798273,0.587035711708782
179,model.layers.15,60821504,819.3203125,0.2056483721882073,3984.0836267362542,0.5108576110922489
179,model.norm,2048,0.058349609375,0.0016840850208376353,34.647662471326946,0.7656124089293105
179,__whole_model__,1235814400,13842.370849609375,0.9975953408938941,13875.737267583803,0.39471119324745896
180,model.embed_tokens,262668288,209.0,0.23308813944000747,896.6565201563707,0.05532511038654861
180,model.layers.0,60821504,937.1865234375,0.2880942318846694,3253.0554926649024,0.41712180602360766
180,model.layers.1,60821504,855.2734375,0.610278311297527,1401.4481944829124,0.17970016289281104
180,model.layers.2,60821504,792.52197265625,0.1786695068790967,4435.686796810489,0.568764256193171
180,model.layers.3,60821504,803.341796875,0.17566109195998625,4573.24833810092,0.5864030326210056
180,model.layers.4,60821504,855.8466796875,0.18696901115284406,4577.478772607186,0.5869454784801362
180,model.layers.5,60821504,881.1396484375,0.19787737293702326,4452.958088936894,0.5709788610716833
180,model.layers.6,60821504,930.44580078125,0.20611836135834052,4514.133503922307,0.5788230554423288
180,model.layers.7,60821504,943.087890625,0.2184845711176631,4316.496518727209,0.5534811280182421
180,model.layers.8,60821504,997.6923828125,0.22375473643476065,4458.865982948225,0.5717363985392608
180,model.layers.9,60821504,984.83349609375,0.2217563815626103,4441.060451807985,0.5694532910659413
180,model.layers.10,60821504,893.15771484375,0.19404402547849228,4602.8611942125835,0.5902001298579468
180,model.layers.11,60821504,780.4501953125,0.1658984910759989,4704.383929296692,0.6032178440365785
180,model.layers.12,60821504,679.2548828125,0.14656390030988242,4634.5306134480625,0.5942609291209805
180,model.layers.13,60821504,645.985595703125,0.14613553070106783,4420.4553992043275,0.5668112160153838
180,model.layers.14,60821504,619.36474609375,0.139595676960246,4436.84761291091,0.5689131013971217
180,model.layers.15,60821504,796.69384765625,0.20223750053002473,3939.3972214266496,0.5051277137297617
180,model.norm,2048,0.05712890625,0.0016585479424567292,34.44513407636419,0.7611371213836545
180,__whole_model__,1235814400,13605.333740234375,1.002259695662044,13574.659141857794,0.3861466821173981
181,model.embed_tokens,262668288,300.0,0.22524682685710654,1331.8722584727723,0.08217860246857694
181,model.layers.0,60821504,819.1103515625,0.2769821796418846,2957.2673325827063,0.3791944814476555
181,model.layers.1,60821504,756.162109375,0.6060220563459859,1247.746845938718,0.1599918658048638
181,model.layers.2,60821504,748.89990234375,0.17619777929867883,4250.336782475926,0.5449978209448134
181,model.layers.3,60821504,813.5771484375,0.18439511912653023,4412.140366249233,0.5657450240702431
181,model.layers.4,60821504,857.34423828125,0.1908658629116712,4491.867876226831,0.5759680537808053
181,model.layers.5,60821504,903.78857421875,0.20344749948324448,4442.367571557124,0.5696208959997272
181,model.layers.6,60821504,949.19384765625,0.2101974776490282,4515.724252605646,0.5790270285885663
181,model.layers.7,60821504,957.96533203125,0.223439499148557,4287.358930187776,0.5497449717853878
181,model.layers.8,60821504,1014.2646484375,0.2256581405482868,4494.695586754006,0.576330635890046
181,model.layers.9,60821504,977.89306640625,0.2204754437164846,4435.38314254965,0.5687253202408107
181,model.layers.10,60821504,904.35400390625,0.19202964372562337,4709.449990952507,0.6038674378698423
181,model.layers.11,60821504,774.2646484375,0.16409457906107694,4718.404793550884,0.6050156640347026
181,model.layers.12,60821504,668.924072265625,0.14120555894477815,4737.236106456857,0.6074303019856525
181,model.layers.13,60821504,633.348876953125,0.13643590997419192,4642.098088933688,0.595231265793294
181,model.layers.14,60821504,604.542236328125,0.1344056735920621,4497.892240494146,0.5767405256027562
181,model.layers.15,60821504,806.7939453125,0.21437735636911476,3763.4289319407544,0.48256424658979225
181,model.norm,2048,0.06103515625,0.0017706837286572605,34.469823866447335,0.7616826938209628
181,__whole_model__,1235814400,13490.488037109375,0.9988027505191142,13506.658877438891,0.38421233693686263
182,model.embed_tokens,262668288,340.0,0.2322171776417619,1464.1466383012937,0.09034013868765108
182,model.layers.0,60821504,857.8310546875,0.2675384732603669,3206.3839052137514,0.41113735943439045
182,model.layers.1,60821504,772.3564453125,0.6006961328731684,1285.7689654472542,0.16486723764958253
182,model.layers.2,60821504,751.3154296875,0.17778589774323333,4225.956272260608,0.5418716392747738
182,model.layers.3,60821504,817.25634765625,0.18233502076263616,4482.168835355852,0.5747243979458766
182,model.layers.4,60821504,861.9638671875,0.18674665112530636,4615.685807447895,0.591844561023148
182,model.layers.5,60821504,909.44091796875,0.20209142565772722,4500.145985951069,0.5770295112586816
182,model.layers.6,60821504,954.5810546875,0.21133748373044767,4516.856346719019,0.5791721909266278
182,model.layers.7,60821504,961.96630859375,0.2221477394781394,4330.299785420112,0.5552510466516475
182,model.layers.8,60821504,1023.33154296875,0.22550487282976317,4537.957562191029,0.5818778862726876
182,model.layers.9,60821504,1002.091796875,0.2253284622013875,4447.249082893841,0.570246825938361
182,model.layers.10,60821504,924.35546875,0.195091806971077,4738.0537558250135,0.6075351447655893
182,model.layers.11,60821504,800.262451171875,0.16712780551693826,4788.326207578721,0.6139813108134863
182,model.layers.12,60821504,693.9345703125,0.14558730218376684,4766.44982016759,0.6111762193397076
182,model.layers.13,60821504,663.79638671875,0.14239926961368143,4661.515389226222,0.5977210417545058
182,model.layers.14,60821504,639.487060546875,0.1394256699818303,4586.5805101041415,0.5881125453166053
182,model.layers.15,60821504,829.78515625,0.20940944694180794,3962.501063672577,0.5080901951339172
182,model.norm,2048,0.059814453125,0.0017392990763629797,34.38997578845212,0.7599182839017399
182,__whole_model__,1235814400,13803.815673828125,0.996647250264181,13850.252102907174,0.3939862386331106
183,model.embed_tokens,262668288,328.0,0.22926707488403386,1430.6458969998482,0.08827309052721341
183,model.layers.0,60821504,882.564453125,0.272154456869827,3242.8807643857017,0.41581715535128144
183,model.layers.1,60821504,832.01025390625,0.5913757016311547,1406.90639066057,0.1804000380263245
183,model.layers.2,60821504,799.39306640625,0.18178533062833435,4397.456404447912,0.5638621786407816
183,model.layers.3,60821504,866.15283203125,0.18946551472798112,4571.559279665223,0.5861864537440801
183,model.layers.4,60821504,899.7939453125,0.19256830922423962,4672.596176065081,0.5991418714417979
183,model.layers.5,60821504,937.51806640625,0.20507896666109277,4571.497904783008,0.5861785839730997
183,model.layers.6,60821504,975.578125,0.21338213467979028,4571.976592435873,0.5862399635157279
183,model.layers.7,60821504,993.6484375,0.22955182915473699,4328.645261328754,0.5550388959279193
183,model.layers.8,60821504,1051.57666015625,0.23122569315460248,4547.836556611134,0.5831446165831612
183,model.layers.9,60821504,1024.77880859375,0.22495107828068034,4555.562998080379,0.5841353366083972
183,model.layers.10,60821504,944.789794921875,0.19676976888501002,4801.498727550975,0.6156703521880025
183,model.layers.11,60821504,826.83447265625,0.17156045569145137,4819.493334427241,0.6179777038258206
183,model.layers.12,60821504,727.690673828125,0.14955030863701305,4865.8587231295405,0.6239228881966676
183,model.layers.13,60821504,701.302490234375,0.14849882023484998,4722.613210834062,0.6055552867437581
183,model.layers.14,60821504,664.62060546875,0.1413894299602103,4700.638553078451,0.6027375945923519
183,model.layers.15,60821504,843.7041015625,0.20416884240129987,4132.384215139814,0.5298733977607332
183,model.norm,2048,0.057861328125,0.0016523088025588413,35.01847114497804,0.7738062004187317
183,__whole_model__,1235814400,14300.0146484375,1.0004904369933132,14293.004830123204,0.40658084560086255
184,model.embed_tokens,262668288,312.0,0.2282173786197867,1367.1176221851024,0.08435329656176065
184,model.layers.0,60821504,850.7958984375,0.27165258032511486,3131.926438612378,0.4015900790357813
184,model.layers.1,60821504,776.982421875,0.6031691557845418,1288.1667015356238,0.16517468644958114
184,model.layers.2,60821504,763.24560546875,0.1763906266577799,4327.019070857676,0.554830378271899
184,model.layers.3,60821504,842.1474609375,0.18782946500651176,4483.574826283533,0.5749046805990098
184,model.layers.4,60821504,884.4755859375,0.1929782411554749,4583.2917775684,0.5876908488352726
184,model.layers.5,60821504,924.84521484375,0.20628146601622652,4483.414010500584,0.5748840600562702
184,model.layers.6,60821504,975.2158203125,0.21602587118851047,4514.347355467893,0.5788504764756056
184,model.layers.7,60821504,983.15966796875,0.2285440897742748,4301.838078332208,0.5516015550614208
184,model.layers.8,60821504,1038.0166015625,0.22927038276836303,4527.477945597671,0.5805341414119827
184,model.layers.9,60821504,1016.640625,0.22331747002044947,4552.445560604394,0.5837356043710958
184,model.layers.10,60821504,933.35400390625,0.1965036334183523,4749.805322526317,0.6090419849461849
184,model.layers.11,60821504,795.2021484375,0.16682971744825856,4766.5497526490035,0.6111890331442129
184,model.layers.12,60821504,678.304443359375,0.14517401710449981,4672.354302017522,0.5991108572338399
184,model.layers.13,60821504,629.291748046875,0.13675937033023375,4601.452511278168,0.5900195020232715
184,model.layers.14,60821504,606.04052734375,0.13549112384015294,4472.916824121502,0.5735380623164584
184,model.layers.15,60821504,797.196533203125,0.20310289663214273,3925.0869703104077,0.5032927872110726
184,model.norm,2048,0.057861328125,0.0016708220248189691,34.630455707135646,0.7652321895654995
184,__whole_model__,1235814400,13806.97216796875,1.0015231338248574,13785.974284227828,0.39215778267282525
185,model.embed_tokens,262668288,312.0,0.24124710491400078,1293.2797685229054,0.07979738544893625
185,model.layers.0,60821504,850.6884765625,0.27984234725075685,3039.884724095128,0.3897880651213204
185,model.layers.1,60821504,779.92919921875,0.5923197490317916,1316.7367802502374,0.16883807395051606
185,model.layers.2,60821504,759.1279296875,0.1781334435824888,4261.56882402584,0.5464380452100298
185,model.layers.3,60821504,831.572265625,0.18334381595109162,4535.589386046314,0.5815742277852461
185,model.layers.4,60821504,885.66796875,0.19157156416579896,4623.170315524924,0.5928042592309801
185,model.layers.5,60821504,929.76513671875,0.20510927302863574,4533.023412300542,0.5812452067754729
185,model.layers.6,60821504,976.083984375,0.2134540378589665,4572.806371645773,0.586346361640019
185,model.layers.7,60821504,985.021484375,0.22215671195264794,4433.903777730355,0.5685356292482703
185,model.layers.8,60821504,1046.13818359375,0.2286787978882362,4574.705627519682,0.5865898930036899
185,model.layers.9,60821504,1029.330078125,0.22418785797048507,4591.373000497262,0.5887270605785295
185,model.layers.10,60821504,935.8623046875,0.19689915182775522,4753.003230334786,0.6094520354613308
185,model.layers.11,60821504,793.261474609375,0.1665614674924554,4762.574961374585,0.6106793670414701
185,model.layers.12,60821504,684.9990234375,0.14508895657057025,4721.2347488647165,0.6053785339808604
185,model.layers.13,60821504,649.857666015625,0.1425974244611165,4557.288944533695,0.584356645437383
185,model.layers.14,60821504,624.541015625,0.13751619736609094,4541.581483396957,0.5823425621940521
185,model.layers.15,60821504,826.3974609375,0.2087101363494429,3959.5463612455533,0.5077113295365115
185,model.norm,2048,0.061279296875,0.0017451586606870133,35.113882912443216,0.7759145225368448
185,__whole_model__,1235814400,13900.304931640625,0.9996556738461101,13905.092818770394,0.3955462454262262
186,model.embed_tokens,262668288,318.0,0.22762920575076953,1397.0087843129284,0.08619762803889729
186,model.layers.0,60821504,966.7021484375,0.29953725007419596,3227.318632984866,0.41382170695818454
186,model.layers.1,60821504,888.412109375,0.5999235359580103,1480.8755718448451,0.18988470821262884
186,model.layers.2,60821504,851.80615234375,0.19942094331209287,4271.397668652471,0.547698345082267
186,model.layers.3,60821504,913.6123046875,0.20622114793372934,4430.255159771955,0.5680677865951924
186,model.layers.4,60821504,928.173828125,0.19942774406086924,4654.186068723233,0.5967812424144616
186,model.layers.5,60821504,926.13623046875,0.20595724475181393,4496.740241329108,0.5765928109469991
186,model.layers.6,60821504,950.07080078125,0.20782149593968138,4571.571369388087,0.5861880039442063
186,model.layers.7,60821504,948.38134765625,0.21582543265692955,4394.205705885331,0.5634453590512235
186,model.layers.8,60821504,988.3759765625,0.21590983913662246,4577.725501138833,0.5869771151524741
186,model.layers.9,60821504,965.201171875,0.20811128403011034,4637.90887828721,0.5946941058479404
186,model.layers.10,60821504,894.716796875,0.18742618320745133,4773.702273415498,0.6121061624051396
186,model.layers.11,60821504,773.50244140625,0.16054771506220775,4817.897539722315,0.61777308365538
186,model.layers.12,60821504,669.2392578125,0.13964937171436506,4792.282626099767,0.6144886210769003
186,model.layers.13,60821504,639.73681640625,0.13606305310873662,4701.7673188253075,0.6028823301518798
186,model.layers.14,60821504,612.289794921875,0.1330798393688308,4600.9207542317035,0.5899513176777886
186,model.layers.15,60821504,792.259033203125,0.19640747764357985,4033.7518851539626,0.5172263046789267
186,model.norm,2048,0.055908203125,0.001606608251604792,34.79890201556913,0.7689543622829734
186,__whole_model__,1235814400,14026.672119140625,1.000418551402959,14020.803692084688,0.3988377733642976
187,model.embed_tokens,262668288,336.0,0.23747898498217204,1414.8620351616548,0.08729920155312576
187,model.layers.0,60821504,865.23046875,0.2877752240589712,3006.6190429677017,0.38552258578296755
187,model.layers.1,60821504,805.11865234375,0.5814352094298164,1384.7091460685506,0.17755380476229066
187,model.layers.2,60821504,789.033203125,0.18231747475080226,4327.798002925817,0.5549302565407342
187,model.layers.3,60821504,853.52392578125,0.1862613685140746,4582.399091074833,0.5875763844484063
187,model.layers.4,60821504,912.71875,0.19459971976207088,4690.236713166616,0.6014038226171193
187,model.layers.5,60821504,962.2119140625,0.2110490002723932,4559.187263718892,0.5846000566944992
187,model.layers.6,60821504,999.71044921875,0.21788140383897642,4588.3238844815705,0.5883360888345465
187,model.layers.7,60821504,996.03466796875,0.2221728844740705,4483.151354525426,0.5748503810935326
187,model.layers.8,60821504,1053.27099609375,0.23051502409916802,4569.207582932342,0.5858849083229672
187,model.layers.9,60821504,1023.8994140625,0.22181119321036974,4616.085415903314,0.5918958006656941
187,model.layers.10,60821504,939.72802734375,0.19658857841861938,4780.176116552792,0.6129362684846179
187,model.layers.11,60821504,815.766357421875,0.16913179229255515,4823.258515529747,0.6184604927438161
187,model.layers.12,60821504,712.818359375,0.14730290735287307,4839.132995979504,0.6204959919751755
187,model.layers.13,60821504,685.736083984375,0.14291258130944842,4798.290519289912,0.6152589809012318
187,model.layers.14,60821504,662.864990234375,0.14279527959034924,4642.065144842326,0.5952270415496814
187,model.layers.15,60821504,859.083251953125,0.21006676999310978,4089.5723392200634,0.5243838612178825
187,model.norm,2048,0.06005859375,0.0017215111861110751,34.887135346284595,0.7709040618603351
187,__whole_model__,1235814400,14272.8095703125,1.0003440446542575,14267.900775323273,0.4058667320922003
188,model.embed_tokens,262668288,320.0,0.23120673876850892,1384.042704397096,0.08539760061869948
188,model.layers.0,60821504,875.6806640625,0.2666677326581436,3283.78936339135,0.42106264493410833
188,model.layers.1,60821504,818.4365234375,0.5972171781149532,1370.4169160384836,0.17572118899053737
188,model.layers.2,60821504,784.83642578125,0.18590343929871742,4221.7423665849565,0.541331312818676
188,model.layers.3,60821504,846.091796875,0.18618643485126948,4544.325678457079,0.5826944355642237
188,model.layers.4,60821504,881.15380859375,0.19118955893045259,4608.796701676998,0.5909612080500667
188,model.layers.5,60821504,921.12451171875,0.20425589832742502,4509.659301207424,0.5782493524971573
188,model.layers.6,60821504,969.70361328125,0.2132585160773216,4547.080375114598,0.5830476554977362
188,model.layers.7,60821504,985.8359375,0.22662519075930837,4350.072179517881,0.5577863543812784
188,model.layers.8,60821504,1051.5166015625,0.23102519906862898,4551.5234087089075,0.5836173617942505
188,model.layers.9,60821504,1029.33544921875,0.22784128752885424,4517.7740188480675,0.5792898590871215
188,model.layers.10,60821504,949.29296875,0.20132224644081204,4715.29096030174,0.6046163939480199
188,model.layers.11,60821504,814.829833984375,0.17140324951088706,4753.876232274227,0.6095639758037144
188,model.layers.12,60821504,693.365966796875,0.14651368170556975,4732.4315294338585,0.6068142369201991
188,model.layers.13,60821504,654.915771484375,0.14068968440410565,4655.037604628126,0.5968904302827117
188,model.layers.14,60821504,625.422607421875,0.13722804261838892,4557.542288649293,0.5843891303904624
188,model.layers.15,60821504,812.511474609375,0.2039681031019908,3983.5222382937613,0.5107856272722553
188,model.norm,2048,0.05859375,0.0016777827619244609,34.923323406178895,0.7717037125649991
188,__whole_model__,1235814400,14034.112548828125,1.0012319220400356,14016.844888678002,0.39872516068027564
189,model.embed_tokens,262668288,332.0,0.23476835461900505,1414.1599302801596,0.08725588058328006
189,model.layers.0,60821504,821.3310546875,0.2771324255260605,2963.677213622428,0.3800163860114461
189,model.layers.1,60821504,759.85107421875,0.5810867265957395,1307.6379814598251,0.16767138392857822
189,model.layers.2,60821504,743.4462890625,0.16975154107661194,4379.614372555058,0.5615743908723101
189,model.layers.3,60821504,806.765625,0.17697740643060422,4558.579771685976,0.5845221612591197
189,model.layers.4,60821504,868.69775390625,0.18595504553977762,4671.547100992358,0.5990073541887184
189,model.layers.5,60821504,925.8427734375,0.20438346814163996,4529.929851253336,0.5808485360841905
189,model.layers.6,60821504,976.9541015625,0.2152627874190327,4538.425397515416,0.5819378742796153
189,model.layers.7,60821504,991.837890625,0.22759377234311237,4357.930713190781,0.5587940118791996
189,model.layers.8,60821504,1057.6513671875,0.23323522248612247,4534.698301198612,0.5814599687688133
189,model.layers.9,60821504,1030.1572265625,0.22743881470288954,4529.381793992493,0.5807782616499049
189,model.layers.10,60821504,945.2265625,0.1983906529212647,4764.471251955262,0.6109225181815418
189,model.layers.11,60821504,818.013916015625,0.17103641224111046,4782.688699424241,0.613258443469793
189,model.layers.12,60821504,710.75439453125,0.15050714210138985,4722.396456458172,0.6055274934961673
189,model.layers.13,60821504,680.237548828125,0.14544954516980585,4676.793922139654,0.5996801258391798
189,model.layers.14,60821504,652.485595703125,0.14228594766028255,4585.734617033153,0.5880040809985912
189,model.layers.15,60821504,846.70751953125,0.2109564481441931,4013.66029329669,0.5146500679377178
189,model.norm,2048,0.06005859375,0.001736435885948662,34.58727974697918,0.7642781266214097
189,__whole_model__,1235814400,13968.020751953125,0.9937324063579472,14056.11879273038,0.39984235173348304
190,model.embed_tokens,262668288,350.0,0.23521894461992549,1487.9753863598935,0.09181040973021863
190,model.layers.0,60821504,783.0224609375,0.24099795199630283,3249.083465030908,0.4166124942876095
190,model.layers.1,60821504,737.65625,0.5801126451530824,1271.5741609206682,0.16304711422604046
190,model.layers.2,60821504,731.96435546875,0.1723382942967452,4247.253104457434,0.5446024175011375
190,model.layers.3,60821504,821.4521484375,0.1805981068921453,4548.509187463842,0.5832308644189886
190,model.layers.4,60821504,897.849609375,0.195620086304695,4589.761850817929,0.5885204715223229
190,model.layers.5,60821504,972.2138671875,0.2179808666868186,4460.088089218934,0.5718931026520374
190,model.layers.6,60821504,1037.15966796875,0.23151676249686606,4479.846974288912,0.5744266781917065
190,model.layers.7,60821504,1049.3642578125,0.2471667285693413,4245.572467971176,0.5443869185254826
190,model.layers.8,60821504,1096.529296875,0.2439046772601433,4495.728860933103,0.5764631270795366
190,model.layers.9,60821504,1049.72265625,0.23109010765385427,4542.482008024163,0.5824580316226297
190,model.layers.10,60821504,955.85595703125,0.20295336822202814,4709.731922189914,0.603903588395767
190,model.layers.11,60821504,812.58154296875,0.17263388164170398,4706.964445457101,0.6035487297419498
190,model.layers.12,60821504,697.180908203125,0.14666655822473676,4753.509706928805,0.6095169782303929
190,model.layers.13,60821504,669.239990234375,0.14300910261254987,4679.702046991555,0.6000530190446915
190,model.layers.14,60821504,653.1884765625,0.143439425604244,4553.7583116421365,0.5839039313747258
190,model.layers.15,60821504,850.270751953125,0.21201584427333584,4010.411367449198,0.5142334756538793
190,model.norm,2048,0.060546875,0.0017558882682671517,34.48219120442806,0.761955975963194
190,__whole_model__,1235814400,14165.312744140625,1.002050446981195,14136.326955210128,0.40212396451628835
191,model.embed_tokens,262668288,304.0,0.23343100380444204,1302.3120110243688,0.08035468894497773
191,model.layers.0,60821504,829.185546875,0.26689179014087855,3106.822980344638,0.39837119762607626
191,model.layers.1,60821504,774.2265625,0.6036605223780335,1282.55291475753,0.1644548607703728
191,model.layers.2,60821504,752.5126953125,0.17709792256702325,4249.133385670909,0.544843515846175
191,model.layers.3,60821504,818.453125,0.1821830209958446,4492.477512592504,0.5760462241724389
191,model.layers.4,60821504,871.728515625,0.19072442278897517,4570.618187632498,0.5860657825753253
191,model.layers.5,60821504,918.93798828125,0.2072816040857254,4433.282887473241,0.5684560158306776
191,model.layers.6,60821504,985.39794921875,0.22146688516329263,4449.414405644407,0.57052447362632
191,model.layers.7,60821504,991.1591796875,0.2313275397309316,4284.6570747277465,0.5493985273943703
191,model.layers.8,60821504,1039.70556640625,0.23197954054492917,4481.8847557157,0.5746879719418252
191,model.layers.9,60821504,990.591796875,0.22038954939255107,4494.731259287565,0.5763352099871238
191,model.layers.10,60821504,892.7158203125,0.19032222522132367,4690.549510307429,0.6014439309117946
191,model.layers.11,60821504,752.126953125,0.1585843629346943,4742.756090237781,0.6081380998111467
191,model.layers.12,60821504,639.728515625,0.1357082933461053,4713.997205708428,0.604450502756268
191,model.layers.13,60821504,608.468994140625,0.13309201338851476,4571.791940395525,0.5862162865779291
191,model.layers.14,60821504,597.037841796875,0.13362875314154518,4467.884551496693,0.5728928010688725
191,model.layers.15,60821504,792.2431640625,0.20224110833666525,3917.320126349755,0.5022968865917085
191,model.norm,2048,0.05810546875,0.0016711648555934626,34.769441539844756,0.7683033715904207
191,__whole_model__,1235814400,13558.2783203125,0.9976130677984455,13590.718443808286,0.38660350730177295
192,model.embed_tokens,262668288,318.0,0.22725922235549045,1399.2831476936421,0.08633795981842327
192,model.layers.0,60821504,872.4921875,0.29881903354029876,2919.8012494821073,0.3743904071603306
192,model.layers.1,60821504,787.927734375,0.6177304254843803,1275.5203594790771,0.16355311403862366
192,model.layers.2,60821504,752.00927734375,0.17414928147282419,4318.187654774219,0.5536979732960896
192,model.layers.3,60821504,813.71875,0.17785471575689035,4575.187936609296,0.5866517369036711
192,model.layers.4,60821504,842.32958984375,0.18120355442330605,4648.526859887089,0.5960555925090973
192,model.layers.5,60821504,884.68896484375,0.1959170904614168,4515.629355050969,0.5790148603856311
192,model.layers.6,60821504,933.69482421875,0.20537491828411647,4546.29431879833,0.5829468637248884
192,model.layers.7,60821504,948.32275390625,0.21888144197820678,4332.586377974753,0.5555442441142123
192,model.layers.8,60821504,1010.31640625,0.2233098659799296,4524.2802050707605,0.5801241123464511
192,model.layers.9,60821504,986.58544921875,0.21919581812914762,4500.931895687286,0.577130284236358
192,model.layers.10,60821504,904.4716796875,0.19183393807647398,4714.867915222255,0.6045621491532472
192,model.layers.11,60821504,783.453125,0.16594113751776451,4721.271269555621,0.6053832168325922
192,model.layers.12,60821504,677.93994140625,0.14309854520129134,4737.5739596277335,0.6074736230802741
192,model.layers.13,60821504,650.798095703125,0.13765890229326258,4727.613578645955,0.6061964570088159
192,model.layers.14,60821504,626.20263671875,0.13574280258691573,4613.155355458307,0.5915200947770809
192,model.layers.15,60821504,807.754150390625,0.2002824773335772,4033.074491311006,0.5171394461104822
192,model.norm,2048,0.058349609375,0.0017092926814854792,34.13669876845822,0.7543215995781022
192,__whole_model__,1235814400,13600.763916015625,1.0030039823340882,13560.029825968706,0.38573053451964384
193,model.embed_tokens,262668288,308.0,0.21842452085734318,1410.0980915103396,0.0870052587751952
193,model.layers.0,60821504,922.640625,0.2976991968114973,3099.237871253696,0.39739859989141296
193,model.layers.1,60821504,826.8818359375,0.6188637847380829,1336.1289775381751,0.17132463108848983
193,model.layers.2,60821504,767.03759765625,0.18563008360207553,4132.0759155639025,0.5298338661646106
193,model.layers.3,60821504,823.583984375,0.183535622564034,4487.324982852627,0.5753855430019104
193,model.layers.4,60821504,847.44970703125,0.18567315155111688,4564.201662715583,0.5852430261029027
193,model.layers.5,60821504,880.44140625,0.1980966326650227,4444.504656163481,0.569894922862361
193,model.layers.6,60821504,926.634765625,0.20586025184487527,4501.280637328958,0.5771750015010152
193,model.layers.7,60821504,929.88818359375,0.21466503264745962,4331.810226031959,0.5554447223258946
193,model.layers.8,60821504,981.56298828125,0.21555937047744486,4553.562139781607,0.583878777312356
193,model.layers.9,60821504,958.134765625,0.2092598602648323,4578.6839598020215,0.5871000131508296
193,model.layers.10,60821504,884.8359375,0.18437495010063734,4799.111468325986,0.615364246779835
193,model.layers.11,60821504,765.63427734375,0.15777968239765178,4852.5530392064275,0.6222167719250876
193,model.layers.12,60821504,657.423095703125,0.13646139089839268,4817.649090156448,0.6177412263040825
193,model.layers.13,60821504,621.034912109375,0.14400157718761092,4312.695209582783,0.5529937065957818
193,model.layers.14,60821504,587.28515625,0.12814409420041412,4583.0060286001235,0.5876542087822559
193,model.layers.15,60821504,762.4619140625,0.1921424343482282,3968.2120019394397,0.5088224780259043
193,model.norm,2048,0.05322265625,0.0015203626581933468,35.00655318201823,0.7735428481553939
193,__whole_model__,1235814400,13450.984375,0.9957363190480101,13508.580653018695,0.38426700403797814
194,model.embed_tokens,262668288,346.0,0.2360986273089473,1465.4892488944506,0.09042297986217308
194,model.layers.0,60821504,852.0283203125,0.26689329404210277,3192.3931373790583,0.4093433985382351
194,model.layers.1,60821504,780.62158203125,0.5848892056597057,1334.6486385413366,0.17113481518240375
194,model.layers.2,60821504,752.21337890625,0.18638487090626316,4035.8070655024026,0.5174898293991715
194,model.layers.3,60821504,823.5322265625,0.1813191242242046,4541.893912658581,0.5823826233175581
194,model.layers.4,60821504,877.8994140625,0.18697262637480383,4695.336590623003,0.6020577524685785
194,model.layers.5,60821504,931.51220703125,0.2050351655727999,4543.182650785368,0.5825478712747937
194,model.layers.6,60821504,980.83154296875,0.2135885002075847,4592.155205057805,0.5888273584614613
194,model.layers.7,60821504,995.64599609375,0.22882123422219136,4351.195812216238,0.5579304317576106
194,model.layers.8,60821504,1058.7060546875,0.23226521860838992,4558.177332924428,0.5844705587016444
194,model.layers.9,60821504,1029.46923828125,0.22560595702326783,4563.129679129332,0.5851055714143699
194,model.layers.10,60821504,942.97998046875,0.19739567541645947,4777.1055697105785,0.6125425487810371
194,model.layers.11,60821504,812.32958984375,0.17137150809681606,4740.167130844327,0.6078061314754223
194,model.layers.12,60821504,698.24267578125,0.14689008826331057,4753.5043653156645,0.609516293304075
194,model.layers.13,60821504,668.233154296875,0.1462065273319766,4570.474153863081,0.5860473138999018
194,model.layers.14,60821504,645.236083984375,0.1419044768678152,4546.974825786617,0.5830341214752114
194,model.layers.15,60821504,843.1123046875,0.21241424165142223,3969.1891566812697,0.5089477733218486
194,model.norm,2048,0.059326171875,0.0017053259494184657,34.788758064246224,0.7687302105089592
194,__whole_model__,1235814400,14038.653076171875,0.996521137914654,14087.662109756673,0.40073963741008034
195,model.embed_tokens,262668288,326.0,0.23176280911445937,1406.6104965055038,0.08679006870598958
195,model.layers.0,60821504,847.99609375,0.2680447599194239,3163.636155412676,0.40565604543877126
195,model.layers.1,60821504,758.734375,0.5963576157876489,1272.280851143134,0.16313772931162962
195,model.layers.2,60821504,743.0751953125,0.18206646082800615,4081.340362926401,0.5233283191816342
195,model.layers.3,60821504,809.95654296875,0.18560685105846408,4363.828912293882,0.5595503062208486
195,model.layers.4,60821504,873.3974609375,0.1894981373712703,4609.002880204116,0.5909876452134624
195,model.layers.5,60821504,923.19775390625,0.20646729254505078,4471.399525446918,0.5733435072697195
195,model.layers.6,60821504,972.765625,0.2155351684915315,4513.257079149106,0.5787106762083852
195,model.layers.7,60821504,985.720703125,0.22624022552929182,4356.964818342512,0.5586701603788341
195,model.layers.8,60821504,1044.70263671875,0.23233485024849032,4496.538662199853,0.576566963539649
195,model.layers.9,60821504,1015.1474609375,0.22877832966711,4437.253573861726,0.5689651555859793
195,model.layers.10,60821504,928.35546875,0.1968302408442513,4716.528642997461,0.6047750953419826
195,model.layers.11,60821504,794.0205078125,0.16932964683475346,4689.199574055534,0.6012708358481914
195,model.layers.12,60821504,689.557373046875,0.14803571437977422,4658.0473903606035,0.5972763589160553
195,model.layers.13,60821504,652.359130859375,0.1428228296662695,4567.611021177259,0.5856801897978116
195,model.layers.14,60821504,629.04443359375,0.1402085082236053,4486.492592807182,0.5752788101042223
195,model.layers.15,60821504,827.142333984375,0.20688842880306335,3998.011579331631,0.5126435175281812
195,model.norm,2048,0.0576171875,0.0016423985705280046,35.08112375029467,0.7751906404836815
195,__whole_model__,1235814400,13821.230712890625,1.001744174977018,13797.166041127928,0.392476144979302
196,model.embed_tokens,262668288,352.0,0.23125546552024434,1522.1261871935544,0.09391756758101062
196,model.layers.0,60821504,842.3837890625,0.27400760443375305,3074.308068213353,0.3942019853573394
196,model.layers.1,60821504,782.30859375,0.5828779392381731,1342.1482287912365,0.17209644729612852
196,model.layers.2,60821504,761.4541015625,0.17838107114644614,4268.693402661353,0.5473515916018155
196,model.layers.3,60821504,831.39306640625,0.1838629807664438,4521.807831791579,0.5798070932209851
196,model.layers.4,60821504,895.65380859375,0.1938459404787916,4620.441399915425,0.5924543450625661
196,model.layers.5,60821504,951.8310546875,0.21173070922251772,4495.479461541765,0.5764311479372286
196,model.layers.6,60821504,1024.78125,0.22540639129862677,4546.37175146614,0.582956792499333
196,model.layers.7,60821504,1043.84326171875,0.24075344749348968,4335.735469569868,0.5559480351889265
196,model.layers.8,60821504,1100.96337890625,0.24276749866697,4535.05261186778,0.5815054001199076
196,model.layers.9,60821504,1052.47216796875,0.23087690391541713,4558.585766354214,0.5845229299231797
196,model.layers.10,60821504,962.5419921875,0.2011510130374451,4785.17098995827,0.613576734231498
196,model.layers.11,60821504,820.20849609375,0.17112441780612703,4793.053537356624,0.6145874708802526
196,model.layers.12,60821504,706.435546875,0.14630650562446768,4828.4629850175215,0.6191278338688078
196,model.layers.13,60821504,668.986083984375,0.14329266556705506,4668.6694070277945,0.5986383629721872
196,model.layers.14,60821504,645.111328125,0.14020748613830658,4601.118997944482,0.5899767374026269
196,model.layers.15,60821504,835.021484375,0.20647580155703885,4044.161485646664,0.5185610717516959
196,model.norm,2048,0.05712890625,0.0016120563224410428,35.43852994136894,0.7830882761507649
196,__whole_model__,1235814400,14277.446533203125,1.0056463758199599,14197.28333586637,0.40385793837878575
197,model.embed_tokens,262668288,312.0,0.23442757334753653,1330.9014615676763,0.08211870278042435
197,model.layers.0,60821504,824.9189453125,0.27419918093315565,3008.4661176052127,0.3857594262274039
197,model.layers.1,60821504,767.607421875,0.5980122043900298,1283.5982547512667,0.16458889909436675
197,model.layers.2,60821504,755.06201171875,0.17532163643193033,4306.724640982388,0.5522281327028065
197,model.layers.3,60821504,830.21875,0.18346776491339503,4525.147784908702,0.5802353574419276
197,model.layers.4,60821504,877.71630859375,0.19026988108946719,4613.007080090817,0.5915010822243545
197,model.layers.5,60821504,923.32861328125,0.20486754458649267,4506.954067052976,0.5779024748743302
197,model.layers.6,60821504,967.3916015625,0.21377193454872856,4525.344281533769,0.5802605531471071
197,model.layers.7,60821504,975.015625,0.22161807671332057,4399.531118850269,0.5641282081076769
197,model.layers.8,60821504,1032.13623046875,0.22647081599742078,4557.480070546948,0.5843811524979007
197,model.layers.9,60821504,1003.0224609375,0.2206228386574926,4546.321981173712,0.5829504107224739
197,model.layers.10,60821504,918.91650390625,0.19421789962838468,4731.368765003118,0.6066779643543828
197,model.layers.11,60821504,784.95263671875,0.16645342035534974,4715.749517450646,0.6046751922644176
197,model.layers.12,60821504,670.679931640625,0.14358422166462742,4670.986295465986,0.5989354451129231
197,model.layers.13,60821504,642.726318359375,0.13880977389249194,4630.267021810481,0.5937142317012701
197,model.layers.14,60821504,621.34033203125,0.13835267530593628,4490.988921300535,0.5758553501189414
197,model.layers.15,60821504,830.977294921875,0.2139107233018053,3884.6920906786627,0.49811316910000975
197,model.norm,2048,0.057373046875,0.001657371412781153,34.616891803826356,0.7649324668152072
197,__whole_model__,1235814400,13738.068359375,0.9976582141601751,13770.315489197525,0.3917123503651908
198,model.embed_tokens,262668288,322.0,0.22575588347814823,1426.3194165266023,0.08800613991191443
198,model.layers.0,60821504,815.6083984375,0.25931834867149944,3145.2012656100183,0.4032922386898026
198,model.layers.1,60821504,767.10009765625,0.6048813899419171,1268.1826725234673,0.1626122419133675
198,model.layers.2,60821504,759.6181640625,0.17189873346908022,4418.986392352531,0.5666228531692951
198,model.layers.3,60821504,833.0732421875,0.18277894082550322,4557.818523430577,0.5844245504904624
198,model.layers.4,60821504,887.9658203125,0.18921135629813066,4692.983749418178,0.601756060297985
198,model.layers.5,60821504,927.6943359375,0.2043284961770335,4540.210265795382,0.5821667383374625
198,model.layers.6,60821504,966.07568359375,0.21055348843467012,4588.267289114523,0.5883288319150847
198,model.layers.7,60821504,975.20458984375,0.22331922260063927,4366.863624577915,0.5599394310518059
198,model.layers.8,60821504,1032.26123046875,0.22615046714225404,4564.488605807005,0.5852798192719065
198,model.layers.9,60821504,1024.03857421875,0.2274954679825747,4501.358129460353,0.5771849379001552
198,model.layers.10,60821504,952.47705078125,0.19926645364317885,4779.916706335454,0.6129030057079452
198,model.layers.11,60821504,841.7109375,0.17457062821197797,4821.606854034607,0.6182487090754015
198,model.layers.12,60821504,738.0107421875,0.1512707333194443,4878.741088859628,0.6255747246535946
198,model.layers.13,60821504,699.492919921875,0.14759994303968754,4739.113752461213,0.6076710624320011
198,model.layers.14,60821504,660.93505859375,0.14092068590666013,4690.120931085486,0.601388976503705
198,model.layers.15,60821504,837.268798828125,0.20510068696414022,4082.233030133697,0.5234427810955258
198,model.norm,2048,0.0576171875,0.001645476737647812,35.015498050955756,0.7737405037017234
198,__whole_model__,1235814400,14040.59326171875,0.9992408706143675,14051.259986079345,0.39970413742933436
199,model.embed_tokens,262668288,340.0,0.2352291121031893,1445.3993256193996,0.08918340015928344
199,model.layers.0,60821504,819.5283203125,0.27633888026785314,2965.664185648207,0.3802711647454025
199,model.layers.1,60821504,753.80224609375,0.5922798067458268,1272.7130614757555,0.16319314931750767
199,model.layers.2,60821504,754.43212890625,0.17394611783121677,4337.15991085406,0.5561306836320214
199,model.layers.3,60821504,832.5302734375,0.18502304530630315,4499.603128136051,0.5769599035213637
199,model.layers.4,60821504,884.91552734375,0.1895987526422566,4667.306693802191,0.5984636295859791
199,model.layers.5,60821504,935.3251953125,0.20770945522143058,4503.045825792514,0.5774013421218717
199,model.layers.6,60821504,983.33837890625,0.21557168094646875,4561.537835530608,0.5849014578730227
199,model.layers.7,60821504,1000.09521484375,0.2287916336573703,4371.205357716248,0.5604961481357957
199,model.layers.8,60821504,1065.6494140625,0.2334660243614118,4564.473211797385,0.585277845380865
199,model.layers.9,60821504,1038.4111328125,0.22752817034584477,4563.879414290134,0.5852017059208419
199,model.layers.10,60821504,951.10791015625,0.20019981161655728,4750.793232402771,0.6091686593151848
199,model.layers.11,60821504,810.822998046875,0.17163734236519748,4724.047732699477,0.6057392277655549
199,model.layers.12,60821504,697.57275390625,0.14846519395734697,4698.560890350218,0.60247118707749
199,model.layers.13,60821504,662.10888671875,0.1421749851432047,4656.999865706655,0.5971420404648349
199,model.layers.14,60821504,642.236572265625,0.14182822710277146,4528.27046762876,0.5806357622486598
199,model.layers.15,60821504,841.265625,0.2110666167398362,3985.7824889331328,0.5110754470527314
199,model.norm,2048,0.058837890625,0.001701056329640575,34.58903129764795,0.7643168307887684
199,__whole_model__,1235814400,14013.201416015625,1.0038064643508364,13960.062934121459,0.39710993313555293
200,model.embed_tokens,262668288,310.0,0.23108458273181087,1341.500139625393,0.08277265780145338
200,model.layers.0,60821504,858.6806640625,0.2632754731386293,3261.52927891751,0.41820835405007556
200,model.layers.1,60821504,791.79833984375,0.6181730543467036,1280.8684142348081,0.16423886633010892
200,model.layers.2,60821504,768.14306640625,0.18299718263560477,4197.567718492277,0.5382315277411878
200,model.layers.3,60821504,833.83056640625,0.19067261301824504,4373.1008518064555,0.5607391971461791
200,model.layers.4,60821504,870.78564453125,0.19041217147792405,4573.161672242191,0.5863919199241594
200,model.layers.5,60821504,909.3359375,0.20356756221334948,4466.998217264931,0.5727791511983655
200,model.layers.6,60821504,957.32763671875,0.21350816771068856,4483.7986620538295,0.5749333818557112
200,model.layers.7,60821504,956.46923828125,0.22013089324896268,4345.0023036953135,0.5571362714779302
200,model.layers.8,60821504,1017.45166015625,0.22538333861743495,4514.316215198452,0.578846483526374
200,model.layers.9,60821504,981.5302734375,0.2194981074925709,4471.702670469361,0.5733823779251798
200,model.layers.10,60821504,897.72119140625,0.19094884324120454,4701.370147983867,0.6028314030714611
200,model.layers.11,60821504,758.446533203125,0.16154181250453253,4695.047811116051,0.6020207238258904
200,model.layers.12,60821504,642.738525390625,0.13821819506114638,4650.173047812437,0.5962666743311026
200,model.layers.13,60821504,604.098388671875,0.13342967337282638,4527.466592711473,0.5805326856924583
200,model.layers.14,60821504,579.44677734375,0.1297502749752303,4465.861651964653,0.57263341554406
200,model.layers.15,60821504,771.02197265625,0.19727522630558342,3908.3568022977247,0.5011475677666875
200,model.norm,2048,0.056640625,0.0016341667875699394,34.66024730818725,0.7658904971631869
200,__whole_model__,1235814400,13508.883056640625,1.0003165732057322,13504.607859638343,0.38415399339317813
201,model.embed_tokens,262668288,328.0,0.23186732901559834,1414.6020545134004,0.08728316034030936
201,model.layers.0,60821504,913.658203125,0.31016421794030724,2945.7240722101556,0.3777143512670127
201,model.layers.1,60821504,826.25732421875,0.5900075667864425,1400.4181822939565,0.17956808997076823
201,model.layers.2,60821504,801.97021484375,0.19000261395903342,4220.837798666619,0.5412153249406275
201,model.layers.3,60821504,865.025390625,0.19348252568597638,4470.819199605358,0.5732690952089171
201,model.layers.4,60821504,879.3671875,0.19732648678095593,4456.407256042366,0.5714211292148355
201,model.layers.5,60821504,910.77734375,0.20296356138392388,4487.3933899257045,0.5753943144728955
201,model.layers.6,60821504,960.51708984375,0.21124258634412577,4546.986033767902,0.5830355586143583
201,model.layers.7,60821504,959.271484375,0.21810848042803568,4398.139322654669,0.5639497455686779
201,model.layers.8,60821504,1014.693359375,0.22371418134454887,4535.668473391235,0.5815843687300354
201,model.layers.9,60821504,983.52392578125,0.21604034059366004,4552.501273968612,0.5837427481960796
201,model.layers.10,60821504,903.72802734375,0.1909545978974069,4732.68534664607,0.6068467825359121
201,model.layers.11,60821504,770.8828125,0.16209207689221036,4755.832778998997,0.6098148532649954
201,model.layers.12,60821504,661.987548828125,0.13974688660732468,4737.046848766273,0.6074060344901
201,model.layers.13,60821504,628.97900390625,0.13612004429261546,4620.766964739904,0.5924960904886342
201,model.layers.14,60821504,607.415283203125,0.13411622145719748,4529.021744002671,0.5807320943765976
201,model.layers.15,60821504,807.14794921875,0.2071911558974578,3895.667967691731,0.4995205467647029
201,model.norm,2048,0.058349609375,0.0017161691937669528,33.99991655072419,0.7512991110248062
201,__whole_model__,1235814400,13823.260498046875,1.0011850492950665,13806.898642543474,0.39275299994160423
202,model.embed_tokens,262668288,352.0,0.24385263623524997,1443.4947492649533,0.08906588481792287
202,model.layers.0,60821504,795.8232421875,0.2510759703110546,3169.651166543598,0.40642731795835774
202,model.layers.1,60821504,736.6591796875,0.5851093822671395,1259.0110533403965,0.16143621452421614
202,model.layers.2,60821504,728.68115234375,0.16736936164308677,4353.7308453004325,0.5582554854127951
202,model.layers.3,60821504,820.44580078125,0.17729521974577128,4627.568650512467,0.5933682340656047
202,model.layers.4,60821504,877.8330078125,0.18687180482235902,4697.51447334161,0.602337010653673
202,model.layers.5,60821504,933.4423828125,0.20485146608336435,4556.679044867736,0.5842784412841702
202,model.layers.6,60821504,990.34130859375,0.21663659037911237,4571.440617952214,0.5861712383909612
202,model.layers.7,60821504,998.60400390625,0.22645220432713942,4409.778243817127,0.5654421418178036
202,model.layers.8,60821504,1067.26806640625,0.23455965619641067,4550.092218384577,0.5834338479580451
202,model.layers.9,60821504,1045.408203125,0.22947562040923342,4555.6395109017685,0.5841451474358836
202,model.layers.10,60821504,965.04638671875,0.2029269529297218,4755.634344211375,0.6097894090396577
202,model.layers.11,60821504,836.9013671875,0.17486155602609402,4786.0798348529615,0.6136932705232164
202,model.layers.12,60821504,724.813232421875,0.15259572664048235,4749.8920735149095,0.6090531085587755
202,model.layers.13,60821504,693.42431640625,0.14920750048884093,4647.382431408738,0.5959088486017675
202,model.layers.14,60821504,674.12451171875,0.14715289805977055,4581.116108531782,0.587411874498711
202,model.layers.15,60821504,892.66943359375,0.22387628228127418,3987.3336491813634,0.5112743439869009
202,model.norm,2048,0.06689453125,0.0018931990542762887,35.33412458605506,0.7807812219403076
202,__whole_model__,1235814400,14133.552490234375,0.9980777696264115,14160.772757742792,0.4028193532874567
203,model.embed_tokens,262668288,298.0,0.2246685945146812,1326.3981138250583,0.08184083917784228
203,model.layers.0,60821504,716.81640625,0.24480224747778612,2928.1447112328715,0.3754602443770074
203,model.layers.1,60821504,675.56201171875,0.5971742226267767,1131.2645223485547,0.1450559640671555
203,model.layers.2,60821504,704.67431640625,0.16779460006900612,4199.624517811957,0.5384952600534055
203,model.layers.3,60821504,791.6552734375,0.17911844024922907,4419.730723067791,0.5667182946927883
203,model.layers.4,60821504,863.404296875,0.18933818174705114,4560.117187712706,0.584719295845703
203,model.layers.5,60821504,934.263671875,0.21020454110705972,4444.545617114752,0.5699001750647933
203,model.layers.6,60821504,997.8408203125,0.2218923879312923,4496.958321172675,0.5766207741521798
203,model.layers.7,60821504,1016.3466796875,0.23214834547824695,4378.005268974596,0.5613680641763545
203,model.layers.8,60821504,1079.400390625,0.2383838598940334,4527.992755486113,0.5806001527145597
203,model.layers.9,60821504,1042.275390625,0.23202540663228008,4492.074405786196,0.5759945359551776
203,model.layers.10,60821504,947.5517578125,0.20124836402852228,4708.3699904174455,0.6037289552110906
203,model.layers.11,60821504,805.080078125,0.17000624383937588,4735.591234435191,0.6072193888948976
203,model.layers.12,60821504,691.491943359375,0.146872404837554,4708.11344121579,0.6036960592870678
203,model.layers.13,60821504,651.737060546875,0.13995364316155173,4656.806681299177,0.5971172694674988
203,model.layers.14,60821504,627.427734375,0.14083941383943144,4454.915831234,0.5712298918347734
203,model.layers.15,60821504,820.89111328125,0.21295478864999992,3854.7671009662936,0.4942760486505717
203,model.norm,2048,0.0634765625,0.0018601574001128522,34.12429641499639,0.7540475436957418
203,__whole_model__,1235814400,13664.482421875,0.9984171196558324,13686.145953291876,0.38931805179123197
204,model.embed_tokens,262668288,348.0,0.23976500333653836,1451.4211630441375,0.08955495695139305
204,model.layers.0,60821504,850.5625,0.26942688296818046,3156.932562295397,0.4047964797552987
204,model.layers.1,60821504,785.1123046875,0.5713692341054798,1374.0892190610343,0.1761920686519776
204,model.layers.2,60821504,754.453125,0.1702322629609434,4431.90445734188,0.5682792671501932
204,model.layers.3,60821504,826.77294921875,0.18053635378317134,4579.537206183553,0.5872094203442974
204,model.layers.4,60821504,875.9609375,0.1891075106503989,4632.079045868146,0.5939465777984072
204,model.layers.5,60821504,938.59521484375,0.20863441495506752,4498.755466809684,0.5768512124694748
204,model.layers.6,60821504,995.896484375,0.22185193586872828,4489.014172787208,0.5756021387402303
204,model.layers.7,60821504,1011.46435546875,0.23135456820970085,4371.922989443433,0.5605881661916753
204,model.layers.8,60821504,1086.02490234375,0.23886135982037782,4546.674703520208,0.5829956384114965
204,model.layers.9,60821504,1060.91455078125,0.23332654069380174,4546.909012693526,0.5830256826163257
204,model.layers.10,60821504,983.61328125,0.20660743291782094,4760.7836144077,0.6104496722564513
204,model.layers.11,60821504,854.47216796875,0.1793271134656324,4764.879952927517,0.6109749237086084
204,model.layers.12,60821504,752.5107421875,0.15591740391348538,4826.3421741234815,0.6188558936967599
204,model.layers.13,60821504,720.364501953125,0.14986206405954935,4806.850262431192,0.6163565507171295
204,model.layers.14,60821504,691.2529296875,0.14763061010663275,4682.314387160033,0.6003879853714206
204,model.layers.15,60821504,892.71630859375,0.21820234870567085,4091.2314367336103,0.5245965983669353
204,model.norm,2048,0.062255859375,0.001765635279632554,35.259750466673985,0.7791377705603346
204,__whole_model__,1235814400,14428.74951171875,1.0013323189012346,14409.55139403816,0.4098961457124634
205,model.embed_tokens,262668288,318.0,0.23597905096274244,1347.577247652409,0.08314762487621127
205,model.layers.0,60821504,791.94921875,0.24496802368553494,3232.8677303884524,0.41453323786689605
205,model.layers.1,60821504,740.28759765625,0.5991926314628716,1235.4751356820068,0.15841833041426878
205,model.layers.2,60821504,733.82763671875,0.1736963090965829,4224.773920272014,0.5417200326397348
205,model.layers.3,60821504,798.2568359375,0.17843400280440821,4473.681156009908,0.5736360684827879
205,model.layers.4,60821504,860.2626953125,0.18657684834352953,4610.768715143932,0.591214068728492
205,model.layers.5,60821504,929.7109375,0.20751279439579573,4480.258386992432,0.5744794314294858
205,model.layers.6,60821504,987.0283203125,0.21861156663088563,4514.986720620535,0.5789324588296663
205,model.layers.7,60821504,992.85986328125,0.2296025626302189,4324.254276204563,0.5544758635267336
205,model.layers.8,60821504,1052.82568359375,0.23346340428186418,4509.596212015552,0.5782412629094716
205,model.layers.9,60821504,1014.21630859375,0.22872119718255957,4434.290835685981,0.5685852596077432
205,model.layers.10,60821504,916.9150390625,0.19732226754071144,4646.789490564325,0.5958328189870117
205,model.layers.11,60821504,774.07275390625,0.16611945441393455,4659.73571028848,0.5974928430980956
205,model.layers.12,60821504,663.23974609375,0.1444532333099466,4591.380413553411,0.588728011114841
205,model.layers.13,60821504,627.978271484375,0.13751391245956535,4566.652640830258,0.5855573018415193
205,model.layers.14,60821504,617.1708984375,0.1386181978431643,4452.3079079110585,0.5708954918563871
205,model.layers.15,60821504,832.11474609375,0.21838893232742063,3810.242292160658,0.4885668719384806
205,model.norm,2048,0.060546875,0.0017689129025536094,34.228296324027205,0.756345638724444
205,__whole_model__,1235814400,13650.777099609375,0.9975751399183743,13683.958785025796,0.3892558352920659
206,model.embed_tokens,262668288,282.0,0.226823902602449,1243.2552158943201,0.07671079227306604
206,model.layers.0,60821504,1061.8046875,0.33573190538226405,3162.6564841701,0.4055304274654739
206,model.layers.1,60821504,926.5654296875,0.6319363446010722,1466.232220386724,0.18800707002901265
206,model.layers.2,60821504,767.7236328125,0.21208281230027493,3619.923861277017,0.46416336336361436
206,model.layers.3,60821504,803.83056640625,0.17982140849072364,4470.1605506983715,0.5731846402027738
206,model.layers.4,60821504,796.8896484375,0.17555033799895378,4539.379744414102,0.5820602450485279
206,model.layers.5,60821504,812.619140625,0.18219667136519532,4460.120673643838,0.5718972807775551
206,model.layers.6,60821504,851.16845703125,0.18899214941364498,4503.7238830926635,0.577488285761863
206,model.layers.7,60821504,861.9384765625,0.20048563242535086,4299.2530992635375,0.551270097101331
206,model.layers.8,60821504,911.60888671875,0.20068401903086522,4542.508621867616,0.5824614441726066
206,model.layers.9,60821504,898.18505859375,0.19925583814354875,4507.697575950952,0.5779978110206143
206,model.layers.10,60821504,832.582275390625,0.1741173394488796,4781.730975363708,0.6131356396655842
206,model.layers.11,60821504,727.210693359375,0.1509477832745456,4817.630822949653,0.6177388839984235
206,model.layers.12,60821504,632.3857421875,0.13045242004231733,4847.635191300867,0.6215861827437035
206,model.layers.13,60821504,592.77783203125,0.1246384619848868,4755.97839215256,0.6098335244563514
206,model.layers.14,60821504,563.6533203125,0.1231647873457602,4576.416136944706,0.5868092224255812
206,model.layers.15,60821504,731.056884765625,0.18444472556067823,3963.555382477573,0.5082253847625775
206,model.norm,2048,0.052734375,0.0015175955168951483,34.748636519360154,0.7678436412445648
206,__whole_model__,1235814400,13054.053466796875,0.9977839530880701,13083.046110729192,0.37216218800434697
207,model.embed_tokens,262668288,304.0,0.21495571686777262,1414.2447776208803,0.08726111579697209
207,model.layers.0,60821504,780.435546875,0.2601538892387061,2999.8995946545538,0.3846609870730216
207,model.layers.1,60821504,726.341796875,0.6368054346870026,1140.6023838851274,0.1462533078189963
207,model.layers.2,60821504,710.55029296875,0.16485684309902773,4310.104934751966,0.5526615695886006
207,model.layers.3,60821504,777.93212890625,0.17294158984518407,4498.236251919788,0.5767846363372581
207,model.layers.4,60821504,840.3212890625,0.18251608020790236,4604.094543917982,0.5903582756558695
207,model.layers.5,60821504,901.94287109375,0.2032634051077498,4437.310644361343,0.5689724734291346
207,model.layers.6,60821504,965.5224609375,0.21956253867791645,4397.482679656282,0.5638655477694035
207,model.layers.7,60821504,963.01611328125,0.2301855651838552,4183.651188171005,0.536447085922018
207,model.layers.8,60821504,1009.755859375,0.22592455472887282,4469.438306901993,0.5730920307660722
207,model.layers.9,60821504,968.64453125,0.21910800130647676,4420.854215611738,0.5668623540978746
207,model.layers.10,60821504,886.71923828125,0.18777397065119703,4722.269200603909,0.6055111761625475
207,model.layers.11,60821504,769.50732421875,0.1627622688664284,4727.799198045401,0.6062202579858678
207,model.layers.12,60821504,673.800537109375,0.140658253008995,4790.337734866406,0.614239238136582
207,model.layers.13,60821504,640.2255859375,0.13667395551050024,4684.327628816694,0.6006461325188277
207,model.layers.14,60821504,606.66552734375,0.13093255026757109,4633.420231286878,0.5941185507897488
207,model.layers.15,60821504,786.2578125,0.19543508015771782,4023.1150511232836,0.5158624006719847
207,model.norm,2048,0.05517578125,0.0016107772353700413,34.25413523262548,0.7569166033334536
207,__whole_model__,1235814400,13311.694091796875,1.0034545965723394,13265.865877009046,0.3773627050439802
208,model.embed_tokens,262668288,318.0,0.23080047882439894,1377.8134327093208,0.08501324480796622
208,model.layers.0,60821504,886.75,0.2846194050331879,3115.5640982968152,0.39949202415827
208,model.layers.1,60821504,815.07080078125,0.601203393579515,1355.732202255856,0.1738382471385582
208,model.layers.2,60821504,783.83642578125,0.1843255979771001,4252.455624088798,0.5452695086065307
208,model.layers.3,60821504,846.46875,0.1893677843413604,4469.972297263237,0.5731605014774952
208,model.layers.4,60821504,883.04541015625,0.19361761870337293,4560.769913760265,0.5848029913954441
208,model.layers.5,60821504,928.57373046875,0.20798368018242688,4464.647080262635,0.5724776775484947
208,model.layers.6,60821504,971.3369140625,0.2155849577699286,4505.587607365013,0.5777272610994081
208,model.layers.7,60821504,971.64111328125,0.22287143488428063,4359.64848427411,0.5590142724244712
208,model.layers.8,60821504,1014.634765625,0.223522059170156,4539.304842626785,0.5820506407952742
208,model.layers.9,60821504,986.5224609375,0.21605631380380663,4566.043192948888,0.585479155618214
208,model.layers.10,60821504,925.16845703125,0.19309876782626645,4791.167066708766,0.61434557889734
208,model.layers.11,60821504,806.0830078125,0.1664223829163769,4843.597319583729,0.6210684281751317
208,model.layers.12,60821504,708.4970703125,0.14647423181955307,4837.008267674844,0.6202235494946376
208,model.layers.13,60821504,669.98876953125,0.1419364345021741,4720.343806586092,0.6052642932452933
208,model.layers.14,60821504,638.2353515625,0.13782282106645127,4630.8394112378155,0.5937876261183702
208,model.layers.15,60821504,811.330078125,0.2040664503008825,3975.81315757072,0.5097971333221128
208,model.norm,2048,0.05712890625,0.0016514540253862434,34.59309515845508,0.7644066302742221
208,__whole_model__,1235814400,13965.240234375,1.0031549361024557,13921.319361328131,0.3960078279606698
209,model.embed_tokens,262668288,314.0,0.23134236520921891,1357.2957106927997,0.08374726925330614
209,model.layers.0,60821504,792.568359375,0.2553648405564248,3103.6706449017834,0.3979669906102167
209,model.layers.1,60821504,738.1484375,0.5945497011984249,1241.5252013618463,0.1591940977900871
209,model.layers.2,60821504,727.18212890625,0.16872086814644335,4309.9714747501375,0.5526444567305139
209,model.layers.3,60821504,816.22705078125,0.18098090805217498,4510.017435352573,0.5782952741120084
209,model.layers.4,60821504,882.16064453125,0.19233907604308478,4586.486857894868,0.5881005367976119
209,model.layers.5,60821504,931.150390625,0.21105496912160945,4411.885654719994,0.5657123637810686
209,model.layers.6,60821504,976.01904296875,0.21855568970682504,4465.768172304282,0.5726214291500843
209,model.layers.7,60821504,993.79736328125,0.2312008738909219,4298.415254909949,0.5511626648270512
209,model.layers.8,60821504,1043.01611328125,0.23300039220983082,4476.456470261867,0.5739919320995234
209,model.layers.9,60821504,1007.09326171875,0.22250651056531495,4526.129411494798,0.5803612261384058
209,model.layers.10,60821504,921.3505859375,0.19890049257744932,4632.218724037286,0.5939644879786379
209,model.layers.11,60821504,785.701171875,0.16629723918713432,4724.679590085379,0.6058202474390745
209,model.layers.12,60821504,672.93115234375,0.14445946397360437,4658.269758405776,0.5973048719742597
209,model.layers.13,60821504,642.7939453125,0.14146065516021722,4543.976871763224,0.5826497099582751
209,model.layers.14,60821504,620.989013671875,0.13847793111629023,4484.389741137772,0.5750091727469372
209,model.layers.15,60821504,830.338134765625,0.21591150505984497,3845.7336237616296,0.4931177344641771
209,model.norm,2048,0.06103515625,0.0017549965534157152,34.77793510831032,0.7684910547109978
209,__whole_model__,1235814400,13695.52783203125,0.9969407053379665,13737.555060898447,0.39078044256844724
210,model.embed_tokens,262668288,282.0,0.21799392828229033,1293.6140112802834,0.0798180087500913
210,model.layers.0,60821504,826.0302734375,0.26636305080769784,3101.144362676101,0.39764305903054387
210,model.layers.1,60821504,775.93359375,0.5996449222074196,1293.9884338445236,0.16592117586556246
210,model.layers.2,60821504,742.08935546875,0.1807578716983754,4105.433132710534,0.5264176054440816
210,model.layers.3,60821504,821.58154296875,0.18366635571923748,4473.22831528636,0.5735780031528627
210,model.layers.4,60821504,885.7255859375,0.1968510622089357,4499.4706962637565,0.5769429224947962
210,model.layers.5,60821504,951.53515625,0.2171938142297089,4381.041695983274,0.5617574088772287
210,model.layers.6,60821504,996.146484375,0.2251562859929454,4424.244608503674,0.5672970859398007
210,model.layers.7,60821504,998.59326171875,0.23655009555277026,4221.487458651147,0.5412986273456
210,model.layers.8,60821504,1041.52490234375,0.23423255764666354,4446.541987194092,0.5701561588606011
210,model.layers.9,60821504,986.84033203125,0.2208240381301003,4468.899040102894,0.5730228834854076
210,model.layers.10,60821504,902.4775390625,0.19357909344673244,4662.060984962907,0.5977910005607903
210,model.layers.11,60821504,762.76025390625,0.16130343694873459,4728.729085597043,0.6063394924642881
210,model.layers.12,60821504,656.177734375,0.13989635913628368,4690.456123563355,0.6014319564319754
210,model.layers.13,60821504,627.234619140625,0.13826890598982036,4536.338916189901,0.5816703360034635
210,model.layers.14,60821504,600.66552734375,0.1327481234406739,4524.851363433335,0.5801973489107396
210,model.layers.15,60821504,781.334228515625,0.1993510956381769,3919.3876813887696,0.5025619980519561
210,model.norm,2048,0.05615234375,0.0015821571878540917,35.49100189353526,0.7842477534382306
210,__whole_model__,1235814400,13638.70654296875,1.0001003513448206,13637.338017758895,0.38792965432429705
211,model.embed_tokens,262668288,302.0,0.2294493614981756,1316.194553901172,0.08121126356395356
211,model.layers.0,60821504,821.51171875,0.26547722185024686,3094.4715822489916,0.396787444292575
211,model.layers.1,60821504,787.54638671875,0.5972826630868225,1318.548880438993,0.16907042980953343
211,model.layers.2,60821504,773.57666015625,0.1762445021988468,4389.224347454917,0.562806626256892
211,model.layers.3,60821504,832.39697265625,0.18485240721457333,4503.035612027593,0.5774000324657407
211,model.layers.4,60821504,876.77587890625,0.19304614548428667,4541.794277770839,0.5823698476718884
211,model.layers.5,60821504,929.83056640625,0.2059573856654944,4514.674544939281,0.5788924302214071
211,model.layers.6,60821504,985.95654296875,0.21567320986854296,4571.52997152363,0.5861826957187467
211,model.layers.7,60821504,1001.78271484375,0.22508975349781146,4450.592260537929,0.5706755036230499
211,model.layers.8,60821504,1063.3251953125,0.23346832211674817,4554.473110835026,0.5839955862299704
211,model.layers.9,60821504,1042.04150390625,0.22868657345461735,4556.636133747669,0.5842729390220842
211,model.layers.10,60821504,959.17431640625,0.2021293486656468,4745.349068496098,0.6084705834642931
211,model.layers.11,60821504,825.52294921875,0.17293407398472105,4773.628066448525,0.6120966472449607
211,model.layers.12,60821504,709.62646484375,0.14868431854324857,4772.705499789054,0.6119783514851609
211,model.layers.13,60821504,662.677734375,0.14178357248862197,4673.868225659072,0.599304979518249
211,model.layers.14,60821504,631.10595703125,0.1391982665320641,4533.863623121167,0.5813529424890902
211,model.layers.15,60821504,813.958251953125,0.20991977603788742,3877.4729437888577,0.4971874967297058
211,model.norm,2048,0.0595703125,0.0017097067955812789,34.842414298146856,0.7699158569728363
211,__whole_model__,1235814400,14018.869384765625,1.0025928115427634,13982.615098939079,0.39775145521930355
212,model.embed_tokens,262668288,332.0,0.23174443612523485,1432.6126035689892,0.08839443940004232
212,model.layers.0,60821504,870.2451171875,0.29464717313824434,2953.5159218350727,0.37871345822818764
212,model.layers.1,60821504,786.73779296875,0.5889478735671413,1335.8360362244525,0.17128706879970793
212,model.layers.2,60821504,769.88720703125,0.17808678042131218,4323.101384672544,0.5543280344475588
212,model.layers.3,60821504,832.15283203125,0.18378617676732065,4527.831454292576,0.5805794699302316
212,model.layers.4,60821504,883.34033203125,0.19013585015975099,4645.837864290574,0.5957107970691988
212,model.layers.5,60821504,934.13916015625,0.20957094799398235,4457.388627087153,0.5715469651446263
212,model.layers.6,60821504,983.2607421875,0.21565130637653682,4559.493557950828,0.5846393311561516
212,model.layers.7,60821504,994.84375,0.2244028583265732,4433.293574862603,0.5684573862171227
212,model.layers.8,60821504,1050.02392578125,0.23134628552828312,4538.754202962467,0.5819800352332829
212,model.layers.9,60821504,1020.83642578125,0.22387368932441032,4559.876727193158,0.5846884628868381
212,model.layers.10,60821504,940.10400390625,0.19850658948091218,4735.883107782916,0.6072568142441449
212,model.layers.11,60821504,812.39111328125,0.17035399064728052,4768.841106653693,0.6114828411419032
212,model.layers.12,60821504,698.7470703125,0.1478492914012178,4726.076558705405,0.6059993732102326
212,model.layers.13,60821504,661.048828125,0.14136920007103124,4676.045615260288,0.599584174473553
212,model.layers.14,60821504,636.048828125,0.13949525613375321,4559.644863586851,0.5846587322639107
212,model.layers.15,60821504,825.317138671875,0.2061495914010807,4003.486657735614,0.5133455573787584
212,model.norm,2048,0.060546875,0.0017246128182912452,35.107517674599066,0.7757738693229865
212,__whole_model__,1235814400,14031.184814453125,1.0028350562535961,13991.518073641146,0.3980047105022725
213,model.embed_tokens,262668288,324.0,0.23031153408246538,1406.7901605135785,0.08680115425642701
213,model.layers.0,60821504,839.2412109375,0.2828405327834522,2967.1886227849745,0.3804666351187459
213,model.layers.1,60821504,771.7197265625,0.592860228118002,1301.6891502610597,0.16690859730567748
213,model.layers.2,60821504,761.31103515625,0.1781092991145387,4274.4036327191725,0.5480837836839668
213,model.layers.3,60821504,832.0224609375,0.18710289170003128,4446.87120213739,0.5701983723217695
213,model.layers.4,60821504,889.9677734375,0.19463731162100323,4572.441768875438,0.5862996105881585
213,model.layers.5,60821504,934.33544921875,0.2059732618394894,4536.197761177651,0.5816522364555857
213,model.layers.6,60821504,982.3369140625,0.21579612725137634,4552.152657115095,0.5836980469323364
213,model.layers.7,60821504,990.53466796875,0.22335750923182163,4434.749793617546,0.5686441093143452
213,model.layers.8,60821504,1039.8212890625,0.22729174408612865,4574.830877572377,0.5866059531441647
213,model.layers.9,60821504,1016.7685546875,0.22020213216397833,4617.432831805376,0.5920685725583963
213,model.layers.10,60821504,945.09912109375,0.1977920755424965,4778.245632447955,0.6126887328928874
213,model.layers.11,60821504,822.33447265625,0.17036083552634354,4827.015963590348,0.6189422900954481
213,model.layers.12,60821504,717.688720703125,0.1488396407010682,4821.892321982569,0.6182853130946949
213,model.layers.13,60821504,682.119384765625,0.14271086193366564,4779.72997656398,0.6128790623538611
213,model.layers.14,60821504,651.68359375,0.14076657214528188,4629.533729623057,0.5936202055888194
213,model.layers.15,60821504,832.149169921875,0.2084882453720287,3991.3481378145752,0.5117891002684097
213,model.norm,2048,0.05859375,0.0016774221713342884,34.93083077195301,0.7718696034789906
213,__whole_model__,1235814400,14033.192138671875,1.001059989017601,14018.332859795415,0.3987674877180356
214,model.embed_tokens,262668288,326.0,0.2305024170935001,1414.301872017952,0.08726463861061302
214,model.layers.0,60821504,870.4990234375,0.272034058502143,3199.963373081251,0.41031408913827044
214,model.layers.1,60821504,787.8193359375,0.586394399371318,1343.4973744328606,0.17226944098402963
214,model.layers.2,60821504,745.521484375,0.18075516867196043,4124.482247741382,0.5288601709898386
214,model.layers.3,60821504,815.45703125,0.17930214916306986,4547.949007060515,0.5831590354993587
214,model.layers.4,60821504,874.40283203125,0.19001412470624204,4601.778069830645,0.5900612466451146
214,model.layers.5,60821504,927.2041015625,0.20903614222037065,4435.616213128447,0.5687552056273274
214,model.layers.6,60821504,987.51953125,0.22041814159966852,4480.209859692806,0.5744732090349071
214,model.layers.7,60821504,999.1005859375,0.23550156412802947,4242.437155934739,0.5439848943294507
214,model.layers.8,60821504,1041.96240234375,0.23478967752459942,4437.854395172809,0.5690421956705832
214,model.layers.9,60821504,989.833984375,0.22592026973091733,4381.342079459905,0.5617959254345253
214,model.layers.10,60821504,904.470703125,0.19323587473317574,4680.656241362597,0.6001753702558049
214,model.layers.11,60821504,774.078125,0.1663868437564922,4652.2796365610875,0.5965367908739551
214,model.layers.12,60821504,671.49609375,0.1440566570323956,4661.333308595335,0.5976976945347092
214,model.layers.13,60821504,638.227294921875,0.14087476124959522,4530.4587511676,0.5809163540749814
214,model.layers.14,60821504,618.556640625,0.13627934527593571,4538.887674963207,0.5819971496299257
214,model.layers.15,60821504,815.65869140625,0.20908307234933746,3901.122564544306,0.5002199603761236
214,model.norm,2048,0.05859375,0.0016756688037192502,34.96738130467522,0.772677263777236
214,__whole_model__,1235814400,13787.866455078125,0.9968651165194592,13831.225736154025,0.3934450119019125
215,model.embed_tokens,262668288,340.0,0.22870667125394256,1486.6203864358806,0.09172680411459593
215,model.layers.0,60821504,792.859375,0.25666162048288593,3089.123233572304,0.3961016543131866
215,model.layers.1,60821504,752.79296875,0.5963658665486334,1262.3005624159243,0.16185801057706833
215,model.layers.2,60821504,762.1923828125,0.179153911355666,4254.399901430868,0.5455188128308712
215,model.layers.3,60821504,834.51123046875,0.18826491852659383,4432.643303913624,0.5683740054714654
215,model.layers.4,60821504,884.84375,0.19517025469052773,4533.701876871837,0.5813322026376521
215,model.layers.5,60821504,942.3330078125,0.21038837666463944,4479.016487277648,0.5743201893098542
215,model.layers.6,60821504,996.7119140625,0.2209103005328138,4511.8399262439525,0.5785289623149266
215,model.layers.7,60821504,1010.85400390625,0.23482557265448573,4304.7015385908835,0.5519687211664162
215,model.layers.8,60821504,1063.4013671875,0.23528004585383516,4519.726113314875,0.5795401656593149
215,model.layers.9,60821504,1022.1484375,0.22324969113895748,4578.498775453102,0.5870762679579662
215,model.layers.10,60821504,927.4130859375,0.19666446058655884,4715.712656834168,0.6046704658258583
215,model.layers.11,60821504,793.0771484375,0.1678667569100654,4724.444333325574,0.6057900817303276
215,model.layers.12,60821504,677.55810546875,0.1445548636930201,4687.2037934858245,0.6010149276420322
215,model.layers.13,60821504,641.296630859375,0.1392666492536099,4604.811232957499,0.5904501728359806
215,model.layers.14,60821504,623.48486328125,0.1372500926434941,4542.6917481268765,0.5824849254677044
215,model.layers.15,60821504,820.25927734375,0.20586524002498421,3984.4476767627293,0.510904291268738
215,model.norm,2048,0.056884765625,0.001617777844705543,35.162284989354504,0.7769840674370788
215,__whole_model__,1235814400,13885.79443359375,1.0006189984697396,13877.204465265488,0.3947529293611155
216,model.embed_tokens,262668288,306.0,0.22927451666461884,1334.6446192605638,0.0823496614673886
216,model.layers.0,60821504,884.1875,0.31507060953656263,2806.3153884792728,0.3598387257007354
216,model.layers.1,60821504,787.61767578125,0.5988103318617285,1315.3040852393292,0.1686543671764452
216,model.layers.2,60821504,764.06689453125,0.17897092381608667,4269.223615990367,0.5474195780047142
216,model.layers.3,60821504,820.09912109375,0.18396554478357752,4457.895211076285,0.5716119216843859
216,model.layers.4,60821504,872.28564453125,0.18817575598041905,4635.483673157222,0.5943831348405048
216,model.layers.5,60821504,911.14501953125,0.2033876525343419,4479.844317871773,0.5744263375736269
216,model.layers.6,60821504,963.76025390625,0.21372426142475326,4509.362893484907,0.5782113457294233
216,model.layers.7,60821504,956.8974609375,0.22018039596844197,4345.970297349499,0.5572603920968878
216,model.layers.8,60821504,1004.1943359375,0.22196963296080957,4524.016742933472,0.5800903300138802
216,model.layers.9,60821504,968.0791015625,0.2143921444558243,4515.459761922264,0.5789931143710628
216,model.layers.10,60821504,884.85009765625,0.18859577435750827,4691.7811423436215,0.6016018564622352
216,model.layers.11,60821504,752.442626953125,0.15915461344155282,4727.74625053171,0.6062134688110182
216,model.layers.12,60821504,650.3037109375,0.1381572241030893,4706.983041670412,0.6035511142343444
216,model.layers.13,60821504,620.29052734375,0.1339047363193084,4632.327013919874,0.5939783734077371
216,model.layers.14,60821504,606.04638671875,0.1329506001048694,4558.432878382722,0.5845033259210555
216,model.layers.15,60821504,796.18701171875,0.2007239724033946,3966.576598626966,0.5086127790567924
216,model.norm,2048,0.0576171875,0.0016463081701405108,34.997814227625696,0.7733497427206614
216,__whole_model__,1235814400,13548.510986328125,0.9991685483064461,13559.78529277403,0.3857235784936541
217,model.embed_tokens,262668288,306.0,0.22221519890422103,1377.0435213654841,0.08496574007329014
217,model.layers.0,60821504,787.9755859375,0.24096132942293694,3270.132962100487,0.4193115580611447
217,model.layers.1,60821504,752.7822265625,0.5999469020324214,1254.748085226081,0.16088959705553976
217,model.layers.2,60821504,752.37255859375,0.17662051899643905,4259.825318534587,0.5462144848800684
217,model.layers.3,60821504,820.572265625,0.18176879384566016,4514.373717645658,0.5788538567558451
217,model.layers.4,60821504,874.39501953125,0.18889579322871727,4628.980903097837,0.5935493196174189
217,model.layers.5,60821504,934.2724609375,0.20688345959898605,4515.935989993852,0.5790541785348153
217,model.layers.6,60821504,1011.39990234375,0.22464018527714597,4502.310666704413,0.5773070766267903
217,model.layers.7,60821504,1030.6015625,0.23742123300672013,4340.8146333349605,0.5565993090351803
217,model.layers.8,60821504,1084.5966796875,0.23913962166840433,4535.411874120228,0.5815514663858891
217,model.layers.9,60821504,1042.53466796875,0.22912822013687223,4550.005526800586,0.583422731962587
217,model.layers.10,60821504,953.16796875,0.20271993531898222,4701.895584418863,0.6028987769589371
217,model.layers.11,60821504,799.203125,0.1679773074344188,4757.804117749789,0.6100676274281994
217,model.layers.12,60821504,686.11767578125,0.14669134690368787,4677.28799457905,0.5997434780902227
217,model.layers.13,60821504,643.4130859375,0.13956806740771635,4610.03077486138,0.5911194466158076
217,model.layers.14,60821504,616.298095703125,0.13793297442928895,4468.09835177642,0.572920215528604
217,model.layers.15,60821504,812.834228515625,0.20953914295098133,3879.1522054940156,0.4974028194245757
217,model.norm,2048,0.0576171875,0.0016633760133372925,34.638702877769965,0.7654144280117849
217,__whole_model__,1235814400,13908.5947265625,0.9999295749543154,13909.574308968662,0.39567372653296473
218,model.embed_tokens,262668288,318.0,0.22606728133233156,1406.6608760270894,0.08679317720130557
218,model.layers.0,60821504,883.333984375,0.27865717091853126,3169.9668142875576,0.40646779177053977
218,model.layers.1,60821504,819.6845703125,0.5996332509901311,1366.976512658386,0.17528004457274554
218,model.layers.2,60821504,785.779296875,0.18453872093117157,4258.072738935242,0.5459897610260402
218,model.layers.3,60821504,850.74609375,0.18885936757392535,4504.653937364224,0.5776075416178813
218,model.layers.4,60821504,886.263671875,0.19141855571960723,4629.977843805344,0.5936771519613033
218,model.layers.5,60821504,923.69580078125,0.20453008802963987,4516.18541643316,0.5790861611453392
218,model.layers.6,60821504,970.900390625,0.21316387037636403,4554.713652509544,0.5840264295949007
218,model.layers.7,60821504,975.8359375,0.22409879946919756,4354.489804547698,0.5583528026742534
218,model.layers.8,60821504,1031.94580078125,0.22614820139988978,4563.139544747018,0.5851068364294537
218,model.layers.9,60821504,1016.3349609375,0.22143611704083038,4589.743419092284,0.5885181081212968
218,model.layers.10,60821504,936.294921875,0.1951362477203797,4798.159915510228,0.6152422342811454
218,model.layers.11,60821504,808.265380859375,0.16758398895680587,4823.046556480418,0.6184333143751536
218,model.layers.12,60821504,690.744873046875,0.14344425945196265,4815.423605558752,0.6174558643861064
218,model.layers.13,60821504,646.356201171875,0.13821698837713947,4676.387532104409,0.5996280166311342
218,model.layers.14,60821504,617.667724609375,0.13351755631847412,4626.116157609092,0.5931819887142856
218,model.layers.15,60821504,789.8251953125,0.195876371178315,4032.263772098815,0.5170354919471642
218,model.norm,2048,0.0556640625,0.001621618088006841,34.32624667403511,0.7585100561216374
218,__whole_model__,1235814400,13951.73046875,0.9971901632326822,13991.043015829002,0.39799119694027024
219,model.embed_tokens,262668288,328.0,0.21896207270588455,1497.9763204953672,0.09242748301589238
219,model.layers.0,60821504,797.7578125,0.25150712675376186,3171.9093720992055,0.4067168755087443
219,model.layers.1,60821504,740.65234375,0.6107768182621217,1212.6399064349243,0.1554902918099524
219,model.layers.2,60821504,730.07177734375,0.17285206109886941,4223.679906982175,0.5415797532008195
219,model.layers.3,60821504,793.63818359375,0.17816185384064911,4454.590960327529,0.5711882353860784
219,model.layers.4,60821504,846.59375,0.18580340733853223,4556.3951820189895,0.5842420430781146
219,model.layers.5,60821504,901.14013671875,0.2008503592112906,4486.624471359638,0.5752957201815635
219,model.layers.6,60821504,967.830078125,0.21548451644266703,4491.4135553795395,0.5759097986625745
219,model.layers.7,60821504,992.34423828125,0.23452461206428873,4231.301054275809,0.5425569719203466
219,model.layers.8,60821504,1057.14013671875,0.23633205123286258,4473.113702538507,0.5735633069767643
219,model.layers.9,60821504,1026.783203125,0.23048722426260723,4454.837817627268,0.571219888569656
219,model.layers.10,60821504,934.419921875,0.19709926553295637,4740.85948188761,0.6078949079252024
219,model.layers.11,60821504,807.835205078125,0.1709220868430302,4726.335958090759,0.6060326345979783
219,model.layers.12,60821504,706.19091796875,0.14998780181291088,4708.322339770176,0.6037228452249277
219,model.layers.13,60821504,671.98974609375,0.1461605236323587,4597.614522673872,0.5895273773909891
219,model.layers.14,60821504,641.0498046875,0.13978970783400718,4585.815469681877,0.5880144482987906
219,model.layers.15,60821504,827.20947265625,0.20284464736384963,4078.0443724130173,0.5229056920488727
219,model.norm,2048,0.05712890625,0.0016649406981656182,34.31287751746529,0.7582146367069729
219,__whole_model__,1235814400,13770.703857421875,1.0018762271229857,13744.915274580566,0.39098981225230633
220,model.embed_tokens,262668288,326.0,0.23304749284458393,1398.8564992518704,0.08631163494194419
220,model.layers.0,60821504,776.3310546875,0.2529045709210712,3069.6600376186343,0.3936059933982431
220,model.layers.1,60821504,720.46630859375,0.5844880439207689,1232.645074757789,0.1580554469262593
220,model.layers.2,60821504,735.61865234375,0.1696645459381491,4335.7240505150585,0.5559465709849571
220,model.layers.3,60821504,823.4462890625,0.18077359435100734,4555.124834568581,0.5840791532583784
220,model.layers.4,60821504,873.08544921875,0.18873161746659609,4626.068811036809,0.5931759177180225
220,model.layers.5,60821504,929.962890625,0.20569263650015496,4521.128740669817,0.57972001701961
220,model.layers.6,60821504,992.8994140625,0.21942905977071048,4524.92215525153,0.5802064261647624
220,model.layers.7,60821504,1019.60595703125,0.2359982995728821,4320.395354019788,0.5539810546940386
220,model.layers.8,60821504,1081.029296875,0.24153076635321277,4475.741592663648,0.5739002671907852
220,model.layers.9,60821504,1038.78857421875,0.22973097784511187,4521.760991759314,0.5798010871756235
220,model.layers.10,60821504,953.92431640625,0.2018110795210545,4726.818362352247,0.6060944907013369
220,model.layers.11,60821504,816.517333984375,0.17164589928680796,4756.987130930715,0.6099628696033673
220,model.layers.12,60821504,699.494140625,0.14678498671696866,4765.433824467124,0.6110459436765823
220,model.layers.13,60821504,663.791748046875,0.14188958417649572,4678.22745340622,0.5998639398418151
220,model.layers.14,60821504,643.55517578125,0.1402857486928669,4587.459394683138,0.5882252399582134
220,model.layers.15,60821504,834.52294921875,0.20761489290571228,4019.57170576268,0.5154080565578086
220,model.norm,2048,0.06005859375,0.0017245774187756137,34.82510735449579,0.7695334239347963
220,__whole_model__,1235814400,13929.099609375,0.9944373430476707,14007.015833381949,0.3984455619771881
221,model.embed_tokens,262668288,324.0,0.221843356575881,1460.4899826656588,0.09011451731297819
221,model.layers.0,60821504,885.072265625,0.2957914085648126,2992.217623626707,0.3836759692532575
221,model.layers.1,60821504,808.56982421875,0.610955814389835,1323.4505755973091,0.16969894781103212
221,model.layers.2,60821504,769.7880859375,0.18397011099823055,4184.310602198332,0.5365316390354267
221,model.layers.3,60821504,836.7001953125,0.1865696016504013,4484.654455554498,0.5750431156525637
221,model.layers.4,60821504,885.51611328125,0.190142967856845,4657.106824733787,0.5971557552454982
221,model.layers.5,60821504,918.26708984375,0.2044968027175419,4490.373823164818,0.5757764793939166
221,model.layers.6,60821504,951.068359375,0.2092746347479494,4544.594525373167,0.5827289083580125
221,model.layers.7,60821504,950.70654296875,0.21577235458166957,4406.062791556129,0.5649657293616385
221,model.layers.8,60821504,1009.51220703125,0.22302043498615987,4526.545771888114,0.5804146137918315
221,model.layers.9,60821504,987.08837890625,0.2193011430371452,4501.063538638543,0.5771471641038249
221,model.layers.10,60821504,920.1640625,0.1936524819251572,4751.625454796004,0.6092753707157316
221,model.layers.11,60821504,801.7646484375,0.16739746242161357,4789.586633148268,0.6141429284038143
221,model.layers.12,60821504,700.5625,0.1460161405093359,4797.842879261747,0.6152015824284982
221,model.layers.13,60821504,662.808837890625,0.1424322961310385,4653.5010380008,0.5966934046100446
221,model.layers.14,60821504,626.060546875,0.13477902580574946,4645.088826931506,0.5956147520380894
221,model.layers.15,60821504,793.76953125,0.19620990505184482,4045.5120297839253,0.5187342447611692
221,model.norm,2048,0.056884765625,0.0016391291705038515,34.70426043819,0.7668630591221304
221,__whole_model__,1235814400,13831.47607421875,1.0042820825171492,13772.501088092013,0.39177452222178966
222,model.embed_tokens,262668288,318.0,0.22429622713830513,1417.767940447413,0.08747850045643311
222,model.layers.0,60821504,779.9033203125,0.24003831887937493,3249.0784136195366,0.41661184657230343
222,model.layers.1,60821504,741.65478515625,0.5928143130321734,1251.074356424992,0.16041853457418753
222,model.layers.2,60821504,746.55517578125,0.17477302452437785,4271.569813550479,0.5477204182964858
222,model.layers.3,60821504,827.57470703125,0.18562601437770979,4458.290556986856,0.5716626147637366
222,model.layers.4,60821504,897.9130859375,0.1979090056998975,4536.999631533014,0.5817550559775949
222,model.layers.5,60821504,952.7265625,0.21327208370714446,4467.188325539319,0.5728035277597034
222,model.layers.6,60821504,996.771484375,0.2217906812411969,4494.199119624025,0.5762669765807117
222,model.layers.7,60821504,1016.28662109375,0.23478655760620948,4328.555397103671,0.5550273731217612
222,model.layers.8,60821504,1064.14892578125,0.2363926346944522,4501.616250255465,0.5772180353411526
222,model.layers.9,60821504,1032.22705078125,0.22798637776718683,4527.582134031406,0.5805475009343591
222,model.layers.10,60821504,944.478515625,0.19937990851538295,4737.079692019869,0.6074102458038286
222,model.layers.11,60821504,810.83056640625,0.17216076423953902,4709.729130140745,0.6039032303863219
222,model.layers.12,60821504,700.252197265625,0.1479511807447303,4732.994990244892,0.6068864864688623
222,model.layers.13,60821504,666.857666015625,0.14038552353913614,4750.188261610329,0.6090910871649082
222,model.layers.14,60821504,637.048828125,0.13844424419243564,4601.48294240034,0.5900234040423636
222,model.layers.15,60821504,828.259765625,0.2039763324792524,4060.56798628462,0.5206647890697872
222,model.norm,2048,0.0576171875,0.0016298549364388445,35.351113900903854,0.7811566363070981
222,__whole_model__,1235814400,13961.546875,0.9964696776992545,14011.010256966141,0.39855918791783884
223,model.embed_tokens,262668288,342.0,0.23880419645272377,1432.1356369786658,0.08836500981505951
223,model.layers.0,60821504,866.0302734375,0.26280538711782325,3295.329227970634,0.42254233969044813
223,model.layers.1,60821504,783.22802734375,0.5790299231809185,1352.655529512297,0.17344374194360207
223,model.layers.2,60821504,778.6982421875,0.17655827868195975,4410.431773579957,0.5655259404236301
223,model.layers.3,60821504,850.7158203125,0.18556884590742936,4584.367683877701,0.5878288065134799
223,model.layers.4,60821504,894.9619140625,0.19164214304869828,4669.964026832453,0.5988043651053357
223,model.layers.5,60821504,948.01513671875,0.20983155071982948,4517.981845278146,0.579316507552249
223,model.layers.6,60821504,1008.78759765625,0.2206632985230938,4571.614783283383,0.5861935706744553
223,model.layers.7,60821504,1027.4091796875,0.23294358618360114,4410.549337373548,0.5655410149964484
223,model.layers.8,60821504,1082.76806640625,0.2378577379083358,4552.166668731714,0.5836998435665599
223,model.layers.9,60821504,1048.470703125,0.2291693844037218,4575.090629374542,0.5866392597204225
223,model.layers.10,60821504,965.36376953125,0.20342054975209575,4745.655100763999,0.6085098243357066
223,model.layers.11,60821504,827.65087890625,0.17425805692515228,4749.570226539049,0.6090118398524356
223,model.layers.12,60821504,714.62158203125,0.14985496410579022,4768.754817669987,0.6114717767697139
223,model.layers.13,60821504,678.6123046875,0.14396184344339427,4713.83450264257,0.6044296402173938
223,model.layers.14,60821504,655.99169921875,0.14404364314435375,4554.117661140701,0.5839500088278073
223,model.layers.15,60821504,858.20556640625,0.21358004616825957,4018.191688797327,0.5152311044061381
223,model.norm,2048,0.060302734375,0.00172261830375819,35.00644004736229,0.7735403482090688
223,__whole_model__,1235814400,14331.591064453125,1.0005396465646603,14323.86124194124,0.4074585914743366
224,model.embed_tokens,262668288,334.0,0.2351521957402825,1420.3567138658211,0.08763823182727534
224,model.layers.0,60821504,772.2060546875,0.25027335589893596,3085.4505143541055,0.39563072128521737
224,model.layers.1,60821504,728.90576171875,0.5840315141045278,1248.0589559218429,0.16003188598900533
224,model.layers.2,60821504,725.60888671875,0.16490492621191183,4400.165012573991,0.5642094888898406
224,model.layers.3,60821504,802.62451171875,0.17800284352152987,4509.0544389065935,0.5781717942581766
224,model.layers.4,60821504,876.08203125,0.1896512650436996,4619.436791250153,0.5923255294977071
224,model.layers.5,60821504,947.20751953125,0.21096959860846756,4489.782062339443,0.5757006010866542
224,model.layers.6,60821504,1016.599609375,0.22608050949100847,4496.626496745539,0.5765782260909366
224,model.layers.7,60821504,1038.22314453125,0.23992542742696885,4327.274335469407,0.5548631094798661
224,model.layers.8,60821504,1103.34423828125,0.2451290538318907,4501.074927813014,0.5771486244763994
224,model.layers.9,60821504,1062.298828125,0.23419843277591748,4535.892130163886,0.5816130470348315
224,model.layers.10,60821504,973.2392578125,0.2076392791649953,4687.163535369144,0.6010097655602987
224,model.layers.11,60821504,827.52197265625,0.17460368198845894,4739.430252742024,0.6077116455603971
224,model.layers.12,60821504,711.0,0.1520075152318013,4677.400317449913,0.599757880647713
224,model.layers.13,60821504,670.23876953125,0.14704801847162807,4557.958526048197,0.5844425022729761
224,model.layers.14,60821504,644.422607421875,0.14351307824818757,4490.340638554406,0.5757722243098401
224,model.layers.15,60821504,841.666015625,0.21536337640793055,3908.1204504834577,0.5011172616449978
224,model.norm,2048,0.0615234375,0.0017661105325418478,34.835553249010594,0.7697642477737644
224,__whole_model__,1235814400,14075.250732421875,1.0036457202214992,14024.122704688605,0.39893218646826684
225,model.embed_tokens,262668288,312.0,0.2249515332235022,1386.9654299711315,0.08557793736011403
225,model.layers.0,60821504,827.3369140625,0.2589565355431838,3194.8871741239855,0.40966319545337504
225,model.layers.1,60821504,761.23046875,0.6019521644761608,1264.6029264010513,0.16215323032532206
225,model.layers.2,60821504,750.0,0.1792081635210096,4185.07720443256,0.5366299363159877
225,model.layers.3,60821504,833.66455078125,0.1873064047668547,4450.806430345692,0.5707029654653736
225,model.layers.4,60821504,880.3994140625,0.19506063996850545,4513.465218839893,0.5787373648412482
225,model.layers.5,60821504,925.2890625,0.20762053865334026,4456.635497150579,0.5714503953443193
225,model.layers.6,60821504,967.1513671875,0.21643270046090468,4468.600932889997,0.5729846588011647
225,model.layers.7,60821504,981.84130859375,0.2315348569568709,4240.576652251727,0.5437463319507511
225,model.layers.8,60821504,1032.892578125,0.22872026389175784,4515.964438611429,0.579057826348008
225,model.layers.9,60821504,1000.45654296875,0.22527055661852313,4441.133177750075,0.5694626163222666
225,model.layers.10,60821504,912.53369140625,0.1936291879870831,4712.789951208826,0.6042957030062055
225,model.layers.11,60821504,783.757568359375,0.16452175511075717,4763.853678996702,0.6108433301232972
225,model.layers.12,60821504,681.988037109375,0.14268741646879085,4779.59482333568,0.6128617323824526
225,model.layers.13,60821504,649.97802734375,0.13796049011263237,4711.334577117704,0.6041090882156808
225,model.layers.14,60821504,626.63427734375,0.1371549811084425,4568.804372101496,0.5858332067671991
225,model.layers.15,60821504,803.1943359375,0.19886349923456087,4038.9228743789063,0.5178893528099224
225,model.norm,2048,0.054931640625,0.0015383509454220353,35.70813330239798,0.7890457250512124
225,__whole_model__,1235814400,13730.403076171875,0.9970890550455079,13770.488209345762,0.39171726358706105
226,model.embed_tokens,262668288,322.0,0.23637164322110157,1362.261545471433,0.08405366902971252
226,model.layers.0,60821504,926.90625,0.29083815649990297,3187.0173472245524,0.40865408988576746
226,model.layers.1,60821504,831.01123046875,0.5892157936889187,1410.3682205563707,0.18084392985096107
226,model.layers.2,60821504,797.95556640625,0.18073998887876924,4414.936458480564,0.5661035519354982
226,model.layers.3,60821504,859.52587890625,0.1874083186414557,4586.380610727694,0.5880869132949215
226,model.layers.4,60821504,901.23095703125,0.19529476103842222,4614.72162509235,0.5917209291065122
226,model.layers.5,60821504,948.1513671875,0.20771268671550175,4564.725352987978,0.585310176089342
226,model.layers.6,60821504,992.4599609375,0.21669583725175892,4579.967818137882,0.5872646353987255
226,model.layers.7,60821504,999.78857421875,0.22620070548874713,4419.918019523979,0.5667423107098047
226,model.layers.8,60821504,1054.57861328125,0.23081570318667893,4568.920566155452,0.5858481057056726
226,model.layers.9,60821504,1028.7822265625,0.22256680559116673,4622.352483470835,0.5926993930262089
226,model.layers.10,60821504,944.73681640625,0.19826233068113064,4765.084790240308,0.6110011888953061
226,model.layers.11,60821504,811.20263671875,0.169610759873314,4782.730985490868,0.6132638655846387
226,model.layers.12,60821504,704.74853515625,0.14788105626978743,4765.644450568023,0.6110729511284382
226,model.layers.13,60821504,661.86474609375,0.14094244423350885,4695.993103377674,0.6021419335674019
226,model.layers.14,60821504,632.87060546875,0.1394013361609398,4539.917786283601,0.5821292352630595
226,model.layers.15,60821504,827.393798828125,0.20692543635199118,3998.511799297038,0.5127076580434137
226,model.norm,2048,0.06201171875,0.001786618285153799,34.708991431072135,0.7669676002830274
226,__whole_model__,1235814400,14245.269775390625,1.004841371814223,14176.635412285072,0.40327058461172527
227,model.embed_tokens,262668288,306.0,0.22000463903477835,1390.879762092778,0.08581945777718737
227,model.layers.0,60821504,794.83984375,0.2687370399091026,2957.6862349114435,0.37924819503978585
227,model.layers.1,60821504,742.41259765625,0.6084440694692195,1220.1821579161729,0.15645739414387705
227,model.layers.2,60821504,739.689453125,0.17241022599403646,4290.28759089142,0.5501204981926959
227,model.layers.3,60821504,819.39501953125,0.18557047791353767,4415.546205108274,0.5661817364654396
227,model.layers.4,60821504,870.83984375,0.19224221197021824,4529.909611552476,0.5808459408562286
227,model.layers.5,60821504,914.5732421875,0.20339836643043818,4496.4630652541755,0.5765572701499782
227,model.layers.6,60821504,963.89501953125,0.2162684732252651,4456.937274104014,0.5714890905796502
227,model.layers.7,60821504,969.95556640625,0.2259765014107045,4292.2850842946245,0.5503766260262799
227,model.layers.8,60821504,1021.390625,0.2281025092383195,4477.770228879244,0.5741603882996696
227,model.layers.9,60821504,993.90283203125,0.22176620384306972,4481.759685684901,0.5746719348845899
227,model.layers.10,60821504,917.096435546875,0.19349619701723808,4739.6096134394475,0.6077346440177576
227,model.layers.11,60821504,796.947265625,0.16934970241304353,4705.926578372411,0.6034156496288825
227,model.layers.12,60821504,680.431884765625,0.14235078826025988,4779.96569658323,0.6129092874638746
227,model.layers.13,60821504,646.16748046875,0.13840519724920908,4668.664857326682,0.5986377795884886
227,model.layers.14,60821504,618.457763671875,0.13702784483016156,4513.3729165661125,0.5787255294172211
227,model.layers.15,60821504,801.5498046875,0.20291080334389114,3950.256918203816,0.5065201942277964
227,model.norm,2048,0.05712890625,0.0016410212763524861,34.813019839073,0.7692663250559478
227,__whole_model__,1235814400,13597.601806640625,0.998927361594353,13612.202778125897,0.3872146537274438
228,model.embed_tokens,262668288,322.0,0.22664932527513215,1420.6969273308914,0.08765922353043802
228,model.layers.0,60821504,845.73046875,0.26101120067872524,3240.207571747072,0.41547438623966054
228,model.layers.1,60821504,781.67529296875,0.6142326628583156,1272.6045686519576,0.16317923786634886
228,model.layers.2,60821504,764.43701171875,0.18081113773203725,4227.820372723103,0.5421106628491574
228,model.layers.3,60821504,827.57568359375,0.1868794439585728,4428.393332426684,0.5678290544904021
228,model.layers.4,60821504,869.462890625,0.1879612388257062,4625.756331768172,0.5931358501823862
228,model.layers.5,60821504,916.1923828125,0.2045130081457046,4479.873388590333,0.574430065155482
228,model.layers.6,60821504,967.88916015625,0.21486767042528587,4504.5825565126415,0.5775983888352761
228,model.layers.7,60821504,980.3544921875,0.23127273563982334,4238.9540188354595,0.5435382703967341
228,model.layers.8,60821504,1034.51123046875,0.2323727679102768,4451.946928945619,0.5708492054655339
228,model.layers.9,60821504,987.33203125,0.2230973528117314,4425.565874298809,0.5674665047449661
228,model.layers.10,60821504,892.342529296875,0.18972325031497023,4703.39047963519,0.6030904593307431
228,model.layers.11,60821504,758.63671875,0.16147013134088392,4698.309913109699,0.6024390056160694
228,model.layers.12,60821504,650.049560546875,0.13908098484189535,4673.892418045782,0.599308081577854
228,model.layers.13,60821504,624.667724609375,0.13442816464559657,4646.851545256422,0.5958407759263561
228,model.layers.14,60821504,602.599853515625,0.13184224763547056,4570.612715749112,0.5860650809451545
228,model.layers.15,60821504,801.7001953125,0.2024286504823634,3960.408733655754,0.5078219069115422
228,model.norm,2048,0.060302734375,0.0017939309740943887,33.61485767613885,0.7427904316068265
228,__whole_model__,1235814400,13627.217529296875,1.001408891263443,13608.04527319893,0.38709638875175206
229,model.embed_tokens,262668288,326.0,0.22542098649081815,1446.1830066264865,0.08923175450372892
229,model.layers.0,60821504,847.9833984375,0.26713424653420126,3174.3717229791146,0.407032609515867
229,model.layers.1,60821504,778.1015625,0.5965750964386826,1304.2809985615536,0.1672409360704108
229,model.layers.2,60821504,772.18701171875,0.1797086296772859,4296.883311087591,0.5509662319117968
229,model.layers.3,60821504,839.42236328125,0.18500529838306073,4537.288232379124,0.5817920617115645
229,model.layers.4,60821504,888.15673828125,0.1913403837359927,4641.763128826528,0.5951883156606697
229,model.layers.5,60821504,934.82275390625,0.20755402528792305,4503.9972248644435,0.5775233349068172
229,model.layers.6,60821504,972.07861328125,0.2128685424848471,4566.56771326579,0.5855464120367951
229,model.layers.7,60821504,988.84375,0.22528151874572006,4389.369156890888,0.5628251943918648
229,model.layers.8,60821504,1039.01806640625,0.22933641851161218,4530.541085229516,0.580926911328825
229,model.layers.9,60821504,1015.89990234375,0.2228170109429378,4559.346245803093,0.5846204421119127
229,model.layers.10,60821504,932.72900390625,0.19891040223965226,4689.191683311135,0.6012698240604855
229,model.layers.11,60821504,804.6455078125,0.1692501164947204,4754.179934863443,0.6096029179529626
229,model.layers.12,60821504,693.1220703125,0.14486558030008362,4784.587676912098,0.6135019391375179
229,model.layers.13,60821504,668.48486328125,0.14315776125081658,4669.567737302381,0.5987535510307327
229,model.layers.14,60821504,637.423095703125,0.13888014744138705,4589.735159750913,0.5885170490703839
229,model.layers.15,60821504,827.575927734375,0.20408027671221385,4055.148988755002,0.5199699401680429
229,model.norm,2048,0.055908203125,0.001593348777668435,35.08849029702781,0.7753534197070856
229,__whole_model__,1235814400,13966.550537109375,0.9966075742964164,14014.09230405404,0.39864686026708057
230,model.embed_tokens,262668288,318.0,0.22767187507382777,1396.746962693048,0.0861814732352508
230,model.layers.0,60821504,851.0439453125,0.2669973802327536,3187.4617817246253,0.4087110773308779
230,model.layers.1,60821504,781.73583984375,0.5956683026143745,1312.3676992929275,0.16827785020281613
230,model.layers.2,60821504,756.43994140625,0.17194254182062318,4399.376288128834,0.5641083549971786
230,model.layers.3,60821504,819.962890625,0.18084531183679103,4534.056660340738,0.5813776946133128
230,model.layers.4,60821504,869.03076171875,0.1858072734512058,4677.054593059099,0.599713550268902
230,model.layers.5,60821504,914.24609375,0.2010399952137266,4547.583145224713,0.5831121230043061
230,model.layers.6,60821504,957.888671875,0.21079284555662534,4544.21813674735,0.5826806460693055
230,model.layers.7,60821504,968.025390625,0.22044034378545543,4391.325897981429,0.563076096775623
230,model.layers.8,60821504,1039.5810546875,0.2288074311256807,4543.4759245929945,0.5825854761974801
230,model.layers.9,60821504,1033.78564453125,0.22829374071621544,4528.3135721899425,0.5806412893146593
230,model.layers.10,60821504,976.7412109375,0.2032952950052507,4804.5441037495375,0.6160608443953535
230,model.layers.11,60821504,851.96875,0.17454501503194297,4881.083254334612,0.6258750479327808
230,model.layers.12,60821504,745.15087890625,0.15405246920612875,4836.994062777446,0.6202217280770593
230,model.layers.13,60821504,699.994140625,0.14886253996934706,4702.285348410277,0.6029487542988222
230,model.layers.14,60821504,652.310791015625,0.14137090821089188,4614.179814439134,0.5916514556411189
230,model.layers.15,60821504,834.7783203125,0.21253702837912772,3927.684162514054,0.5036258111957597
230,model.norm,2048,0.05859375,0.0016991638338375572,34.48387308695605,0.7619931406675907
230,__whole_model__,1235814400,14070.742919921875,0.9977473160202692,14102.511421475003,0.4011620430404419
231,model.embed_tokens,262668288,312.0,0.23346821687566266,1336.3703384352343,0.08245614104088035
231,model.layers.0,60821504,794.9482421875,0.2683417965256874,2962.446597883615,0.3798585907753513
231,model.layers.1,60821504,739.6494140625,0.5796845983879411,1275.9514676074007,0.1636083927147739
231,model.layers.2,60821504,744.18017578125,0.17182059553138224,4331.146528038479,0.5553596199025517
231,model.layers.3,60821504,821.7724609375,0.18013181251776542,4562.061800474323,0.5849686430790876
231,model.layers.4,60821504,876.90087890625,0.19031013195450502,4607.746681169237,0.5908265695689382
231,model.layers.5,60821504,927.64208984375,0.20593111296852276,4504.623300829453,0.5776036132598369
231,model.layers.6,60821504,984.52392578125,0.2176680794684734,4523.0514652647835,0.5799665576511323
231,model.layers.7,60821504,998.89990234375,0.2302811962863022,4337.739765351252,0.5562050352548711
231,model.layers.8,60821504,1055.767578125,0.2356104702196218,4480.987526322057,0.574572925043321
231,model.layers.9,60821504,1030.521484375,0.22725812954277516,4534.585787748607,0.5814455417743848
231,model.layers.10,60821504,946.7958984375,0.20004632096605016,4732.883333546437,0.6068721693310762
231,model.layers.11,60821504,816.39501953125,0.17345618695937273,4706.635340268766,0.60350653035407
231,model.layers.12,60821504,700.630859375,0.15032762684040896,4660.692609208851,0.5976155410990203
231,model.layers.13,60821504,654.987548828125,0.14410168105463386,4545.31511384518,0.5828213055413757
231,model.layers.14,60821504,631.30810546875,0.14215145242065239,4441.095006195173,0.5694577217891252
231,model.layers.15,60821504,827.9658203125,0.21416024173749623,3866.104247899416,0.49572975001366315
231,model.norm,2048,0.0595703125,0.0017457679125046908,34.122698712300874,0.7540122391204194
231,__whole_model__,1235814400,13864.948974609375,0.995115899270178,13932.999145906508,0.3963400727718031
232,model.embed_tokens,262668288,336.0,0.22784329814497223,1474.6977538317137,0.09099115902631981
232,model.layers.0,60821504,865.7041015625,0.28640873116234666,3022.6177045970994,0.38757400809896014
232,model.layers.1,60821504,796.1103515625,0.5844142859413106,1362.236294891752,0.17467223194851525
232,model.layers.2,60821504,765.6181640625,0.17670712631663135,4332.695460683531,0.5555582312031488
232,model.layers.3,60821504,829.07666015625,0.18422596291271173,4500.324748195647,0.5770524329796529
232,model.layers.4,60821504,871.9619140625,0.18835924882338645,4629.249264420714,0.5935837301462026
232,model.layers.5,60821504,926.009765625,0.2046325977602657,4525.230954209226,0.5802460217939248
232,model.layers.6,60821504,977.26220703125,0.21430136452379264,4560.223912726185,0.5847329806200546
232,model.layers.7,60821504,995.396484375,0.22799241724443783,4365.9192547083885,0.5598183395836709
232,model.layers.8,60821504,1056.76904296875,0.23290119268542753,4537.413616408979,0.5818081390312098
232,model.layers.9,60821504,1028.52978515625,0.2254359032751071,4562.4045248067705,0.5850125887765529
232,model.layers.10,60821504,941.23291015625,0.19834417677527225,4745.452704783387,0.6084838721879011
232,model.layers.11,60821504,805.76416015625,0.16949197172988953,4753.996026669358,0.6095793363945686
232,model.layers.12,60821504,699.5673828125,0.1470484298335348,4757.3944421197875,0.610015096926013
232,model.layers.13,60821504,666.92822265625,0.14407971376156636,4628.883589815646,0.59353684165874
232,model.layers.14,60821504,643.109375,0.1392482668454407,4618.437195443319,0.592197356704719
232,model.layers.15,60821504,839.012451171875,0.20711646533405986,4050.9210594079273,0.5194278155319989
232,model.norm,2048,0.058349609375,0.0016675043146917627,34.99217894724662,0.7732252194403509
232,__whole_model__,1235814400,14044.111328125,0.9968505772528,14088.481913537009,0.4007629576648621
233,model.embed_tokens,262668288,324.0,0.21737466747177336,1490.5140684899366,0.09196705039018561
233,model.layers.0,60821504,809.28515625,0.2659420834747741,3043.0879749303185,0.39019880074404
233,model.layers.1,60821504,764.72998046875,0.6055788319438338,1262.8083085633302,0.16192311613413157
233,model.layers.2,60821504,754.01025390625,0.17705528758303962,4258.614719724856,0.5460592563071086
233,model.layers.3,60821504,829.26953125,0.18855220011295667,4398.089922860653,0.5639434112988373
233,model.layers.4,60821504,853.2841796875,0.1940519878454254,4397.193706498871,0.5638284942959588
233,model.layers.5,60821504,908.18603515625,0.20357871856841178,4461.104979649716,0.5720234930416181
233,model.layers.6,60821504,965.765625,0.21319578468560635,4529.947092641567,0.5808507468546534
233,model.layers.7,60821504,982.8974609375,0.22750566026064845,4320.32090898932,0.5539715090082583
233,model.layers.8,60821504,1044.89208984375,0.23011919660007488,4540.655909118579,0.5822238807834593
233,model.layers.9,60821504,1013.4560546875,0.22313800719719729,4541.8351961522285,0.5823750944158137
233,model.layers.10,60821504,927.294921875,0.1965450061377018,4717.977526355088,0.6049608778606681
233,model.layers.11,60821504,800.63818359375,0.16807025110129906,4763.711473907363,0.610825095929683
233,model.layers.12,60821504,700.308349609375,0.1467044643774906,4773.599444168148,0.6120929771639215
233,model.layers.13,60821504,660.549560546875,0.1391825469007143,4745.922353454828,0.6085440927105666
233,model.layers.14,60821504,625.915771484375,0.1359187720621866,4605.072294193485,0.5904836473138929
233,model.layers.15,60821504,811.076416015625,0.20118667412077174,4031.4619224170797,0.5169326750760229
233,model.norm,2048,0.056884765625,0.0016286557247766954,34.927434177532795,0.7717945486368819
233,__whole_model__,1235814400,13775.616455078125,0.99869138931021,13793.666995159394,0.3923766106206706
234,model.embed_tokens,262668288,322.0,0.21661317620474269,1486.520837013376,0.09172066175945193
234,model.layers.0,60821504,815.5126953125,0.27682933629376727,2945.9041669163626,0.37773744384237073
234,model.layers.1,60821504,778.111328125,0.5945859412525728,1308.6608245156403,0.16780253759124472
234,model.layers.2,60821504,765.0625,0.17658017460654912,4332.663628318923,0.5555541495102773
234,model.layers.3,60821504,830.513671875,0.18524357411656917,4483.360223617681,0.5748771632536219
234,model.layers.4,60821504,879.578125,0.19117291356767183,4600.955797478312,0.5899558110847862
234,model.layers.5,60821504,929.24951171875,0.20582845564326271,4514.679512191961,0.5788930671454968
234,model.layers.6,60821504,983.830078125,0.2168767904015351,4536.354841398632,0.5816723780073094
234,model.layers.7,60821504,1004.166015625,0.23091831719064854,4348.576708169713,0.5575945981351859
234,model.layers.8,60821504,1064.0185546875,0.2357650025105687,4513.047073811572,0.5786837483536763
234,model.layers.9,60821504,1030.4052734375,0.22661356320660328,4546.970882312463,0.5830336158247346
234,model.layers.10,60821504,940.30810546875,0.19791758875862606,4751.008292726927,0.6091962353436351
234,model.layers.11,60821504,807.83203125,0.16942423735529577,4768.1019189474855,0.6113880590787939
234,model.layers.12,60821504,696.682373046875,0.1450026760568656,4804.617349087113,0.6160702362509678
234,model.layers.13,60821504,648.921142578125,0.13860245246058406,4681.887881909348,0.6003332968975088
234,model.layers.14,60821504,620.8583984375,0.1353640570067158,4586.5823776742845,0.5881127847850782
234,model.layers.15,60821504,801.1904296875,0.20017584432546662,4002.4331226740906,0.5132104682453076
234,model.norm,2048,0.05517578125,0.0016084916816225723,34.30280795381,0.7579921286837153
234,__whole_model__,1235814400,13918.29541015625,0.9976486183281233,13951.09977045903,0.3968549657088682
235,model.embed_tokens,262668288,330.0,0.2363247831754619,1396.3833820805323,0.0861590397425257
235,model.layers.0,60821504,839.8515625,0.2792323650667648,3007.7156790158992,0.38566320152407807
235,model.layers.1,60821504,779.86279296875,0.5887206270599866,1324.673804726885,0.16985579590196076
235,model.layers.2,60821504,783.8935546875,0.18077850583787455,4336.209944065529,0.5560088745010713
235,model.layers.3,60821504,862.58544921875,0.1933154476664722,4462.061669830812,0.5721461642770285
235,model.layers.4,60821504,892.96826171875,0.19371134585698266,4609.788124532621,0.5910883328694874
235,model.layers.5,60821504,931.13720703125,0.2088070849453059,4459.31806995509,0.5717943672241507
235,model.layers.6,60821504,974.20166015625,0.2149752789909058,4531.691572766663,0.5810744321566697
235,model.layers.7,60821504,972.08642578125,0.22189766997186686,4380.786990257696,0.5617247493322263
235,model.layers.8,60821504,1037.5771484375,0.22626622810037628,4585.647434654763,0.5879929020712077
235,model.layers.9,60821504,1024.896484375,0.22477053521850243,4559.745713016541,0.5846716636437608
235,model.layers.10,60821504,939.23486328125,0.19935539322040557,4711.359186770735,0.6041122437791013
235,model.layers.11,60821504,802.263671875,0.16943754021431437,4734.863778477016,0.6071261111307279
235,model.layers.12,60821504,687.8701171875,0.14631986417194023,4701.13966466771,0.6028018494357145
235,model.layers.13,60821504,648.301513671875,0.1406942969933947,4607.873435710841,0.5908428226219324
235,model.layers.14,60821504,621.6796875,0.1385556471028434,4486.859254740849,0.5753258251915199
235,model.layers.15,60821504,815.94873046875,0.2026530324534824,4026.333682699988,0.5162751084844481
235,model.norm,2048,0.05859375,0.0016778966628965242,34.92095269970358,0.7716513268579709
235,__whole_model__,1235814400,13944.417724609375,0.9993418980634662,13953.600616196514,0.39692610512194115
236,model.embed_tokens,262668288,332.0,0.241374635941099,1375.4552076507975,0.08486773863169221
236,model.layers.0,60821504,822.9638671875,0.249423916697029,3299.4585206002525,0.4230718166708287
236,model.layers.1,60821504,770.29296875,0.5849343335000959,1316.8879387550494,0.16885745619243145
236,model.layers.2,60821504,753.744140625,0.17778102098357787,4239.733445420056,0.5436382120747544
236,model.layers.3,60821504,829.0810546875,0.18438453316841197,4496.478313233785,0.576559225316377
236,model.layers.4,60821504,889.5908203125,0.1924814499292382,4621.69637977862,0.5926152643792638
236,model.layers.5,60821504,944.13720703125,0.208826140150562,4521.163903860573,0.5797245258064003
236,model.layers.6,60821504,1007.96923828125,0.22188882452447292,4542.676903361023,0.5824830220032363
236,model.layers.7,60821504,1025.6552734375,0.233241731717162,4397.391778420037,0.5638538919928826
236,model.layers.8,60821504,1084.71826171875,0.2396091772327012,4527.031369359048,0.5804768793432593
236,model.layers.9,60821504,1064.603515625,0.23154486413066644,4597.828242151025,0.5895547814898413
236,model.layers.10,60821504,987.05224609375,0.20633114087860363,4783.825853386276,0.613404254605029
236,model.layers.11,60821504,855.26953125,0.17622557990627236,4853.265523114665,0.6223081299038362
236,model.layers.12,60821504,734.6962890625,0.15267824079697645,4812.0562905847255,0.6170240917014465
236,model.layers.13,60821504,689.799072265625,0.14554740020949003,4739.3431368253905,0.607700475155047
236,model.layers.14,60821504,659.608642578125,0.14351609013783193,4596.060566760431,0.5893281219837092
236,model.layers.15,60821504,848.3876953125,0.21375087146235774,3969.0490593480645,0.5089298093944649
236,model.norm,2048,0.060302734375,0.00170502366010432,35.36768186038571,0.7815227399477244
236,__whole_model__,1235814400,14299.630126953125,1.0039707297386904,14243.07472656596,0.4051605267829148
237,model.embed_tokens,262668288,294.0,0.2220845076185198,1323.8203923031465,0.08168178972630794
237,model.layers.0,60821504,853.1337890625,0.27606866545674114,3090.2956250070424,0.39625198375998744
237,model.layers.1,60821504,770.80126953125,0.6307412752706562,1222.0561738257782,0.15669768912270365
237,model.layers.2,60821504,737.0166015625,0.1757947468812127,4192.483647196317,0.5375796246286509
237,model.layers.3,60821504,807.02294921875,0.17838019276163491,4524.173545978589,0.5801104360248341
237,model.layers.4,60821504,859.3388671875,0.18705729916420177,4593.987355891198,0.5890622853067781
237,model.layers.5,60821504,902.19140625,0.20327449719270033,4438.291171345218,0.5690982011295352
237,model.layers.6,60821504,933.75732421875,0.20817188906111223,4485.511124629466,0.5751529617195986
237,model.layers.7,60821504,925.2646484375,0.21526071066901908,4298.344298696337,0.5511535664934886
237,model.layers.8,60821504,974.7490234375,0.21373654161208414,4560.516494210881,0.5847704967698961
237,model.layers.9,60821504,955.2001953125,0.20938193213235345,4561.9991447433185,0.5849606090717572
237,model.layers.10,60821504,880.086181640625,0.18577651636033998,4737.338167831572,0.6074433887666935
237,model.layers.11,60821504,761.7607421875,0.15999043680639638,4761.289220738255,0.6105145034363109
237,model.layers.12,60821504,657.67822265625,0.13868420923196834,4742.271858479527,0.6080760093777088
237,model.layers.13,60821504,625.670654296875,0.13555650411256062,4615.570889740145,0.5918298257436827
237,model.layers.14,60821504,602.100341796875,0.13158423612929782,4575.778676142002,0.5867274842560687
237,model.layers.15,60821504,787.509033203125,0.19828976119708572,3971.5062868041778,0.5092448864525156
237,model.norm,2048,0.055908203125,0.001640028359334006,34.089778269263334,0.7532847932294346
237,__whole_model__,1235814400,13327.337158203125,0.9979758038362759,13354.36902074387,0.3798802780418009
238,model.embed_tokens,262668288,322.0,0.22641075741879643,1422.1939084121796,0.08775158960563748
238,model.layers.0,60821504,793.2724609375,0.26680889021859644,2973.1860144823963,0.3812356483931584
238,model.layers.1,60821504,733.53857421875,0.5934690299817562,1236.0182876624576,0.15848797587083777
238,model.layers.2,60821504,739.705078125,0.17806984587098143,4154.016501260664,0.5326471894392011
238,model.layers.3,60821504,826.14208984375,0.1865842879563387,4427.715210602673,0.5677421025768632
238,model.layers.4,60821504,867.7177734375,0.1922058613867476,4514.522955632029,0.5788729927400124
238,model.layers.5,60821504,912.8876953125,0.20361284277303285,4483.448503933986,0.574888482963678
238,model.layers.6,60821504,970.6318359375,0.2149068171343273,4516.52417955084,0.5791295989175442
238,model.layers.7,60821504,989.21630859375,0.22847058422929675,4329.731601688192,0.5551781915082459
238,model.layers.8,60821504,1049.82568359375,0.23400931398582397,4486.255977218699,0.5752484701601839
238,model.layers.9,60821504,1017.650390625,0.2277123635205079,4469.016854824178,0.573037990233334
238,model.layers.10,60821504,923.9091796875,0.19481653293821125,4742.457766561992,0.6080998473710314
238,model.layers.11,60821504,790.39453125,0.16724943851743007,4725.842659062967,0.605969381517345
238,model.layers.12,60821504,680.11962890625,0.14398720496147405,4723.472680008104,0.6056654918524341
238,model.layers.13,60821504,644.916748046875,0.13933244315691723,4628.6186722539915,0.5935028727049322
238,model.layers.14,60821504,621.8623046875,0.13693820996003706,4541.189087172816,0.5822922473371246
238,model.layers.15,60821504,822.211669921875,0.20678273173431572,3976.2105037779056,0.5098480828887377
238,model.norm,2048,0.05712890625,0.0016427363294237443,34.7766742761696,0.7684631939936029
238,__whole_model__,1235814400,13706.05908203125,0.9960726642920221,13760.099612585089,0.3914217480879927
239,model.embed_tokens,262668288,324.0,0.22508704766618745,1439.4431103850284,0.0888158923590054
239,model.layers.0,60821504,797.828125,0.25782078788981855,3094.5065816064343,0.396791932071901
239,model.layers.1,60821504,726.34130859375,0.6106742923906636,1189.4086874858838,0.15251147757637923
239,model.layers.2,60821504,716.861328125,0.16700078043300712,4292.562742918265,0.5504122286979257
239,model.layers.3,60821504,792.1962890625,0.17522332936587665,4521.066298245865,0.5797120103634955
239,model.layers.4,60821504,844.943359375,0.18308401185469492,4615.058140880108,0.5917640787156908
239,model.layers.5,60821504,900.44580078125,0.1996724975464963,4509.613551418465,0.5782434862478301
239,model.layers.6,60821504,953.71142578125,0.21102200190859502,4519.488096764212,0.5795096460774325
239,model.layers.7,60821504,976.345703125,0.22475843349101943,4343.97805661878,0.55700493778524
239,model.layers.8,60821504,1036.1416015625,0.2290744266109269,4523.165753994627,0.5799812122801442
239,model.layers.9,60821504,1012.08935546875,0.2244240771309718,4509.718245953192,0.5782569106648142
239,model.layers.10,60821504,936.3525390625,0.1983212867602461,4721.392011713156,0.6053986989499208
239,model.layers.11,60821504,814.0205078125,0.17051257096079447,4773.961844723259,0.6121394458375709
239,model.layers.12,60821504,714.74853515625,0.14850241137969275,4813.043293477385,0.6171506497727937
239,model.layers.13,60821504,695.750244140625,0.14610523302947995,4761.980318666902,0.6106031192059423
239,model.layers.14,60821504,668.12060546875,0.14502972948821582,4606.7837803078655,0.5907031019714064
239,model.layers.15,60821504,865.100341796875,0.2186719850932509,3956.155341197273,0.5072765172777013
239,model.norm,2048,0.06201171875,0.001809178556526929,34.27617386149192,0.7574035928309382
239,__whole_model__,1235814400,13775.05908203125,1.0002939428897124,13771.011191207444,0.3917321404033837
240,model.embed_tokens,262668288,322.0,0.23061749135951762,1396.2514209211608,0.08615089753249895
240,model.layers.0,60821504,814.59375,0.26549322251683327,3068.2280409186405,0.3934223761648242
240,model.layers.1,60821504,775.03369140625,0.5890344508697516,1315.7697147626207,0.16871407234536442
240,model.layers.2,60821504,793.52001953125,0.1902454665108941,4171.032477590263,0.5348290565465595
240,model.layers.3,60821504,859.90869140625,0.19539572103197725,4400.857331289883,0.5642982611944534
240,model.layers.4,60821504,875.33642578125,0.19005475250760562,4605.70658840126,0.5905649794479725
240,model.layers.5,60821504,925.0205078125,0.2051198381550604,4509.658920036932,0.5782493036217157
240,model.layers.6,60821504,983.828125,0.21649216626798398,4544.405194699619,0.5827046315042472
240,model.layers.7,60821504,990.4736328125,0.22706395020993053,4362.091084457766,0.5593274739060622
240,model.layers.8,60821504,1050.47216796875,0.23134058077263334,4540.803712259966,0.582242832785173
240,model.layers.9,60821504,1018.3466796875,0.22356303927526114,4555.076201275223,0.5840729172727939
240,model.layers.10,60821504,937.29541015625,0.19799537971913994,4733.925667789928,0.6070058222438858
240,model.layers.11,60821504,803.7099609375,0.169664571818866,4737.0523635042755,0.6074067416152876
240,model.layers.12,60821504,686.873046875,0.14577429429995445,4711.894166070503,0.6041808412967914
240,model.layers.13,60821504,648.292724609375,0.14035423865725558,4618.975036389908,0.5922663211559868
240,model.layers.14,60821504,631.860107421875,0.14018537955623073,4507.318162721992,0.5779491609033169
240,model.layers.15,60821504,834.35009765625,0.21306047555895577,3916.0247599530853,0.5021307887270826
240,model.norm,2048,0.059326171875,0.0017160324595906099,34.57170727944931,0.7639340204529668
240,__whole_model__,1235814400,13950.974365234375,0.9995566935701051,13957.161664743438,0.39702740321472446
241,model.embed_tokens,262668288,330.0,0.23425817757076017,1408.7021568342902,0.08691912742131694
241,model.layers.0,60821504,837.8408203125,0.28605040622653094,2928.997135032878,0.3755695460952713
241,model.layers.1,60821504,773.10400390625,0.6102394550153919,1266.886297751348,0.16244601475018228
241,model.layers.2,60821504,741.248046875,0.1722246812926648,4303.959463367405,0.5518735688525006
241,model.layers.3,60821504,809.94580078125,0.17855252359834725,4536.176719648151,0.5816495384134508
241,model.layers.4,60821504,857.5146484375,0.18445628111851578,4648.877464283987,0.5961005486248365
241,model.layers.5,60821504,893.5625,0.19760139892113454,4522.045415056162,0.5798375572449243
241,model.layers.6,60821504,942.18994140625,0.20704708207719844,4550.607195009637,0.5834998806403615
241,model.layers.7,60821504,962.0830078125,0.2189464326500552,4394.147902606886,0.5634379472477812
241,model.layers.8,60821504,1024.697265625,0.22576236101435587,4538.831278256525,0.5819899181836136
241,model.layers.9,60821504,999.64892578125,0.2208413784081656,4526.547212242396,0.5804147984807126
241,model.layers.10,60821504,917.5947265625,0.19320912618916572,4749.230766998596,0.6089683127816847
241,model.layers.11,60821504,797.078369140625,0.16673993849489172,4780.368616754914,0.612960951749982
241,model.layers.12,60821504,693.43115234375,0.14475955109001265,4790.227291548928,0.6142250765841113
241,model.layers.13,60821504,658.7275390625,0.13948395906071367,4722.604258571219,0.6055541388432525
241,model.layers.14,60821504,636.73486328125,0.13788737160703163,4617.7895470797375,0.5921143122390791
241,model.layers.15,60821504,840.08740234375,0.20988868559684304,4002.5378212020487,0.5132238931743223
241,model.norm,2048,0.05908203125,0.0017165085309936586,34.419887919693814,0.760579254865513
241,__whole_model__,1235814400,13715.548095703125,1.0014312261826768,13695.946099049635,0.38959682812948687
242,model.embed_tokens,262668288,300.0,0.22059307899486527,1359.9701376260452,0.0839122855800449
242,model.layers.0,60821504,750.2724609375,0.2445848323482659,3067.534702516558,0.39333347311133676
242,model.layers.1,60821504,719.412109375,0.6151325835354151,1169.5236582010473,0.14996172724263115
242,model.layers.2,60821504,737.88330078125,0.18503711537935422,3987.7583438786164,0.5113288003032859
242,model.layers.3,60821504,807.7685546875,0.19122832738736997,4224.105108921486,0.541634274558125
242,model.layers.4,60821504,842.841796875,0.1926109238653889,4375.877442257853,0.5610952244031031
242,model.layers.5,60821504,897.0751953125,0.20466151489029588,4383.213892427976,0.5620359379420096
242,model.layers.6,60821504,953.89208984375,0.21503590138303613,4435.966662816059,0.568800141905527
242,model.layers.7,60821504,959.70263671875,0.22258754601923603,4311.573822893993,0.5528499172131741
242,model.layers.8,60821504,1016.5791015625,0.22789325021781393,4460.768805530144,0.5719803872427128
242,model.layers.9,60821504,984.5810546875,0.22434384275860578,4388.7144063361275,0.5627412392504562
242,model.layers.10,60821504,906.54345703125,0.19625784315725772,4619.145112610117,0.5922881291147796
242,model.layers.11,60821504,766.025390625,0.16793010316105128,4561.572798477667,0.584905940983641
242,model.layers.12,60821504,655.99365234375,0.14283642265033256,4592.621686904329,0.5888871729192036
242,model.layers.13,60821504,616.920654296875,0.13729533157117962,4493.384059290011,0.5761624657786952
242,model.layers.14,60821504,596.4892578125,0.13479564489124202,4425.137461182585,0.5674115716357194
242,model.layers.15,60821504,791.699462890625,0.2027118666093866,3905.5407862045968,0.5007864851718146
242,model.norm,2048,0.05712890625,0.0016557436851970875,34.503472222634386,0.7624262244720765
242,__whole_model__,1235814400,13303.7373046875,0.9999746103118081,13304.075091005741,0.37844960977263314
243,model.embed_tokens,262668288,328.0,0.22638641288946634,1448.8502018014071,0.08939632461966275
243,model.layers.0,60821504,803.13671875,0.2639307205041438,3042.9830874401396,0.3901853515854163
243,model.layers.1,60821504,747.29052734375,0.6025323805389491,1240.2495724384448,0.15903053075548076
243,model.layers.2,60821504,738.18310546875,0.17192064020805423,4293.743349113978,0.5505636114793351
243,model.layers.3,60821504,818.76318359375,0.17980756580177654,4553.552460058166,0.5838775361334912
243,model.layers.4,60821504,869.90234375,0.1881108479029892,4624.413495805505,0.5929636655506749
243,model.layers.5,60821504,920.1923828125,0.2053954995103231,4480.1000265648545,0.5744591257237568
243,model.layers.6,60821504,971.2734375,0.2145565484292017,4526.887874599157,0.5804584797821282
243,model.layers.7,60821504,989.2646484375,0.22755902136732478,4347.2882001923945,0.5574293796887786
243,model.layers.8,60821504,1047.90478515625,0.23372496503941653,4483.4953124478,0.5748944849675982
243,model.layers.9,60821504,1023.48095703125,0.22717554069773024,4505.242747030802,0.5776830415139271
243,model.layers.10,60821504,964.798828125,0.20297021612204103,4753.400999213058,0.6095030392247952
243,model.layers.11,60821504,834.46337890625,0.173639432328229,4805.725103551777,0.6162122776468102
243,model.layers.12,60821504,728.1279296875,0.1489581425614152,4888.137816214336,0.6267796164526266
243,model.layers.13,60821504,700.173828125,0.14769147655699566,4740.78697327395,0.6078856105357326
243,model.layers.14,60821504,663.68212890625,0.14150854705982557,4690.049772227999,0.6013798521862085
243,model.layers.15,60821504,828.00927734375,0.20483603401813544,4042.302817044588,0.5183227446755531
243,model.norm,2048,0.05615234375,0.001584948542683098,35.4284964071716,0.7828665642735709
243,__whole_model__,1235814400,13976.70361328125,1.0023988836512028,13943.255365939352,0.3966318226636687
244,model.embed_tokens,262668288,288.0,0.22097462858770262,1303.3170452222107,0.08041670112766744
244,model.layers.0,60821504,920.8603515625,0.2859260920190071,3220.62371104378,0.4129632531329886
244,model.layers.1,60821504,862.15771484375,0.6103434901515787,1412.5778823816622,0.18112726289995
244,model.layers.2,60821504,778.95361328125,0.1868112254701082,4169.736648967548,0.5346628994131745
244,model.layers.3,60821504,832.845703125,0.18860646252540297,4415.785609747205,0.5662124340344132
244,model.layers.4,60821504,869.33203125,0.18883205500114755,4603.731242795176,0.5903116915072691
244,model.layers.5,60821504,909.07958984375,0.20206404954721113,4498.967490163799,0.5768783990835941
244,model.layers.6,60821504,960.02197265625,0.21092639564351717,4551.454879448875,0.5836085746558894
244,model.layers.7,60821504,978.533203125,0.22238874985024193,4400.102090523693,0.5642014207338198
244,model.layers.8,60821504,1036.5771484375,0.22776686018528405,4551.044640973072,0.5835559719830138
244,model.layers.9,60821504,1007.96044921875,0.219346330100177,4595.292060543741,0.5892295805657196
244,model.layers.10,60821504,918.66748046875,0.1938417243804365,4739.265931548154,0.6076905755376726
244,model.layers.11,60821504,786.764404296875,0.16508045299184396,4765.945271156642,0.6111115237342535
244,model.layers.12,60821504,680.743408203125,0.142486646586304,4777.594423845181,0.6126052319169281
244,model.layers.13,60821504,647.417724609375,0.13756858930056604,4706.144970309085,0.6034436528520835
244,model.layers.14,60821504,612.602783203125,0.13320904365916714,4598.807756405412,0.5896803793333879
244,model.layers.15,60821504,795.25390625,0.19599379445214365,4057.5463548371645,0.5202773415241361
244,model.norm,2048,0.053955078125,0.0015387378463680844,35.064503191593886,0.774823374553543
244,__whole_model__,1235814400,13885.825439453125,1.0021040468312346,13856.670356098914,0.39416881317506264
245,model.embed_tokens,262668288,336.0,0.22789920089796253,1474.3360164322714,0.0909688392627256
245,model.layers.0,60821504,836.3408203125,0.26255833154863545,3185.352433417558,0.40844060694469464
245,model.layers.1,60821504,763.0986328125,0.5957888935125655,1280.8205072664819,0.16423272347727583
245,model.layers.2,60821504,769.00537109375,0.1782580694645723,4314.000333357056,0.5531610555964479
245,model.layers.3,60821504,838.64501953125,0.18546617494168438,4521.821942976626,0.5798089026223326
245,model.layers.4,60821504,891.40478515625,0.19115813942559784,4663.179856399474,0.5979344674261364
245,model.layers.5,60821504,935.07763671875,0.2075897645630795,4504.449622970748,0.5775813434823146
245,model.layers.6,60821504,983.46044921875,0.2161460888512553,4549.980313988172,0.5834194990592835
245,model.layers.7,60821504,983.14599609375,0.2249646205299313,4370.224943717066,0.5603704349228144
245,model.layers.8,60821504,1045.517578125,0.23023741509337753,4541.041158323328,0.5822732792165376
245,model.layers.9,60821504,1021.91064453125,0.2261237959220868,4519.253006363644,0.5794795017000357
245,model.layers.10,60821504,948.35107421875,0.19901245933418785,4765.284934378152,0.6110268523014272
245,model.layers.11,60821504,816.83447265625,0.17300300745148914,4721.504467980386,0.6054131186121097
245,model.layers.12,60821504,704.746337890625,0.14862650673923525,4741.727120903813,0.608006160608789
245,model.layers.13,60821504,671.0439453125,0.14718275336431097,4559.256638252396,0.5846089522177305
245,model.layers.14,60821504,642.43017578125,0.1411005805096331,4552.994562183184,0.583805999890192
245,model.layers.15,60821504,840.026123046875,0.21001126382678365,3999.909851215051,0.5128869227200451
245,model.norm,2048,0.060302734375,0.0017454836344800474,34.54786580852891,0.7634071933979267
245,__whole_model__,1235814400,14027.099365234375,1.0002115365713782,14024.132748276252,0.39893247216958766
246,model.embed_tokens,262668288,318.0,0.2305851658480717,1379.099990367656,0.08509262742869778
246,model.layers.0,60821504,801.2578125,0.2583826787314844,3101.0507996655633,0.3976310619490246
246,model.layers.1,60821504,744.33154296875,0.6021018695777034,1236.2219427931727,0.1585140894726873
246,model.layers.2,60821504,738.0556640625,0.1696653354617351,4350.067514109002,0.5577857561609956
246,model.layers.3,60821504,824.29248046875,0.18064261583830205,4563.111958069716,0.5851032991382258
246,model.layers.4,60821504,874.27978515625,0.18795356515083872,4651.573299259381,0.5964462210414965
246,model.layers.5,60821504,925.7041015625,0.20634919239885421,4486.104795473094,0.5752290849382267
246,model.layers.6,60821504,970.6533203125,0.21439513421565323,4527.403683220491,0.5805246191468512
246,model.layers.7,60821504,984.5263671875,0.22420785328105122,4391.13239246516,0.563051284604234
246,model.layers.8,60821504,1048.69970703125,0.23065413737964774,4546.63297587041,0.5829902878994365
246,model.layers.9,60821504,1025.0244140625,0.2263344363772778,4528.804500407011,0.5807042383989873
246,model.layers.10,60821504,946.8642578125,0.2004859937085606,4722.844924463517,0.6055849981359606
246,model.layers.11,60821504,818.326171875,0.17074288624206696,4792.739480313318,0.6145472010350582
246,model.layers.12,60821504,700.375244140625,0.14812120738954027,4728.392756742292,0.6062963668245231
246,model.layers.13,60821504,665.614501953125,0.14628752552045798,4550.042798147135,0.5834275110668539
246,model.layers.14,60821504,630.897216796875,0.1397650291435494,4513.9847976484525,0.5788039876367973
246,model.layers.15,60821504,816.63916015625,0.20780774745570613,3929.7820709514945,0.5038948147090015
246,model.norm,2048,0.056396484375,0.0016113996207656755,34.99844709421152,0.773363727228612
246,__whole_model__,1235814400,13833.59814453125,0.9989264554941479,13848.465088141107,0.3939354049572445
247,model.embed_tokens,262668288,318.0,0.22367437051492842,1421.7096007375424,0.08772170706426513
247,model.layers.0,60821504,831.1025390625,0.29972609614989215,2772.8734659356055,0.355550647873668
247,model.layers.1,60821504,759.349609375,0.6039720096710207,1257.2596034518426,0.16121163552692552
247,model.layers.2,60821504,757.1240234375,0.1798912086203772,4208.7883518268645,0.5396702891923236
247,model.layers.3,60821504,834.4052734375,0.1886617922809852,4422.757058274792,0.5671063453762224
247,model.layers.4,60821504,863.595703125,0.192410523515527,4488.297663486738,0.5755102646070904
247,model.layers.5,60821504,911.08203125,0.20476767255853554,4449.345054647507,0.5705155811210607
247,model.layers.6,60821504,950.703125,0.21390333426688987,4444.545608689745,0.5699001739844999
247,model.layers.7,60821504,951.89306640625,0.21846762989459603,4357.135502708155,0.5586920463168447
247,model.layers.8,60821504,1013.82763671875,0.2245230112287004,4515.473185445831,0.5789948355972782
247,model.layers.9,60821504,990.28369140625,0.21814778365272436,4539.508377415884,0.5820767389663656
247,model.layers.10,60821504,914.59619140625,0.19352133164027396,4726.0742971030295,0.6059990832171263
247,model.layers.11,60821504,787.322265625,0.16598921079040457,4743.213500901307,0.6081967511198917
247,model.layers.12,60821504,682.362548828125,0.14316485456332737,4766.271379309016,0.6111533388283347
247,model.layers.13,60821504,652.169677734375,0.13971300386621402,4667.92395616143,0.5985427778177437
247,model.layers.14,60821504,626.603759765625,0.13614882893863794,4602.344101307212,0.5901338258163905
247,model.layers.15,60821504,819.81982421875,0.20334702468606353,4031.629307015559,0.516954137902641
247,model.norm,2048,0.0576171875,0.0016403724972451738,35.12445349867897,0.7761481016996079
247,__whole_model__,1235814400,13664.298583984375,1.003963984873369,13610.347372876993,0.3871618746061885
248,model.embed_tokens,262668288,290.0,0.21824174828021722,1328.8016719314714,0.0819891424741085
248,model.layers.0,60821504,1074.556640625,0.3353412721083294,3204.367401212317,0.4108787939740628
248,model.layers.1,60821504,984.64404296875,0.6404363393235897,1537.458108652458,0.1971399825219073
248,model.layers.2,60821504,855.3046875,0.20843140333085747,4103.530820364512,0.5261736821654339
248,model.layers.3,60821504,872.86083984375,0.20061545505226272,4350.915235400778,0.5578944549019262
248,model.layers.4,60821504,868.79833984375,0.19297788234023447,4502.061735302875,0.5772751574922967
248,model.layers.5,60821504,852.00439453125,0.193466491950578,4403.886099040338,0.5646866237898486
248,model.layers.6,60821504,852.23779296875,0.1905279717597783,4473.032411447016,0.5735528834574075
248,model.layers.7,60821504,834.62109375,0.19131687042684123,4362.506515436419,0.5593807423856454
248,model.layers.8,60821504,876.79150390625,0.19306651019103585,4541.396138764204,0.582318796448855
248,model.layers.9,60821504,856.798828125,0.18766326614325973,4565.618225310705,0.5854246643040818
248,model.layers.10,60821504,782.81640625,0.16396493509291674,4774.291563049065,0.6121817238447703
248,model.layers.11,60821504,671.326416015625,0.14089072752219073,4764.872946730216,0.6109740253416184
248,model.layers.12,60821504,573.178955078125,0.12057178133151432,4753.839984350559,0.609559327927458
248,model.layers.13,60821504,542.2080078125,0.11683862322996327,4640.657282868861,0.5950465189824126
248,model.layers.14,60821504,528.0791015625,0.11611757065158596,4547.796673657738,0.5831395026065975
248,model.layers.15,60821504,697.8017578125,0.17642099568847414,3955.3215029161547,0.5071695986805436
248,model.norm,2048,0.05126953125,0.0014951888144251826,34.28967014424215,0.7577018213638601
248,__whole_model__,1235814400,13014.080078125,0.9967600173185373,13056.38253140932,0.3714037120396728
249,model.embed_tokens,262668288,314.0,0.23088322563058267,1359.9948594897305,0.08391381095771917
249,model.layers.0,60821504,828.1943359375,0.2618843009027731,3162.4436175919327,0.40550313272927047
249,model.layers.1,60821504,751.037109375,0.6037833554000224,1243.8850833796473,0.15949669276625256
249,model.layers.2,60821504,732.1201171875,0.1693786410311386,4322.3874789083175,0.5542364941518657
249,model.layers.3,60821504,803.02685546875,0.1778654741745072,4514.79894676403,0.5789083815981755
249,model.layers.4,60821504,847.6435546875,0.18453433001073646,4593.419309231962,0.5889894477394694
249,model.layers.5,60821504,896.05859375,0.19848745736014656,4514.434340927356,0.5788616301531346
249,model.layers.6,60821504,957.76513671875,0.21128357571595044,4533.078983888313,0.5812523324212254
249,model.layers.7,60821504,979.45556640625,0.22844623484119017,4287.466445166591,0.5497587578527449
249,model.layers.8,60821504,1050.6572265625,0.23450252971714977,4480.366279330857,0.5744932658836355
249,model.layers.9,60821504,1018.400390625,0.22545036136321675,4517.182338795562,0.5792139911369295
249,model.layers.10,60821504,938.92041015625,0.19975362135939437,4700.392432270129,0.6027060358451067
249,model.layers.11,60821504,811.15185546875,0.17117411127442084,4738.753129369764,0.6076248216729552
249,model.layers.12,60821504,699.68505859375,0.14702141884761158,4759.068876344997,0.6102298006190984
249,model.layers.13,60821504,674.795654296875,0.14567712929192653,4632.13173939358,0.593953334405709
249,model.layers.14,60821504,647.458740234375,0.14260001253892643,4540.383473371954,0.5821889478132368
249,model.layers.15,60821504,843.197265625,0.2093921269767899,4026.8814200376514,0.5163453418967056
249,model.norm,2048,0.057861328125,0.0016416945906411846,35.244879562161145,0.7788091668908532
249,__whole_model__,1235814400,13793.625732421875,0.9995447444078078,13799.908217809772,0.39255414932669724
250,model.embed_tokens,262668288,310.0,0.22218857554351124,1395.2112490108325,0.08608671729796515
250,model.layers.0,60821504,821.37109375,0.2717782666569114,3022.210362342497,0.38752177679294875
250,model.layers.1,60821504,754.73046875,0.616463213825745,1224.2911690807537,0.15698427054109987
250,model.layers.2,60821504,746.0009765625,0.18141371346563714,4112.153168088946,0.5272792794302482
250,model.layers.3,60821504,803.5732421875,0.18406099724453323,4365.7985896920745,0.559802867357746
250,model.layers.4,60821504,849.00830078125,0.1843520785923775,4605.363320358864,0.5905209640335053
250,model.layers.5,60821504,896.2705078125,0.201012675708109,4458.7760680026795,0.5717248692294907
250,model.layers.6,60821504,941.76806640625,0.2101754284646988,4480.866642146182,0.5745574247157446
250,model.layers.7,60821504,954.451171875,0.22408439244659767,4259.33801749472,0.5461520008891604
250,model.layers.8,60821504,1016.8857421875,0.22759869950824865,4467.889071354935,0.5728933806259803
250,model.layers.9,60821504,988.8310546875,0.22298291127818998,4434.559801104444,0.5686197475964543
250,model.layers.10,60821504,907.47509765625,0.19346031781911174,4690.755747154063,0.6014703755531879
250,model.layers.11,60821504,777.76953125,0.1653262392236378,4704.453055379228,0.6032267077022785
250,model.layers.12,60821504,661.5517578125,0.14072578843340838,4700.998766303214,0.6027837827963974
250,model.layers.13,60821504,625.794921875,0.13636531262135596,4589.106348567086,0.5884364199949693
250,model.layers.14,60821504,596.7021484375,0.13269809846776578,4496.689517992206,0.5765863069663741
250,model.layers.15,60821504,789.20263671875,0.20224214077900876,3902.266034560604,0.5003665813850205
250,model.norm,2048,0.056640625,0.0016376104962218256,34.58736074950489,0.7642799165412606
250,__whole_model__,1235814400,13441.443359375,1.0010102812307125,13427.877426842353,0.38197130860293976
251,model.embed_tokens,262668288,300.0,0.21560459662391587,1391.4360115582183,0.08585377923962717
251,model.layers.0,60821504,812.2021484375,0.25865675780564296,3140.0770477754,0.40263518780258173
251,model.layers.1,60821504,770.478515625,0.6118706652206332,1259.217935128782,0.16146274186302095
251,model.layers.2,60821504,752.26904296875,0.17744261381647583,4239.50609602044,0.5436090602842668
251,model.layers.3,60821504,831.51611328125,0.18567073990425903,4478.444550336906,0.5742468529126756
251,model.layers.4,60821504,873.45751953125,0.1918944437412047,4551.760345438788,0.5836477429165229
251,model.layers.5,60821504,922.6376953125,0.20582364579851337,4482.6613178142625,0.574787546322211
251,model.layers.6,60821504,979.337890625,0.21631816831622402,4527.30299192141,0.5805117080432383
251,model.layers.7,60821504,1000.89599609375,0.23073755004497684,4337.811491448397,0.5562142323064577
251,model.layers.8,60821504,1049.32958984375,0.23278484857520837,4507.722887749421,0.5780010566163671
251,model.layers.9,60821504,1004.708984375,0.22542664074332988,4456.922132459751,0.5714871490480609
251,model.layers.10,60821504,913.0966796875,0.19569690109589405,4665.87194060917,0.598279658902288
251,model.layers.11,60821504,773.07666015625,0.16440176268398013,4702.362356310558,0.6029586286076114
251,model.layers.12,60821504,657.7978515625,0.14096048479458093,4666.540786384897,0.5983654213980558
251,model.layers.13,60821504,623.7880859375,0.13553504682665377,4602.411704887746,0.590142494259849
251,model.layers.14,60821504,597.1103515625,0.132953319594177,4491.127813770299,0.5758731595531678
251,model.layers.15,60821504,790.8828125,0.20027361722118386,3949.0114747692523,0.506360497716041
251,model.norm,2048,0.054931640625,0.0016287942102119538,33.725341286577745,0.7452317975490552
251,__whole_model__,1235814400,13652.640869140625,0.9996567579787297,13657.328638227564,0.3884983103536512
252,model.embed_tokens,262668288,308.0,0.22164828544397158,1389.5889128267427,0.08573981035754519
252,model.layers.0,60821504,787.58984375,0.27797833343292083,2833.277809905476,0.3632959719559642
252,model.layers.1,60821504,738.21923828125,0.595892005917465,1238.8473598410685,0.15885073257731702
252,model.layers.2,60821504,735.31591796875,0.17326458673868178,4243.890409514299,0.544171237218185
252,model.layers.3,60821504,804.892578125,0.17760387912020206,4531.953818307368,0.5811080584916053
252,model.layers.4,60821504,868.95947265625,0.18678407559195634,4652.213899404125,0.5965283617519506
252,model.layers.5,60821504,920.818359375,0.20336787739883885,4527.84565169611,0.5805812903869118
252,model.layers.6,60821504,979.40283203125,0.2172514615343679,4508.15301823097,0.5780562099341308
252,model.layers.7,60821504,996.04833984375,0.22826226328646076,4363.613702514401,0.5595227110285459
252,model.layers.8,60821504,1045.8994140625,0.22925574638119728,4562.151355296544,0.5849801262121812
252,model.layers.9,60821504,1028.46826171875,0.22485188833060354,4573.980985236716,0.5864969760219559
252,model.layers.10,60821504,943.22607421875,0.1977917120113483,4768.7846200786835,0.6114755981722592
252,model.layers.11,60821504,811.6455078125,0.16769563635816817,4839.99181755075,0.6206061140452287
252,model.layers.12,60821504,687.927734375,0.1433919778897369,4797.532919895915,0.6151618380064429
252,model.layers.13,60821504,650.29296875,0.1430984539489706,4544.374525401208,0.5827006989450975
252,model.layers.14,60821504,613.612060546875,0.13379894878326187,4586.075347578794,0.5880477710435
252,model.layers.15,60821504,806.077880859375,0.20551465220983725,3922.2404446196997,0.5029277925346283
252,model.norm,2048,0.0576171875,0.001657629857330419,34.75877756738249,0.7680677288640939
252,__whole_model__,1235814400,13726.4541015625,0.9950573646893024,13794.635956338518,0.3924041738280048
253,model.embed_tokens,262668288,318.0,0.2270546779503279,1400.5437054662575,0.08641573820552115
253,model.layers.0,60821504,905.677734375,0.2768806942417521,3271.0035521083605,0.41942318913451837
253,model.layers.1,60821504,822.5634765625,0.607431648692117,1354.1663137467256,0.17363746167872426
253,model.layers.2,60821504,783.35009765625,0.18377249220254976,4262.608012046002,0.5465712946995469
253,model.layers.3,60821504,843.27099609375,0.18514586563853358,4554.630443328915,0.5840157601292921
253,model.layers.4,60821504,883.0966796875,0.1923529302119628,4591.022755485835,0.5886821505448562
253,model.layers.5,60821504,923.3916015625,0.20337828036794017,4540.266541205647,0.5821739542305874
253,model.layers.6,60821504,966.3896484375,0.21158004914154882,4567.489479081164,0.5856646051086646
253,model.layers.7,60821504,977.03125,0.22384660636470183,4364.7355922303905,0.5596665649116255
253,model.layers.8,60821504,1024.4541015625,0.22495309126348753,4554.07878953109,0.5839450245304166
253,model.layers.9,60821504,994.64794921875,0.22036196476785522,4513.700675461766,0.5787675561772327
253,model.layers.10,60821504,918.41796875,0.19302195411830714,4758.101082051437,0.6101057055630812
253,model.layers.11,60821504,785.4453125,0.16466188822326683,4770.049226175557,0.611637751809117
253,model.layers.12,60821504,675.426513671875,0.14217532534374835,4750.65917407851,0.6091514697374312
253,model.layers.13,60821504,640.103759765625,0.13597667980252387,4707.452488877023,0.6036113089242585
253,model.layers.14,60821504,619.3046875,0.136334610232714,4542.534624501354,0.5824647783504497
253,model.layers.15,60821504,802.31494140625,0.20329813465643734,3946.4943579640712,0.5060377413689338
253,model.norm,2048,0.05712890625,0.001637051481131519,34.89744025063457,0.7711317702273772
253,__whole_model__,1235814400,13882.94384765625,1.0003173436405166,13878.53958138044,0.3947909082637637
254,model.embed_tokens,262668288,326.0,0.22777960509701847,1431.2080305045151,0.08830777504408086
254,model.layers.0,60821504,839.8642578125,0.2805978296300469,2993.1245687816463,0.383792261951567
254,model.layers.1,60821504,777.15283203125,0.5966266317486405,1302.5781798467644,0.1670225927869208
254,model.layers.2,60821504,772.7275390625,0.17937430446673627,4307.905423576413,0.5523795381028223
254,model.layers.3,60821504,852.1748046875,0.19199184735246105,4438.5989115624625,0.5691376610021052
254,model.layers.4,60821504,899.03564453125,0.1965685817576132,4573.648731107202,0.5864543728622883
254,model.layers.5,60821504,930.20849609375,0.20799084332476994,4472.353115282408,0.5734657809644911
254,model.layers.6,60821504,971.26220703125,0.214577444012802,4526.3947079792,0.5803952436794392
254,model.layers.7,60821504,977.77734375,0.22423289582415398,4360.543711288393,0.5591290625686421
254,model.layers.8,60821504,1034.26025390625,0.22860249607219632,4524.273670133567,0.5801232744066094
254,model.layers.9,60821504,997.216796875,0.22114439072127207,4509.347009085484,0.5782093089583354
254,model.layers.10,60821504,913.9140625,0.19319254558404778,4730.58657484486,0.6065776683181785
254,model.layers.11,60821504,787.882568359375,0.16628027502066245,4738.280401938658,0.6075642063775
254,model.layers.12,60821504,686.929931640625,0.14356869593540153,4784.6776566787785,0.6135134767589536
254,model.layers.13,60821504,657.7890625,0.14060967759679063,4678.120835937496,0.5998502688573489
254,model.layers.14,60821504,637.416748046875,0.13832441342055657,4608.1290517307025,0.5908755988890738
254,model.layers.15,60821504,840.14013671875,0.20525084504045105,4093.2359452803926,0.5248536257146423
254,model.norm,2048,0.0576171875,0.0016638397517511783,34.62904852426946,0.7652010949234043
254,__whole_model__,1235814400,13901.810302734375,1.000812226804244,13890.528043532315,0.39513193376099776
255,model.embed_tokens,262668288,316.0,0.21994344392101378,1436.732981745444,0.08864867318111933
255,model.layers.0,60821504,851.177734375,0.26067049591515756,3265.3397592493143,0.41869695144455704
255,model.layers.1,60821504,787.671875,0.5964032192685378,1320.703593729834,0.16934671710354526
255,model.layers.2,60821504,747.15087890625,0.17435057565681272,4285.336461273996,0.5494856414764384
255,model.layers.3,60821504,814.5927734375,0.17913539821759814,4547.357928933752,0.5830832447308665
255,model.layers.4,60821504,881.3974609375,0.19054827934284044,4625.586040331868,0.5931140146275913
255,model.layers.5,60821504,934.13134765625,0.2077199993357669,4497.069856746354,0.5766350757587875
255,model.layers.6,60821504,998.26513671875,0.21886260200711585,4561.149906672011,0.5848517158423467
255,model.layers.7,60821504,1014.34423828125,0.2320556319242753,4371.125276598554,0.56048587976487
255,model.layers.8,60821504,1077.021484375,0.23578514470473358,4567.808908079093,0.5857055637707017
255,model.layers.9,60821504,1040.40673828125,0.22873446059061098,4548.535168661667,0.5832341958482199
255,model.layers.10,60821504,952.7412109375,0.20032407775784017,4755.999486438231,0.6098362292631261
255,model.layers.11,60821504,819.6484375,0.1711417763115132,4789.294906043697,0.6141055218065401
255,model.layers.12,60821504,709.39208984375,0.14865350652830606,4772.118104786651,0.6119030329838923
255,model.layers.13,60821504,664.801513671875,0.14125774717232173,4706.301261203585,0.603463693192719
255,model.layers.14,60821504,634.3583984375,0.13879837672521314,4570.358914883958,0.5860325374255368
255,model.layers.15,60821504,831.70263671875,0.20872311377672767,3984.717464537383,0.5109388847037595
255,model.norm,2048,0.058349609375,0.0016374221424404936,35.635043561847105,0.7874306547018783
255,__whole_model__,1235814400,14074.8623046875,0.9989662138155688,14089.427760452798,0.40078986336057837
256,model.embed_tokens,262668288,306.0,0.21515158360780764,1422.2530685983552,0.08775523988169869
256,model.layers.0,60821504,848.037109375,0.2889353083893788,2935.041459980229,0.3763445773678449
256,model.layers.1,60821504,775.8095703125,0.6019810596769248,1288.7607638832799,0.16525085986866472
256,model.layers.2,60821504,751.68798828125,0.17259596201685498,4355.188728041293,0.5584424218739804
256,model.layers.3,60821504,817.25537109375,0.18165523505730888,4498.936520249036,0.5768744279780266
256,model.layers.4,60821504,869.0302734375,0.18943124082396723,4587.576313481807,0.5882402318268025
256,model.layers.5,60821504,912.44384765625,0.20127124677420824,4533.403863095533,0.5812939899342807
256,model.layers.6,60821504,958.51220703125,0.21124348808456578,4537.475761844715,0.581816107606123
256,model.layers.7,60821504,975.0927734375,0.22812356428765815,4274.406181940644,0.5480841105569226
256,model.layers.8,60821504,1030.078125,0.2266704162269323,4544.38714211709,0.5827023167187033
256,model.layers.9,60821504,1009.205078125,0.22323524625235436,4520.814231029417,0.5796796891403251
256,model.layers.10,60821504,953.91748046875,0.19759024862908725,4827.75585884011,0.6190371628830611
256,model.layers.11,60821504,831.146484375,0.17215050687776837,4828.022289618566,0.6190713258685191
256,model.layers.12,60821504,728.3154296875,0.1472054569851032,4947.611621226811,0.6344056225302469
256,model.layers.13,60821504,694.60986328125,0.1472464593648789,4717.328119652755,0.6048776079327091
256,model.layers.14,60821504,645.862548828125,0.13706689322008306,4712.024425847956,0.6041975438073222
256,model.layers.15,60821504,789.375244140625,0.19191917066006373,4113.0609382363555,0.5273956779129042
256,model.norm,2048,0.0537109375,0.0015306856025817765,35.08946409988233,0.7753749379133972
256,__whole_model__,1235814400,13896.43310546875,0.9984318962743413,13918.258378286422,0.395920754802278
257,model.embed_tokens,262668288,322.0,0.2197878095249213,1465.049406953069,0.09039584092612281
257,model.layers.0,60821504,757.7744140625,0.23079635285050895,3283.303244195217,0.42100031248466474
257,model.layers.1,60821504,722.845703125,0.5938099989070158,1217.301332842982,0.15608800144213036
257,model.layers.2,60821504,731.24267578125,0.17127979268073393,4269.287487662299,0.5474277679256087
257,model.layers.3,60821504,814.20703125,0.1809627117263459,4499.308302150413,0.5769220995712406
257,model.layers.4,60821504,890.34228515625,0.1927156195099732,4619.979882378833,0.592395167151581
257,model.layers.5,60821504,952.0263671875,0.21212591464870012,4488.024807172394,0.5754752777097315
257,model.layers.6,60821504,1011.5849609375,0.22382761029610443,4519.482469563345,0.5795089245317367
257,model.layers.7,60821504,1035.61181640625,0.24286610259341834,4264.126633348935,0.546766019339804
257,model.layers.8,60821504,1093.1572265625,0.24406863060038236,4478.892776484433,0.574304326540342
257,model.layers.9,60821504,1046.16552734375,0.23612453912113607,4430.566730749863,0.5681077376655946
257,model.layers.10,60821504,949.8564453125,0.20254029767344067,4689.715855182411,0.6013370357997584
257,model.layers.11,60821504,808.64306640625,0.17292920418717514,4676.150972920634,0.599597683919568
257,model.layers.12,60821504,699.380859375,0.14845441855685806,4711.081463076405,0.6040766327637912
257,model.layers.13,60821504,660.30517578125,0.14344477321723104,4603.201364341744,0.590243748043665
257,model.layers.14,60821504,633.93359375,0.1396145081038069,4540.599700989917,0.5822166735174925
257,model.layers.15,60821504,831.08642578125,0.20872179197252425,3981.7903915402026,0.5105635618795101
257,model.norm,2048,0.05859375,0.0016765108280487947,34.949819004863976,0.7722891881119309
257,__whole_model__,1235814400,13960.22216796875,0.9997069476253398,13964.314443476913,0.39723087217457
258,model.embed_tokens,262668288,350.0,0.23063798122261733,1517.5297587354946,0.09363396075263258
258,model.layers.0,60821504,889.98828125,0.26450631142401715,3364.7147263087545,0.43143926888329615
258,model.layers.1,60821504,823.8134765625,0.5843856073366938,1409.7087029863483,0.18075936346082958
258,model.layers.2,60821504,785.5546875,0.18693863811499328,4202.2061111666735,0.5388262838816082
258,model.layers.3,60821504,837.46484375,0.1855535548056329,4513.332254007439,0.5787203154760664
258,model.layers.4,60821504,881.40380859375,0.1894945420908674,4651.341399432468,0.5964164857741957
258,model.layers.5,60821504,926.63916015625,0.20506078092924285,4518.851220390071,0.5794279828460507
258,model.layers.6,60821504,972.2099609375,0.2156320014736132,4508.653420148627,0.5781203737801216
258,model.layers.7,60821504,977.46533203125,0.22515694970461364,4341.2620987875325,0.5566566851230249
258,model.layers.8,60821504,1042.765625,0.23077906023628003,4518.458580827821,0.5793776367871865
258,model.layers.9,60821504,1022.72021484375,0.22404959016371567,4564.704689245074,0.5853075264887501
258,model.layers.10,60821504,945.349609375,0.19836934076041585,4765.603423145732,0.6110676904027847
258,model.layers.11,60821504,824.279296875,0.17241245138753888,4780.857126276987,0.6130235906980621
258,model.layers.12,60821504,715.9990234375,0.14928321878576634,4796.245882566462,0.6149968081332998
258,model.layers.13,60821504,685.375,0.14930204680646234,4590.526484130789,0.5886185163386886
258,model.layers.14,60821504,652.24853515625,0.14301570504135086,4560.677688982913,0.5847911659083671
258,model.layers.15,60821504,840.956787109375,0.20735456119271614,4055.6464360954496,0.5200337251644922
258,model.norm,2048,0.05859375,0.0016978428335281798,34.51070313630858,0.762586006599989
258,__whole_model__,1235814400,14174.292236328125,0.9948636138725608,14247.47275775211,0.40528563380273996
259,model.embed_tokens,262668288,314.0,0.23277381089064214,1348.949002461098,0.08323226429443663
259,model.layers.0,60821504,898.513671875,0.28492657300449686,3153.4920116447656,0.4043553164537986
259,model.layers.1,60821504,816.9970703125,0.605324304544916,1349.6848948213305,0.17306283343769852
259,model.layers.2,60821504,750.21826171875,0.17993946135071834,4169.281468818596,0.5346045341113145
259,model.layers.3,60821504,807.19970703125,0.17671057298995954,4567.919697012776,0.5857197696396792
259,model.layers.4,60821504,862.9560546875,0.18676478984127007,4620.5500266989275,0.5924682736906572
259,model.layers.5,60821504,909.75830078125,0.20096919092142526,4526.854572136614,0.5804542095865067
259,model.layers.6,60821504,961.83349609375,0.21196241701092025,4537.754898521452,0.5818518998005662
259,model.layers.7,60821504,971.84716796875,0.2224888190276771,4368.07194274268,0.5600943671899302
259,model.layers.8,60821504,1022.94580078125,0.22589716670125187,4528.369327155359,0.580648438473941
259,model.layers.9,60821504,990.9619140625,0.2178049774160627,4549.76707060974,0.583392156008009
259,model.layers.10,60821504,913.22119140625,0.19157865071713745,4766.821292392362,0.6112238512247566
259,model.layers.11,60821504,784.25830078125,0.1628681885242448,4815.294551302166,0.6174393164530315
259,model.layers.12,60821504,682.9921875,0.14375540415282173,4751.071387715852,0.6092043256746457
259,model.layers.13,60821504,643.789306640625,0.1380425943943969,4663.700428588556,0.598001217597526
259,model.layers.14,60821504,610.8486328125,0.1322446342187402,4619.080663810688,0.5922798651919308
259,model.layers.15,60821504,803.01220703125,0.2007562404917064,3999.936465558708,0.5128903353341604
259,model.norm,2048,0.058837890625,0.0016736696246242193,35.15502089500524,0.7768235521129053
259,__whole_model__,1235814400,13745.412109375,0.9971464502787413,13784.747571966607,0.3921228874415982
260,model.embed_tokens,262668288,316.0,0.23285145689666406,1357.0883524264827,0.08373447492379905
260,model.layers.0,60821504,796.99609375,0.25778699468134136,3091.6846473779333,0.3964300906263657
260,model.layers.1,60821504,734.083984375,0.5934181653161478,1237.043331802813,0.15861941176673414
260,model.layers.2,60821504,734.9970703125,0.17233617979584911,4264.902884485334,0.5468655538471842
260,model.layers.3,60821504,807.82275390625,0.1797821178475086,4493.343184395269,0.5761572246108291
260,model.layers.4,60821504,873.03173828125,0.18946907360224446,4607.779632226523,0.5908307947057538
260,model.layers.5,60821504,935.1494140625,0.20977518370923687,4457.864831898719,0.5716080263258713
260,model.layers.6,60821504,980.09033203125,0.21638645008288546,4529.351683785341,0.5807744007800195
260,model.layers.7,60821504,1005.21630859375,0.23117307834998851,4348.327736813217,0.5575626738774829
260,model.layers.8,60821504,1065.64404296875,0.2366898833802405,4502.279640134855,0.5773030982566831
260,model.layers.9,60821504,1029.59814453125,0.22745662247587375,4526.5692127318,0.5804176194851173
260,model.layers.10,60821504,939.11083984375,0.19947585737820991,4707.892234112213,0.6036676950901592
260,model.layers.11,60821504,802.32275390625,0.16870454228559942,4755.786317525465,0.6098088957601837
260,model.layers.12,60821504,692.7509765625,0.1450128113792931,4777.170858032344,0.6125509203513188
260,model.layers.13,60821504,658.735107421875,0.1412895858855733,4662.304750155947,0.5978222572601599
260,model.layers.14,60821504,635.3583984375,0.1387239955009047,4580.018014499564,0.5872710718081529
260,model.layers.15,60821504,827.699462890625,0.20902529431539266,3959.805274292457,0.5077445285636942
260,model.norm,2048,0.05908203125,0.001670324015891308,35.3715989759466,0.7816092967907181
260,__whole_model__,1235814400,13834.66650390625,0.9974714523069242,13869.736794882518,0.3945405029486807
261,model.embed_tokens,262668288,310.0,0.2203464495426286,1406.875403000432,0.08680641385125376
261,model.layers.0,60821504,837.6357421875,0.2700307779299152,3102.000996363841,0.39775290056006485
261,model.layers.1,60821504,764.1064453125,0.6032416156208409,1266.667327860166,0.1624179374189838
261,model.layers.2,60821504,734.07861328125,0.17001949460542162,4317.614371133659,0.553624464218838
261,model.layers.3,60821504,799.25390625,0.17649749805925682,4528.414935273816,0.5806542865576221
261,model.layers.4,60821504,852.44873046875,0.18414353365608888,4629.262366936027,0.5935854102112563
261,model.layers.5,60821504,913.44482421875,0.2036690409339076,4484.94685314088,0.5750806082221136
261,model.layers.6,60821504,974.208984375,0.21571715627622,4516.140492449064,0.5790804007845269
261,model.layers.7,60821504,992.45947265625,0.227505933176064,4362.345450956648,0.5593600899538502
261,model.layers.8,60821504,1053.38427734375,0.23324928755858051,4516.130738788185,0.5790791501250622
261,model.layers.9,60821504,1028.15673828125,0.22633759180565227,4542.580532376125,0.5824706648702703
261,model.layers.10,60821504,951.8623046875,0.20096785538514397,4736.3908166473075,0.6073219150206076
261,model.layers.11,60821504,814.1474609375,0.17060270605852984,4772.183746359714,0.6119114498496875
261,model.layers.12,60821504,700.99951171875,0.14719724200009332,4762.314172423867,0.6106459274772328
261,model.layers.13,60821504,664.981689453125,0.14054609523812217,4731.4134791612005,0.6066836978103339
261,model.layers.14,60821504,634.263916015625,0.13899527714193702,4563.204801325281,0.5851152039294368
261,model.layers.15,60821504,819.5146484375,0.20526482428454632,3992.4748494727764,0.5119335724431995
261,model.norm,2048,0.054931640625,0.0015630368559810383,35.1441748892877,0.776583886981916
261,__whole_model__,1235814400,13845.002197265625,0.9985558023501263,13865.026035281217,0.3944065000119376
262,model.embed_tokens,262668288,336.0,0.23364876446959512,1438.0559673095293,0.08873030346063823
262,model.layers.0,60821504,829.5341796875,0.26799477415304024,3095.3371471855226,0.3968984310280828
262,model.layers.1,60821504,775.48193359375,0.5858224701535344,1323.7490419077114,0.1697372185404165
262,model.layers.2,60821504,778.4462890625,0.17887619451886072,4351.871925475363,0.5580171261236793
262,model.layers.3,60821504,854.85546875,0.1883601587927113,4538.409153130737,0.5819357913495544
262,model.layers.4,60821504,926.7900390625,0.19836044383050386,4672.2522956967605,0.5990977775120715
262,model.layers.5,60821504,975.70947265625,0.2149823052894377,4538.557121445974,0.5819547645306222
262,model.layers.6,60821504,1012.46728515625,0.22005129510972415,4601.051244217416,0.5899680497066861
262,model.layers.7,60821504,1016.71923828125,0.22722376973778,4474.528520737777,0.573744721503447
262,model.layers.8,60821504,1067.0185546875,0.23308518044366536,4577.8052154859715,0.5869873364943845
262,model.layers.9,60821504,1036.34033203125,0.22447377383696213,4616.754618220816,0.591981608878896
262,model.layers.10,60821504,945.1025390625,0.1990738142259914,4747.498020958227,0.6087461320782296
262,model.layers.11,60821504,814.078125,0.17043507561272048,4776.470583143515,0.6124611278694506
262,model.layers.12,60821504,716.0751953125,0.14943299251698308,4791.948439573128,0.6144457701363446
262,model.layers.13,60821504,694.607421875,0.147098875597838,4722.044400760933,0.6054823512879928
262,model.layers.14,60821504,674.68603515625,0.1455390889636336,4635.7720112212355,0.5944201068793394
262,model.layers.15,60821504,870.27490234375,0.21298075379438,4086.166880524555,0.5239471975690109
262,model.norm,2048,0.06103515625,0.0017206430829962633,35.4722933844686,0.7838343498873891
262,__whole_model__,1235814400,14324.248046875,1.0032965594852639,14277.182465595199,0.40613076037206286
263,model.embed_tokens,262668288,304.0,0.23320662625238772,1303.5650182212069,0.08043200144973499
263,model.layers.0,60821504,1001.8701171875,0.3193930550249704,3136.7936823459513,0.4022141795164165
263,model.layers.1,60821504,905.294921875,0.6258189007038183,1446.5765109632723,0.1854867241474646
263,model.layers.2,60821504,793.9755859375,0.20423575754436454,3887.544451000608,0.4984789119198303
263,model.layers.3,60821504,831.71337890625,0.1856548567832457,4479.8902291971035,0.5744322245358943
263,model.layers.4,60821504,836.08251953125,0.18322210475626102,4563.2186173359605,0.5851169754821631
263,model.layers.5,60821504,861.99658203125,0.1925343593188567,4477.105203875299,0.5740751157209134
263,model.layers.6,60821504,901.63232421875,0.20058059425311925,4495.112438848149,0.5763840865916235
263,model.layers.7,60821504,905.44091796875,0.20982399225876067,4315.240160201201,0.5533200319230286
263,model.layers.8,60821504,962.7421875,0.21153804799638787,4551.153783533256,0.5835699667463741
263,model.layers.9,60821504,932.51025390625,0.2027280475114765,4599.808784985513,0.5898087358431844
263,model.layers.10,60821504,854.3408203125,0.18080265221352274,4725.2670790666725,0.6058955779907508
263,model.layers.11,60821504,736.909423828125,0.1548524855711056,4758.783309872988,0.6101931839665966
263,model.layers.12,60821504,635.982177734375,0.13467083605110497,4722.493721603036,0.6055399652824556
263,model.layers.13,60821504,606.040771484375,0.131548473830367,4606.976833998624,0.5907278562076407
263,model.layers.14,60821504,588.502685546875,0.1297039776933421,4537.275540911061,0.5817904343528885
263,model.layers.15,60821504,775.076416015625,0.19557044226759743,3963.157249269265,0.5081743342830325
263,model.norm,2048,0.05517578125,0.001573018066507393,35.076381145772864,0.7750858427393735
263,__whole_model__,1235814400,13434.166259765625,1.0060594168865145,13353.253331041606,0.3798485409740558
264,model.embed_tokens,262668288,338.0,0.231769977882321,1458.3424612984875,0.08998201188417083
264,model.layers.0,60821504,836.8134765625,0.2680931148301893,3121.353851599431,0.4002344130783065
264,model.layers.1,60821504,770.6640625,0.5876408500692804,1311.4542026973481,0.1681607174485168
264,model.layers.2,60821504,740.96533203125,0.18278021039906148,4053.859717162546,0.5198046238073744
264,model.layers.3,60821504,807.44921875,0.18007442722918718,4483.97493844215,0.5749559848287074
264,model.layers.4,60821504,866.2763671875,0.18684758624243938,4636.27272157257,0.5944843102741216
264,model.layers.5,60821504,923.9453125,0.20513526292246811,4504.0784277504235,0.5775337471160558
264,model.layers.6,60821504,979.33251953125,0.21685132773995194,4516.147213567746,0.5790812625974193
264,model.layers.7,60821504,995.8388671875,0.23549138724462507,4228.769802748824,0.5422324031539001
264,model.layers.8,60821504,1055.2080078125,0.23454491360734345,4498.959246581854,0.5768773420534276
264,model.layers.9,60821504,1032.58984375,0.22992994469667344,4490.888931897087,0.5758425290156298
264,model.layers.10,60821504,952.85205078125,0.19988622350584215,4766.972100773121,0.6112431885721481
264,model.layers.11,60821504,824.716796875,0.17239248002942847,4783.94879367253,0.6134200185765784
264,model.layers.12,60821504,710.250244140625,0.14798407767427335,4799.504482529205,0.6154146408768952
264,model.layers.13,60821504,672.296142578125,0.14479335224967557,4643.142327548614,0.595365162893408
264,model.layers.14,60821504,642.9189453125,0.1388475260348166,4630.395396107277,0.593730692446759
264,model.layers.15,60821504,842.07666015625,0.20770173868320038,4054.2590808093223,0.5198558320594251
264,model.norm,2048,0.059814453125,0.0017111367695512509,34.95597440798754,0.7724252045897313
264,__whole_model__,1235814400,13992.253662109375,0.9995300625262191,13998.832237967168,0.3982127702596071
265,model.embed_tokens,262668288,332.0,0.22332485934331758,1486.623571492397,0.09172700063756699
265,model.layers.0,60821504,856.9306640625,0.2640502222926935,3245.3321062256573,0.416131477728434
265,model.layers.1,60821504,780.86865234375,0.6033765446682323,1294.1647454544525,0.16594378335483595
265,model.layers.2,60821504,757.4443359375,0.1782993767161526,4248.1603126595855,0.5447187439285759
265,model.layers.3,60821504,822.65087890625,0.18432815917590603,4462.969101325353,0.5722625193360489
265,model.layers.4,60821504,882.65478515625,0.19156970083061606,4607.48636829936,0.590793191049986
265,model.layers.5,60821504,919.0703125,0.2043729000590677,4497.026329001404,0.5766294944302099
265,model.layers.6,60821504,967.5732421875,0.21389384990420882,4523.61413206047,0.580038705387479
265,model.layers.7,60821504,988.3486328125,0.22819894469829136,4331.083275250135,0.5553515093377703
265,model.layers.8,60821504,1047.33154296875,0.23332557720289485,4488.712962908534,0.5755635162178454
265,model.layers.9,60821504,1019.77880859375,0.22484446947551612,4535.485400074723,0.5815608942235012
265,model.layers.10,60821504,926.603515625,0.19482595560517438,4756.057850437615,0.6098437129647983
265,model.layers.11,60821504,805.45556640625,0.16811644405653245,4791.057596575144,0.6143315421309999
265,model.layers.12,60821504,699.495361328125,0.14690818833870084,4761.445697740274,0.6105345676405123
265,model.layers.13,60821504,662.296142578125,0.13983654631484824,4736.216390005339,0.6072995492306357
265,model.layers.14,60821504,637.5478515625,0.13805307542946096,4618.1358117462505,0.5921587118945364
265,model.layers.15,60821504,818.075927734375,0.20205730790549603,4048.7321949127236,0.5191471492127679
265,model.norm,2048,0.0556640625,0.0015870236682178631,35.07450053502199,0.7750442867201636
265,__whole_model__,1235814400,13924.181884765625,0.9989797940445884,13938.401925418859,0.39649376100523165
266,model.embed_tokens,262668288,300.0,0.22344757304127305,1342.5968155160358,0.0828403244199903
266,model.layers.0,60821504,914.4521484375,0.2942784985842255,3107.4378618789046,0.3984500405774622
266,model.layers.1,60821504,850.08447265625,0.6082682002153097,1397.5487660794106,0.17920016016559168
266,model.layers.2,60821504,787.20849609375,0.19254119283289847,4088.519887673844,0.5242489110177703
266,model.layers.3,60821504,839.07763671875,0.18525543413597087,4529.3010735809075,0.5807679113057624
266,model.layers.4,60821504,877.7890625,0.19393288979488627,4526.251650395126,0.5803769001750111
266,model.layers.5,60821504,917.326171875,0.20591837650243844,4454.804799143982,0.571215654787167
266,model.layers.6,60821504,965.767578125,0.2157903799734188,4475.489492367379,0.5738679417259673
266,model.layers.7,60821504,954.70947265625,0.21812498926325144,4376.891780629623,0.5612252875558854
266,model.layers.8,60821504,994.0029296875,0.2192302959365239,4534.058239721139,0.5813778971287654
266,model.layers.9,60821504,963.642578125,0.21153252510712794,4555.529120814756,0.5841309927088691
266,model.layers.10,60821504,889.33740234375,0.18560796754604708,4791.482898615956,0.6143860763237824
266,model.layers.11,60821504,762.944091796875,0.15909199385373127,4795.615878058098,0.6149160260442996
266,model.layers.12,60821504,666.856689453125,0.13750161269285577,4849.809950540116,0.6218650404218425
266,model.layers.13,60821504,633.54052734375,0.13367584023819065,4739.379428735021,0.6077051286713868
266,model.layers.14,60821504,613.510498046875,0.13347779454283393,4596.3487795716865,0.5893650779620566
266,model.layers.15,60821504,782.82275390625,0.1961228436375988,3991.4919618072204,0.511807542045286
266,model.norm,2048,0.05517578125,0.001584193199359917,34.8289471715277,0.7696182727054769
266,__whole_model__,1235814400,13713.127685546875,0.9988464958175771,13728.964103060089,0.3905360629615028
267,model.embed_tokens,262668288,290.0,0.21905893411332544,1323.844659309694,0.08168328703858506
267,model.layers.0,60821504,764.9404296875,0.2498909213570102,3061.0973201169522,0.3925080421961118
267,model.layers.1,60821504,698.1455078125,0.6191386591732342,1127.6076812014412,0.14458706699882548
267,model.layers.2,60821504,694.53759765625,0.16554615510726237,4195.431764671539,0.5379576458731108
267,model.layers.3,60821504,785.3134765625,0.17793299036795038,4413.53497706377,0.5659238475126872
267,model.layers.4,60821504,820.71484375,0.18203125674269538,4508.647901662823,0.5781196661743735
267,model.layers.5,60821504,874.68359375,0.19817703281480364,4413.647642849671,0.5659382940403279
267,model.layers.6,60821504,936.26611328125,0.211739093149489,4421.79145737741,0.5669825315675977
267,model.layers.7,60821504,968.1494140625,0.2423237021354086,3995.2732874702683,0.5122924010934302
267,model.layers.8,60821504,1031.26513671875,0.23531512935900373,4382.485476084376,0.561942537032783
267,model.layers.9,60821504,984.1552734375,0.23263511809529835,4230.467358046705,0.5424500715377545
267,model.layers.10,60821504,892.0908203125,0.19150277739689667,4658.370141878457,0.5973177436069489
267,model.layers.11,60821504,765.32568359375,0.16545850863865472,4625.48399529665,0.5931009299416762
267,model.layers.12,60821504,653.24951171875,0.1440506897944172,4534.858615748657,0.581480525041154
267,model.layers.13,60821504,628.481201171875,0.15673867868922883,4009.739053740438,0.5141472684837143
267,model.layers.14,60821504,598.55029296875,0.13707029583807812,4366.739630268404,0.5599235319285242
267,model.layers.15,60821504,795.640625,0.20308744236772175,3917.7243837625742,0.5023487223450529
267,model.norm,2048,0.057373046875,0.001695437414699209,33.83967251022278,0.7477581845347039
267,__whole_model__,1235814400,13181.56689453125,1.0038375299069298,13131.175615394028,0.37353128673044117
268,model.embed_tokens,262668288,320.0,0.23637667858641312,1353.771454585425,0.08352981713670639
268,model.layers.0,60821504,805.0419921875,0.24923498454209633,3230.0521279809604,0.4141722083167068
268,model.layers.1,60821504,758.908203125,0.5894820065187676,1287.4153828830028,0.16507834890047166
268,model.layers.2,60821504,753.3759765625,0.17897245342543705,4209.452137148967,0.539755402813346
268,model.layers.3,60821504,836.01025390625,0.18823896201100393,4441.217933710127,0.5694734841230796
268,model.layers.4,60821504,892.9697265625,0.1958052726281796,4560.498880222631,0.5847682382229372
268,model.layers.5,60821504,951.8330078125,0.21097777537560825,4511.532108621069,0.578489492517048
268,model.layers.6,60821504,1015.78466796875,0.2231130844415991,4552.779459398475,0.5837784184172535
268,model.layers.7,60821504,1028.16650390625,0.23469475280317212,4380.867026748258,0.5617350119808552
268,model.layers.8,60821504,1080.95849609375,0.23716353438240334,4557.8613040519485,0.5844300360194026
268,model.layers.9,60821504,1043.66162109375,0.22809746415907187,4575.507338239918,0.5866926920565457
268,model.layers.10,60821504,950.23388671875,0.20195745892875872,4705.119047145215,0.6033121042437306
268,model.layers.11,60821504,803.39990234375,0.1694701411247926,4740.657540092275,0.6078690140151317
268,model.layers.12,60821504,684.122314453125,0.14544248554121617,4703.730907151303,0.6031341105198056
268,model.layers.13,60821504,647.353759765625,0.1400048645625728,4623.79476447621,0.5928843289607825
268,model.layers.14,60821504,630.930419921875,0.14107170995200424,4472.4092458830455,0.5734729782894566
268,model.layers.15,60821504,833.580810546875,0.21017532999452232,3966.1210978881304,0.5085543726474161
268,model.norm,2048,0.060302734375,0.0017418349039482824,34.620235384139754,0.7650063501999901
268,__whole_model__,1235814400,14036.391845703125,1.0016352849567762,14013.475819503345,0.3986293236599849
269,model.embed_tokens,262668288,308.0,0.230871228980375,1334.077014967427,0.08231463939431184
269,model.layers.0,60821504,975.5244140625,0.28843427058896864,3382.137677573913,0.4336733201973212
269,model.layers.1,60821504,892.33935546875,0.607709961676962,1468.3638770810333,0.18828040089968412
269,model.layers.2,60821504,782.3193359375,0.19695132013193636,3972.145682564755,0.5093268727312672
269,model.layers.3,60821504,822.1669921875,0.18233854085458703,4509.013773687972,0.5781665799759511
269,model.layers.4,60821504,860.7724609375,0.1881330501829721,4575.338889686531,0.5866710928047134
269,model.layers.5,60821504,900.0791015625,0.20013357846943536,4497.391734290911,0.5766763483847869
269,model.layers.6,60821504,955.76806640625,0.2107113604551798,4535.911420920043,0.581615520584719
269,model.layers.7,60821504,967.39892578125,0.22326543619536823,4332.95427302383,0.5555914173172652
269,model.layers.8,60821504,1018.009765625,0.22491945647610925,4526.108063635358,0.5803584888172305
269,model.layers.9,60821504,987.5244140625,0.2193715686326941,4501.606202743467,0.5772167470027396
269,model.layers.10,60821504,915.3447265625,0.1911307489289039,4789.10239033797,0.6140808365532322
269,model.layers.11,60821504,794.078857421875,0.16597606724475075,4784.297342404882,0.6134647111055113
269,model.layers.12,60821504,696.06201171875,0.14411314757077273,4829.9688366526025,0.6193209211232504
269,model.layers.13,60821504,656.478515625,0.13880148889243535,4729.6215686399455,0.60645393076377
269,model.layers.14,60821504,628.86474609375,0.13636212202003622,4611.726018764569,0.5913368186219548
269,model.layers.15,60821504,791.69140625,0.19814426331749424,3995.53029189365,0.5123253553880861
269,model.norm,2048,0.054931640625,0.0015932964052616577,34.476724132179854,0.7618351695925706
269,__whole_model__,1235814400,13952.47802734375,1.0041031203437918,13895.463269317004,0.3952723218946771
270,model.embed_tokens,262668288,326.0,0.22313452266225944,1461.002072249661,0.09014611404163164
270,model.layers.0,60821504,842.9775390625,0.26057112572377455,3235.1149296415947,0.4148213841383258
270,model.layers.1,60821504,785.609375,0.5941103245202679,1322.3291071980002,0.16955514795112414
270,model.layers.2,60821504,749.93359375,0.17697769593841853,4237.446926707353,0.5433450240805439
270,model.layers.3,60821504,819.849609375,0.18328102566003854,4473.1832246274635,0.5735722214202372
270,model.layers.4,60821504,875.6396484375,0.19053505592637135,4595.687886306205,0.5892803351738969
270,model.layers.5,60821504,928.07177734375,0.2065495996074517,4493.215087841148,0.5761407994787889
270,model.layers.6,60821504,978.9619140625,0.21706431046729677,4510.0086327180525,0.5782941453975377
270,model.layers.7,60821504,981.34716796875,0.22928851694342886,4279.966485242139,0.5487970783376409
270,model.layers.8,60821504,1036.0751953125,0.22902633022812308,4523.825685372119,0.5800658317305813
270,model.layers.9,60821504,1008.21435546875,0.2247224397961986,4486.487225677606,0.5752781219060693
270,model.layers.10,60821504,930.4111328125,0.19513519183464695,4768.033505718993,0.6113792868185332
270,model.layers.11,60821504,808.95751953125,0.16881634107950602,4791.938472059775,0.6144444920557276
270,model.layers.12,60821504,708.751953125,0.14571079813867766,4864.100411079061,0.6236974293012683
270,model.layers.13,60821504,683.36376953125,0.14477944931978967,4720.032937974727,0.6052244322355746
270,model.layers.14,60821504,656.607666015625,0.1393360288350439,4712.404045854965,0.6042462204386565
270,model.layers.15,60821504,847.10400390625,0.21081684963309166,4018.198760585601,0.5152320111835058
270,model.norm,2048,0.058837890625,0.0016984283610233387,34.64255071055746,0.7654994539073133
270,__whole_model__,1235814400,13967.93505859375,0.9948903183372849,14039.67331990699,0.3993745414776053
271,model.embed_tokens,262668288,274.0,0.20766781165527823,1319.4148761717152,0.08140996248722351
271,model.layers.0,60821504,899.7080078125,0.33220903639877836,2708.2586842475444,0.34726544201280335
271,model.layers.1,60821504,819.45947265625,0.6384609494329629,1283.4919244223745,0.16457526492829658
271,model.layers.2,60821504,786.21142578125,0.19253124440742583,4083.5524031492014,0.5236119571997412
271,model.layers.3,60821504,822.65185546875,0.19343011132595045,4252.966871752938,0.5453350631442483
271,model.layers.4,60821504,838.78076171875,0.19187017683726182,4371.605715619771,0.5605474838760406
271,model.layers.5,60821504,864.8798828125,0.19379128013101457,4462.945299849349,0.5722594674008208
271,model.layers.6,60821504,895.6181640625,0.20087601227387777,4458.562044936451,0.5716974262030444
271,model.layers.7,60821504,879.55322265625,0.20994142128721052,4189.517329469617,0.5371992696638521
271,model.layers.8,60821504,925.556640625,0.20422171939824513,4532.116580705633,0.5811289286383551
271,model.layers.9,60821504,898.50537109375,0.19986933101235055,4495.463944081689,0.5764291582167991
271,model.layers.10,60821504,821.7099609375,0.17293480366285233,4751.559220777081,0.6092668778837907
271,model.layers.11,60821504,710.493408203125,0.14939063030317448,4755.943573979467,0.6098290599093199
271,model.layers.12,60821504,617.633544921875,0.12852095322746032,4805.703112307051,0.6162094578278009
271,model.layers.13,60821504,579.973388671875,0.12586226130619585,4608.00070372901,0.5908591415152644
271,model.layers.14,60821504,547.653564453125,0.1201218106477256,4559.15176020113,0.5845955042694077
271,model.layers.15,60821504,703.79541015625,0.17462121552011295,4030.4118148529697,0.516798025432127
271,model.norm,2048,0.04931640625,0.0014173225538114537,34.795471304241,0.7688785535565852
271,__whole_model__,1235814400,12886.2333984375,1.0027768803612955,12850.548961394736,0.365548541070081
272,model.embed_tokens,262668288,326.0,0.23933201631770956,1362.1244872112723,0.08404521232059113
272,model.layers.0,60821504,824.5673828125,0.26568793697988813,3103.5183312628815,0.397947460251671
272,model.layers.1,60821504,759.10595703125,0.5831559793789282,1301.7202667452914,0.16691258720505947
272,model.layers.2,60821504,744.376953125,0.17288556696728832,4305.604951197826,0.5520845609050994
272,model.layers.3,60821504,828.3876953125,0.18181146550655033,4556.300632660897,0.5842299195225543
272,model.layers.4,60821504,876.28759765625,0.19148960727180295,4576.162696978304,0.5867767251820689
272,model.layers.5,60821504,930.44482421875,0.2063348022065484,4509.39354034586,0.5782152754115386
272,model.layers.6,60821504,977.8310546875,0.2157408897792693,4532.432658861966,0.5811694576400003
272,model.layers.7,60821504,993.64501953125,0.22872370954326596,4344.30265893921,0.5570465597945916
272,model.layers.8,60821504,1046.94482421875,0.2330110809588042,4493.11174348763,0.5761275481882779
272,model.layers.9,60821504,1012.95458984375,0.2235822372586036,4530.568269929819,0.5809303970767049
272,model.layers.10,60821504,925.0478515625,0.19738616983593743,4686.487672015609,0.6009231032382796
272,model.layers.11,60821504,794.452880859375,0.16657493835754217,4769.3421873231255,0.6115470920205829
272,model.layers.12,60821504,690.12744140625,0.1462675373832239,4718.254328697024,0.6049963707359173
272,model.layers.13,60821504,661.93603515625,0.1442901120411979,4587.535665418661,0.5882350197443313
272,model.layers.14,60821504,643.873046875,0.14206451022487732,4532.25823856921,0.5811470926641535
272,model.layers.15,60821504,867.93505859375,0.2272770434887204,3818.8417328511446,0.4896695319575601
272,model.norm,2048,0.06591796875,0.0019172290949324956,34.381894643801516,0.7597397141460465
272,__whole_model__,1235814400,13903.984130859375,0.997012026311605,13945.653376214983,0.39670003680458676
273,model.embed_tokens,262668288,330.0,0.22740189670622665,1451.1752310769712,0.08953978256418325
273,model.layers.0,60821504,819.3330078125,0.2525233380135918,3244.583309636119,0.41603546356990617
273,model.layers.1,60821504,765.041015625,0.5985470202276295,1278.1636024752947,0.16389204286871206
273,model.layers.2,60821504,752.08740234375,0.17890310415521982,4203.88123445429,0.5390410759294594
273,model.layers.3,60821504,820.263671875,0.1822613648410159,4500.480244897238,0.577072371485204
273,model.layers.4,60821504,876.1484375,0.18995691958792718,4612.353366229698,0.5914172600125948
273,model.layers.5,60821504,928.71044921875,0.2052211544937923,4525.412847956873,0.5802693450506887
273,model.layers.6,60821504,984.34228515625,0.21619139045029914,4553.105852670591,0.5838202700707055
273,model.layers.7,60821504,998.40380859375,0.2289760319136841,4360.298325765873,0.5590975981031401
273,model.layers.8,60821504,1065.27294921875,0.23624561778835543,4509.175489439523,0.5781873159168232
273,model.layers.9,60821504,1038.7861328125,0.23141376522831936,4488.869241583811,0.5755835549916757
273,model.layers.10,60821504,951.099609375,0.200814302605222,4736.214487893092,0.6072993053330146
273,model.layers.11,60821504,822.96044921875,0.1742201818358577,4723.680348319839,0.605692120042897
273,model.layers.12,60821504,704.439208984375,0.1488399948080455,4732.8623592930735,0.6068694799153984
273,model.layers.13,60821504,672.4951171875,0.1460230870815645,4605.402684110237,0.5905260114355867
273,model.layers.14,60821504,649.549072265625,0.14356431381996335,4524.446605026032,0.5801454489175676
273,model.layers.15,60821504,853.3994140625,0.2147472745437948,3973.970872857158,0.5095609070638571
273,model.norm,2048,0.057373046875,0.0016515411750960187,34.73909566418433,0.7676328161385291
273,__whole_model__,1235814400,14032.389404296875,1.003285159069275,13986.441718438658,0.3978603077811283
274,model.embed_tokens,262668288,320.0,0.2258950464771525,1416.5870610729194,0.08740563835118054
274,model.layers.0,60821504,842.3388671875,0.2777270262251119,3032.974063189448,0.38890194824926155
274,model.layers.1,60821504,770.61279296875,0.6025196938414149,1278.9835765460934,0.1639971837327629
274,model.layers.2,60821504,758.880859375,0.17704884777309352,4286.27957154279,0.5496065714327474
274,model.layers.3,60821504,827.224609375,0.1829168283434101,4522.408445777111,0.579884106721349
274,model.layers.4,60821504,875.89501953125,0.18868918479978036,4641.999065609772,0.5952185685651639
274,model.layers.5,60821504,920.75732421875,0.2041282095076932,4510.681431240636,0.5783804147327712
274,model.layers.6,60821504,969.09130859375,0.2142340668915104,4523.516369992194,0.5800261698833747
274,model.layers.7,60821504,978.21923828125,0.22336096990026133,4379.544191261615,0.5615653919025919
274,model.layers.8,60821504,1043.69921875,0.2306707428892311,4524.627638847065,0.5801686619105677
274,model.layers.9,60821504,1019.0849609375,0.22574221743183853,4514.374725876016,0.5788539860358002
274,model.layers.10,60821504,932.22509765625,0.19559721019515455,4766.044959057108,0.6111243061774595
274,model.layers.11,60821504,804.8857421875,0.16857523265981134,4774.638180756824,0.6122261687688075
274,model.layers.12,60821504,696.56005859375,0.14702286729671757,4737.76679370544,0.6074983491567082
274,model.layers.13,60821504,654.855712890625,0.13958911901928658,4691.309161426441,0.6015413368882448
274,model.layers.14,60821504,625.017822265625,0.1360734563807141,4593.238379400861,0.5889662480805387
274,model.layers.15,60821504,820.69775390625,0.20850152627355772,3936.1714447570994,0.5047140897404798
274,model.norm,2048,0.0576171875,0.0016489483974304825,34.9417771895006,0.7721114874189154
274,__whole_model__,1235814400,13860.10400390625,1.001494314801278,13839.423548456636,0.393678208035104
275,model.embed_tokens,262668288,312.0,0.23913039882545614,1304.7274689142812,0.0805037264765067
275,model.layers.0,60821504,813.009765625,0.26579456370126664,3058.7900456036514,0.3922121927972464
275,model.layers.1,60821504,750.53662109375,0.6029285625673553,1244.8184871153867,0.15961637810604423
275,model.layers.2,60821504,741.06982421875,0.172689013078825,4291.354794415809,0.5502573399596106
275,model.layers.3,60821504,815.6064453125,0.18224785015628978,4475.259623710583,0.573838466904684
275,model.layers.4,60821504,862.0830078125,0.18733487716043692,4601.828665754518,0.5900677342882523
275,model.layers.5,60821504,918.0087890625,0.2038011986804477,4504.432726629356,0.5775791769553517
275,model.layers.6,60821504,961.3291015625,0.21193731155541246,4535.912504066817,0.5816156594708031
275,model.layers.7,60821504,978.64404296875,0.22239668924234207,4400.443398248332,0.5642451847872867
275,model.layers.8,60821504,1034.572265625,0.2275841196959492,4545.889524309435,0.582894959105168
275,model.layers.9,60821504,1008.8974609375,0.22209358962687173,4542.668082552485,0.5824818909584092
275,model.layers.10,60821504,931.853271484375,0.19634716381710227,4745.947195613164,0.6085472780868917
275,model.layers.11,60821504,810.202392578125,0.17023745097450327,4759.248848829805,0.6102528775226639
275,model.layers.12,60821504,708.68359375,0.14827728000066256,4779.44829947537,0.6128429444160697
275,model.layers.13,60821504,677.361328125,0.14438472370898997,4691.364229710575,0.6015483979980797
275,model.layers.14,60821504,650.673583984375,0.14220641101155818,4575.557313878697,0.5866991001638625
275,model.layers.15,60821504,847.841064453125,0.21609317802139286,3923.497595880561,0.5030889902779677
275,model.norm,2048,0.062255859375,0.0018056431775394883,34.4784950589378,0.761874301915056
275,__whole_model__,1235814400,13822.434814453125,1.0019002433557185,13796.218641645299,0.3924491951190489
276,model.embed_tokens,262668288,326.0,0.23909550825386686,1363.4718710560621,0.08412834801220807
276,model.layers.0,60821504,849.3505859375,0.29086997800651737,2920.0352396577314,0.3744204104618016
276,model.layers.1,60821504,780.5439453125,0.6044231198648025,1291.3866456450116,0.1655875625610497
276,model.layers.2,60821504,756.9443359375,0.17397480394273632,4350.884833798391,0.5578905566679975
276,model.layers.3,60821504,821.26123046875,0.18113685282853897,4533.926794268319,0.5813610425854607
276,model.layers.4,60821504,864.08935546875,0.18563784802612207,4654.70465563229,0.5968477380240738
276,model.layers.5,60821504,908.087890625,0.20199048695269478,4495.696328697251,0.5764589556459404
276,model.layers.6,60821504,960.19384765625,0.21093829904846345,4552.012849196455,0.5836801201150255
276,model.layers.7,60821504,968.65478515625,0.22010227169799257,4400.930429674818,0.564307634207121
276,model.layers.8,60821504,1023.82568359375,0.22521595718026702,4545.973102493182,0.5829056758860612
276,model.layers.9,60821504,998.83935546875,0.22093248356760736,4521.016282167017,0.5797055970707662
276,model.layers.10,60821504,927.16015625,0.19349737403574066,4791.590381369958,0.6143998582591249
276,model.layers.11,60821504,808.3935546875,0.16912765218392045,4779.783460887875,0.6128859203609953
276,model.layers.12,60821504,709.251953125,0.14774676052648314,4800.4568803921,0.6155367617314333
276,model.layers.13,60821504,668.796142578125,0.14239241524528923,4696.852296704412,0.6022521033056618
276,model.layers.14,60821504,637.046142578125,0.13748760727314008,4633.480465715981,0.594126274326562
276,model.layers.15,60821504,825.219970703125,0.20964136171593672,3936.341397273001,0.5047358818373349
276,model.norm,2048,0.059326171875,0.0017260538911912382,34.37098469391125,0.7594986360351148
276,__whole_model__,1235814400,13833.71826171875,1.0044488352274628,13772.4469147162,0.3917729811982465
277,model.embed_tokens,262668288,320.0,0.22674556439528987,1411.2734723319124,0.08707778161112842
277,model.layers.0,60821504,746.501953125,0.22927590841732334,3255.9110038121944,0.4174879528568125
277,model.layers.1,60821504,709.77197265625,0.5951153740003212,1192.6628073565225,0.15292873586186462
277,model.layers.2,60821504,724.607421875,0.17035870030631095,4253.421871452003,0.5453934053079901
277,model.layers.3,60821504,803.1953125,0.17845062372439013,4500.938667160408,0.5771311525059293
277,model.layers.4,60821504,874.53369140625,0.1916534309692739,4563.099585451493,0.5851017126639494
277,model.layers.5,60821504,947.14013671875,0.21460062255515266,4413.50134702118,0.5659195353132385
277,model.layers.6,60821504,1016.97265625,0.22856040305982797,4449.469998457244,0.5705316019936486
277,model.layers.7,60821504,1027.93408203125,0.23890068715385432,4302.767372825724,0.5517207134951878
277,model.layers.8,60821504,1078.15380859375,0.23611467126045452,4566.229632568892,0.5855030617677358
277,model.layers.9,60821504,1041.46630859375,0.22843665831358953,4559.10323799284,0.5845892825276637
277,model.layers.10,60821504,954.16796875,0.2020003285417,4723.596123028216,0.6056813202868417
277,model.layers.11,60821504,809.8896484375,0.17082123779595126,4741.153142824818,0.6079325624874325
277,model.layers.12,60821504,695.25244140625,0.1469743415443417,4730.434129527939,0.6065581210752689
277,model.layers.13,60821504,650.35546875,0.14020949244354772,4638.455338620182,0.5947641755167559
277,model.layers.14,60821504,634.919921875,0.14138093273293229,4490.845474009991,0.5758369566445491
277,model.layers.15,60821504,831.646240234375,0.2113835242285469,3934.3001933074165,0.5044741492334778
277,model.norm,2048,0.06005859375,0.0017450015259780492,34.417502137333656,0.7605265360253474
277,__whole_model__,1235814400,13866.569091796875,0.9974768736989721,13901.644697159823,0.39544815966911473
278,model.embed_tokens,262668288,332.0,0.23647523667643977,1403.9525011841438,0.08662606623541644
278,model.layers.0,60821504,842.8427734375,0.2536506173147846,3322.849289152402,0.42607108909171204
278,model.layers.1,60821504,784.28759765625,0.5819557107931873,1347.6757476738062,0.17280521130717164
278,model.layers.2,60821504,776.0751953125,0.17642398368077492,4398.92116208387,0.5640499966327818
278,model.layers.3,60821504,866.59228515625,0.1905164878623091,4548.647179463845,0.5832485583908215
278,model.layers.4,60821504,921.482421875,0.1971342239500605,4674.390896775168,0.5993719988237585
278,model.layers.5,60821504,970.7783203125,0.2132463343990435,4552.379871139555,0.5837271813643958
278,model.layers.6,60821504,1017.21044921875,0.22124671179858732,4597.629682039166,0.5895293211948511
278,model.layers.7,60821504,1029.1572265625,0.2308498225470911,4458.124399695226,0.5716413093080733
278,model.layers.8,60821504,1082.08837890625,0.23780617010862226,4550.295639562197,0.5834599315613478
278,model.layers.9,60821504,1045.73046875,0.22534659139369048,4640.542651577376,0.5950318204285641
278,model.layers.10,60821504,959.17333984375,0.20259020656467294,4734.549394605374,0.607085799378094
278,model.layers.11,60821504,831.3974609375,0.1721680375930023,4828.988426428413,0.619195208394316
278,model.layers.12,60821504,718.62939453125,0.1494969528797203,4806.983558450402,0.6163736425486072
278,model.layers.13,60821504,691.801513671875,0.14661079854580691,4718.625916601425,0.6050440174539428
278,model.layers.14,60821504,662.04931640625,0.14400041143661552,4597.551561147195,0.5895193041731247
278,model.layers.15,60821504,865.4541015625,0.21460233490234373,4032.827051748206,0.5171077182664446
278,model.norm,2048,0.059326171875,0.00169033318123564,35.09732432255299,0.775548625936899
278,__whole_model__,1235814400,14396.8095703125,1.0007926433329601,14385.407073303928,0.4092093329353562
279,model.embed_tokens,262668288,312.0,0.2317533254261374,1346.258999418061,0.08306628689735013
279,model.layers.0,60821504,793.6591796875,0.25268485017636677,3140.9052783874804,0.40274138735850507
279,model.layers.1,60821504,738.71484375,0.5985561045235754,1234.161406369725,0.15824987797175719
279,model.layers.2,60821504,724.98095703125,0.1669633294620233,4342.156803935506,0.5567714083510862
279,model.layers.3,60821504,817.8310546875,0.1820900176678856,4491.355787438848,0.5759023913903021
279,model.layers.4,60821504,874.6669921875,0.1918217809295332,4559.789758749106,0.5846773113911037
279,model.layers.5,60821504,935.7080078125,0.20789333971588822,4500.904209299153,0.5771267341597465
279,model.layers.6,60821504,987.33740234375,0.21867036251258723,4515.1861962405455,0.5789580365153418
279,model.layers.7,60821504,1004.916015625,0.22895437230049218,4389.154072611872,0.5627976152918117
279,model.layers.8,60821504,1068.0126953125,0.23276306559013038,4588.411364168705,0.5883473058842312
279,model.layers.9,60821504,1041.6611328125,0.22903403826794838,4548.062553016046,0.5831735948864162
279,model.layers.10,60821504,952.1201171875,0.2012264727154905,4731.584787721647,0.6067056637854864
279,model.layers.11,60821504,816.83154296875,0.17066275886596835,4786.2319137255745,0.6137127707789439
279,model.layers.12,60821504,706.244873046875,0.14726035929219863,4795.892638327207,0.6149515135247766
279,model.layers.13,60821504,672.98583984375,0.1430652279504478,4704.048981607509,0.6031748954962444
279,model.layers.14,60821504,648.8671875,0.14277697024743918,4544.620791262644,0.582732276291723
279,model.layers.15,60821504,844.072265625,0.21060791050699257,4007.789942899487,0.5138973444858141
279,model.norm,2048,0.0576171875,0.001666234700919192,34.57927473735543,0.7641012392280218
279,__whole_model__,1235814400,13940.667724609375,1.000132168411116,13938.825452196535,0.3965058087081079
280,model.embed_tokens,262668288,352.0,0.22563915533217588,1560.012930742456,0.09625523894335604
280,model.layers.0,60821504,812.5888671875,0.2629303222972348,3090.5102921864327,0.3962795093775993
280,model.layers.1,60821504,749.28271484375,0.5894224463365525,1271.2151013263574,0.1630010739458218
280,model.layers.2,60821504,739.556640625,0.1706983613703036,4332.53509107007,0.5555376678703225
280,model.layers.3,60821504,815.6416015625,0.1791392576469362,4553.114779397155,0.5838214146968315
280,model.layers.4,60821504,885.02734375,0.19200434441913763,4609.413117330416,0.5910402477132985
280,model.layers.5,60821504,942.14990234375,0.20925255535490533,4502.453510045816,0.5773253926600332
280,model.layers.6,60821504,1002.27001953125,0.22124407774639185,4530.155246370637,0.5808774372875697
280,model.layers.7,60821504,1019.0400390625,0.23510714695383103,4334.364362231035,0.5557722254707352
280,model.layers.8,60821504,1076.89306640625,0.2390336183512338,4505.195017480232,0.5776769214104186
280,model.layers.9,60821504,1043.84716796875,0.23116431890121908,4515.606789708778,0.579011966953192
280,model.layers.10,60821504,957.86181640625,0.20348179066480557,4707.3588908214915,0.6035993073491082
280,model.layers.11,60821504,827.2138671875,0.17444156541343614,4742.068584554131,0.6080499446557668
280,model.layers.12,60821504,716.630859375,0.1502438791711387,4769.784055952824,0.6116037504579382
280,model.layers.13,60821504,687.7529296875,0.14762634303048533,4658.741221717297,0.5973653251784609
280,model.layers.14,60821504,663.4287109375,0.145425579872773,4561.980853147756,0.5849582636388577
280,model.layers.15,60821504,871.9775390625,0.21618316862032805,4033.512620928929,0.5171956251144717
280,model.norm,2048,0.06103515625,0.0018362017649638392,33.239896298216436,0.7345048774502018
280,__whole_model__,1235814400,14163.22412109375,1.0041076762711434,14105.284179969953,0.4012409173224367
281,model.embed_tokens,262668288,308.0,0.2326801131661843,1323.7057340608258,0.08167471513333893
281,model.layers.0,60821504,849.8330078125,0.26348868684135573,3225.3111812886946,0.41356430222626395
281,model.layers.1,60821504,779.865234375,0.5748033845290644,1356.7512915985044,0.17396891948277843
281,model.layers.2,60821504,756.779296875,0.17887288340048318,4230.821813167885,0.5424955214111533
281,model.layers.3,60821504,830.484375,0.1798025613343037,4618.868434559701,0.5922526521767634
281,model.layers.4,60821504,888.27197265625,0.1906157569837262,4660.013352055077,0.5975284436082536
281,model.layers.5,60821504,951.16748046875,0.21099064995407574,4508.102518646117,0.5780497346440274
281,model.layers.6,60821504,1012.72265625,0.22407343114053152,4519.601681891743,0.5795242104873051
281,model.layers.7,60821504,1028.6572265625,0.23368646786037478,4401.869034098765,0.5644279864031845
281,model.layers.8,60821504,1086.32958984375,0.23967819066133897,4532.450728396538,0.5811717745992134
281,model.layers.9,60821504,1045.4052734375,0.22907157804232722,4563.662076158278,0.5851738378213636
281,model.layers.10,60821504,956.169921875,0.2019567908981823,4734.527210610406,0.607082954843758
281,model.layers.11,60821504,814.76123046875,0.17171013166887583,4744.980523571711,0.6084233269312253
281,model.layers.12,60821504,697.995361328125,0.14857450605040293,4697.948388879951,0.6023926493089073
281,model.layers.13,60821504,653.79736328125,0.14107569850810783,4634.372682150323,0.5942406784402623
281,model.layers.14,60821504,631.416748046875,0.1399650338437414,4511.246349940486,0.5784528512186747
281,model.layers.15,60821504,832.013427734375,0.21300968362563308,3905.988749303285,0.5008439250701434
281,model.norm,2048,0.06005859375,0.0017167672777415014,34.983538263270184,0.7730342854955438
281,__whole_model__,1235814400,14123.730224609375,0.9955364232419561,14187.055234619707,0.403566988357906
282,model.embed_tokens,262668288,328.0,0.23546693277195693,1392.9769082169119,0.08594885497467186
282,model.layers.0,60821504,766.0634765625,0.25409482170567843,3014.8724457275325,0.3865808752197089
282,model.layers.1,60821504,711.3271484375,0.6039510800274257,1177.7893474504563,0.15102159210983604
282,model.layers.2,60821504,719.04443359375,0.16894757860930662,4256.020947518575,0.5457266708502858
282,model.layers.3,60821504,800.083984375,0.1794091056143368,4459.550598813444,0.5718241831487691
282,model.layers.4,60821504,869.4638671875,0.18783466750785963,4628.87857030502,0.5935361980338948
282,model.layers.5,60821504,917.06591796875,0.20355936449973006,4505.152195884194,0.5776714306275172
282,model.layers.6,60821504,981.009765625,0.21498833240206877,4563.083748146511,0.5850996819315283
282,model.layers.7,60821504,997.96875,0.22870684042311226,4363.528209972809,0.5595117487798444
282,model.layers.8,60821504,1054.7021484375,0.23379289794713543,4511.266842143281,0.5784554788236015
282,model.layers.9,60821504,1029.78857421875,0.22877310221681957,4501.3533682065845,0.5771843273901976
282,model.layers.10,60821504,943.97509765625,0.1978075322340568,4772.189850380856,0.611912232535482
282,model.layers.11,60821504,811.139892578125,0.1685925284826189,4811.244601873028,0.6169200132244222
282,model.layers.12,60821504,709.306396484375,0.1478802051243261,4796.493187766718,0.6150285187487513
282,model.layers.13,60821504,682.05419921875,0.1441761312790811,4730.701213632239,0.6065923678331853
282,model.layers.14,60821504,657.927734375,0.14322264299574874,4593.741049692325,0.5890307027879002
282,model.layers.15,60821504,846.329833984375,0.2096188145489064,4037.470757601851,0.5177031556872579
282,model.norm,2048,0.06005859375,0.0017333435384441678,34.64898470381007,0.7656416264154081
282,__whole_model__,1235814400,13825.311279296875,1.0011994574916883,13808.74827273031,0.3928056147846236
283,model.embed_tokens,262668288,308.0,0.22186955122906046,1388.2031053554417,0.08565430386804701
283,model.layers.0,60821504,987.33984375,0.30286359628392184,3260.014923762612,0.41801417643503136
283,model.layers.1,60821504,901.2333984375,0.6326959600612623,1424.433622668044,0.18264746069895874
283,model.layers.2,60821504,790.46044921875,0.19477858493895345,4058.251318883399,0.5203677352714331
283,model.layers.3,60821504,817.29248046875,0.1861654221966314,4390.141148797817,0.5629241827611625
283,model.layers.4,60821504,838.45458984375,0.18297056073123608,4582.4562513930805,0.5875837138085214
283,model.layers.5,60821504,866.49755859375,0.19493874108634288,4444.973604348651,0.5699550535654403
283,model.layers.6,60821504,899.37255859375,0.20043304692199843,4487.147066839504,0.5753627297886462
283,model.layers.7,60821504,918.69189453125,0.21144101706522797,4344.908605163588,0.5571242570192579
283,model.layers.8,60821504,973.12451171875,0.21593306583525748,4506.60258054771,0.5778574056505805
283,model.layers.9,60821504,935.0029296875,0.2052872890801489,4554.607028409116,0.5840127577600867
283,model.layers.10,60821504,856.3984375,0.180897013283832,4734.176766955732,0.6070380193391297
283,model.layers.11,60821504,730.936767578125,0.15367575737089983,4756.357021322452,0.6098820740379722
283,model.layers.12,60821504,624.009033203125,0.13258446334823454,4706.501934273841,0.6034894244209977
283,model.layers.13,60821504,592.221923828125,0.1323348129793388,4475.178605652222,0.5738280783948968
283,model.layers.14,60821504,571.184326171875,0.12567448270081008,4544.950684473302,0.5827745767234663
283,model.layers.15,60821504,751.189453125,0.1893502806647279,3967.1948226741197,0.5086920506006247
283,model.norm,2048,0.052001953125,0.0015031232388164762,34.59593450630509,0.7644693715904375
283,__whole_model__,1235814400,13361.462158203125,1.0010314072235742,13347.695248905336,0.3796904349801279
284,model.embed_tokens,262668288,286.0,0.22848670319990544,1251.713977201446,0.07723271108203046
284,model.layers.0,60821504,787.51171875,0.25879853081982546,3042.952818376943,0.39018147034627493
284,model.layers.1,60821504,734.095703125,0.5943029238842455,1235.221422649407,0.15838579815694687
284,model.layers.2,60821504,732.81689453125,0.16986796099314544,4314.038328633502,0.5531659275263512
284,model.layers.3,60821504,812.38818359375,0.1770836160551353,4587.596535982253,0.5882428248492478
284,model.layers.4,60821504,867.89111328125,0.1877127768620224,4623.505803865393,0.59284727709612
284,model.layers.5,60821504,931.19677734375,0.20757955759496677,4485.975344261592,0.5752124861057581
284,model.layers.6,60821504,983.9111328125,0.21772355541221494,4519.084446098016,0.5794578881239435
284,model.layers.7,60821504,1004.146484375,0.2311684937797121,4343.786075501636,0.5569803210793502
284,model.layers.8,60821504,1060.33349609375,0.235092572178407,4510.280721626051,0.5783290338945088
284,model.layers.9,60821504,1036.08740234375,0.22878253441243085,4528.699732279277,0.5806908045455677
284,model.layers.10,60821504,970.79931640625,0.20354632066240586,4769.426994538411,0.6115579663935787
284,model.layers.11,60821504,834.71044921875,0.17459509928984748,4780.835502335818,0.6130208179764118
284,model.layers.12,60821504,723.50390625,0.15090441826576836,4794.451445257133,0.6147667170902941
284,model.layers.13,60821504,683.9296875,0.14611004882596973,4680.921627195006,0.6002093992534525
284,model.layers.14,60821504,641.924072265625,0.13939378856694967,4605.11245777149,0.5904887972734407
284,model.layers.15,60821504,802.821533203125,0.2031915625636363,3951.057431096305,0.506622839689644
284,model.norm,2048,0.0576171875,0.0016560876465887917,34.79114624076802,0.7687829822531227
284,__whole_model__,1235814400,13894.12548828125,0.9980607791290899,13921.1216178691,0.39600220292214633
285,model.embed_tokens,262668288,330.0,0.23267573429396343,1418.282834698511,0.08751027023743514
285,model.layers.0,60821504,818.115234375,0.275912704806645,2965.12346159747,0.3802018306091997
285,model.layers.1,60821504,739.47021484375,0.603091764888161,1226.1321707499678,0.15722033228148108
285,model.layers.2,60821504,737.94140625,0.17340886715031936,4255.499839061378,0.5456598519161208
285,model.layers.3,60821504,816.20263671875,0.18121922085022277,4503.951804280957,0.5775175108697366
285,model.layers.4,60821504,878.7138671875,0.19122372445807106,4595.213641391931,0.5892195252997385
285,model.layers.5,60821504,924.890625,0.2073684880042634,4460.131015571588,0.571898606867316
285,model.layers.6,60821504,968.9658203125,0.21569717234556415,4492.2509172263935,0.5760171690676115
285,model.layers.7,60821504,977.3310546875,0.2244169211019872,4354.9793388500675,0.5584155730243981
285,model.layers.8,60821504,1034.01123046875,0.23009131822540127,4493.916756371553,0.5762307706598193
285,model.layers.9,60821504,1008.154296875,0.22254352429925361,4530.144384337771,0.5808760445075276
285,model.layers.10,60821504,917.22265625,0.1929304516591867,4754.162177934884,0.6096006410775369
285,model.layers.11,60821504,786.318115234375,0.16563158721376595,4747.392260508524,0.608732570984702
285,model.layers.12,60821504,679.737060546875,0.1435059135645911,4736.648432546507,0.6073549477215181
285,model.layers.13,60821504,651.60693359375,0.14078984765864888,4628.223870044943,0.5934522493415031
285,model.layers.14,60821504,633.296142578125,0.13833780843813087,4577.896308523316,0.5869990168645286
285,model.layers.15,60821504,824.8486328125,0.20646628220370328,3995.0766973112336,0.5122671933948933
285,model.norm,2048,0.058349609375,0.0016742217096303146,34.85178160058872,0.7701228470690261
285,__whole_model__,1235814400,13726.88427734375,1.0013295094570633,13708.658486242639,0.3899584465012686
286,model.embed_tokens,262668288,302.0,0.22523539832362685,1340.8194371209574,0.08273065739176279
286,model.layers.0,60821504,797.87890625,0.2497641724677545,3194.5290566164335,0.40961727597187353
286,model.layers.1,60821504,732.9580078125,0.5969850007083016,1227.7662034102552,0.15742985549923666
286,model.layers.2,60821504,724.8037109375,0.1694829794681506,4276.557523427925,0.5483599655027025
286,model.layers.3,60821504,807.404296875,0.1806266381179793,4470.017851672744,0.5731663426743665
286,model.layers.4,60821504,871.8271484375,0.1897882322317532,4593.683908562355,0.5890233758881945
286,model.layers.5,60821504,939.89697265625,0.21006489146199495,4474.317274604151,0.57371763454813
286,model.layers.6,60821504,993.64892578125,0.21993832663001522,4517.852531690789,0.5792999263665841
286,model.layers.7,60821504,1008.3515625,0.23085959669926262,4367.813064377673,0.5600611726098207
286,model.layers.8,60821504,1064.64306640625,0.23604692009716652,4510.302722729869,0.5783318549776967
286,model.layers.9,60821504,1020.5947265625,0.22851825450252053,4466.140916332104,0.5726692241115966
286,model.layers.10,60821504,932.04736328125,0.19685232149829116,4734.754237019963,0.6071120652189677
286,model.layers.11,60821504,795.760498046875,0.16716371836175908,4760.366100045521,0.6103961366358063
286,model.layers.12,60821504,688.682373046875,0.14553848686675255,4731.960513492191,0.6067538410798277
286,model.layers.13,60821504,657.484619140625,0.13963813943122985,4708.488825607909,0.6037441928082903
286,model.layers.14,60821504,631.61279296875,0.13826358036457392,4568.17906279666,0.5857530267188894
286,model.layers.15,60821504,824.4560546875,0.21056255258096854,3915.4923065936346,0.5020625150971313
286,model.norm,2048,0.059326171875,0.0017127206817351413,34.638556366877765,0.7654111905478664
286,__whole_model__,1235814400,13794.1103515625,0.99571101231032,13853.527962452095,0.39407942419903425
287,model.embed_tokens,262668288,320.0,0.22562399869258104,1418.2888427396808,0.08751064094297673
287,model.layers.0,60821504,819.9013671875,0.2646048127207835,3098.588263595481,0.3973153041959622
287,model.layers.1,60821504,767.78662109375,0.5881305263391567,1305.4697668438844,0.1673933654322792
287,model.layers.2,60821504,750.869140625,0.17550268064025662,4278.391292290988,0.5485950998192597
287,model.layers.3,60821504,824.7177734375,0.18406290121145416,4480.630089004477,0.5745270927789204
287,model.layers.4,60821504,865.71142578125,0.19231970522468564,4501.418223212468,0.5771926433987148
287,model.layers.5,60821504,915.74951171875,0.2034287094534193,4501.574601634272,0.5772126949625056
287,model.layers.6,60821504,968.82763671875,0.2139914369527852,4527.4131082755,0.5805258276709528
287,model.layers.7,60821504,996.9716796875,0.23213776847506185,4294.741378090756,0.5506915833661339
287,model.layers.8,60821504,1063.01904296875,0.23852893955721838,4456.562146890997,0.5714409900351206
287,model.layers.9,60821504,1029.22265625,0.22911736074281464,4492.11990271356,0.5760003697814229
287,model.layers.10,60821504,946.16748046875,0.19963464646412535,4739.495359282627,0.6077199938218583
287,model.layers.11,60821504,810.08203125,0.16923089742828656,4786.844740295022,0.6137913502332458
287,model.layers.12,60821504,701.50439453125,0.14740245697915558,4759.109236764289,0.6102349758185454
287,model.layers.13,60821504,664.296630859375,0.14186609031476005,4682.561064349428,0.6004196154604177
287,model.layers.14,60821504,638.112060546875,0.13918507887361756,4584.629801634784,0.587862416463409
287,model.layers.15,60821504,833.582763671875,0.20925248256034726,3983.6218594514135,0.5107984011573894
287,model.norm,2048,0.058349609375,0.0016720550435343315,34.89694289708468,0.7711207801627593
287,__whole_model__,1235814400,13916.58056640625,0.996217549404423,13969.419204395783,0.3973760829287572
288,model.embed_tokens,262668288,332.0,0.23702633391822642,1400.6882463724023,0.08642465660560865
288,model.layers.0,60821504,784.5771484375,0.25378186966729827,3091.5413676558583,0.3964117186383768
288,model.layers.1,60821504,738.72314453125,0.5821348036535805,1268.9898282921645,0.1627157391554959
288,model.layers.2,60821504,747.0595703125,0.17265854202274078,4326.803421136877,0.5548027266682879
288,model.layers.3,60821504,827.833984375,0.18307764091231124,4521.764537983685,0.5798015418888978
288,model.layers.4,60821504,885.16552734375,0.19207843054604962,4608.354643607612,0.5909045253218792
288,model.layers.5,60821504,941.00732421875,0.20791752409020414,4525.86826596924,0.580327740852495
288,model.layers.6,60821504,986.88671875,0.21838757160600958,4518.9692412095255,0.5794431160208366
288,model.layers.7,60821504,1002.353515625,0.23144064954488533,4330.93113762025,0.5553320015479143
288,model.layers.8,60821504,1068.142578125,0.23771633735852307,4493.349468505527,0.5761580303884819
288,model.layers.9,60821504,1043.52392578125,0.23295087193969763,4479.587979612198,0.5743934686975725
288,model.layers.10,60821504,960.5458984375,0.2052634001713651,4679.577058723493,0.6000369924714519
288,model.layers.11,60821504,828.8974609375,0.17454243890438795,4748.973751830975,0.6089353571093529
288,model.layers.12,60821504,716.0029296875,0.1516937115089906,4720.0567681084385,0.6052274878454263
288,model.layers.13,60821504,689.18359375,0.14736374277991135,4676.75142303694,0.5996746764078627
288,model.layers.14,60821504,666.80810546875,0.14585923245903493,4571.586551136044,0.5861899506180768
288,model.layers.15,60821504,872.45361328125,0.2183431382201311,3995.791305342749,0.5123588237385431
288,model.norm,2048,0.0615234375,0.0017608673671681736,34.93927972493577,0.7720563007273668
288,__whole_model__,1235814400,14091.2265625,1.0006147410803368,14082.569428555573,0.40059477027726054
289,model.embed_tokens,262668288,318.0,0.23432640525582088,1357.0813739613777,0.08373404434158213
289,model.layers.0,60821504,825.8076171875,0.25438941833421336,3246.2341499698905,0.4162471419452158
289,model.layers.1,60821504,763.1591796875,0.5953247446804141,1281.9208112996946,0.16437380954437295
289,model.layers.2,60821504,756.07275390625,0.17159507678048494,4406.144792099514,0.5649762438501951
289,model.layers.3,60821504,837.15625,0.18339432308633588,4564.78824377729,0.5853182402369347
289,model.layers.4,60821504,893.09521484375,0.19224482068296478,4645.613919121251,0.5956820817848487
289,model.layers.5,60821504,938.14892578125,0.20744753682221984,4522.343047077165,0.579875720997867
289,model.layers.6,60821504,991.58447265625,0.21899098621168328,4527.969346180096,0.5805971510651793
289,model.layers.7,60821504,992.541015625,0.22659612450412311,4380.220614086186,0.5616521259625723
289,model.layers.8,60821504,1053.146484375,0.2323787904230974,4532.0249858324505,0.5811171839205012
289,model.layers.9,60821504,1038.02294921875,0.2260100032498999,4592.818611090435,0.5889124234482349
289,model.layers.10,60821504,968.9912109375,0.2031312969862531,4770.270388236021,0.6116661102303897
289,model.layers.11,60821504,847.40185546875,0.17575404030880776,4821.521337317918,0.6182377437268574
289,model.layers.12,60821504,736.947265625,0.15355982410071425,4799.089019154277,0.615361368243312
289,model.layers.13,60821504,699.492431640625,0.146844255495453,4763.498778215976,0.6107978231053721
289,model.layers.14,60821504,661.17822265625,0.14178826465803915,4663.13784325424,0.5979290803065325
289,model.layers.15,60821504,842.833984375,0.2080462710235777,4051.1852494557925,0.5194616912006271
289,model.norm,2048,0.060546875,0.001722302151347832,35.15461845798513,0.7768146594270955
289,__whole_model__,1235814400,14163.640380859375,1.00108659059246,14148.267007029925,0.40246361292633986
290,model.embed_tokens,262668288,324.0,0.22360643289557866,1448.9744136802353,0.08940398868695386
290,model.layers.0,60821504,884.865234375,0.28419226344333576,3113.614788994531,0.3992420747127408
290,model.layers.1,60821504,818.12890625,0.5933879968507216,1378.7419202815731,0.1767886595002971
290,model.layers.2,60821504,799.9501953125,0.1821732454576134,4391.150815275045,0.5630536468620401
290,model.layers.3,60821504,860.298828125,0.19069955482781714,4511.278638808386,0.5784569914465076
290,model.layers.4,60821504,910.7939453125,0.1947039324112931,4677.8405244971445,0.5998143260292872
290,model.layers.5,60821504,951.01708984375,0.2073506551408454,4586.515963490736,0.5881042688515966
290,model.layers.6,60821504,987.333984375,0.21492013932118653,4593.957492738653,0.589058456115376
290,model.layers.7,60821504,984.76513671875,0.22217379455891145,4432.409045692517,0.5683439677999641
290,model.layers.8,60821504,1039.01171875,0.22558938376331636,4605.765135827975,0.5905724866695444
290,model.layers.9,60821504,1028.337890625,0.22433651420094144,4583.907770377064,0.5877698342793963
290,model.layers.10,60821504,948.22314453125,0.19862534944041368,4773.9281375850305,0.6121351237525633
290,model.layers.11,60821504,816.02783203125,0.17103338665326928,4771.161046384225,0.6117803145334415
290,model.layers.12,60821504,703.93603515625,0.14585460072848852,4826.286120837848,0.6188487062854816
290,model.layers.13,60821504,662.79296875,0.1408482527052915,4705.723756025691,0.6033896428104447
290,model.layers.14,60821504,632.038818359375,0.1378881699787278,4583.7059006358595,0.5877439496084391
290,model.layers.15,60821504,824.39404296875,0.20515706148658752,4018.355678303796,0.5152521318983716
290,model.norm,2048,0.057861328125,0.0016559282386352447,34.941929713504486,0.7721148577550855
290,__whole_model__,1235814400,14175.9736328125,1.0005111579943597,14168.73117260369,0.4030457394870167
291,model.embed_tokens,262668288,308.0,0.22671442857195342,1358.5372661989556,0.08382387517082864
291,model.layers.0,60821504,856.703125,0.28422739118309764,3014.14695267043,0.38648784914778406
291,model.layers.1,60821504,790.1171875,0.6109250901514877,1293.312715809526,0.1658345321769576
291,model.layers.2,60821504,744.62939453125,0.18061632168280137,4122.713759163855,0.5286334072131205
291,model.layers.3,60821504,808.8916015625,0.18321378035640914,4415.015071404281,0.5661136320478085
291,model.layers.4,60821504,851.45751953125,0.18634680032124337,4569.209227437347,0.5858851191889974
291,model.layers.5,60821504,903.76220703125,0.2012775062160676,4490.130189019126,0.5757452394980437
291,model.layers.6,60821504,950.44970703125,0.2091371153420817,4544.624733283793,0.5827327817558889
291,model.layers.7,60821504,970.7060546875,0.2229993943987273,4352.953770591226,0.5581558453031044
291,model.layers.8,60821504,1021.14013671875,0.225603511549764,4526.259940300199,0.5803779631449432
291,model.layers.9,60821504,993.45751953125,0.21718058221552636,4574.338596004681,0.5865428305269662
291,model.layers.10,60821504,914.59912109375,0.19255563979799395,4749.791395636277,0.6090401991759947
291,model.layers.11,60821504,787.81884765625,0.1648317916424908,4779.532150963794,0.6128536962413516
291,model.layers.12,60821504,686.30322265625,0.14342997318986128,4784.935863773578,0.6135465852656955
291,model.layers.13,60821504,649.10791015625,0.13784664765483462,4708.913282980982,0.6037986186938725
291,model.layers.14,60821504,620.47900390625,0.13658143863466374,4542.923329179045,0.5825146198602345
291,model.layers.15,60821504,803.509033203125,0.20122913388432154,3993.005474371468,0.5120016116194639
291,model.norm,2048,0.056640625,0.001609715379161076,35.18673284311851,0.7775242937865158
291,__whole_model__,1235814400,13661.188232421875,1.0006718364269684,13652.01631056287,0.38834719512632915
292,model.embed_tokens,262668288,306.0,0.23129531570998518,1322.9839915291884,0.08163018248975033
292,model.layers.0,60821504,856.78125,0.2829585565737814,3027.9390041226566,0.3882563297112098
292,model.layers.1,60821504,799.73876953125,0.5981306095823498,1337.063772893474,0.1714444948681714
292,model.layers.2,60821504,779.81494140625,0.18189982172265753,4287.057205560283,0.5497062832595311
292,model.layers.3,60821504,842.54541015625,0.184670745177153,4562.419506933833,0.58501450985411
292,model.layers.4,60821504,887.1591796875,0.19107613618603767,4642.961687396349,0.5953420003784361
292,model.layers.5,60821504,925.013671875,0.20590034516740685,4492.530943175057,0.5760530752886099
292,model.layers.6,60821504,979.90283203125,0.21676910208804273,4520.491262787321,0.5796382766600476
292,model.layers.7,60821504,992.08203125,0.22655125583543576,4379.0621578837645,0.561503583355647
292,model.layers.8,60821504,1035.6416015625,0.229414083524756,4514.289557339858,0.5788430653325725
292,model.layers.9,60821504,1003.525390625,0.2212719146446061,4535.2587662867345,0.5815318341920432
292,model.layers.10,60821504,915.53466796875,0.19272963708522556,4750.357453139904,0.6091127816845804
292,model.layers.11,60821504,777.69482421875,0.16365855974139917,4751.934915274852,0.6093150511681927
292,model.layers.12,60821504,665.80078125,0.140403854622137,4742.040615920707,0.60804635838836
292,model.layers.13,60821504,632.036376953125,0.13656170825115513,4628.210828988212,0.5934505771569526
292,model.layers.14,60821504,611.6181640625,0.1364244131261446,4483.201723557853,0.5748568396436007
292,model.layers.15,60821504,819.613037109375,0.2160287450694915,3793.9998996231925,0.4864841973192961
292,model.norm,2048,0.062255859375,0.0018132949132466305,34.33300282276391,0.7586593473272887
292,__whole_model__,1235814400,13830.565185546875,1.0024470405946602,13796.80384645803,0.3924658419382753
293,model.embed_tokens,262668288,324.0,0.23223723763200002,1395.1251026909217,0.08608140193522443
293,model.layers.0,60821504,815.591796875,0.27399899823471335,2976.6232801199762,0.38167639047510654
293,model.layers.1,60821504,756.97314453125,0.5944369330718106,1273.4288574895872,0.16328493198973915
293,model.layers.2,60821504,750.69970703125,0.17464712368067278,4298.380020296468,0.5511581468821091
293,model.layers.3,60821504,837.95556640625,0.18417366395927248,4549.8121088124335,0.5833979310144576
293,model.layers.4,60821504,885.71240234375,0.19438193716105917,4556.557133237512,0.5842628092116497
293,model.layers.5,60821504,942.70849609375,0.2125947786468895,4434.297502948306,0.5685861145149248
293,model.layers.6,60821504,986.2060546875,0.21964049318577325,4490.0921518754785,0.5757403621997345
293,model.layers.7,60821504,991.400390625,0.22795734590570546,4349.06094684526,0.5576566894555911
293,model.layers.8,60821504,1050.32763671875,0.2304350925890638,4558.019461869921,0.5844503157455917
293,model.layers.9,60821504,1027.1552734375,0.22379329153906588,4589.7500607528145,0.5885189597456979
293,model.layers.10,60821504,946.66845703125,0.1993647680957984,4748.424037372333,0.6088648701815083
293,model.layers.11,60821504,815.02197265625,0.17014750917764113,4790.090531418435,0.6142075405682788
293,model.layers.12,60821504,704.305908203125,0.14623751410416472,4816.178068381613,0.617552605095252
293,model.layers.13,60821504,660.229736328125,0.14308797483692542,4614.152496606203,0.5916479528223582
293,model.layers.14,60821504,635.73486328125,0.13881454280468608,4579.742514267669,0.5872357458954695
293,model.layers.15,60821504,822.1962890625,0.2049487350746904,4011.716826468157,0.5144008676411681
293,model.norm,2048,0.058837890625,0.0016995787436175603,34.61910243697407,0.764981315368003
293,__whole_model__,1235814400,13952.946533203125,1.0024918794188975,13918.26389784929,0.3959209118125473
294,model.embed_tokens,262668288,326.0,0.24121819612647272,1351.4735009007177,0.08338802979850976
294,model.layers.0,60821504,836.7158203125,0.28064168574745657,2981.438121296929,0.3822937716578057
294,model.layers.1,60821504,766.72412109375,0.597958791120254,1282.2357200524143,0.16441418859968362
294,model.layers.2,60821504,758.240234375,0.17847769849325518,4248.375235540448,0.5447463023334119
294,model.layers.3,60821504,823.837890625,0.1820377938200493,4525.642029255707,0.5802987317357583
294,model.layers.4,60821504,875.33203125,0.19071871298125262,4589.649424364791,0.5885060556830347
294,model.layers.5,60821504,925.14208984375,0.2066038365201399,4477.85532653246,0.574171299913959
294,model.layers.6,60821504,970.14111328125,0.21431653185891988,4526.674190117418,0.5804310801705497
294,model.layers.7,60821504,959.47314453125,0.21795373099592086,4402.1872906098915,0.5644687947235465
294,model.layers.8,60821504,1019.5693359375,0.2230269846949377,4571.506615363582,0.5861797008839882
294,model.layers.9,60821504,1004.0849609375,0.21843299213899994,4596.764211784225,0.5894183465998544
294,model.layers.10,60821504,927.6611328125,0.19379281230060738,4786.870688338695,0.6137946774112985
294,model.layers.11,60821504,794.885498046875,0.1650021539726927,4817.424978454681,0.6177124896661729
294,model.layers.12,60821504,686.25341796875,0.14539367834060726,4719.9673727291965,0.6052160251568482
294,model.layers.13,60821504,643.232666015625,0.1387461267124575,4636.040524206371,0.5944545368549586
294,model.layers.14,60821504,619.42041015625,0.13739160543845752,4508.42981403045,0.578091701970476
294,model.layers.15,60821504,825.7763671875,0.2131648525367317,3873.886137233649,0.49672757982034493
294,model.norm,2048,0.06396484375,0.0018351644102348552,34.8551025691557,0.7701962308000827
294,__whole_model__,1235814400,13762.55419921875,0.9994654431987927,13769.915000934547,0.39170095801917604
295,model.embed_tokens,262668288,310.0,0.22587852989261079,1372.4190614636238,0.08468040366096587
295,model.layers.0,60821504,900.9453125,0.3020556438976856,2982.71305536398,0.3824572495947202
295,model.layers.1,60821504,818.57080078125,0.6041566004275869,1354.8983826410458,0.17373133093488086
295,model.layers.2,60821504,777.3349609375,0.18668378295373333,4163.912626144663,0.5339161162969066
295,model.layers.3,60821504,834.33349609375,0.1883334112969218,4430.0875258844035,0.5680462918035776
295,model.layers.4,60821504,870.64892578125,0.19338422734501715,4502.171339071639,0.5772892113939522
295,model.layers.5,60821504,908.337890625,0.20280605577801394,4478.849939368883,0.574298833767457
295,model.layers.6,60821504,956.7607421875,0.21251537711636517,4502.077709245553,0.5772772057450344
295,model.layers.7,60821504,965.3388671875,0.22421764009243886,4305.365388688941,0.5520538430933106
295,model.layers.8,60821504,1006.75830078125,0.22387451567703878,4496.9758962364385,0.5766230277080612
295,model.layers.9,60821504,967.013671875,0.21113867957529217,4579.992987642809,0.5872678627489429
295,model.layers.10,60821504,889.715576171875,0.18800787207273081,4732.331504862141,0.6068014113074494
295,model.layers.11,60821504,765.44091796875,0.15875560850590012,4821.504734053553,0.6182356147795851
295,model.layers.12,60821504,657.364501953125,0.1374951399658696,4781.001729343325,0.6130421323713668
295,model.layers.13,60821504,626.162353515625,0.13222823465482916,4735.466333269667,0.607203373490348
295,model.layers.14,60821504,604.010009765625,0.13138270044254352,4597.3328888134065,0.5894912649961102
295,model.layers.15,60821504,782.05712890625,0.19357474368548835,4040.078338819354,0.5180375117993041
295,model.norm,2048,0.05615234375,0.0016199453126383595,34.66311073090872,0.7659537704639294
295,__whole_model__,1235814400,13640.849609375,0.9989606614640252,13655.041820549444,0.3884332592131558
296,model.embed_tokens,262668288,316.0,0.22381389566032692,1411.887314090543,0.08711565660817878
296,model.layers.0,60821504,813.5146484375,0.2876040272607132,2828.592687612293,0.36269522392790865
296,model.layers.1,60821504,756.92822265625,0.6006090822629733,1260.267693262809,0.16159734670137696
296,model.layers.2,60821504,743.185546875,0.17449309198340424,4259.111569561064,0.5461229646888037
296,model.layers.3,60821504,824.2578125,0.18547937483361443,4443.932449305516,0.5698215518551489
296,model.layers.4,60821504,855.47900390625,0.18999063246498274,4502.74307110338,0.5773625215167519
296,model.layers.5,60821504,886.0625,0.19560502389338588,4529.855534196026,0.5808390068077202
296,model.layers.6,60821504,935.26513671875,0.20524001229854177,4556.933739403186,0.5843110993943227
296,model.layers.7,60821504,957.70458984375,0.22062067388708428,4340.95578156883,0.556617407713903
296,model.layers.8,60821504,1024.89208984375,0.22982828941319666,4459.381795254753,0.5718025383765165
296,model.layers.9,60821504,1000.16357421875,0.2246160134785387,4452.770569335708,0.5709548164419843
296,model.layers.10,60821504,926.162841796875,0.19580374964053454,4730.056720043242,0.6065097278873193
296,model.layers.11,60821504,807.145751953125,0.16911282650821402,4772.823969765066,0.6119935422528762
296,model.layers.12,60821504,696.87451171875,0.14628078907196898,4763.951002314414,0.6108558093687769
296,model.layers.13,60821504,660.66552734375,0.1446900228451022,4566.07521619528,0.5854832617868297
296,model.layers.14,60821504,626.615234375,0.13640880501374056,4593.656797388413,0.5890198995682044
296,model.layers.15,60821504,812.1513671875,0.20490733130460478,3963.5056589566198,0.5082190089829732
296,model.norm,2048,0.0576171875,0.0016610347094772257,34.68752770261721,0.7664933144099018
296,__whole_model__,1235814400,13643.1259765625,0.9983422329086071,13665.780658015552,0.38873873770907985
297,model.embed_tokens,262668288,318.0,0.22499730982761684,1413.3502318033836,0.08720592092024249
297,model.layers.0,60821504,883.171875,0.275190006001772,3209.31667480073,0.41151341270170483
297,model.layers.1,60821504,800.91845703125,0.6129732971303935,1306.6123121198152,0.16753986786669345
297,model.layers.2,60821504,754.75732421875,0.17570247963894436,4295.655506796037,0.5508087971724599
297,model.layers.3,60821504,817.45556640625,0.18164131319100074,4500.383486804422,0.577059964715472
297,model.layers.4,60821504,860.95703125,0.18638141012203874,4619.328884174999,0.5923116931539458
297,model.layers.5,60821504,913.5009765625,0.2042998019993632,4471.374752313011,0.5733403307440258
297,model.layers.6,60821504,966.955078125,0.21480352920333243,4501.579102127707,0.5772132720365685
297,model.layers.7,60821504,974.58349609375,0.22341089951529222,4362.291625915238,0.5593531882583418
297,model.layers.8,60821504,1032.01220703125,0.2275059920418156,4536.197916235833,0.5816522563378622
297,model.layers.9,60821504,1001.841796875,0.22013881409434144,4550.9548191063495,0.5835444546082403
297,model.layers.10,60821504,914.35009765625,0.19338669683698054,4728.092017761806,0.6062578046828798
297,model.layers.11,60821504,779.502685546875,0.16308031978119314,4779.869738989618,0.6128969833378491
297,model.layers.12,60821504,677.4296875,0.14356613975130586,4718.589555124109,0.605039355017313
297,model.layers.13,60821504,644.849853515625,0.13863605737966345,4651.3862677850375,0.5964222390016765
297,model.layers.14,60821504,625.359375,0.1391912422633017,4492.806909626083,0.5760884609820645
297,model.layers.15,60821504,808.50732421875,0.20269316288322062,3988.823859266345,0.511465425609518
297,model.norm,2048,0.05859375,0.0016516599831688584,35.47567332083848,0.7839090366351117
297,__whole_model__,1235814400,13774.21142578125,1.0014940166194553,13753.663224345688,0.39123865767389887
298,model.embed_tokens,262668288,320.0,0.22966838322448055,1393.313243674591,0.08596960739871018
298,model.layers.0,60821504,947.6923828125,0.301171951935932,3146.682075541024,0.4034821149812436
298,model.layers.1,60821504,839.20166015625,0.6122570794128636,1370.6687735828543,0.17575348332858526
298,model.layers.2,60821504,768.298828125,0.19509654788749528,3938.0441962922305,0.5049542225953692
298,model.layers.3,60821504,825.20458984375,0.18133922126979443,4550.612846274552,0.5835006052716607
298,model.layers.4,60821504,846.52685546875,0.1839741909565146,4601.3348452166365,0.5900044143371855
298,model.layers.5,60821504,883.64013671875,0.195802141217776,4512.923766936458,0.5786679373764093
298,model.layers.6,60821504,921.82177734375,0.20259374177505188,4550.0999649203695,0.5834348412546573
298,model.layers.7,60821504,930.63720703125,0.21218834229087444,4385.901680477353,0.5623805785446346
298,model.layers.8,60821504,989.25341796875,0.21838972789826375,4529.761667314275,0.5808269707624297
298,model.layers.9,60821504,957.25439453125,0.21052515263491045,4546.983496035299,0.5830352332145583
298,model.layers.10,60821504,875.898193359375,0.18479376693859983,4739.868708073924,0.6077678663289378
298,model.layers.11,60821504,757.87890625,0.15811229676354183,4793.295156438173,0.6146184523952904
298,model.layers.12,60821504,654.864501953125,0.1368845912188524,4784.062954946633,0.6134346568626264
298,model.layers.13,60821504,621.53759765625,0.13181022135496293,4715.397571349635,0.6046300641091779
298,model.layers.14,60821504,595.4072265625,0.13012363533776627,4575.703906649868,0.5867178969663146
298,model.layers.15,60821504,791.52294921875,0.2049127372512601,3862.731813729078,0.4952973209219987
298,model.norm,2048,0.056884765625,0.0016673854083041726,34.116146957802094,0.7538674644318332
298,__whole_model__,1235814400,13526.697509765625,0.9968496179125269,13569.446450801155,0.3859984011671813
299,model.embed_tokens,262668288,298.0,0.2373932096418078,1255.3012803088982,0.07745405329719127
299,model.layers.0,60821504,929.3212890625,0.3011568222003832,3085.838408947448,0.3956804589222441
299,model.layers.1,60821504,832.51708984375,0.6153499672284009,1352.9164445941096,0.17347719768095113
299,model.layers.2,60821504,774.02294921875,0.18509693671695263,4181.716688279796,0.5361990354076037
299,model.layers.3,60821504,784.37841796875,0.17970274361586622,4364.866123833048,0.5596833022768399
299,model.layers.4,60821504,806.892578125,0.176343267628465,4575.692562446046,0.5867164423600847
299,model.layers.5,60821504,854.49365234375,0.19080627879928813,4478.330889952548,0.5742322788530251
299,model.layers.6,60821504,911.87060546875,0.20107425298580392,4534.994371124826,0.5814979322227445
299,model.layers.7,60821504,936.4453125,0.2148417861238109,4358.7671160038535,0.5589012593124939
299,model.layers.8,60821504,994.818359375,0.22049908630575496,4511.666583486589,0.5785067355056466
299,model.layers.9,60821504,967.01416015625,0.21417730025847467,4515.017039570638,0.5789363464655373
299,model.layers.10,60821504,884.52978515625,0.18821834366251872,4699.487669184036,0.6025900229417469
299,model.layers.11,60821504,750.93994140625,0.15878572813612005,4729.265975103896,0.6064083349175566
299,model.layers.12,60821504,640.4248046875,0.13794563704740187,4642.588329686952,0.5952941267278367
299,model.layers.13,60821504,603.98095703125,0.13507799590449535,4471.349704198193,0.5733371189590089
299,model.layers.14,60821504,583.6435546875,0.13295665296733675,4389.728093041593,0.5628712188435739
299,model.layers.15,60821504,773.141845703125,0.2042889873164932,3784.5497981021404,0.48527246163804005
299,model.norm,2048,0.05908203125,0.0017109088673577914,34.532541374481376,0.7630685680469
299,__whole_model__,1235814400,13326.494384765625,0.9990858833620849,13338.687500938182,0.379434199301978
300,model.embed_tokens,262668288,324.0,0.22753117101516265,1423.980716815318,0.08786183848011841
300,model.layers.0,60821504,862.2578125,0.27929729233640554,3087.24014216878,0.3958601956325965
300,model.layers.1,60821504,770.865234375,0.6094980556953805,1264.7542140155222,0.16217262912227445
300,model.layers.2,60821504,739.40673828125,0.17276303759924264,4279.889660173997,0.5487872274724331
300,model.layers.3,60821504,803.888671875,0.17643235236643554,4556.356366010408,0.5842370659101448
300,model.layers.4,60821504,840.0771484375,0.18365549151153068,4574.201084451408,0.586525198160233
300,model.layers.5,60821504,889.50244140625,0.19853302392297015,4480.375223375294,0.5744944127303392
300,model.layers.6,60821504,943.884765625,0.20958008204429315,4503.694990564595,0.577484581028416
300,model.layers.7,60821504,957.34130859375,0.22745402650007904,4208.944213143737,0.5396902744505309
300,model.layers.8,60821504,1008.134765625,0.22384495544935645,4503.71894064454,0.577487652018328
300,model.layers.9,60821504,980.0283203125,0.21818883653220678,4491.651983156518,0.5759403709737951
300,model.layers.10,60821504,905.28369140625,0.19042272160987372,4754.073903328297,0.6095893220996071
300,model.layers.11,60821504,794.324951171875,0.16649866899940222,4770.758564891152,0.6117287064967326
300,model.layers.12,60821504,693.18408203125,0.14531348800458993,4770.266625279512,0.6116656277267194
300,model.layers.13,60821504,667.97412109375,0.1460514771968201,4573.552653586536,0.586442053358662
300,model.layers.14,60821504,640.9326171875,0.1395897054598218,4591.546454491087,0.5887493016510627
300,model.layers.15,60821504,835.759521484375,0.20561024935356223,4064.7755844467843,0.5212043067473618
300,model.norm,2048,0.05859375,0.001681145581340159,34.85346578568812,0.7701600626535435
300,__whole_model__,1235814400,13656.90478515625,0.9984742671288082,13677.773413658182,0.3890798853395619
