step,layer,numel,l1,l2,l1_over_l2,l1_over_sqrt_d_l2
1,model.embed_tokens,262668288,362.0,0.24659399626756678,1468.0000546615577,0.09057790050692582
1,model.layers.0,60821504,833.7880859375,0.2711255111277443,3075.2845147967278,0.39432718984993453
1,model.layers.1,60821504,785.8037109375,0.5804288514815324,1353.832961493476,0.17359471771255736
1,model.layers.2,60821504,771.26220703125,0.17720558155522975,4352.358431728463,0.5580795082033555
1,model.layers.3,60821504,838.2685546875,0.1865104780106713,4494.485047856336,0.5763036396197909
1,model.layers.4,60821504,894.86328125,0.1985609206579881,4506.744218774852,0.5778755671585046
1,model.layers.5,60821504,931.837890625,0.2084009383205531,4471.370897532564,0.5733398364662657
1,model.layers.6,60821504,978.9609375,0.2186384341880232,4477.533609933008,0.5741300479250846
1,model.layers.7,60821504,984.6064453125,0.22412150019584684,4393.1815754049,0.5633140403090243
1,model.layers.8,60821504,1040.4638671875,0.22990017782298042,4525.720149675748,0.5803087486969716
1,model.layers.9,60821504,1014.95751953125,0.22175640644123842,4576.90280889448,0.5868716257516506
1,model.layers.10,60821504,944.3525390625,0.19915228427715548,4741.861447836908,0.6080233846288086
1,model.layers.11,60821504,818.26708984375,0.17149089173333767,4771.490086576298,0.6118225055872005
1,model.layers.12,60821504,726.246826171875,0.15140265976530873,4796.790408422414,0.6150666297545337
1,model.layers.13,60821504,696.927978515625,0.14822200332505048,4701.919842408713,0.6029018874304798
1,model.layers.14,60821504,674.62060546875,0.1471704962393785,4583.939190987394,0.5877738631752318
1,model.layers.15,60821504,878.77587890625,0.2195386064332426,4002.8307238684624,0.5132614505075677
1,model.norm,2048,0.064453125,0.001848118467222733,34.8749964588889,0.7706358278105366
1,__whole_model__,1235814400,14176.06787109375,1.0020713166876187,14146.765439762541,0.4024208991305668
2,model.embed_tokens,262668288,358.0,0.23460648549193558,1525.9595200419385,0.09415409021617557
2,model.layers.0,60821504,764.1064453125,0.23778230266808814,3213.470627286712,0.41204605168280917
2,model.layers.1,60821504,719.78125,0.5963246917511867,1207.0290899514268,0.15477084699564145
2,model.layers.2,60821504,725.62060546875,0.1735109886775236,4181.986460911372,0.5362336269009098
2,model.layers.3,60821504,801.7509765625,0.18027743894493592,4447.3173196530015,0.5702555755709088
2,model.layers.4,60821504,860.14990234375,0.18795313599990116,4576.406228966578,0.5868079519788458
2,model.layers.5,60821504,910.76171875,0.20487975189715457,4445.347626187988,0.5700030123738492
2,model.layers.6,60821504,960.13916015625,0.21557840374266346,4453.7817494110905,0.5710844746234108
2,model.layers.7,60821504,973.41162109375,0.2349765487127464,4142.590511377899,0.5311820962226075
2,model.layers.8,60821504,1031.9580078125,0.23469949589165692,4396.933209813443,0.5637950922073274
2,model.layers.9,60821504,1003.271484375,0.2280987102231161,4398.409282514768,0.5639843610692903
2,model.layers.10,60821504,931.412109375,0.19723437458218993,4722.361968333616,0.6055230712694841
2,model.layers.11,60821504,811.6484375,0.1713730238022098,4736.150529950175,0.6072911043500558
2,model.layers.12,60821504,709.8154296875,0.1487873794779647,4770.669610406191,0.6117173003416565
2,model.layers.13,60821504,682.17626953125,0.14755713570380566,4623.13304116038,0.5927994797397319
2,model.layers.14,60821504,657.55517578125,0.14364837251868234,4577.533070872286,0.5869524408545725
2,model.layers.15,60821504,858.908935546875,0.21726599449477915,3953.2598626128506,0.5069052456350378
2,model.norm,2048,0.06396484375,0.0018763751206936229,34.08958211210703,0.7532804587277034
2,__whole_model__,1235814400,13760.531494140625,0.997956196830938,13788.712909281901,0.3922356859901125
3,model.embed_tokens,262668288,292.0,0.22520383866671528,1296.6031206605585,0.08000244147622858
3,model.layers.0,60821504,809.73828125,0.2744854272635952,2950.022845738867,0.37826555987136207
3,model.layers.1,60821504,765.7333984375,0.6292617373360413,1216.8758292522393,0.1560334414056845
3,model.layers.2,60821504,759.79296875,0.1849214469395065,4108.733634333673,0.5268408110121797
3,model.layers.3,60821504,824.70947265625,0.19312396740242957,4270.363144196026,0.5475656935764379
3,model.layers.4,60821504,859.7939453125,0.18960936762840708,4534.554152395615,0.581441485343253
3,model.layers.5,60821504,905.1953125,0.20235701604430573,4473.258848123205,0.57358191821428
3,model.layers.6,60821504,943.2626953125,0.21062674437027396,4478.361464175126,0.5742361992211122
3,model.layers.7,60821504,939.02685546875,0.2207514600796004,4253.774154563453,0.5454385766762656
3,model.layers.8,60821504,986.892578125,0.21990338285616493,4487.84627733767,0.5754523857894255
3,model.layers.9,60821504,953.888671875,0.20896675680901297,4564.786698330276,0.5853180420725778
3,model.layers.10,60821504,870.47265625,0.1847733280913802,4711.029807394632,0.604070009233599
3,model.layers.11,60821504,744.44189453125,0.15635947483719512,4761.092318238975,0.6104892556880646
3,model.layers.12,60821504,642.980224609375,0.1364713891201015,4711.465375673145,0.6041258598108147
3,model.layers.13,60821504,611.97998046875,0.13476593096273895,4541.058530868269,0.5822755068045199
3,model.layers.14,60821504,590.380859375,0.12886317511708636,4581.455166214662,0.5874553500414271
3,model.layers.15,60821504,775.123291015625,0.19480908747221082,3978.8867196772585,0.5101912396568176
3,model.norm,2048,0.056396484375,0.0016626496673816406,33.91964373578098,0.749525315656329
3,__whole_model__,1235814400,13275.469482421875,1.0027345104197671,13239.266570036038,0.37660605737961433
4,model.embed_tokens,262668288,330.0,0.2337901686639837,1411.522143492246,0.08709312501084296
4,model.layers.0,60821504,885.7548828125,0.2769381660695544,3198.385023572512,0.4101117058714905
4,model.layers.1,60821504,822.8115234375,0.6072876787547563,1354.8957968728682,0.17373099937573758
4,model.layers.2,60821504,813.2685546875,0.1889236242740924,4304.74779325428,0.5519746521530766
4,model.layers.3,60821504,863.2275390625,0.19020410584873856,4538.427470903226,0.5819381401389803
4,model.layers.4,60821504,900.9833984375,0.19582915016967412,4600.864568205767,0.5899441132459353
4,model.layers.5,60821504,924.07080078125,0.20483291250316504,4511.339459506887,0.5784647901574917
4,model.layers.6,60821504,956.57080078125,0.2130160664856781,4490.604002612,0.5758059940661793
4,model.layers.7,60821504,950.64111328125,0.22159639227258174,4289.9665627763625,0.5500793344844718
4,model.layers.8,60821504,1008.32080078125,0.22370487577039858,4507.370692340871,0.5779558964937628
4,model.layers.9,60821504,986.45654296875,0.21396861349769958,4610.286185638884,0.5911521965658255
4,model.layers.10,60821504,912.78466796875,0.19027377522328398,4797.217414210698,0.6151213824096893
4,model.layers.11,60821504,794.01220703125,0.16548769115623338,4798.013685994568,0.6152234840569937
4,model.layers.12,60821504,692.996826171875,0.14357837618703936,4826.60999919033,0.6188902354643179
4,model.layers.13,60821504,653.356689453125,0.13821023621186287,4727.267005401775,0.6061520177861043
4,model.layers.14,60821504,630.1748046875,0.13697769533042564,4600.565100524982,0.5899057141162137
4,model.layers.15,60821504,814.06591796875,0.2010090780232003,4049.8962831658337,0.5192964139872555
4,model.norm,2048,0.057861328125,0.001681721847243278,34.406003715684484,0.760272454402814
4,__whole_model__,1235814400,13939.554931640625,1.0025522169052783,13904.06873236972,0.3955171141190095
5,model.embed_tokens,262668288,322.0,0.24214378854615257,1329.7883952890531,0.08205002484930125
5,model.layers.0,60821504,1015.1240234375,0.31040195474698234,3270.353191766969,0.41933979692655293
5,model.layers.1,60821504,916.66259765625,0.6062891417091976,1511.9231643701792,0.19386577398173543
5,model.layers.2,60821504,867.98681640625,0.19789242034479076,4386.154936575865,0.5624130522117564
5,model.layers.3,60821504,877.4169921875,0.19051491543499333,4605.5028824600795,0.5905388593309703
5,model.layers.4,60821504,881.90869140625,0.18961016618453982,4651.167757260042,0.596394220572533
5,model.layers.5,60821504,913.51025390625,0.19953692212889315,4578.151472719207,0.5870317351967128
5,model.layers.6,60821504,941.88818359375,0.2036719268836418,4624.536125353459,0.5929793896779239
5,model.layers.7,60821504,941.501953125,0.21023655561452992,4478.298031343559,0.5742280655703572
5,model.layers.8,60821504,1009.1904296875,0.21823664211062918,4624.294160354237,0.5929483638077234
5,model.layers.9,60821504,993.5185546875,0.21320904424298845,4659.833067659242,0.5975053267100149
5,model.layers.10,60821504,920.6064453125,0.19002251000862022,4844.723108176697,0.6212127819902322
5,model.layers.11,60821504,790.566162109375,0.16223256723907908,4873.042297015078,0.6248439992319991
5,model.layers.12,60821504,685.6162109375,0.1413445257970755,4850.673961875401,0.6219758279474202
5,model.layers.13,60821504,645.916259765625,0.1336030715423688,4834.591393063813,0.6199136466648337
5,model.layers.14,60821504,616.917236328125,0.13086081649522657,4714.300681064667,0.6044894157686539
5,model.layers.15,60821504,793.0859375,0.20169608103846706,3932.0840217452924,0.5041899814759538
5,model.norm,2048,0.059326171875,0.0018650262528744836,31.80983205119132,0.7029046234938302
5,__whole_model__,1235814400,14133.47607421875,1.0052990604149739,14058.976707274194,0.3999236483765395
6,model.embed_tokens,262668288,346.0,0.2277983305753955,1518.8873383138457,0.0937177255369646
6,model.layers.0,60821504,972.51171875,0.3112098173128142,3124.9390753392418,0.4006941270317637
6,model.layers.1,60821504,874.71337890625,0.6159466102399997,1420.1123350048529,0.1820933652282598
6,model.layers.2,60821504,816.7236328125,0.18966354351489917,4306.170904944322,0.5521571301094662
6,model.layers.3,60821504,852.837890625,0.1907209957040626,4471.651836111055,0.5733758597088774
6,model.layers.4,60821504,867.0986328125,0.19038057853663218,4554.554038429171,0.5840059631400177
6,model.layers.5,60821504,893.0654296875,0.19871621321858646,4494.174960475591,0.5762638787830721
6,model.layers.6,60821504,929.75341796875,0.20400102093528363,4557.591985109235,0.5843955027001788
6,model.layers.7,60821504,936.14111328125,0.21124169484254893,4431.611448577953,0.5682416962126345
6,model.layers.8,60821504,990.318359375,0.2173875271757729,4555.543605656174,0.584132850022163
6,model.layers.9,60821504,963.5791015625,0.20841166486213428,4623.4413136132,0.5928390078580064
6,model.layers.10,60821504,894.531982421875,0.1848251060705028,4839.883506305954,0.6205922258769686
6,model.layers.11,60821504,776.26220703125,0.15981360977145662,4857.297248596995,0.6228250963737819
6,model.layers.12,60821504,681.48876953125,0.13992843003515226,4870.266673899287,0.6244880960113162
6,model.layers.13,60821504,650.166015625,0.13654513617606484,4761.546502737813,0.6105474933230666
6,model.layers.14,60821504,620.0458984375,0.13379531951578297,4634.286914381614,0.5942296809006681
6,model.layers.15,60821504,778.8759765625,0.19029859398594975,4092.91503551522,0.5248124771817874
6,model.norm,2048,0.055419921875,0.0015746499408632367,35.1950744332536,0.7777086186287159
6,__whole_model__,1235814400,13844.1689453125,1.0025907505378266,13808.39483895695,0.3927955609573042
7,model.embed_tokens,262668288,248.0,0.2028979352795234,1222.2894218136892,0.07541716997090481
7,model.layers.0,60821504,816.732421875,0.2996407256083646,2725.7056603930496,0.34950257390799344
7,model.layers.1,60821504,771.37646484375,0.6540319028762515,1179.4171835524378,0.15123032077625442
7,model.layers.2,60821504,762.45263671875,0.19397389090002246,3930.6972354940876,0.5040121613351736
7,model.layers.3,60821504,819.05078125,0.20130629106555226,4068.679507801815,0.5217048858380351
7,model.layers.4,60821504,825.15087890625,0.193923070146611,4255.042364389208,0.5456011923998918
7,model.layers.5,60821504,846.8701171875,0.19324033293648837,4382.470803679674,0.5619406556692582
7,model.layers.6,60821504,868.61669921875,0.19597473249099498,4432.28924554681,0.5683286064717447
7,model.layers.7,60821504,858.2431640625,0.2056831927042655,4172.646062026543,0.5350359577985518
7,model.layers.8,60821504,909.8681640625,0.20187141308898895,4507.166964058511,0.5779297735120714
7,model.layers.9,60821504,892.12060546875,0.20103195492777662,4437.70546721916,0.5690230994402442
7,model.layers.10,60821504,820.203857421875,0.17078512933545856,4802.548445601602,0.6158049518866798
7,model.layers.11,60821504,710.368408203125,0.14753821501345213,4814.809560616926,0.6173771287064689
7,model.layers.12,60821504,603.564697265625,0.12620816203634075,4782.295277319963,0.6132079970697742
7,model.layers.13,60821504,552.265869140625,0.12263154960992943,4503.4566626393525,0.5774540215206464
7,model.layers.14,60821504,509.393798828125,0.11474144612042686,4439.492581377185,0.5692522514749533
7,model.layers.15,60821504,660.613037109375,0.17513284347486477,3772.0682426091416,0.48367201892165756
7,model.norm,2048,0.050537109375,0.001477608179624136,34.201969149802146,0.7557638848674435
7,__whole_model__,1235814400,12474.942138671875,0.9997134124684892,12478.51832643596,0.35496570478416745
8,model.embed_tokens,262668288,336.0,0.22541447518235921,1490.58750432144,0.09197158149590215
8,model.layers.0,60821504,1018.201171875,0.3151276380089985,3231.075440758151,0.41430342220921845
8,model.layers.1,60821504,923.04248046875,0.6196088291904274,1489.7180882247676,0.19101853651973988
8,model.layers.2,60821504,845.9794921875,0.19671355246990804,4300.565373180948,0.5514383629263876
8,model.layers.3,60821504,862.21337890625,0.19092535271376346,4515.971119869481,0.5790586830497862
8,model.layers.4,60821504,870.71630859375,0.1894225467128973,4596.687795109584,0.5894085481007483
8,model.layers.5,60821504,886.63525390625,0.19680457645999394,4505.1556719591,0.5776718763459028
8,model.layers.6,60821504,912.12158203125,0.20094757893758702,4539.102122322901,0.5820246470612404
8,model.layers.7,60821504,902.81640625,0.20660737261533235,4369.720183852732,0.5603057122807649
8,model.layers.8,60821504,951.11328125,0.2088380809531912,4554.30962068255,0.5839746227672131
8,model.layers.9,60821504,935.43798828125,0.20150065929486227,4642.356960789861,0.5952644595388108
8,model.layers.10,60821504,875.087158203125,0.18207702255701777,4806.13723749294,0.6162651233650125
8,model.layers.11,60821504,776.439453125,0.15952852856679559,4867.088414219906,0.6240805648700661
8,model.layers.12,60821504,681.73828125,0.1391856281972858,4898.0508266534825,0.6280507084542327
8,model.layers.13,60821504,652.4150390625,0.13457631636602405,4847.9186879216195,0.6216225339903134
8,model.layers.14,60821504,625.92333984375,0.13271902545076775,4716.15382736469,0.6047270347497117
8,model.layers.15,60821504,798.572021484375,0.19332464889768222,4130.730489038789,0.5296613493590125
8,model.norm,2048,0.053955078125,0.0015404342294598132,35.025888865064054,0.773970110424162
8,__whole_model__,1235814400,13854.506591796875,1.0010755293152636,13839.621672975432,0.3936838439133077
9,model.embed_tokens,262668288,336.0,0.23554158750454338,1426.499683388263,0.08801726265936145
9,model.layers.0,60821504,846.232421875,0.2916437324552142,2901.5964606918146,0.37205610502635
9,model.layers.1,60821504,785.6884765625,0.6114299468910322,1285.0016270179906,0.1647688459706925
9,model.layers.2,60821504,769.94677734375,0.17989050669897988,4280.085655838092,0.5488123589420821
9,model.layers.3,60821504,842.080078125,0.18960940905249643,4441.130228362542,0.5694622381381693
9,model.layers.4,60821504,878.5341796875,0.19441139543468994,4518.9438495781615,0.5794398601885411
9,model.layers.5,60821504,910.76806640625,0.2027967078192678,4491.039702764432,0.5758618615528782
9,model.layers.6,60821504,943.63623046875,0.2074848524792415,4547.976486925277,0.583162559094589
9,model.layers.7,60821504,938.39501953125,0.21452535856746532,4374.284820207572,0.5608910110451004
9,model.layers.8,60821504,986.87353515625,0.21675291958167867,4552.988430609665,0.5838052136715044
9,model.layers.9,60821504,962.07373046875,0.21110497087497576,4557.323906117426,0.5843611283731891
9,model.layers.10,60821504,894.5908203125,0.187964224621095,4759.367491956771,0.6102680904925945
9,model.layers.11,60821504,777.1357421875,0.1624976631835919,4782.44257155552,0.6132268838172309
9,model.layers.12,60821504,666.85986328125,0.13905104775564717,4795.791718542929,0.6149385731237362
9,model.layers.13,60821504,636.9189453125,0.13521988317114364,4710.24623284411,0.6039695356842221
9,model.layers.14,60821504,613.8232421875,0.1331901931564613,4608.621908569718,0.590938795270219
9,model.layers.15,60821504,805.87646484375,0.19975829955240731,4034.25773371847,0.5172911669191429
9,model.norm,2048,0.05908203125,0.00170150411918673,34.723413586703224,0.767286287909467
9,__whole_model__,1235814400,13595.49267578125,0.9996183702215652,13600.683101459823,0.3868869633687258
10,model.embed_tokens,262668288,348.0,0.23381898412862775,1488.3308183759764,0.09183234044179285
10,model.layers.0,60821504,815.513671875,0.25275370336894504,3226.515224129449,0.4137186901625896
10,model.layers.1,60821504,764.9150390625,0.5909780460943023,1294.3205659122618,0.1659637633739052
10,model.layers.2,60821504,769.7490234375,0.17838241419564374,4315.162046149155,0.5533100157783488
10,model.layers.3,60821504,833.02197265625,0.18748438932151087,4443.1537776072,0.5697217069721356
10,model.layers.4,60821504,897.29150390625,0.19298211585004652,4649.609628093596,0.59619443005147
10,model.layers.5,60821504,945.95361328125,0.20660321096485765,4578.600733568235,0.5870893414985864
10,model.layers.6,60821504,989.70361328125,0.21653834209864517,4570.569829293259,0.5860595818456281
10,model.layers.7,60821504,999.9736328125,0.2260489919375353,4423.703128429899,0.5672276548628307
10,model.layers.8,60821504,1064.2021484375,0.23253658577163727,4576.493393098153,0.5868191285665386
10,model.layers.9,60821504,1038.0986328125,0.22773591428642653,4558.343975148642,0.5844919263376042
10,model.layers.10,60821504,952.86376953125,0.19932122061266225,4780.5435196633425,0.6129833786090402
10,model.layers.11,60821504,820.7041015625,0.17068132180953702,4808.40019787474,0.6165552906011832
10,model.layers.12,60821504,711.943359375,0.15081882140009958,4720.520640367038,0.6052869676897472
10,model.layers.13,60821504,672.0458984375,0.1458294431217594,4608.437665611734,0.5909151707868511
10,model.layers.14,60821504,642.795654296875,0.1410177539045872,4558.260477838779,0.5844812199267339
10,model.layers.15,60821504,828.446044921875,0.20712943287654798,3999.653904404983,0.512854104037455
10,model.norm,2048,0.058837890625,0.0016827269156926609,34.96579871415473,0.7726422931369585
10,__whole_model__,1235814400,14095.280517578125,0.9971446363378805,14135.642918708903,0.40210450631681277
11,model.embed_tokens,262668288,332.0,0.22492121734469994,1476.0723951231241,0.09107597654504584
11,model.layers.0,60821504,783.88671875,0.24870534933541966,3151.8691529742737,0.404147226016644
11,model.layers.1,60821504,726.71826171875,0.600621551827536,1209.943698336389,0.15514457154971942
11,model.layers.2,60821504,732.42431640625,0.16904939194964969,4332.605447196154,0.5555466892578899
11,model.layers.3,60821504,815.5087890625,0.18016951986963028,4526.341579045101,0.5803884312420265
11,model.layers.4,60821504,873.90869140625,0.18772416975905254,4655.280630767621,0.5969215922172209
11,model.layers.5,60821504,929.59228515625,0.20684514851875338,4494.145943538867,0.5762601580973724
11,model.layers.6,60821504,976.0185546875,0.21614333031555133,4515.608014656727,0.579012124021678
11,model.layers.7,60821504,984.40283203125,0.22814987080575452,4314.720094097116,0.5532533466441955
11,model.layers.8,60821504,1043.70166015625,0.23319133539363845,4475.730877369137,0.5738988932262129
11,model.layers.9,60821504,1020.40673828125,0.22919103722713347,4452.210481817419,0.5708829994325031
11,model.layers.10,60821504,943.1640625,0.19883111515889598,4743.543593497779,0.6082390771178051
11,model.layers.11,60821504,830.8994140625,0.1764129653229423,4709.967958088863,0.603933854009335
11,model.layers.12,60821504,731.76611328125,0.15419727854880416,4745.648692169639,0.6085090025961267
11,model.layers.13,60821504,704.61474609375,0.15808625992836078,4457.1536224151105,0.5715168317597371
11,model.layers.14,60821504,667.806640625,0.14421381677233727,4630.670316972687,0.5937659440703947
11,model.layers.15,60821504,844.0732421875,0.20671304034686316,4083.3091166921567,0.5235807618861131
11,model.norm,2048,0.057861328125,0.0016629969174180258,34.79340672190522,0.7688329323012745
11,__whole_model__,1235814400,13940.950927734375,1.0004425537119837,13934.784037332964,0.3963908460468491
12,model.embed_tokens,262668288,330.0,0.22247755676833952,1483.2956851626207,0.09152166484352553
12,model.layers.0,60821504,987.6806640625,0.30928747835466003,3193.4065656868474,0.40947334499840876
12,model.layers.1,60821504,899.7802734375,0.6332877758479862,1420.8078976933898,0.18218255349003384
12,model.layers.2,60821504,830.283203125,0.19278350783989595,4306.8165551512775,0.5522399183622311
12,model.layers.3,60821504,848.5302734375,0.19232676302039264,4411.9199018990885,0.5657167551126113
12,model.layers.4,60821504,833.46875,0.18453555915843622,4516.575308309066,0.5791361548831646
12,model.layers.5,60821504,845.68212890625,0.1879519859197205,4499.458331169027,0.5769413369852169
12,model.layers.6,60821504,877.8662109375,0.19256006052366556,4558.921556994476,0.5845659865505959
12,model.layers.7,60821504,884.68212890625,0.19945319936375538,4435.537417942338,0.568745102144491
12,model.layers.8,60821504,945.99560546875,0.20924063460402598,4521.08935369549,0.5797149666397741
12,model.layers.9,60821504,935.0654296875,0.2047501007364166,4566.861878574843,0.5855841312719138
12,model.layers.10,60821504,886.21630859375,0.183110825490082,4839.781079146252,0.6205790921932864
12,model.layers.11,60821504,775.0146484375,0.1598265479332701,4849.098341040813,0.6217737945638476
12,model.layers.12,60821504,683.361083984375,0.13940887276610894,4901.847855343278,0.6285375810170224
12,model.layers.13,60821504,643.168212890625,0.13180897498944968,4879.5479438490875,0.6256781833284194
12,model.layers.14,60821504,611.126220703125,0.12945133931830724,4720.895310325294,0.6053350096029587
12,model.layers.15,60821504,754.874755859375,0.18622169990529033,4053.6347603060944,0.5197757787998262
12,model.norm,2048,0.052978515625,0.0014915717835025067,35.51858261933323,0.7848572071332865
12,__whole_model__,1235814400,13572.848876953125,0.9998144520331884,13575.367758839497,0.38616683953671294
13,model.embed_tokens,262668288,318.0,0.21175682809330332,1501.722531751771,0.09265863011250383
13,model.layers.0,60821504,833.9580078125,0.27242598929840034,3061.2277850591877,0.39252477101381883
13,model.layers.1,60821504,785.1103515625,0.6404720181078403,1225.8308393893112,0.15718169418211508
13,model.layers.2,60821504,765.33837890625,0.19059727938409549,4015.4737852470844,0.5148826022548432
13,model.layers.3,60821504,804.66455078125,0.1939527263496406,4148.766382023798,0.531973994892456
13,model.layers.4,60821504,809.90673828125,0.18854089347100333,4295.655565066099,0.5508088046441164
13,model.layers.5,60821504,843.185546875,0.19194566475923613,4392.834544779304,0.5632695424387542
13,model.layers.6,60821504,891.81494140625,0.20347527076586006,4382.915614509567,0.5619976913691169
13,model.layers.7,60821504,896.2724609375,0.21876707709525886,4096.925702157786,0.5253267433899962
13,model.layers.8,60821504,944.93017578125,0.213281458945017,4430.437509454813,0.5680911683140758
13,model.layers.9,60821504,916.99951171875,0.2085920372097422,4396.138625352674,0.5636932069163875
13,model.layers.10,60821504,847.2744140625,0.17985761143965742,4710.806550140149,0.6040413821568683
13,model.layers.11,60821504,739.753662109375,0.1573596576757821,4701.037566016669,0.6027887578749308
13,model.layers.12,60821504,644.9814453125,0.134081374638709,4810.373156230271,0.6168082724375902
13,model.layers.13,60821504,617.97412109375,0.1316729900872885,4693.248939543967,0.6017900642012254
13,model.layers.14,60821504,595.60693359375,0.12897975684629268,4617.832659612971,0.5921198403272919
13,model.layers.15,60821504,761.806640625,0.18694247226792263,4075.085941589519,0.5225263483792439
13,model.norm,2048,0.050537109375,0.001420045154974237,35.5883819595278,0.7863995692199719
13,__whole_model__,1235814400,13017.62841796875,0.9989342340011673,13031.516965663966,0.37069638262453247
14,model.embed_tokens,262668288,336.0,0.23280144799644895,1443.2899919296258,0.0890532509699278
14,model.layers.0,60821504,926.580078125,0.28359521388496334,3267.262749014005,0.4189435260773665
14,model.layers.1,60821504,844.64599609375,0.6031658388149371,1400.3544991096612,0.1795599242186295
14,model.layers.2,60821504,812.2958984375,0.19212492424780592,4227.956896367008,0.5421281685415869
14,model.layers.3,60821504,847.6796875,0.19278335380693842,4397.058515482115,0.5638111594791397
14,model.layers.4,60821504,873.14404296875,0.19337406804971197,4515.310929613815,0.5789740304047933
14,model.layers.5,60821504,907.4365234375,0.20231447943299227,4485.277207942243,0.57512296784115
14,model.layers.6,60821504,941.44384765625,0.20996028211861792,4483.91399628801,0.57494817054412
14,model.layers.7,60821504,951.20458984375,0.218254090213899,4358.244048995948,0.5588341892439073
14,model.layers.8,60821504,1005.45166015625,0.22442397287245738,4480.143753304194,0.5744647325683145
14,model.layers.9,60821504,968.51953125,0.21593065284566537,4485.32674025786,0.5751293191035226
14,model.layers.10,60821504,888.97216796875,0.18883834334833563,4707.582963322926,0.6036280389605699
14,model.layers.11,60821504,762.3935546875,0.1627251751093759,4685.160450281011,0.6007529207350368
14,model.layers.12,60821504,656.9833984375,0.13815068108322892,4755.556710152591,0.6097794544419322
14,model.layers.13,60821504,632.10400390625,0.1345299110929546,4698.613109686012,0.6024778828820051
14,model.layers.14,60821504,614.664306640625,0.1353601446545162,4540.954859419302,0.5822622135723189
14,model.layers.15,60821504,806.7568359375,0.20337241069028572,3966.894197689891,0.5086535030761081
14,model.norm,2048,0.058837890625,0.0016904904209250596,34.80521977332655,0.7690939663252284
14,__whole_model__,1235814400,13776.3349609375,0.999276280109947,13786.31238942421,0.3921674004612666
15,model.embed_tokens,262668288,344.0,0.23191998893589238,1483.2701638972953,0.09152009014151913
15,model.layers.0,60821504,809.15234375,0.27722289587810867,2918.778916824294,0.3742593189432542
15,model.layers.1,60821504,752.97412109375,0.5821500101237085,1293.4365850715023,0.1658504152660665
15,model.layers.2,60821504,759.81494140625,0.17921539930641067,4239.674404916334,0.5436306416285702
15,model.layers.3,60821504,834.27587890625,0.18724276602750128,4455.584034598783,0.5713155719576417
15,model.layers.4,60821504,885.1484375,0.19398305732887325,4563.019315647474,0.5850914200987912
15,model.layers.5,60821504,945.3974609375,0.2140587366575859,4416.532937171273,0.5663082598097562
15,model.layers.6,60821504,994.01513671875,0.2223442381926743,4470.613427173128,0.5732427101168844
15,model.layers.7,60821504,1008.162109375,0.23343378254467814,4318.835510374521,0.5537810443345795
15,model.layers.8,60821504,1051.515625,0.23315541040256985,4509.9344818309655,0.5782846374281809
15,model.layers.9,60821504,1008.46875,0.22530783526767598,4475.95951912588,0.5739282107287026
15,model.layers.10,60821504,922.60302734375,0.1944525463620101,4744.617875181488,0.6083768264790126
15,model.layers.11,60821504,785.6962890625,0.1657682998082548,4739.7258098883785,0.6077495432633254
15,model.layers.12,60821504,674.55810546875,0.14334381720446,4705.875137304226,0.6034090536174361
15,model.layers.13,60821504,637.9775390625,0.1402952192721545,4547.393292318155,0.5830877791874112
15,model.layers.14,60821504,618.234375,0.13763412630999075,4491.868343811493,0.5759681137366712
15,model.layers.15,60821504,823.59814453125,0.21110211972805698,3901.4205333049904,0.5002581673073843
15,model.norm,2048,0.05908203125,0.0017423529277526383,33.90933622512779,0.7492975496975782
15,__whole_model__,1235814400,13855.6513671875,0.9991253188103363,13867.781254593263,0.3944848753718443
16,model.embed_tokens,262668288,344.0,0.2271834529348332,1514.1947864428103,0.09342818774359156
16,model.layers.0,60821504,867.86328125,0.2668102021825303,3252.736492648347,0.4170809023675442
16,model.layers.1,60821504,813.1953125,0.6152341953020222,1321.7654654270275,0.16948287519894126
16,model.layers.2,60821504,790.44677734375,0.18432951819148644,4288.2267859161475,0.54985625225681
16,model.layers.3,60821504,833.7265625,0.18784058657066746,4438.479338895931,0.5691223288423166
16,model.layers.4,60821504,862.65380859375,0.18909620193787663,4561.983793186686,0.5849586406242339
16,model.layers.5,60821504,904.6923828125,0.20087133652340258,4503.840112136151,0.5775031891868556
16,model.layers.6,60821504,939.3115234375,0.20914873148922042,4491.117477735754,0.5758718342190605
16,model.layers.7,60821504,937.82861328125,0.2178384454683345,4305.156563456908,0.5520270665571817
16,model.layers.8,60821504,991.69580078125,0.21964696908260092,4514.953267615137,0.5789281693307444
16,model.layers.9,60821504,964.509765625,0.21648674171538201,4455.28330272093,0.5712770107267306
16,model.layers.10,60821504,903.095703125,0.1886912042890142,4786.103870224645,0.6136963524496292
16,model.layers.11,60821504,786.3955078125,0.16513255160564874,4762.207694158827,0.6106322743421062
16,model.layers.12,60821504,692.801513671875,0.14199827538749893,4878.9431546354335,0.625600634461014
16,model.layers.13,60821504,668.6689453125,0.14309532820009163,4672.891517307215,0.5991797414604895
16,model.layers.14,60821504,638.74658203125,0.13719083513806915,4655.898343270628,0.5970007981684992
16,model.layers.15,60821504,822.70556640625,0.20500560526502196,4013.088156017459,0.5145767058522125
16,model.norm,2048,0.06005859375,0.0017422105485527212,34.47263810903425,0.7617448803839975
16,__whole_model__,1235814400,13762.397705078125,0.9986760724365916,13780.642277230421,0.39200610764440946
17,model.embed_tokens,262668288,302.0,0.22212412474904727,1359.6001800398556,0.08388945861806539
17,model.layers.0,60821504,910.90234375,0.33545705738497933,2715.406707644921,0.3481819946002817
17,model.layers.1,60821504,818.34326171875,0.6160524369844839,1328.3662438289505,0.1703292575045552
17,model.layers.2,60821504,775.1376953125,0.18991780880500722,4081.437650264546,0.5233407938136477
17,model.layers.3,60821504,815.1376953125,0.18395844196203157,4431.09697287359,0.5681757277606844
17,model.layers.4,60821504,823.6396484375,0.18294133699934095,4502.206346291583,0.5772937001814443
17,model.layers.5,60821504,860.18212890625,0.19372005477895493,4440.335978057431,0.5693603956942118
17,model.layers.6,60821504,895.75732421875,0.19937924667617338,4492.731009630184,0.5760787287338941
17,model.layers.7,60821504,908.74658203125,0.21055983390544938,4315.859132180533,0.5533993993701807
17,model.layers.8,60821504,962.623046875,0.21213716560557003,4537.738798041736,0.5818498353226648
17,model.layers.9,60821504,934.06591796875,0.20759953916452645,4499.3641205941485,0.5769292568700057
17,model.layers.10,60821504,863.517578125,0.18346233921501962,4706.783865395661,0.6035255749321013
17,model.layers.11,60821504,741.1943359375,0.1567407235243289,4728.7923602219025,0.6063476058290482
17,model.layers.12,60821504,638.793701171875,0.13541067070511936,4717.454672113404,0.6048938350739494
17,model.layers.13,60821504,591.969970703125,0.13097766484862425,4519.625322281373,0.5795272417672939
17,model.layers.14,60821504,571.861328125,0.12771639379506733,4477.587497832142,0.5741369576805007
17,model.layers.15,60821504,747.373046875,0.19327876635395358,3866.8140374319614,0.4958207625071111
17,model.norm,2048,0.054931640625,0.0015848478319109862,34.66051410043842,0.7658963924947486
17,__whole_model__,1235814400,13161.300537109375,1.0009349982639226,13149.006239103506,0.3740384991851737
18,model.embed_tokens,262668288,346.0,0.22899566668102356,1510.9456218748282,0.09322770920543702
18,model.layers.0,60821504,821.4228515625,0.25821788394277234,3181.123007516196,0.407898290413545
18,model.layers.1,60821504,763.79296875,0.6034633138431278,1265.6825215866402,0.1622916610082915
18,model.layers.2,60821504,760.2548828125,0.17869493401523456,4254.4848123544725,0.5455297005018268
18,model.layers.3,60821504,834.21533203125,0.18738028744408625,4451.990886609017,0.5708548419202413
18,model.layers.4,60821504,872.59130859375,0.19180433653887116,4549.38258612787,0.5833428556312319
18,model.layers.5,60821504,918.94677734375,0.2058025104714895,4465.187403392024,0.5725469602767096
18,model.layers.6,60821504,968.70458984375,0.21432194358806855,4519.8572466551595,0.5795569801821081
18,model.layers.7,60821504,974.390625,0.22265781328685186,4376.179800816982,0.5611339942146033
18,model.layers.8,60821504,1031.01318359375,0.226534318457423,4551.244997289576,0.5835816625956629
18,model.layers.9,60821504,997.95556640625,0.2183964603749933,4569.467676777958,0.5859182587576167
18,model.layers.10,60821504,931.791015625,0.1966092329107685,4739.304466173749,0.6076955166254157
18,model.layers.11,60821504,807.77392578125,0.16750554066196494,4822.3713829943135,0.6183467405111238
18,model.layers.12,60821504,707.369140625,0.14587086851737735,4849.283121535211,0.6217974879726184
18,model.layers.13,60821504,683.427490234375,0.1449261043836168,4715.696272531791,0.6046683649549037
18,model.layers.14,60821504,653.513916015625,0.14022519482943724,4660.460032239755,0.5975857190054202
18,model.layers.15,60821504,839.586181640625,0.20989757924246402,3999.9802983471936,0.5128959557768297
18,model.norm,2048,0.05908203125,0.001713476360410484,34.48079740991944,0.7619251771647992
18,__whole_model__,1235814400,13912.808837890625,0.9983555062363036,13935.726052476504,0.3964176427434277
19,model.embed_tokens,262668288,298.0,0.23181795148489553,1285.4914733357768,0.0793168354487246
19,model.layers.0,60821504,866.0009765625,0.28509613900773934,3037.5752529535,0.3894919340606215
19,model.layers.1,60821504,804.31591796875,0.5973492524405346,1346.475139430795,0.17265126377083823
19,model.layers.2,60821504,795.171875,0.20755478590163126,3831.1420839838624,0.491246739813612
19,model.layers.3,60821504,838.4140625,0.20220571744330237,4146.342017925817,0.5316631317260303
19,model.layers.4,60821504,861.275390625,0.19352837247404092,4450.383060708723,0.5706486790543404
19,model.layers.5,60821504,908.7578125,0.20562305064420813,4419.532779291529,0.5666929134271963
19,model.layers.6,60821504,957.6435546875,0.21520903607250272,4449.829673345478,0.570577721169697
19,model.layers.7,60821504,963.63916015625,0.22458683970186777,4290.71962291046,0.5501758953343826
19,model.layers.8,60821504,1002.3798828125,0.2241073592835672,4472.766472359215,0.5735187835187971
19,model.layers.9,60821504,960.01025390625,0.21288308270645767,4509.565728292268,0.5782373541456222
19,model.layers.10,60821504,871.900390625,0.1851511454415759,4709.127715875387,0.603826114270381
19,model.layers.11,60821504,738.06201171875,0.15904783893622773,4640.503238869441,0.5950267667490461
19,model.layers.12,60821504,623.109130859375,0.13533801015426475,4604.09555415456,0.5903584051930714
19,model.layers.13,60821504,584.404052734375,0.12705575463798002,4599.587436236301,0.5897803534838177
19,model.layers.14,60821504,568.494873046875,0.12894165042072808,4408.931258378606,0.5653335374313774
19,model.layers.15,60821504,757.132568359375,0.19840936965073103,3816.0121656159163,0.48930671177263396
19,model.norm,2048,0.056396484375,0.001614394082514433,34.93353016207913,0.7719292521372169
19,__whole_model__,1235814400,13398.768310546875,0.9989368057298569,13413.028966088885,0.3815489271792455
20,model.embed_tokens,262668288,348.0,0.22930878148530096,1517.6043313557416,0.09363856199999346
20,model.layers.0,60821504,814.7724609375,0.2874648501305965,2834.337695782094,0.3634318754202706
20,model.layers.1,60821504,751.4111328125,0.5991102683715012,1254.211741112337,0.1608208245350957
20,model.layers.2,60821504,758.69287109375,0.177442158654943,4275.719349025261,0.5482524909080053
20,model.layers.3,60821504,834.36474609375,0.1874137498298466,4451.993233427493,0.5708551428401497
20,model.layers.4,60821504,875.08740234375,0.19041706458977345,4595.635397641497,0.589273604834784
20,model.layers.5,60821504,921.1416015625,0.20580757198161337,4475.742037541718,0.573900324235107
20,model.layers.6,60821504,964.70947265625,0.2141119604719175,4505.630935002248,0.5777328167692498
20,model.layers.7,60821504,969.02392578125,0.22054477095884956,4393.774205429046,0.5633900300689693
20,model.layers.8,60821504,1019.5712890625,0.2243850456703854,4543.8468772122105,0.5826330414563039
20,model.layers.9,60821504,982.20068359375,0.2184880967019704,4495.4425363205255,0.5764264132147481
20,model.layers.10,60821504,906.099609375,0.18978980455299133,4774.227000808188,0.6121734453759351
20,model.layers.11,60821504,789.01806640625,0.16642902284178165,4740.868226789641,0.6078960292369465
20,model.layers.12,60821504,682.49072265625,0.14388522325540531,4743.2996051636665,0.6082077918062563
20,model.layers.13,60821504,650.10546875,0.1383939310140399,4697.499839671781,0.6023351342569125
20,model.layers.14,60821504,621.732421875,0.13579202363699144,4578.563638885431,0.5870845850469611
20,model.layers.15,60821504,815.21044921875,0.20482858019957242,3979.9643605616893,0.5103294197502628
20,model.norm,2048,0.060546875,0.001741581970399378,34.76544660491372,0.7682150951660415
20,__whole_model__,1235814400,13703.69287109375,0.9979570258396181,13731.746474317697,0.3906152106895095
21,model.embed_tokens,262668288,340.0,0.23053805069047084,1474.8107697696157,0.0909981322865363
21,model.layers.0,60821504,801.0009765625,0.2689819762718625,2977.8983248785457,0.38183988260539903
21,model.layers.1,60821504,754.4296875,0.5651212187327815,1334.9873664126799,0.17117824843516066
21,model.layers.2,60821504,754.8876953125,0.17538945141513293,4304.065547965827,0.5518871715098745
21,model.layers.3,60821504,838.34130859375,0.18362812895167713,4565.4296723481,0.5854004871720069
21,model.layers.4,60821504,894.60205078125,0.19316999271177976,4631.164697076141,0.5938293357715447
21,model.layers.5,60821504,963.48291015625,0.21473784771124113,4486.786658362384,0.5753165165484412
21,model.layers.6,60821504,1018.53759765625,0.22420683611229492,4542.84809204529,0.582504972607311
21,model.layers.7,60821504,1027.91357421875,0.23337393979643636,4404.577371043921,0.5647752618801726
21,model.layers.8,60821504,1088.8486328125,0.23860663414783606,4563.36277782566,0.5851354604062463
21,model.layers.9,60821504,1061.9130859375,0.23093575999303761,4598.305112943596,0.589615928066248
21,model.layers.10,60821504,966.5498046875,0.20370852219710958,4744.768624614834,0.6083961562678945
21,model.layers.11,60821504,833.46337890625,0.1765291413307293,4721.392584948607,0.605398772452819
21,model.layers.12,60821504,726.69775390625,0.15303393167936366,4748.605397062041,0.6088881249588958
21,model.layers.13,60821504,688.67724609375,0.1483886323106711,4641.03776259568,0.5950953058509931
21,model.layers.14,60821504,658.3740234375,0.14442940554563763,4558.448613357085,0.5845053435321719
21,model.layers.15,60821504,861.841796875,0.21603850565246763,3989.2971591898063,0.5115261143125881
21,model.norm,2048,0.058837890625,0.0016820311630389526,34.9802619106632,0.7729618876472326
21,__whole_model__,1235814400,14279.620361328125,0.9966940191193897,14326.985100145996,0.40754745318854735
22,model.embed_tokens,262668288,304.0,0.22236528961119034,1367.119843800934,0.08435343363893386
22,model.layers.0,60821504,1060.357421875,0.32570910318149127,3255.5351125207844,0.41743975433862096
22,model.layers.1,60821504,921.6728515625,0.651872345198827,1413.8854920764916,0.18129493065683613
22,model.layers.2,60821504,825.537109375,0.19380140950252706,4259.706425738021,0.5461992398963481
22,model.layers.3,60821504,813.15380859375,0.18761543361347985,4334.152009418303,0.5557449966119098
22,model.layers.4,60821504,810.5029296875,0.17869441636143465,4535.6925313667525,0.5815874535548162
22,model.layers.5,60821504,832.109375,0.1829582911859449,4548.082350388304,0.5831761333969611
22,model.layers.6,60821504,860.1142578125,0.18915070501432898,4547.243203493968,0.5830685341048881
22,model.layers.7,60821504,868.87890625,0.1980169157609792,4387.902432026564,0.5626371241527539
22,model.layers.8,60821504,921.919921875,0.20279419970695237,4546.086245105727,0.5829201835546176
22,model.layers.9,60821504,902.3134765625,0.19737856919314756,4571.4865613375105,0.5861771294641055
22,model.layers.10,60821504,838.954345703125,0.17469920273062192,4802.279189543605,0.6157704266308249
22,model.layers.11,60821504,733.02783203125,0.15127724595298994,4845.592127312006,0.6213242116390674
22,model.layers.12,60821504,642.73095703125,0.13159774117748546,4884.057669078079,0.6262564411344816
22,model.layers.13,60821504,607.966796875,0.1288712126083603,4717.630761515464,0.6049164140707033
22,model.layers.14,60821504,571.810302734375,0.12168935426055955,4698.93448123673,0.6025190906271366
22,model.layers.15,60821504,721.928466796875,0.17776542766330886,4061.1297499546504,0.5207368210031895
22,model.norm,2048,0.051513671875,0.0014748513948979103,34.92804227816172,0.7718079858893307
22,__whole_model__,1235814400,13237.0302734375,1.0037171575735315,13188.008368251656,0.37514795929085193
23,model.embed_tokens,262668288,340.0,0.22603315141052943,1504.2041305811815,0.09281174864349753
23,model.layers.0,60821504,813.8984375,0.25684816505648156,3168.7921045533717,0.40631716506067206
23,model.layers.1,60821504,765.80078125,0.5783609706707258,1324.0879313863452,0.16978067251520695
23,model.layers.2,60821504,758.259765625,0.17608010069029606,4306.334234546405,0.5521780729857104
23,model.layers.3,60821504,825.38720703125,0.18235022900696796,4526.3842635465535,0.5803939044460267
23,model.layers.4,60821504,886.701171875,0.19294706004860837,4595.567155320309,0.5892648544890475
23,model.layers.5,60821504,946.96142578125,0.21352471844084084,4434.903053360612,0.5686637609867383
23,model.layers.6,60821504,997.78857421875,0.22195231176008512,4495.508815863515,0.5764349118839951
23,model.layers.7,60821504,1009.54150390625,0.23293694393981101,4333.969042571054,0.5557215357573566
23,model.layers.8,60821504,1075.64990234375,0.23852920446245035,4509.510291487517,0.5782302457823709
23,model.layers.9,60821504,1049.72412109375,0.22954360366205898,4573.092451049891,0.586383044063046
23,model.layers.10,60821504,972.609375,0.20638505096930632,4712.596045266122,0.6042708394902889
23,model.layers.11,60821504,837.658203125,0.17595024071710946,4760.7675881033665,0.6104476172896601
23,model.layers.12,60821504,727.4501953125,0.15513151778795972,4689.248230696805,0.6012770748275533
23,model.layers.13,60821504,692.93359375,0.15443649935802312,4486.851208298911,0.575324793439556
23,model.layers.14,60821504,662.6328125,0.14654922248900307,4521.571668861794,0.5797768113189365
23,model.layers.15,60821504,855.2646484375,0.21351398971569974,4005.6609385469797,0.5136243537106637
23,model.norm,2048,0.058349609375,0.001672950126323804,34.87827189637707,0.7707082054373878
23,__whole_model__,1235814400,14218.320068359375,1.0001434141043677,14216.28125311602,0.4043983558313664
24,model.embed_tokens,262668288,352.0,0.23113442316440197,1522.9233066232996,0.09396675109716263
24,model.layers.0,60821504,864.1484375,0.27470869349280996,3145.690172788862,0.40335492862727135
24,model.layers.1,60821504,797.73828125,0.6032337029229095,1322.436523994992,0.1695689214291541
24,model.layers.2,60821504,774.89892578125,0.1822959400755814,4250.77445751107,0.5450539416600985
24,model.layers.3,60821504,828.71630859375,0.18454277066494804,4490.646290871778,0.575811416462241
24,model.layers.4,60821504,872.82958984375,0.18744078680390153,4656.561705307472,0.59708585751393
24,model.layers.5,60821504,927.57861328125,0.207697063206831,4466.016991090236,0.5726533338444872
24,model.layers.6,60821504,971.0771484375,0.21520019865202117,4512.4361153947275,0.5786054084425329
24,model.layers.7,60821504,968.6494140625,0.2201794505426283,4399.363390522053,0.5641067012064438
24,model.layers.8,60821504,1018.25634765625,0.22495071199370933,4526.575349024569,0.5804184063089289
24,model.layers.9,60821504,995.3916015625,0.21968081451301766,4531.081167779975,0.5809961632088981
24,model.layers.10,60821504,913.03662109375,0.19349747608616438,4718.597056465868,0.6050403168740133
24,model.layers.11,60821504,792.0751953125,0.16695686698601664,4744.190578149983,0.6083220364793055
24,model.layers.12,60821504,685.489013671875,0.1424629756315214,4811.699395110792,0.6169783289147419
24,model.layers.13,60821504,657.79443359375,0.13924881630029443,4723.878098720751,0.6057174765130082
24,model.layers.14,60821504,635.790283203125,0.13766743881371246,4618.305451759423,0.5921804639208477
24,model.layers.15,60821504,829.587646484375,0.20809246065619308,3986.63000028149,0.5111841188737468
24,model.norm,2048,0.059814453125,0.0017177423767228799,34.821550621062514,0.7694548304869981
24,__whole_model__,1235814400,13885.11767578125,0.9996254285004312,13890.320593995633,0.39512603262201096
25,model.embed_tokens,262668288,330.0,0.2271646685717649,1452.6906938248094,0.08963328898712904
25,model.layers.0,60821504,886.3896484375,0.2807781630862573,3156.903794420772,0.4047927910054922
25,model.layers.1,60821504,841.77392578125,0.6073389721045946,1386.0034749034373,0.1777197695859507
25,model.layers.2,60821504,832.97265625,0.19686360746433265,4231.217069416532,0.5425462029936376
25,model.layers.3,60821504,860.8837890625,0.19918981162364702,4321.92681967625,0.5541774262966523
25,model.layers.4,60821504,876.2158203125,0.1925967528981381,4549.483867861049,0.5833558424430326
25,model.layers.5,60821504,910.12548828125,0.20368583967916573,4468.280611528163,0.5729435857161043
25,model.layers.6,60821504,949.26708984375,0.2081331543367281,4560.864379674844,0.5848151042514914
25,model.layers.7,60821504,952.45654296875,0.21632530109062867,4402.890175891732,0.5645589219220679
25,model.layers.8,60821504,1001.8173828125,0.22014485745115006,4550.718987541202,0.5835142151952967
25,model.layers.9,60821504,976.265625,0.2157933121762799,4524.077299497105,0.580098094856271
25,model.layers.10,60821504,891.46435546875,0.18667665744409725,4775.446312754505,0.6123297911875268
25,model.layers.11,60821504,766.7529296875,0.16045016407721008,4778.760645695143,0.6127547702710622
25,model.layers.12,60821504,655.8623046875,0.13879099112257734,4725.539456002991,0.6059305034200441
25,model.layers.13,60821504,613.844482421875,0.13184051668355734,4655.962354085885,0.5970090059309936
25,model.layers.14,60821504,592.561767578125,0.13011423735405506,4554.1654751101505,0.5839561397558948
25,model.layers.15,60821504,791.882568359375,0.1997757438270729,3963.8574392936985,0.5082641158831956
25,model.norm,2048,0.056640625,0.0016223707227011562,34.912257850472386,0.771459196018822
25,__whole_model__,1235814400,13730.593017578125,0.9977678212108061,13761.310723486598,0.39145619952072525
26,model.embed_tokens,262668288,328.0,0.2291983163537106,1431.075084748064,0.0882995720828736
26,model.layers.0,60821504,902.455078125,0.29305833362069555,3079.438373156945,0.3948598167617984
26,model.layers.1,60821504,847.7568359375,0.5932589533946456,1428.9827925674106,0.1832307762829107
26,model.layers.2,60821504,821.64794921875,0.1876742164127268,4378.054508094013,0.5613743778437558
26,model.layers.3,60821504,853.966796875,0.18694900461015695,4567.913044820801,0.5857189166648876
26,model.layers.4,60821504,887.1552734375,0.1915730710592735,4630.8975918802835,0.5937950863091712
26,model.layers.5,60821504,924.38818359375,0.20330720818178472,4546.755581667421,0.5830060089812299
26,model.layers.6,60821504,967.82421875,0.21047430635661252,4598.301025447678,0.589615403948635
26,model.layers.7,60821504,985.0224609375,0.22215615448006376,4433.919299885503,0.5685376195707236
26,model.layers.8,60821504,1040.51806640625,0.22691249457220689,4585.547694797132,0.5879801129658139
26,model.layers.9,60821504,1010.65380859375,0.21842463476456603,4627.01384247755,0.5932970940158752
26,model.layers.10,60821504,926.974609375,0.1952493545945521,4747.6449348573915,0.6087649700571967
26,model.layers.11,60821504,801.449462890625,0.1661957299645323,4822.322830205455,0.6183405148481981
26,model.layers.12,60821504,700.068359375,0.14756612303292815,4744.0994246273285,0.6083103483534557
26,model.layers.13,60821504,661.29541015625,0.14093767192757148,4692.112485695753,0.6016443428378186
26,model.layers.14,60821504,632.8046875,0.13715240830742717,4613.879517752019,0.591612950212375
26,model.layers.15,60821504,815.135498046875,0.20391246562831108,3997.4775231872927,0.5125750383817459
26,model.norm,2048,0.05859375,0.0016663178027267063,35.16361038939821,0.7770133549170376
26,__whole_model__,1235814400,14107.17529296875,0.9996022256816209,14112.788997992855,0.4014544004419135
27,model.embed_tokens,262668288,334.0,0.2315037166768795,1442.741415966895,0.08901940297461272
27,model.layers.0,60821504,895.751953125,0.28931067817019385,3096.1593218417356,0.39700385406136324
27,model.layers.1,60821504,825.765625,0.5997725049013247,1376.7980663532683,0.17653940956802608
27,model.layers.2,60821504,778.95166015625,0.1829213775521136,4258.3959872832775,0.5460312094227955
27,model.layers.3,60821504,818.2080078125,0.18022086871314807,4540.029207798439,0.5821435222445153
27,model.layers.4,60821504,853.20361328125,0.18432617700652565,4628.7707320650625,0.5935223705165005
27,model.layers.5,60821504,901.375,0.20295433846572952,4441.269927088572,0.5694801509542995
27,model.layers.6,60821504,947.392578125,0.21095139252546158,4491.046808380992,0.575862772667865
27,model.layers.7,60821504,962.33154296875,0.22103428950384563,4353.765857455375,0.5582599748330755
27,model.layers.8,60821504,1011.70263671875,0.22471474890839327,4502.163928417438,0.5772882611656296
27,model.layers.9,60821504,982.32666015625,0.216290248377035,4541.705728886436,0.5823584935247899
27,model.layers.10,60821504,908.72705078125,0.19190286530175096,4735.349049386802,0.6071883348089765
27,model.layers.11,60821504,781.383056640625,0.16431307916218116,4755.452582501848,0.6097661027134317
27,model.layers.12,60821504,677.115966796875,0.14241115729132398,4754.6553210836555,0.6096638741706419
27,model.layers.13,60821504,642.479736328125,0.13870601621451353,4631.95291640781,0.5939304048962214
27,model.layers.14,60821504,627.91796875,0.13811670437763904,4546.285487909885,0.5829457313875687
27,model.layers.15,60821504,819.64208984375,0.20735867361360527,3952.774559944771,0.506843017884594
27,model.norm,2048,0.061279296875,0.0017511065415768546,34.994613645734304,0.7732790191844379
27,__whole_model__,1235814400,13768.33642578125,0.9970885784277916,13808.53890382653,0.39279965904704756
28,model.embed_tokens,262668288,350.0,0.22803931848095452,1534.8230398663968,0.09470098325902772
28,model.layers.0,60821504,870.6435546875,0.2825525594419135,3081.350798616584,0.3951050367906017
28,model.layers.1,60821504,808.5625,0.6069937285937551,1332.0771894517375,0.17080509209874595
28,model.layers.2,60821504,789.4638671875,0.18739993140187206,4212.722284804495,0.5401747162554662
28,model.layers.3,60821504,845.6005859375,0.19292682207768466,4383.012050014524,0.5620100567751432
28,model.layers.4,60821504,881.77734375,0.19635077805960022,4490.826837886762,0.5758345670347205
28,model.layers.5,60821504,916.82568359375,0.20427776510178905,4488.132534330925,0.5754890909837522
28,model.layers.6,60821504,955.701171875,0.21193686643158874,4509.367284542218,0.5782119087710806
28,model.layers.7,60821504,954.89453125,0.21811860984768056,4377.868224617947,0.5613504917157311
28,model.layers.8,60821504,1006.69677734375,0.22002795936805608,4575.312974928692,0.586667769894724
28,model.layers.9,60821504,984.265625,0.21333003549638546,4613.816440379662,0.5916048621402421
28,model.layers.10,60821504,907.6611328125,0.1905079556915406,4764.4263963554995,0.6109167665892847
28,model.layers.11,60821504,791.76611328125,0.16485080022749962,4802.925507116655,0.615853300456354
28,model.layers.12,60821504,690.930419921875,0.14265767133650759,4843.275608306237,0.6210271768686638
28,model.layers.13,60821504,663.73193359375,0.1400380397314523,4739.654560050779,0.6077404072799385
28,model.layers.14,60821504,640.549560546875,0.1374041745338384,4661.791118938147,0.5977563970921789
28,model.layers.15,60821504,826.20361328125,0.2038255650174259,4053.4837384633984,0.5197564140813588
28,model.norm,2048,0.05810546875,0.0016841515810204514,34.50132957438016,0.7623788781873809
28,__whole_model__,1235814400,13885.33251953125,1.0015863909532858,13863.339842622587,0.39435853433606055
29,model.embed_tokens,262668288,326.0,0.2253527984743944,1446.6205976006177,0.0892587545515775
29,model.layers.0,60821504,791.3203125,0.25214302585497,3138.378742845575,0.4024174232974557
29,model.layers.1,60821504,737.3447265625,0.5966356221850324,1235.8375851950557,0.1584648053655311
29,model.layers.2,60821504,727.173828125,0.17224412454134072,4221.762745529641,0.5413339259011244
29,model.layers.3,60821504,809.77001953125,0.18253584116528698,4436.224767485525,0.5688332372788194
29,model.layers.4,60821504,875.40625,0.19056110282607058,4593.834927577025,0.5890427402440394
29,model.layers.5,60821504,946.478515625,0.21342062699117867,4434.803369142575,0.5686509790157104
29,model.layers.6,60821504,1002.0263671875,0.22442830223981594,4464.795024456278,0.5724966476365801
29,model.layers.7,60821504,1019.1591796875,0.2362871308900523,4313.223389900692,0.5530614323166031
29,model.layers.8,60821504,1056.52197265625,0.23496593986952619,4496.489888036216,0.5765607094910261
29,model.layers.9,60821504,1016.40283203125,0.2231937788893994,4553.903057194593,0.5839224913182592
29,model.layers.10,60821504,932.80126953125,0.19890229387533198,4689.746163088051,0.6013409220194572
29,model.layers.11,60821504,801.82763671875,0.16881609600958639,4749.71081355428,0.6090298665691113
29,model.layers.12,60821504,696.2470703125,0.14766478800875207,4715.051433055479,0.6045856806577681
29,model.layers.13,60821504,668.990966796875,0.1436988860498951,4655.505586623602,0.5969504370964841
29,model.layers.14,60821504,646.052978515625,0.1410792868977122,4579.360958806361,0.5871868210912422
29,model.layers.15,60821504,848.14501953125,0.21218275442404688,3997.238238486779,0.5125443561918303
29,model.norm,2048,0.060546875,0.0017544567321644744,34.51032669543425,0.7625776883532717
29,__whole_model__,1235814400,13901.7294921875,1.0009249084480778,13888.88354646101,0.39508515416372025
30,model.embed_tokens,262668288,346.0,0.23500307486937078,1472.3211608713127,0.09084451952175773
30,model.layers.0,60821504,938.71875,0.29039352140112773,3232.5746988801607,0.41449566401294985
30,model.layers.1,60821504,860.3330078125,0.6014656341272483,1430.394288546309,0.18341176481914712
30,model.layers.2,60821504,801.84326171875,0.18323631036500052,4376.006371889422,0.5611117563561827
30,model.layers.3,60821504,831.71923828125,0.18536258675700645,4486.985496008202,0.5753420124301181
30,model.layers.4,60821504,873.58203125,0.1914893358380145,4562.04011271408,0.5849658621742609
30,model.layers.5,60821504,917.46875,0.2047014247268975,4481.985170469826,0.5747008475855662
30,model.layers.6,60821504,954.3232421875,0.21222833840570623,4496.681495772578,0.5765852783203067
30,model.layers.7,60821504,959.52490234375,0.2218391269941182,4325.318600668631,0.5546123361272313
30,model.layers.8,60821504,1017.32373046875,0.22701109405043793,4481.383320599822,0.5746236756143848
30,model.layers.9,60821504,978.89111328125,0.217632809340133,4497.902298138169,0.5767418152403443
30,model.layers.10,60821504,898.283203125,0.1892291884921548,4747.064711754242,0.6086905711699879
30,model.layers.11,60821504,779.8759765625,0.1653657688283959,4716.066584323122,0.604715848043815
30,model.layers.12,60821504,685.93310546875,0.14352616937256168,4779.150091355269,0.6128047067930387
30,model.layers.13,60821504,655.9765625,0.13734326749164893,4776.182877255969,0.6124242368912034
30,model.layers.14,60821504,637.610595703125,0.13726633933821408,4645.061555346791,0.5956112551494888
30,model.layers.15,60821504,826.1474609375,0.20499964642966703,4029.9945649952206,0.516744523727462
30,model.norm,2048,0.058837890625,0.001713723292280746,34.33336693854135,0.7586673932252689
30,__whole_model__,1235814400,13963.61376953125,1.0022271521188306,13932.583786031404,0.39632825738579747
31,model.embed_tokens,262668288,352.0,0.2398459465473005,1467.608709120216,0.09055375387464547
31,model.layers.0,60821504,803.2412109375,0.2562646222811071,3134.4209894738888,0.40190994187332507
31,model.layers.1,60821504,762.55029296875,0.557384859082416,1368.0857679271799,0.17542227840862812
31,model.layers.2,60821504,774.62353515625,0.18358042367242747,4219.532342612156,0.5410479333334601
31,model.layers.3,60821504,843.349609375,0.18663490500867227,4518.713202848162,0.5794102855991166
31,model.layers.4,60821504,916.287109375,0.19777562141677613,4632.96286372976,0.5940599050083069
31,model.layers.5,60821504,979.09912109375,0.21569860963110074,4539.199964099247,0.5820371927858816
31,model.layers.6,60821504,1034.72265625,0.2261963960323863,4574.443600338578,0.5865562946678313
31,model.layers.7,60821504,1055.66796875,0.23782565862183522,4438.831263487047,0.5691674542394582
31,model.layers.8,60821504,1122.59912109375,0.24520926900526527,4578.126779822686,0.5870285689594272
31,model.layers.9,60821504,1086.29443359375,0.2341533905791106,4639.242809626268,0.5948651486876688
31,model.layers.10,60821504,991.119140625,0.2103856943847894,4710.962613324229,0.6040613932994213
31,model.layers.11,60821504,840.46240234375,0.17557256438462526,4786.980273880129,0.6138087289757614
31,model.layers.12,60821504,719.197265625,0.15326339289901095,4692.557381258661,0.6017013894025361
31,model.layers.13,60821504,670.6171875,0.14499469687152558,4625.1152764173785,0.5930536511033091
31,model.layers.14,60821504,655.68896484375,0.14690375426482985,4463.391477808734,0.5723166784003398
31,model.layers.15,60821504,861.583984375,0.2189916197549291,3934.3239953162974,0.5044772012370337
31,model.norm,2048,0.0634765625,0.0018086941920845052,35.09524317477007,0.775502638633463
31,__whole_model__,1235814400,14469.16748046875,0.9999372585301813,14470.075354264864,0.4116178188820004
32,model.embed_tokens,262668288,360.0,0.2355988418290965,1528.0210938436792,0.09428129254570466
32,model.layers.0,60821504,966.66796875,0.29043679449131127,3328.324740820395,0.4267731768039254
32,model.layers.1,60821504,864.14404296875,0.604360160863488,1429.8494489347083,0.18334190296671438
32,model.layers.2,60821504,808.7744140625,0.18496959685811593,4372.472167319931,0.5606585843164781
32,model.layers.3,60821504,854.34130859375,0.18715680055193193,4564.842453356051,0.5853251912395989
32,model.layers.4,60821504,880.5498046875,0.19091535809444196,4612.252327295271,0.5914043043335717
32,model.layers.5,60821504,907.392578125,0.20161532661689477,4500.613090041555,0.5770894055034197
32,model.layers.6,60821504,948.017578125,0.20805646748277215,4556.539816304914,0.5842605887545391
32,model.layers.7,60821504,946.330078125,0.21604311104882784,4380.283516242831,0.5616601915677369
32,model.layers.8,60821504,994.6884765625,0.2183194316145942,4556.115180431823,0.58420613998086
32,model.layers.9,60821504,974.20703125,0.211678511167451,4602.295367049993,0.590127576884753
32,model.layers.10,60821504,913.4130859375,0.1893450371479969,4824.0666863824545,0.6185641201447064
32,model.layers.11,60821504,804.7646484375,0.16549277538602525,4862.838553286218,0.6235356280646517
32,model.layers.12,60821504,721.00341796875,0.1482750217141704,4862.608749831294,0.6235061616038535
32,model.layers.13,60821504,696.982177734375,0.14414861739455684,4835.1638075489,0.6199870442949547
32,model.layers.14,60821504,669.92919921875,0.1403245266716084,4774.141877467637,0.6121625304678969
32,model.layers.15,60821504,851.19140625,0.20550853241030678,4141.878666869943,0.5310908202307173
32,model.norm,2048,0.058837890625,0.0016975368006809817,34.66074526419496,0.7659015005403678
32,__whole_model__,1235814400,14162.4560546875,1.0009070828078575,14149.621176580527,0.4025021338257249
33,model.embed_tokens,262668288,350.0,0.23357084921147966,1498.4746648889522,0.09245823164478854
33,model.layers.0,60821504,873.046875,0.28949422621587995,3015.766104948002,0.386695464334113
33,model.layers.1,60821504,802.8095703125,0.5950275239599327,1349.197369845632,0.17300032073270363
33,model.layers.2,60821504,772.25830078125,0.1778506357335044,4342.17340633193,0.556773537187067
33,model.layers.3,60821504,819.208984375,0.18377230427806737,4457.739089647852,0.5715919030734726
33,model.layers.4,60821504,864.1591796875,0.1886401007218209,4580.994053654778,0.5873962240584266
33,model.layers.5,60821504,909.70703125,0.2037014826666796,4465.883209787776,0.5726361797877488
33,model.layers.6,60821504,949.4609375,0.2099307255958287,4522.73451065929,0.579925916267126
33,model.layers.7,60821504,963.58544921875,0.2197929815648187,4384.059228636384,0.5621443308565305
33,model.layers.8,60821504,1026.20166015625,0.22754684746609827,4509.847847086265,0.5782735287209192
33,model.layers.9,60821504,994.08642578125,0.21677599317167057,4585.777286666642,0.5880095522961524
33,model.layers.10,60821504,916.9765625,0.19335787328355342,4742.380265815615,0.6080899098672385
33,model.layers.11,60821504,796.953369140625,0.16606086028012748,4799.16440151067,0.6153710341173532
33,model.layers.12,60821504,698.94091796875,0.14532959148221436,4809.350324598466,0.6166771202397631
33,model.layers.13,60821504,666.732421875,0.1395665744722111,4777.164048027504,0.6125500471410324
33,model.layers.14,60821504,638.7373046875,0.13759712830158635,4642.083105742666,0.5952293445793112
33,model.layers.15,60821504,827.69677734375,0.20384418973194388,4060.4384085323964,0.5206481740116827
33,model.norm,2048,0.0576171875,0.0016557668928240872,34.797885952247626,0.7689319102434499
33,__whole_model__,1235814400,13870.619384765625,0.9960436318721244,13925.714638318559,0.39613285663425224
34,model.embed_tokens,262668288,334.0,0.22878343425104572,1459.895910267259,0.09007786211638928
34,model.layers.0,60821504,819.8916015625,0.24928563656174377,3288.9644701187062,0.42172622103028845
34,model.layers.1,60821504,761.09765625,0.5915846466586592,1286.5405830742407,0.16496617802697663
34,model.layers.2,60821504,755.201171875,0.17417791680949127,4335.803216093165,0.5559567219611667
34,model.layers.3,60821504,831.4111328125,0.18333909197862203,4534.827372819352,0.5814765189284004
34,model.layers.4,60821504,895.3408203125,0.19386523733564615,4618.367029682392,0.5921883597266517
34,model.layers.5,60821504,962.85595703125,0.2130845056096935,4518.6577704289375,0.5794031777981979
34,model.layers.6,60821504,1004.345703125,0.22164920246520442,4531.239868921554,0.5810165126025507
34,model.layers.7,60821504,1015.4072265625,0.23060422571030376,4403.2463994745,0.5646045985557828
34,model.layers.8,60821504,1080.2060546875,0.23624306089399003,4572.43506158356,0.5862987505482027
34,model.layers.9,60821504,1044.03125,0.22803012441695863,4578.479499888196,0.5870737963559712
34,model.layers.10,60821504,959.29248046875,0.20280653288914915,4730.086683120233,0.6065135698914955
34,model.layers.11,60821504,822.14111328125,0.17035455858937926,4826.058780516287,0.6188195556590242
34,model.layers.12,60821504,718.56787109375,0.14893289905925514,4824.775960399839,0.6186550665364186
34,model.layers.13,60821504,685.97900390625,0.1444139676925702,4750.0876464149815,0.609078185819668
34,model.layers.14,60821504,662.36279296875,0.14365782987861794,4610.697471404141,0.591204933526994
34,model.layers.15,60821504,857.332763671875,0.20936675701317228,4094.8848609138845,0.5250650572959891
34,model.norm,2048,0.0595703125,0.001706270874665106,34.912576534304385,0.7714662380031552
34,__whole_model__,1235814400,14209.524169921875,0.9995875040717319,14215.38795957395,0.4043729450763837
35,model.embed_tokens,262668288,306.0,0.2298103156625301,1331.5329171269766,0.0821576645765382
35,model.layers.0,60821504,829.853515625,0.2750296884541896,3017.323403481311,0.3868951483475571
35,model.layers.1,60821504,766.791015625,0.6188287077241642,1239.1005880205355,0.15888320266452993
35,model.layers.2,60821504,760.0673828125,0.18189526927274796,4178.59895890308,0.535799265741442
35,model.layers.3,60821504,832.61669921875,0.18943393743433956,4395.287932540316,0.5635841271533578
35,model.layers.4,60821504,862.52685546875,0.19138029967664605,4506.87378442852,0.5778921806652764
35,model.layers.5,60821504,898.63818359375,0.20258597676167178,4435.836072952547,0.5687833970698365
35,model.layers.6,60821504,932.94775390625,0.2064481975291506,4519.040442455387,0.5794522457735667
35,model.layers.7,60821504,932.89306640625,0.21408410136496786,4357.600870210655,0.5587517178882473
35,model.layers.8,60821504,992.80859375,0.2189671641530325,4534.052389042873,0.5813771469277651
35,model.layers.9,60821504,965.07080078125,0.21473674712155286,4494.20424644398,0.5762676339652548
35,model.layers.10,60821504,896.216796875,0.187846084446951,4771.0166518168635,0.6117617995948388
35,model.layers.11,60821504,770.940185546875,0.15993534180113436,4820.324118889694,0.6180842308482387
35,model.layers.12,60821504,662.4248046875,0.13839589093547394,4786.448500818212,0.6137405425767032
35,model.layers.13,60821504,620.289794921875,0.13566245907763827,4572.302456694297,0.5862817473366
35,model.layers.14,60821504,587.50146484375,0.1290569502037803,4552.265212497956,0.5837124793035893
35,model.layers.15,60821504,782.655517578125,0.20227860580200568,3869.1957287079767,0.49612615396713455
35,model.norm,2048,0.059326171875,0.0017349654965936035,34.19443901995735,0.7555974909338039
35,__whole_model__,1235814400,13400.3017578125,0.9982742932172021,13423.466725389166,0.3818458411628987
36,model.embed_tokens,262668288,368.0,0.22572842346254482,1630.277633428217,0.10059068104964866
36,model.layers.0,60821504,882.4013671875,0.2697053730920932,3271.7233515633243,0.4195154851464697
36,model.layers.1,60821504,825.99658203125,0.5758171223254395,1434.4772845507962,0.18393530543233955
36,model.layers.2,60821504,800.01025390625,0.17981545805765395,4449.062736584882,0.5704793809946195
36,model.layers.3,60821504,868.216796875,0.1869660628860186,4643.713321407944,0.5954383783643303
36,model.layers.4,60821504,929.1103515625,0.1982734094979049,4686.005823551028,0.6008613184017685
36,model.layers.5,60821504,981.3671875,0.21465142857745026,4571.910813749391,0.5862315290686166
36,model.layers.6,60821504,1024.90576171875,0.22259750486301538,4604.300314819199,0.5903846605515888
36,model.layers.7,60821504,1032.97802734375,0.2327814778214144,4437.543901737025,0.5690023827676111
36,model.layers.8,60821504,1084.0380859375,0.23772653971773308,4560.021305255371,0.5847070013539984
36,model.layers.9,60821504,1043.34326171875,0.2279502057703935,4577.066549216781,0.5868926212923389
36,model.layers.10,60821504,960.11083984375,0.20099720001332558,4776.737386292432,0.6124953386019696
36,model.layers.11,60821504,836.4609375,0.17453836795319108,4792.418694577962,0.6145060684058792
36,model.layers.12,60821504,735.3837890625,0.1527849848515505,4813.194109205275,0.6171699880622681
36,model.layers.13,60821504,716.80908203125,0.1526561954175811,4695.578060690334,0.6020887148763249
36,model.layers.14,60821504,685.130859375,0.14549604715755043,4708.931086169688,0.6038009015009879
36,model.layers.15,60821504,874.025390625,0.21007040423836787,4160.63078373115,0.5334953032988817
36,model.norm,2048,0.0595703125,0.0017205310868109909,34.62321195858991,0.7650721238243154
36,__whole_model__,1235814400,14648.34814453125,1.0014796764350764,14626.70535329717,0.41607333808246993
37,model.embed_tokens,262668288,344.0,0.23269657122502252,1478.3200207421394,0.09121465856283563
37,model.layers.0,60821504,822.21484375,0.2534610195939432,3243.9498786331246,0.4159542421199321
37,model.layers.1,60821504,770.09423828125,0.5930116952911464,1298.6155996521497,0.16651449244525185
37,model.layers.2,60821504,752.748046875,0.1737583305089748,4332.155152907157,0.5554889504435682
37,model.layers.3,60821504,819.46142578125,0.1806372828063808,4536.502171922082,0.5816912694077675
37,model.layers.4,60821504,876.7802734375,0.18763533944851574,4672.788590968361,0.5991665437697502
37,model.layers.5,60821504,932.39501953125,0.20480604161963273,4552.575754883739,0.5837522984831567
37,model.layers.6,60821504,979.1435546875,0.21439714887599956,4566.961640211947,0.5855969231699722
37,model.layers.7,60821504,999.216796875,0.2263195372950636,4415.070871995789,0.5661207870574785
37,model.layers.8,60821504,1069.71142578125,0.2349322659967225,4553.275903771231,0.5838420748085512
37,model.layers.9,60821504,1059.65966796875,0.2312863263409336,4581.592369653237,0.5874729429002703
37,model.layers.10,60821504,981.8681640625,0.20473928168771488,4795.699955420015,0.6149268068321242
37,model.layers.11,60821504,862.4052734375,0.17884045477975358,4822.204654419904,0.6183253618029431
37,model.layers.12,60821504,753.14794921875,0.15642083372709514,4814.88259123305,0.6173864930295065
37,model.layers.13,60821504,717.81640625,0.14909658054472483,4814.439094628834,0.6173296258457364
37,model.layers.14,60821504,684.38037109375,0.14660933717007393,4668.054465725028,0.5985595123570081
37,model.layers.15,60821504,874.4580078125,0.21364978651349054,4092.9505340614223,0.5248170289694025
37,model.norm,2048,0.060302734375,0.001693156628478283,35.61556760947557,0.7870002928896291
37,__whole_model__,1235814400,14299.561767578125,1.001820005776751,14273.583762675116,0.40602839115763223
38,model.embed_tokens,262668288,352.0,0.23073996733163557,1525.526782683821,0.09412738964403002
38,model.layers.0,60821504,806.6044921875,0.24739806388536784,3260.350867423284,0.4180572526834315
38,model.layers.1,60821504,762.41064453125,0.6000982876757643,1270.4762872830988,0.16290633979550237
38,model.layers.2,60821504,762.9287109375,0.17607343717378615,4333.01424214535,0.5555991068351143
38,model.layers.3,60821504,834.90283203125,0.18366304133317027,4545.840175415103,0.5828886313619199
38,model.layers.4,60821504,889.46337890625,0.19177025492693564,4638.171750072163,0.594727812482807
38,model.layers.5,60821504,939.84716796875,0.20904915694025447,4495.8189821227315,0.5764746828348761
38,model.layers.6,60821504,982.9599609375,0.2151929800858901,4567.806814818822,0.5857052953631979
38,model.layers.7,60821504,994.1669921875,0.22718304912464402,4376.061488821951,0.5611188237039394
38,model.layers.8,60821504,1046.2060546875,0.23088712833027566,4531.244605333478,0.5810171199271721
38,model.layers.9,60821504,1014.7724609375,0.22421559561713206,4525.87813146733,0.5803290058522436
38,model.layers.10,60821504,935.415283203125,0.19666379685689286,4756.418304502696,0.6098899320505022
38,model.layers.11,60821504,811.448486328125,0.16961295368822132,4784.118598746362,0.6134417917677301
38,model.layers.12,60821504,704.1240234375,0.14701383482487096,4789.508581122872,0.6141329202124783
38,model.layers.13,60821504,670.54248046875,0.1440225691832813,4655.815295277966,0.5969901493711564
38,model.layers.14,60821504,646.05224609375,0.14158661775749953,4562.947094338158,0.5850821595488119
38,model.layers.15,60821504,843.2177734375,0.2119880411517437,3977.666706368187,0.5100348039132527
38,model.norm,2048,0.0595703125,0.0017135576355751729,34.76411371480051,0.7681856421773656
38,__whole_model__,1235814400,13997.12255859375,0.998031613368287,14024.728646975858,0.39894942318863913
39,model.embed_tokens,262668288,324.0,0.23001080614598907,1408.6294701926113,0.08691464254178491
39,model.layers.0,60821504,814.4541015625,0.2584890109925667,3150.8267931201185,0.4040135698199169
39,model.layers.1,60821504,765.8544921875,0.5875307988874484,1303.5137794269276,0.16714255968803038
39,model.layers.2,60821504,766.07373046875,0.18071513915879123,4239.123152795818,0.5435599575346153
39,model.layers.3,60821504,842.5419921875,0.18796219831545638,4482.507651743168,0.5747678425485605
39,model.layers.4,60821504,893.681640625,0.19587447911421924,4562.522104290433,0.5850276653612245
39,model.layers.5,60821504,949.72021484375,0.21248829346261355,4469.517823158805,0.5731022267079259
39,model.layers.6,60821504,993.46142578125,0.22171707232112506,4480.761970112816,0.5745440031839888
39,model.layers.7,60821504,1001.34228515625,0.22960946355743433,4361.067133915301,0.5591961782363404
39,model.layers.8,60821504,1058.8359375,0.23528360831784514,4500.253736629269,0.5770433275485028
39,model.layers.9,60821504,1025.72607421875,0.2272263006883298,4514.116856682298,0.5788209208562961
39,model.layers.10,60821504,932.740234375,0.1972138669750428,4729.587471113465,0.6064495586213768
39,model.layers.11,60821504,798.84033203125,0.16864564766380583,4736.79779524304,0.6073740996965985
39,model.layers.12,60821504,689.56298828125,0.14670338656366422,4700.389026002501,0.6027055990777328
39,model.layers.13,60821504,650.04541015625,0.14031798111643456,4632.659371123992,0.5940209897841067
39,model.layers.14,60821504,628.794189453125,0.13843570801918648,4542.138718761617,0.5824140134872168
39,model.layers.15,60821504,822.7138671875,0.20906809866103448,3935.147793740543,0.5045828324773539
39,model.norm,2048,0.06103515625,0.0017539110407001873,34.79945951285754,0.7689666813490086
39,__whole_model__,1235814400,13958.449951171875,0.9983544580496878,13981.457025233383,0.39771851249017653
40,model.embed_tokens,262668288,340.0,0.23416017382643414,1451.997555536567,0.089590521270118
40,model.layers.0,60821504,825.783203125,0.2824088298440141,2924.0700568077623,0.3749377733596651
40,model.layers.1,60821504,751.27734375,0.6007147492813483,1250.639083939214,0.16036272192488304
40,model.layers.2,60821504,737.50439453125,0.17162812500073757,4297.1068671179655,0.5509948972989529
40,model.layers.3,60821504,800.955078125,0.17797396570474297,4500.405859662511,0.5770628334667101
40,model.layers.4,60821504,852.13623046875,0.1834317503034438,4645.52199419727,0.5956702947463567
40,model.layers.5,60821504,904.96142578125,0.20227128498255284,4473.998500871286,0.5736767599072069
40,model.layers.6,60821504,957.32080078125,0.21115707372311743,4533.6904130266075,0.581330732690448
40,model.layers.7,60821504,972.587890625,0.22283025071407375,4364.703120461787,0.5596624012314191
40,model.layers.8,60821504,1042.271484375,0.22973684757972332,4536.805894898122,0.5817302141711084
40,model.layers.9,60821504,1024.9658203125,0.22530443928153582,4549.248224229278,0.5833256271277747
40,model.layers.10,60821504,943.10498046875,0.19942746968824926,4729.062560654451,0.6063822521769715
40,model.layers.11,60821504,806.64111328125,0.16818188239210147,4796.242626186311,0.6149963905851908
40,model.layers.12,60821504,703.4951171875,0.14931464585978332,4711.494395855381,0.6041295809126688
40,model.layers.13,60821504,669.6708984375,0.14291759332285683,4685.713514113587,0.600823837135083
40,model.layers.14,60821504,654.555419921875,0.14290175718848028,4580.457461125192,0.5873274196849555
40,model.layers.15,60821504,857.03173828125,0.2120750739565395,4041.1714695753512,0.5181776780756525
40,model.norm,2048,0.0595703125,0.0017062316964613173,34.913378190985064,0.7714839522805017
40,__whole_model__,1235814400,13844.322509765625,1.002543731322068,13809.195626318395,0.3928183402683331
41,model.embed_tokens,262668288,348.0,0.22656356877041992,1535.9927542129835,0.09477315646458737
41,model.layers.0,60821504,861.1669921875,0.2625583491663963,3279.9070946387446,0.4205648424966132
41,model.layers.1,60821504,806.736328125,0.5820592854970459,1386.003708258159,0.17771979950777128
41,model.layers.2,60821504,779.02001953125,0.17737879998325645,4391.844006187803,0.563142531003765
41,model.layers.3,60821504,847.701171875,0.18514011706073352,4578.7006367556705,0.5871021515468824
41,model.layers.4,60821504,899.54248046875,0.1914402647415816,4698.815485253379,0.60250383241233
41,model.layers.5,60821504,944.958984375,0.207187238286195,4560.893770250921,0.5848188728469554
41,model.layers.6,60821504,1001.33154296875,0.21926571637112674,4566.749237139778,0.5855696878666495
41,model.layers.7,60821504,1016.548828125,0.23451430762303532,4334.69854538269,0.5558150759785349
41,model.layers.8,60821504,1075.27783203125,0.2367560879099701,4541.7114361179165,0.5823592253323805
41,model.layers.9,60821504,1049.607421875,0.2292879174671651,4577.683087140027,0.5869716766335731
41,model.layers.10,60821504,962.85791015625,0.2025147390884558,4754.507817505995,0.6096449605803735
41,model.layers.11,60821504,834.33154296875,0.1734062105617735,4811.428265837868,0.6169435634666138
41,model.layers.12,60821504,725.2548828125,0.1512589529984152,4794.789785567924,0.6148101006482463
41,model.layers.13,60821504,695.17919921875,0.1455504164224166,4776.208933687968,0.6124275779673081
41,model.layers.14,60821504,669.179443359375,0.1425447193012988,4694.522860190428,0.6019534121926694
41,model.layers.15,60821504,865.59375,0.21092260411637034,4103.845358947086,0.5262140137558182
41,model.norm,2048,0.059326171875,0.0016895210589324562,35.11419497338846,0.7759214181746736
41,__whole_model__,1235814400,14382.34765625,0.9980150855885256,14410.95216288117,0.40993599218193927
42,model.embed_tokens,262668288,318.0,0.22283021087397778,1427.095539481609,0.08805402791271968
42,model.layers.0,60821504,783.0009765625,0.244575758496659,3201.466005361264,0.41050676359213123
42,model.layers.1,60821504,730.1474609375,0.5951650061605261,1226.7983725181698,0.1573057557503875
42,model.layers.2,60821504,729.75927734375,0.17453637657064797,4181.129983802326,0.5361238054486326
42,model.layers.3,60821504,807.7001953125,0.18175381840195798,4443.924218011361,0.5698204964005797
42,model.layers.4,60821504,861.6455078125,0.18922632949777263,4553.518054804537,0.5838731245329014
42,model.layers.5,60821504,929.2001953125,0.20791138932320652,4469.212573381545,0.5730630861710778
42,model.layers.6,60821504,982.4658203125,0.22058185250841122,4453.973929133796,0.5711091167954233
42,model.layers.7,60821504,1008.5283203125,0.2394107123726811,4212.544669858232,0.5401519416463859
42,model.layers.8,60821504,1066.96630859375,0.2404814752194504,4436.792096439421,0.5689059828186332
42,model.layers.9,60821504,1032.466796875,0.23560466648550082,4382.200116306009,0.5619059468834948
42,model.layers.10,60821504,951.1103515625,0.20308340967953986,4683.3483496427725,0.6005205648183846
42,model.layers.11,60821504,823.15087890625,0.17432507087727858,4721.930556309551,0.6054677536264178
42,model.layers.12,60821504,716.5703125,0.152076263114384,4711.9142581839515,0.6041834176004134
42,model.layers.13,60821504,676.924560546875,0.1460937242371625,4633.4951352734615,0.5941281553250027
42,model.layers.14,60821504,650.486328125,0.14323841544595983,4541.284027052168,0.5823044209671253
42,model.layers.15,60821504,842.9755859375,0.21209083491285335,3974.5969517441563,0.5096411857915477
42,model.norm,2048,0.05908203125,0.0016839305586752338,35.085788392889825,0.7752937154965204
42,__whole_model__,1235814400,13911.157958984375,1.0035652180041474,13861.737841662509,0.39431296358919915
43,model.embed_tokens,262668288,322.0,0.21911364370558228,1469.5570506447496,0.09067396959548438
43,model.layers.0,60821504,799.765625,0.2640041757233236,3029.367330303724,0.3884394762937323
43,model.layers.1,60821504,739.5849609375,0.5950823499090688,1242.8279229765624,0.15936113877475575
43,model.layers.2,60821504,734.42626953125,0.17125599830208704,4288.470341551241,0.5498874820856913
43,model.layers.3,60821504,813.60205078125,0.18440534872919404,4412.0306508899275,0.5657309558599327
43,model.layers.4,60821504,866.46240234375,0.18925803871456204,4578.206602101292,0.5870388041408092
43,model.layers.5,60821504,919.197265625,0.202944435967759,4529.305084131645,0.5807684255571088
43,model.layers.6,60821504,975.07666015625,0.21375168978036568,4561.726090484532,0.5849255967930475
43,model.layers.7,60821504,994.90283203125,0.22794775741328346,4364.608993399436,0.5596503318245701
43,model.layers.8,60821504,1062.51806640625,0.23395899293916395,4541.471362387575,0.5823284419694147
43,model.layers.9,60821504,1045.2880859375,0.2303171462512747,4538.472723160162,0.5819439425924529
43,model.layers.10,60821504,961.29931640625,0.20183360319211677,4762.830872573931,0.6107121811578888
43,model.layers.11,60821504,829.8974609375,0.17412593513504815,4766.076117804337,0.6111283014959982
43,model.layers.12,60821504,721.50830078125,0.1500613651161797,4808.088345875354,0.6165153034969086
43,model.layers.13,60821504,682.99365234375,0.14360685779078292,4755.996077421217,0.6098357921432133
43,model.layers.14,60821504,651.87109375,0.1403420220042089,4644.874603064008,0.5955872832639767
43,model.layers.15,60821504,838.34423828125,0.20604557307335658,4068.7321051192,0.5217116301090963
43,model.norm,2048,0.0546875,0.001552056166765586,35.235516066384534,0.7786022609108765
43,__whole_model__,1235814400,13958.79296875,0.996972826476435,14001.17696094492,0.3982794685824808
44,model.embed_tokens,262668288,320.0,0.2296491289201383,1393.4300622201868,0.08597681528577172
44,model.layers.0,60821504,887.8056640625,0.2773391606470496,3201.155083873456,0.41046689580235074
44,model.layers.1,60821504,811.99267578125,0.6102040074951244,1330.6904999107826,0.17062728435860092
44,model.layers.2,60821504,767.69677734375,0.1764467841867678,4350.868625245943,0.5578884783325109
44,model.layers.3,60821504,813.21728515625,0.17741602652359975,4583.674322387535,0.5877399004995316
44,model.layers.4,60821504,867.7138671875,0.18667814882203243,4648.181228831048,0.5960112740981024
44,model.layers.5,60821504,911.9560546875,0.2009518044736529,4538.18295922328,0.5819067877216105
44,model.layers.6,60821504,963.27685546875,0.21136936201688536,4557.315432459876,0.5843600418416655
44,model.layers.7,60821504,978.900390625,0.22597042070445061,4331.9846357471515,0.5554670859454371
44,model.layers.8,60821504,1030.38720703125,0.22621185769699967,4554.965497924543,0.5840587223776644
44,model.layers.9,60821504,999.89453125,0.2192858652841073,4559.776481509805,0.5846756089221331
44,model.layers.10,60821504,914.791015625,0.19169853794762423,4772.0291736128875,0.6118916298178855
44,model.layers.11,60821504,798.016845703125,0.16807587155388398,4747.956017275723,0.6088048584822324
44,model.layers.12,60821504,699.68798828125,0.14546017269573386,4810.168827070084,0.6167820724085674
44,model.layers.13,60821504,666.9853515625,0.14239164004287588,4684.160891479742,0.6006247526870732
44,model.layers.14,60821504,630.29736328125,0.13805413035978364,4565.581353043393,0.5854199363715986
44,model.layers.15,60821504,815.580322265625,0.20831162053091462,3915.193594034704,0.5020242127926227
44,model.norm,2048,0.0595703125,0.0017336635791878167,34.36094131244736,0.7592767065620161
44,__whole_model__,1235814400,13878.259765625,1.001863373216106,13852.44748600207,0.3940486888124641
45,model.embed_tokens,262668288,306.0,0.2193104597531092,1395.2822876960925,0.0860911004960074
45,model.layers.0,60821504,758.1513671875,0.2572733433972521,2946.871048419693,0.37786142185620714
45,model.layers.1,60821504,718.89306640625,0.6188281766348283,1161.7006037371666,0.1489586190528223
45,model.layers.2,60821504,716.5439453125,0.17146581960978685,4178.931678297016,0.5358419285594636
45,model.layers.3,60821504,810.8349609375,0.18449164193049222,4394.968533279055,0.5635431723042935
45,model.layers.4,60821504,858.8466796875,0.19199558465008962,4473.262659934295,0.5735824069823103
45,model.layers.5,60821504,907.7001953125,0.20037836197705028,4529.931207923841,0.5808487100427512
45,model.layers.6,60821504,964.13427734375,0.2130276794102569,4525.863869018556,0.5803271770551621
45,model.layers.7,60821504,986.333984375,0.22515227188924286,4380.741869041403,0.5617189636813906
45,model.layers.8,60821504,1038.7626953125,0.22993887666872584,4517.560102761791,0.5792624297781391
45,model.layers.9,60821504,1006.33935546875,0.22363472774243923,4499.924343717108,0.5770010912673444
45,model.layers.10,60821504,928.91748046875,0.19788073502932282,4694.330048506738,0.6019286889876997
45,model.layers.11,60821504,812.337890625,0.1733629386860164,4685.764424518975,0.6008303651024937
45,model.layers.12,60821504,709.059326171875,0.14789139635805879,4794.459607746056,0.6147677637223385
45,model.layers.13,60821504,667.856201171875,0.14121217447529358,4729.452001241741,0.6064321880484853
45,model.layers.14,60821504,637.926025390625,0.13917807974502983,4583.523688207847,0.5877205854890063
45,model.layers.15,60821504,803.15380859375,0.20486951684169602,3920.318752029625,0.5026813842315416
45,model.norm,2048,0.0576171875,0.0016604457181686424,34.699832020734654,0.7667652039967365
45,__whole_model__,1235814400,13631.848876953125,1.0044969965660648,13570.820941779262,0.3860375001327797
46,model.embed_tokens,262668288,328.0,0.22772399198179394,1440.3401114899782,0.08887123873081292
46,model.layers.0,60821504,916.1962890625,0.29264982864222966,3130.6913566744934,0.4014317111230054
46,model.layers.1,60821504,820.9375,0.5881639453536566,1395.7630461458823,0.17897118690478955
46,model.layers.2,60821504,786.83447265625,0.18327950826303505,4293.08480862475,0.5504791703750175
46,model.layers.3,60821504,841.72802734375,0.1843790666890236,4565.2038621250895,0.5853715327418556
46,model.layers.4,60821504,881.7060546875,0.18871071879011753,4672.262711627558,0.5990991130908451
46,model.layers.5,60821504,931.75341796875,0.2066527333493449,4508.788259740208,0.5781376635355808
46,model.layers.6,60821504,978.51953125,0.2153889758339828,4543.034421614139,0.5825288646455653
46,model.layers.7,60821504,992.21923828125,0.2252448217888999,4405.070138354438,0.5648384467815601
46,model.layers.8,60821504,1051.330078125,0.23244788081408221,4522.863682142496,0.57994247923154
46,model.layers.9,60821504,1020.65234375,0.223002679755646,4576.86134026898,0.5868663084528831
46,model.layers.10,60821504,942.673828125,0.19701824931927073,4784.70309924125,0.6135167391218712
46,model.layers.11,60821504,815.58740234375,0.1706184380571529,4780.183265249144,0.6129371851234948
46,model.layers.12,60821504,708.3759765625,0.14651497908615294,4834.83655378311,0.6199450823050278
46,model.layers.13,60821504,674.68408203125,0.1425419963272045,4733.230201733079,0.6069166463726732
46,model.layers.14,60821504,645.30126953125,0.13875433487046185,4650.67466276776,0.5963309937183877
46,model.layers.15,60821504,836.514892578125,0.20430808434465655,4094.37979540237,0.5250002954624456
46,model.norm,2048,0.057861328125,0.0016462259228380363,35.14786598989347,0.7766654495528029
46,__whole_model__,1235814400,14173.072265625,1.0004708366841961,14166.402203784382,0.402979489309172
47,model.embed_tokens,262668288,332.0,0.22441168668467085,1479.4238433157248,0.0912827661428933
47,model.layers.0,60821504,825.501953125,0.2630883270067786,3137.7369057644682,0.40233512398130583
47,model.layers.1,60821504,757.7919921875,0.604692088893604,1253.186549164254,0.16068936968660955
47,model.layers.2,60821504,751.37548828125,0.17644668806565175,4258.371163088538,0.5460280263498458
47,model.layers.3,60821504,811.8837890625,0.1798754469309264,4513.58872439255,0.5787532012938676
47,model.layers.4,60821504,879.154296875,0.18839122914162895,4666.641333997924,0.5983783140775788
47,model.layers.5,60821504,926.892578125,0.20368222371447606,4550.679785509059,0.5835091885296021
47,model.layers.6,60821504,976.13916015625,0.21385758814704428,4564.435466676431,0.5852730055270547
47,model.layers.7,60821504,1001.048828125,0.2281660586902235,4387.369593319329,0.5625688011117291
47,model.layers.8,60821504,1058.0341796875,0.23360291070822362,4529.199471358529,0.5807548833993555
47,model.layers.9,60821504,1030.2177734375,0.22448195842509117,4589.312124080029,0.5884628054820255
47,model.layers.10,60821504,953.919921875,0.1998377862247501,4773.471223315904,0.612076536093802
47,model.layers.11,60821504,828.3388671875,0.17365434839486665,4770.043911045456,0.6116370702785769
47,model.layers.12,60821504,724.31640625,0.15002801102359323,4827.874483626227,0.6190523735012432
47,model.layers.13,60821504,694.057373046875,0.14768882091935345,4699.457743154914,0.6025861856880196
47,model.layers.14,60821504,660.1865234375,0.1427042390976575,4626.257268963897,0.5932000826642042
47,model.layers.15,60821504,836.13916015625,0.20671353716435417,4044.9172880799333,0.5186579842318774
47,model.norm,2048,0.056396484375,0.0016192766453903794,34.82819599451692,0.7696016738817831
47,__whole_model__,1235814400,14047.0546875,1.0029761565477586,14005.372506411246,0.39839881566475843
48,model.embed_tokens,262668288,328.0,0.2240701255937215,1463.827447460451,0.09032044411329956
48,model.layers.0,60821504,783.2890625,0.257175142063194,3045.741731553229,0.39053907767992124
48,model.layers.1,60821504,747.5908203125,0.5896704741296327,1267.8111811787107,0.1625646075766658
48,model.layers.2,60821504,750.06201171875,0.17389491280108393,4313.306235569617,0.5530720551710613
48,model.layers.3,60821504,830.087890625,0.18423814552578865,4505.515881393893,0.577718064063981
48,model.layers.4,60821504,898.52880859375,0.1939875469184542,4631.889123127378,0.5939222250270473
48,model.layers.5,60821504,955.8974609375,0.21185332941939353,4512.071929939634,0.5785587109007607
48,model.layers.6,60821504,1011.53466796875,0.22022056264063475,4593.279827458325,0.5889715627419776
48,model.layers.7,60821504,1039.291015625,0.23483468925419057,4425.628168162358,0.5674744923519792
48,model.layers.8,60821504,1092.27783203125,0.23971326186904138,4556.601597737117,0.5842685106552375
48,model.layers.9,60821504,1057.7265625,0.23042696501157758,4590.2898666692745,0.5885881761544814
48,model.layers.10,60821504,963.55224609375,0.20396604895309864,4724.081537292101,0.6057435623466153
48,model.layers.11,60821504,818.8427734375,0.17060418644183264,4799.664008929135,0.6154350960889865
48,model.layers.12,60821504,706.306884765625,0.14725085483072464,4796.623324038255,0.615045205422783
48,model.layers.13,60821504,668.54443359375,0.14153174332500967,4723.635969483698,0.6056864295834744
48,model.layers.14,60821504,640.863037109375,0.1389404310878059,4612.502149963606,0.5914363377504122
48,model.layers.15,60821504,832.02685546875,0.20753247442447847,4009.140534637274,0.514070523598847
48,model.norm,2048,0.057861328125,0.0017077770209838795,33.881078978135626,0.7486731468548963
48,__whole_model__,1235814400,14124.480224609375,0.9998782001147274,14126.200794245451,0.4018359143031497
49,model.embed_tokens,262668288,304.0,0.20833771025510348,1459.1693439836736,0.09003303183975726
49,model.layers.0,60821504,916.537109375,0.29931988561445316,3062.06554734412,0.3926321927648765
49,model.layers.1,60821504,834.8681640625,0.615196624112222,1357.0753338695276,0.17401046968000747
49,model.layers.2,60821504,792.455078125,0.1802431878444633,4396.588229502636,0.563750857237893
49,model.layers.3,60821504,813.66064453125,0.18145822428012467,4484.010839184494,0.5749605881877702
49,model.layers.4,60821504,833.33837890625,0.18571277383512802,4487.24318579222,0.5753750546048815
49,model.layers.5,60821504,857.43798828125,0.1910412325989365,4488.235218212381,0.5755022575854837
49,model.layers.6,60821504,910.37060546875,0.20038779456716546,4543.044188071117,0.5825301169458048
49,model.layers.7,60821504,926.26513671875,0.21214027946897138,4366.286020916786,0.5598653680415562
49,model.layers.8,60821504,996.884765625,0.2184527738779435,4563.387994249005,0.5851386937725602
49,model.layers.9,60821504,995.390625,0.21628399378420662,4602.238971012957,0.5901203455243063
49,model.layers.10,60821504,955.85986328125,0.19716203828935414,4848.092825447637,0.6216448627085024
49,model.layers.11,60821504,847.45947265625,0.17231960227347176,4917.951651903938,0.6306024842196778
49,model.layers.12,60821504,742.06396484375,0.1492242227642106,4972.811726527042,0.637636896469016
49,model.layers.13,60821504,686.737060546875,0.14345525999108583,4787.116628484367,0.6138262129931438
49,model.layers.14,60821504,630.917236328125,0.13437105471901079,4695.33589393537,0.6020576631360711
49,model.layers.15,60821504,774.197998046875,0.1892791468994904,4090.2445447832865,0.5244700545211272
49,model.norm,2048,0.05322265625,0.0015270059119058784,34.854256840153305,0.7701775426528127
49,__whole_model__,1235814400,13818.497314453125,0.996404742993217,13868.35762437473,0.3945012708685164
50,model.embed_tokens,262668288,372.0,0.23268638113420398,1598.71840451825,0.09864342724185413
50,model.layers.0,60821504,823.775390625,0.24560664765713028,3354.043542726091,0.4300709604180865
50,model.layers.1,60821504,779.36083984375,0.5853151598282716,1331.5234139372203,0.1707340844435529
50,model.layers.2,60821504,771.51025390625,0.18203430150240257,4238.2685435583535,0.5434503755894626
50,model.layers.3,60821504,833.3955078125,0.18382617793918213,4533.606242350446,0.5813199399374398
50,model.layers.4,60821504,890.22998046875,0.19143130990787727,4650.38859576919,0.5962943128860575
50,model.layers.5,60821504,950.7783203125,0.2120617746420375,4483.496952326386,0.5748946952404076
50,model.layers.6,60821504,1012.53369140625,0.22306916474026842,4539.10199818607,0.5820246311438422
50,model.layers.7,60821504,1024.91943359375,0.2349458477774963,4362.364533313193,0.5593625367817764
50,model.layers.8,60821504,1080.27783203125,0.237648680024973,4545.692540424506,0.5828697009212775
50,model.layers.9,60821504,1055.41796875,0.23058312964683916,4577.169068554481,0.5869057667955097
50,model.layers.10,60821504,970.42431640625,0.2041922872639611,4752.502307551775,0.6093878048275777
50,model.layers.11,60821504,837.7744140625,0.17506550057436082,4785.491209369644,0.6136177942439993
50,model.layers.12,60821504,725.0712890625,0.1511372406327226,4797.436330232401,0.6151494528334942
50,model.layers.13,60821504,690.7333984375,0.14486202564472517,4768.21579267107,0.6114026604937858
50,model.layers.14,60821504,667.493896484375,0.14361609401718323,4647.765287395377,0.5959579401653619
50,model.layers.15,60821504,859.5732421875,0.21136275975597185,4066.8150017529924,0.5214658102574985
50,model.norm,2048,0.0615234375,0.0017758851090636364,34.64381630658484,0.7655274198927259
50,__whole_model__,1235814400,14345.331298828125,1.0008405614736857,14333.283293100521,0.407726612479938
51,model.embed_tokens,262668288,332.0,0.2357142096022384,1408.485303284182,0.08690574721794167
51,model.layers.0,60821504,857.9453125,0.2918381975910752,2939.797872868432,0.37695446660539245
51,model.layers.1,60821504,798.8056640625,0.5882743644481333,1357.8794391488884,0.1741135757742983
51,model.layers.2,60821504,786.08642578125,0.18408548041160228,4270.225028196768,0.5475479837048476
51,model.layers.3,60821504,841.27734375,0.18396340498187358,4573.068996156564,0.5863800365682501
51,model.layers.4,60821504,888.0869140625,0.19001161221300403,4673.856001321382,0.5993034120571877
51,model.layers.5,60821504,937.025390625,0.20683100993087833,4530.391216182468,0.5809076944271422
51,model.layers.6,60821504,986.2001953125,0.21745473499901,4535.197613963153,0.5815239929585592
51,model.layers.7,60821504,987.27587890625,0.22669309751613803,4355.121041283433,0.5584337427651408
51,model.layers.8,60821504,1047.6982421875,0.23086506563687548,4538.141096823243,0.5819014199312524
51,model.layers.9,60821504,1016.65625,0.22112514739565156,4597.65097716784,0.5895320517546438
51,model.layers.10,60821504,931.782958984375,0.1957425368970944,4760.247689413728,0.6103809534774809
51,model.layers.11,60821504,795.642578125,0.1665814236011326,4776.298346627831,0.6124390429075902
51,model.layers.12,60821504,689.00146484375,0.14535372559426007,4740.170656285938,0.607806583523835
51,model.layers.13,60821504,646.415771484375,0.138641756041304,4662.489786206946,0.5978459834375788
51,model.layers.14,60821504,623.2998046875,0.1378815841982768,4520.544264933748,0.5796450728401592
51,model.layers.15,60821504,820.269775390625,0.20867437653665705,3930.860074938483,0.5040330413611344
51,model.norm,2048,0.060546875,0.0017654504101959165,34.29542662332892,0.7578290227825482
51,__whole_model__,1235814400,13985.530517578125,1.0016264056736794,13962.821305785823,0.3971883981677214
52,model.embed_tokens,262668288,342.0,0.21895281721825902,1561.9803588052657,0.09637663233347332
52,model.layers.0,60821504,748.0107421875,0.23005448413963306,3251.450390045386,0.41691599234935106
52,model.layers.1,60821504,708.2109375,0.5908888005987188,1198.55197252411,0.15368387183056062
52,model.layers.2,60821504,718.7421875,0.16796544635516747,4279.107418201957,0.5486869247924264
52,model.layers.3,60821504,807.71142578125,0.17996695436740107,4488.109656689048,0.5754861575068045
52,model.layers.4,60821504,880.39794921875,0.1912676905804335,4602.962196840651,0.5902130808816005
52,model.layers.5,60821504,957.8974609375,0.2124787703707159,4508.203145501253,0.5780626374843397
52,model.layers.6,60821504,1012.7734375,0.22409455616911045,4519.402232759826,0.5794986361980552
52,model.layers.7,60821504,1032.0302734375,0.2366905612795817,4360.25107151803,0.5590915389451431
52,model.layers.8,60821504,1092.77685546875,0.2418146724314137,4519.067616869676,0.5794557302025263
52,model.layers.9,60821504,1052.92822265625,0.2359773835239216,4461.987869059969,0.5721367012011942
52,model.layers.10,60821504,967.42431640625,0.20554357704050458,4706.662841698082,0.6035100567144074
52,model.layers.11,60821504,825.9775390625,0.17574759224125508,4699.794338739223,0.6026293455290808
52,model.layers.12,60821504,716.24853515625,0.15218260179244872,4706.507358397589,0.6034901199272069
52,model.layers.13,60821504,684.869384765625,0.1471040767733413,4655.679161230012,0.5969726936345201
52,model.layers.14,60821504,657.12255859375,0.14321344824843182,4588.4137741997665,0.5883476149095495
52,model.layers.15,60821504,857.96826171875,0.211822031770785,4050.4203200504044,0.5193636084179094
52,model.norm,2048,0.05810546875,0.0016353479153074378,35.53095228612344,0.7851305407354232
52,__whole_model__,1235814400,14063.148193359375,0.9980292350953985,14090.918080185418,0.4008322572073801
53,model.embed_tokens,262668288,338.0,0.22932310977823406,1473.9029150915555,0.09094211623228415
53,model.layers.0,60821504,884.0830078125,0.2890582178477677,3058.4946326559784,0.3921743135841393
53,model.layers.1,60821504,805.9345703125,0.5965496634453074,1350.9932528633292,0.1732305971511164
53,model.layers.2,60821504,775.8271484375,0.18051773086244222,4297.789168581419,0.5510823851451733
53,model.layers.3,60821504,837.724609375,0.18521301364204765,4523.033197840139,0.5799642153175395
53,model.layers.4,60821504,885.83935546875,0.189559149690595,4673.155355015295,0.5992135719504826
53,model.layers.5,60821504,937.63232421875,0.20770102138368268,4514.336607361584,0.578849098303753
53,model.layers.6,60821504,979.97412109375,0.2173306179506359,4509.139716872934,0.5781827289930478
53,model.layers.7,60821504,979.7099609375,0.223432166823379,4384.820569331682,0.5622419534782589
53,model.layers.8,60821504,1028.2626953125,0.22484663242493785,4573.173652737593,0.5863934561186358
53,model.layers.9,60821504,1004.33154296875,0.21790523049265106,4609.029075153941,0.5909910040509628
53,model.layers.10,60821504,925.600830078125,0.19390696526531478,4773.427446567812,0.612070922836891
53,model.layers.11,60821504,808.013671875,0.1662133005301323,4861.305739660213,0.6233390836191545
53,model.layers.12,60821504,709.3232421875,0.14557235671558336,4872.650674834941,0.6247937836265703
53,model.layers.13,60821504,670.609130859375,0.13987854594141688,4794.224349030877,0.6147375977628646
53,model.layers.14,60821504,634.8583984375,0.13597961408323825,4668.776292076246,0.5986520682669624
53,model.layers.15,60821504,821.01953125,0.20531499563657174,3998.8288663692515,0.5127483138484225
53,model.norm,2048,0.0595703125,0.0017222648560574953,34.58835747038627,0.7643019411692035
53,__whole_model__,1235814400,14026.8037109375,0.9999015593919576,14028.184653964568,0.3990477332543372
54,model.embed_tokens,262668288,302.0,0.23605406452243832,1279.367930439906,0.07893900326989683
54,model.layers.0,60821504,882.4873046875,0.28102706012475537,3140.221814567396,0.4026537504695469
54,model.layers.1,60821504,818.68115234375,0.6121293618797041,1337.431600780878,0.17149165945944436
54,model.layers.2,60821504,788.8203125,0.18454592315737944,4274.38492817476,0.5480813853008578
54,model.layers.3,60821504,835.7138671875,0.18512505083518935,4514.320797845496,0.5788470711345522
54,model.layers.4,60821504,874.716796875,0.19157342475779357,4565.961056346438,0.5854686236835354
54,model.layers.5,60821504,914.77294921875,0.2050092035086974,4462.106742344088,0.5721519436829384
54,model.layers.6,60821504,944.2685546875,0.2104593989010416,4486.701756339696,0.5753056300188021
54,model.layers.7,60821504,942.1953125,0.21554112418445076,4371.301838871871,0.5605085193953613
54,model.layers.8,60821504,1002.50341796875,0.22109526325628123,4534.260043403572,0.5814037733293617
54,model.layers.9,60821504,976.8251953125,0.21511133537086874,4541.021483727843,0.582270756448998
54,model.layers.10,60821504,896.84375,0.1879956017068797,4770.557086746886,0.6117028720381443
54,model.layers.11,60821504,780.884033203125,0.16289132100233872,4793.895883451724,0.6146954803886293
54,model.layers.12,60821504,679.18505859375,0.14256282019803268,4764.110710284072,0.6108762878625777
54,model.layers.13,60821504,648.358154296875,0.1412077629741622,4591.519195835641,0.5887458064203126
54,model.layers.14,60821504,615.822021484375,0.13399826088604777,4595.746373216519,0.5892878346357765
54,model.layers.15,60821504,796.568359375,0.20014758399960697,3979.9049454254928,0.5103218012669717
54,model.norm,2048,0.05810546875,0.001666574177753956,34.865216037553644,0.7704197089902547
54,__whole_model__,1235814400,13700.704345703125,1.001260176342476,13683.460772154856,0.38924166874720056
55,model.embed_tokens,262668288,294.0,0.22506879178749356,1306.2672868373072,0.0805987356518727
55,model.layers.0,60821504,927.77734375,0.29231540599253414,3173.89136778407,0.4069710161532756
55,model.layers.1,60821504,842.275390625,0.5914987392289998,1423.9681925998352,0.18258778110509177
55,model.layers.2,60821504,807.2666015625,0.18383378120293142,4391.285411636995,0.5630709054294724
55,model.layers.3,60821504,849.9072265625,0.1858808267085839,4572.323254699897,0.5862844141529754
55,model.layers.4,60821504,880.58740234375,0.1909783335504542,4610.928297324938,0.5912345310930907
55,model.layers.5,60821504,914.94482421875,0.2033008726906584,4500.4471063482615,0.5770681223073375
55,model.layers.6,60821504,964.07666015625,0.21317804311755084,4522.4013038933745,0.5798831909560174
55,model.layers.7,60821504,978.89208984375,0.2232192491166744,4385.339049913627,0.5623084354541171
55,model.layers.8,60821504,1037.08935546875,0.2275074821977593,4558.484606529412,0.5845099587430342
55,model.layers.9,60821504,1025.779296875,0.22300193007670027,4599.867348781192,0.5898162451636605
55,model.layers.10,60821504,952.484375,0.19857988507032664,4796.47963670983,0.6150267811696244
55,model.layers.11,60821504,826.150390625,0.17125009453577528,4824.233194524817,0.6185854705880716
55,model.layers.12,60821504,716.2490234375,0.14744812565313664,4857.633966283405,0.6228682718713388
55,model.layers.13,60821504,659.73583984375,0.14010564788524701,4708.845430586097,0.6037899183462879
55,model.layers.14,60821504,619.796875,0.13563422094641428,4569.620193747906,0.5859378151882088
55,model.layers.15,60821504,785.37744140625,0.1940450479506303,4047.3974971320517,0.5189760080963545
55,model.norm,2048,0.05517578125,0.0015786048271298394,34.95224409665499,0.7723427755760067
55,__whole_model__,1235814400,14082.4453125,0.9975321923106788,14117.284054642378,0.4015822674618515
56,model.embed_tokens,262668288,324.0,0.23214535331956027,1395.6773003076094,0.08611547339225584
56,model.layers.0,60821504,825.26171875,0.26263998506018915,3142.1785169568716,0.4029046478908756
56,model.layers.1,60821504,771.158203125,0.6009435711023366,1283.2456160741206,0.16454368213381484
56,model.layers.2,60821504,752.833984375,0.17372477979891682,4333.48647928287,0.5556596592628603
56,model.layers.3,60821504,823.59228515625,0.18037010610204324,4566.124082059961,0.5854895275937843
56,model.layers.4,60821504,871.646484375,0.18719101468622415,4656.4547226590075,0.5970721397044301
56,model.layers.5,60821504,929.8974609375,0.20609530612761365,4511.977872808564,0.5785466504608237
56,model.layers.6,60821504,969.14306640625,0.2126591104107771,4557.260982302764,0.5843530599909335
56,model.layers.7,60821504,979.46630859375,0.2213980254719149,4424.006521765474,0.567266557358148
56,model.layers.8,60821504,1046.26806640625,0.22860926119405975,4576.665271308075,0.5868411675847786
56,model.layers.9,60821504,1025.7783203125,0.22453932167756066,4568.368304708436,0.5857772921912102
56,model.layers.10,60821504,945.16943359375,0.19884411701243204,4753.318568306733,0.6094924695531141
56,model.layers.11,60821504,819.890869140625,0.17153862037596282,4779.628443691936,0.6128660433398747
56,model.layers.12,60821504,725.7490234375,0.1505629763962765,4820.235630354131,0.6180728844393473
56,model.layers.13,60821504,692.429931640625,0.14655735202565168,4724.634568448195,0.6058144745567322
56,model.layers.14,60821504,663.806884765625,0.14520188834530473,4571.613305654988,0.5861933812061151
56,model.layers.15,60821504,856.572021484375,0.21211951017841166,4038.1576440748927,0.5177912314445926
56,model.norm,2048,0.06298828125,0.001811725887079746,34.76700404801771,0.7682495101216709
56,__whole_model__,1235814400,14022.72705078125,1.000174593722419,14020.27919804671,0.39882285353239316
57,model.embed_tokens,262668288,332.0,0.23106523684799243,1436.8236630004542,0.08865426835645195
57,model.layers.0,60821504,808.091796875,0.25102760700598953,3219.1351641085394,0.41277238476711575
57,model.layers.1,60821504,749.8525390625,0.589506953313401,1271.9994816818626,0.1631016508192368
57,model.layers.2,60821504,744.30322265625,0.17075529205833118,4358.888170809903,0.5589167815190598
57,model.layers.3,60821504,815.275390625,0.1787374987493289,4561.300210250711,0.5848709884616857
57,model.layers.4,60821504,869.28125,0.18761308858499723,4633.3720986964945,0.5941123790066132
57,model.layers.5,60821504,927.3955078125,0.20444178715907474,4536.232639616382,0.5816567087301556
57,model.layers.6,60821504,987.9638671875,0.2168431646361389,4556.1217889680565,0.5842069873579105
57,model.layers.7,60821504,1010.34521484375,0.23190110145664442,4356.793514551898,0.5586481950152917
57,model.layers.8,60821504,1065.1474609375,0.23561723436151308,4520.668718584563,0.5796610308623051
57,model.layers.9,60821504,1042.97509765625,0.22975424622301865,4539.524795741321,0.5820788441999141
57,model.layers.10,60821504,968.79833984375,0.20283956355690713,4776.180360750734,0.6124239142132746
57,model.layers.11,60821504,842.0341796875,0.17575603365706743,4790.926161490789,0.6143146889171877
57,model.layers.12,60821504,736.63623046875,0.15298221281453644,4815.175679030016,0.6174240741010467
57,model.layers.13,60821504,696.62451171875,0.1474722869989378,4723.765569077854,0.6057030474422523
57,model.layers.14,60821504,662.37548828125,0.1440218104642398,4599.133187856403,0.5897221076576912
57,model.layers.15,60821504,850.65380859375,0.214089533198806,3973.355426973738,0.5094819917490151
57,model.norm,2048,0.05712890625,0.0016547264870475477,34.52468229473529,0.7628949052787019
57,__whole_model__,1235814400,14109.81103515625,0.9974420566836876,14145.995690284799,0.4023990027275863
58,model.embed_tokens,262668288,324.0,0.2236017763681856,1449.0045887045967,0.089405850533175
58,model.layers.0,60821504,836.798828125,0.2769557468626646,3021.417094984303,0.38742006038698645
58,model.layers.1,60821504,769.03857421875,0.6217463030464729,1236.9009199581321,0.15860115106199474
58,model.layers.2,60821504,745.38525390625,0.17551754677002904,4246.784823644369,0.544542372371593
58,model.layers.3,60821504,809.3798828125,0.18020808831495486,4491.362681778875,0.5759032754144356
58,model.layers.4,60821504,866.13671875,0.1866442686803511,4640.574955094681,0.5950359625348114
58,model.layers.5,60821504,915.5234375,0.20396755539726635,4488.573860273222,0.5755456798352214
58,model.layers.6,60821504,953.26171875,0.21201327844540754,4496.235923239405,0.5765281449513338
58,model.layers.7,60821504,953.41357421875,0.22138614942927212,4306.5637876471765,0.5522075073449422
58,model.layers.8,60821504,1003.1337890625,0.2215397246305082,4528.008648270923,0.5806021905608606
58,model.layers.9,60821504,970.57470703125,0.21711477540094398,4470.330060397308,0.5732063755195917
58,model.layers.10,60821504,892.466796875,0.1881868615461323,4742.45008149105,0.6080988619557264
58,model.layers.11,60821504,767.88818359375,0.16144039408255886,4756.481102251648,0.60989798426803
58,model.layers.12,60821504,660.05126953125,0.1380283003381037,4781.9995458499325,0.6131700770142587
58,model.layers.13,60821504,628.908935546875,0.1328291393047175,4734.721152593805,0.607107822980979
58,model.layers.14,60821504,610.91552734375,0.13306338166437434,4591.161893695606,0.5886999914890014
58,model.layers.15,60821504,799.66748046875,0.20106902559940423,3977.0794038757176,0.5099594972740351
58,model.norm,2048,0.058349609375,0.0017196819912630912,33.93046486004237,0.7497644309796193
58,__whole_model__,1235814400,13506.60302734375,0.9997406217109073,13510.10725584923,0.3843104299989368
59,model.embed_tokens,262668288,352.0,0.2240316840119853,1571.2063298206008,0.09694588918196809
59,model.layers.0,60821504,812.3359375,0.254424222354798,3192.8404063949015,0.40940074943805455
59,model.layers.1,60821504,754.42041015625,0.600126918510256,1257.101434524899,0.16119135437629273
59,model.layers.2,60821504,739.49462890625,0.1722794291474717,4292.413972844317,0.5503931527116515
59,model.layers.3,60821504,803.19873046875,0.17945857121418568,4475.677729040448,0.5738920783019364
59,model.layers.4,60821504,858.52734375,0.18605599515855284,4614.349260922132,0.5916731828520968
59,model.layers.5,60821504,914.38134765625,0.20242046955019155,4517.2375584749,0.5792210716593569
59,model.layers.6,60821504,967.01806640625,0.21336667283238014,4532.188900775215,0.5811382018518321
59,model.layers.7,60821504,995.46826171875,0.22754161727535482,4374.884355832386,0.5609678862730705
59,model.layers.8,60821504,1069.7109375,0.23891349268097958,4477.398599368273,0.5741127362466574
59,model.layers.9,60821504,1043.9248046875,0.23413571084137905,4458.631282413525,0.571706304152267
59,model.layers.10,60821504,954.0458984375,0.2009977743686725,4746.549564710989,0.6086245166358633
59,model.layers.11,60821504,833.3984375,0.17503655506618204,4761.282220076193,0.6105136057790747
59,model.layers.12,60821504,731.76171875,0.1534377630925502,4769.110967217489,0.6115174439102848
59,model.layers.13,60821504,699.3017578125,0.14689688746481394,4760.494043687638,0.6104125421607624
59,model.layers.14,60821504,668.426513671875,0.14472525114304544,4618.589419556141,0.5922168755838171
59,model.layers.15,60821504,856.786376953125,0.21367167730362185,4009.826607649333,0.514158495050456
59,model.norm,2048,0.05908203125,0.0016773759483303635,35.222891629517775,0.7783232976322156
59,__whole_model__,1235814400,14054.26025390625,1.0022544152730242,14022.647383476708,0.398890219271516
60,model.embed_tokens,262668288,346.0,0.22783795973238044,1518.6231495682864,0.09370142467795964
60,model.layers.0,60821504,890.41015625,0.27140734031676106,3280.7150875536277,0.4206684470814935
60,model.layers.1,60821504,816.38671875,0.568745868227911,1435.415647578565,0.18405562667546965
60,model.layers.2,60821504,774.6474609375,0.18052850954866584,4290.997930876259,0.5502115812676802
60,model.layers.3,60821504,825.8330078125,0.1843243680016643,4480.324640554543,0.5744879267673445
60,model.layers.4,60821504,882.7158203125,0.18964286816524115,4654.621757478193,0.596837108439724
60,model.layers.5,60821504,935.8984375,0.2057786023383454,4548.084333672247,0.5831763877027919
60,model.layers.6,60821504,1001.20849609375,0.22021823429872228,4546.43776107853,0.5829652565568311
60,model.layers.7,60821504,1013.53857421875,0.22941288360147297,4417.967109377472,0.5664921559966326
60,model.layers.8,60821504,1078.150390625,0.23803588313236201,4529.360768794193,0.5807755657018319
60,model.layers.9,60821504,1052.6748046875,0.23231620191661592,4531.215627678569,0.5810134042783683
60,model.layers.10,60821504,966.1259765625,0.20344848579739994,4748.749899886682,0.608906653778747
60,model.layers.11,60821504,833.0751953125,0.17501071382459335,4760.138263006344,0.6103669223179209
60,model.layers.12,60821504,732.509765625,0.15259884032658635,4800.231535556299,0.6155078669753802
60,model.layers.13,60821504,709.930419921875,0.14945734224311122,4750.053823164362,0.6090738488461931
60,model.layers.14,60821504,685.43310546875,0.1463477000938413,4683.593285232604,0.6005519715914386
60,model.layers.15,60821504,881.7734375,0.21233135387503252,4152.817854771308,0.5324934934479857
60,model.norm,2048,0.05859375,0.001662522549856582,35.243882860448785,0.7787871426864896
60,__whole_model__,1235814400,14426.370361328125,0.9949001994293082,14500.319096933881,0.41247813668183686
61,model.embed_tokens,262668288,340.0,0.22613336765671227,1503.537507636405,0.09277061696466969
61,model.layers.0,60821504,826.404296875,0.26479821600280434,3120.883174176098,0.4001740606443201
61,model.layers.1,60821504,762.35107421875,0.5962363972738027,1278.605394948179,0.16394869154088895
61,model.layers.2,60821504,741.685546875,0.175443487790501,4227.4897530574335,0.5420682692679961
61,model.layers.3,60821504,811.04296875,0.1787291099671042,4537.83364612108,0.5818619971816442
61,model.layers.4,60821504,867.8984375,0.18810088069333897,4614.005177971153,0.5916290629462858
61,model.layers.5,60821504,920.634765625,0.20423859626779303,4507.643425133438,0.5779908675525885
61,model.layers.6,60821504,977.5830078125,0.2166704567326921,4511.842650604421,0.5785293116450138
61,model.layers.7,60821504,997.59814453125,0.23231632814078781,4294.137017896942,0.5506140895096346
61,model.layers.8,60821504,1058.57421875,0.23649103219553727,4476.170656123408,0.5739552836900847
61,model.layers.9,60821504,1021.982421875,0.22602762890449618,4521.493353836047,0.5797667694044805
61,model.layers.10,60821504,939.223876953125,0.19656925654305102,4778.081239511753,0.6126676536710294
61,model.layers.11,60821504,811.08837890625,0.16993660670699914,4772.887929348326,0.6120017434461673
61,model.layers.12,60821504,705.121337890625,0.14742750706926017,4782.834302145292,0.613277113323444
61,model.layers.13,60821504,674.858642578125,0.14450673121847554,4670.084479025588,0.5988198100420893
61,model.layers.14,60821504,644.043701171875,0.13912792353732298,4629.1476563229335,0.5935707014864245
61,model.layers.15,60821504,827.94287109375,0.2073544465072016,3992.8869867036815,0.5119864185832276
61,model.norm,2048,0.0595703125,0.0017140385066302523,34.75436069234724,0.7679701287925602
61,__whole_model__,1235814400,13928.09326171875,0.998496833448522,13949.061023674061,0.39679697122823593
62,model.embed_tokens,262668288,298.0,0.22788873907753288,1307.6556621721168,0.08068440058256757
62,model.layers.0,60821504,781.34765625,0.2653679399799615,2944.393570334839,0.3775437481689711
62,model.layers.1,60821504,737.60107421875,0.6105976846544872,1207.998478795623,0.15489514651230882
62,model.layers.2,60821504,731.072265625,0.17331239388947037,4218.234190979093,0.5408814783329547
62,model.layers.3,60821504,798.826171875,0.181102188344501,4410.913966182648,0.56558776938712
62,model.layers.4,60821504,866.89208984375,0.18671937905950692,4642.753709926777,0.5953153325463271
62,model.layers.5,60821504,927.01953125,0.20494977412901624,4523.154686018046,0.5799797930930474
62,model.layers.6,60821504,993.89990234375,0.2188458613281217,4541.552197112689,0.582338806971366
62,model.layers.7,60821504,1007.15283203125,0.22842628470606302,4409.093433915653,0.5653543323280702
62,model.layers.8,60821504,1059.52490234375,0.23284795294524263,4550.286523639363,0.5834587626756018
62,model.layers.9,60821504,1021.02685546875,0.22253881181401383,4588.084420627132,0.5883053836726869
62,model.layers.10,60821504,938.1640625,0.19693451257099415,4763.837735967155,0.6108412858343838
62,model.layers.11,60821504,792.38818359375,0.16540777020993758,4790.513665640019,0.6142617967932634
62,model.layers.12,60821504,682.489990234375,0.14484395009763643,4711.898493339363,0.6041813961591987
62,model.layers.13,60821504,636.975830078125,0.1368409212907598,4654.86364802147,0.5968681247628391
62,model.layers.14,60821504,603.7998046875,0.13368979383667307,4516.424084138792,0.5791167642213202
62,model.layers.15,60821504,788.0146484375,0.20210448485120794,3899.045827793713,0.4999536715943933
62,model.norm,2048,0.055908203125,0.001629412713865163,34.31187362738751,0.758192453660674
62,__whole_model__,1235814400,13664.251708984375,1.0016338792138757,13641.962390198556,0.3880611998795695
63,model.embed_tokens,262668288,340.0,0.23329146579365417,1457.4043625784807,0.08992412972520455
63,model.layers.0,60821504,823.1826171875,0.28116470176963676,2927.7594662716524,0.3754108464880542
63,model.layers.1,60821504,773.61474609375,0.5881793610541656,1315.2701324086543,0.16865001358761683
63,model.layers.2,60821504,760.3876953125,0.182466331749614,4167.2767135798385,0.5343474751316225
63,model.layers.3,60821504,822.29638671875,0.18652259420744452,4408.561816399669,0.5652861658738302
63,model.layers.4,60821504,861.64892578125,0.18697053683606363,4608.474363726872,0.5909198763887379
63,model.layers.5,60821504,912.50390625,0.20452970345521432,4461.473765593222,0.5720707804792711
63,model.layers.6,60821504,966.2080078125,0.21499158217843617,4494.166692585099,0.5762628186359513
63,model.layers.7,60821504,974.47265625,0.22864048273552146,4262.0302607444,0.5464972127581537
63,model.layers.8,60821504,1030.3193359375,0.23111353315434846,4458.065790761826,0.5716337941998301
63,model.layers.9,60821504,999.892578125,0.22061147698804562,4532.368813156451,0.5811612710486398
63,model.layers.10,60821504,923.41455078125,0.19464824617380705,4744.016804326644,0.6082997543967544
63,model.layers.11,60821504,804.576171875,0.1689575675446126,4762.0013922285825,0.6106058213553914
63,model.layers.12,60821504,702.93408203125,0.14681930854685896,4787.749574552049,0.6139073722624716
63,model.layers.13,60821504,680.425537109375,0.14307051752873662,4755.875276488793,0.6098203024894968
63,model.layers.14,60821504,656.36279296875,0.14008069513632695,4685.604910298138,0.6008099114520618
63,model.layers.15,60821504,844.375244140625,0.20691481036189677,4080.78688356721,0.5232573495008456
63,model.norm,2048,0.05859375,0.001671645815904128,35.0515339089991,0.7745367911888585
63,__whole_model__,1235814400,13876.673828125,0.9978917955714128,13905.990498878627,0.395571780962093
64,model.embed_tokens,262668288,334.0,0.2243236050677507,1488.9204366126542,0.09186872080963364
64,model.layers.0,60821504,809.8232421875,0.26046368065903114,3109.1599417564353,0.39867085361623517
64,model.layers.1,60821504,759.72607421875,0.5792098572615878,1311.6594351667532,0.16818703330402124
64,model.layers.2,60821504,747.8740234375,0.17178006318361488,4353.671838146322,0.5582479192428523
64,model.layers.3,60821504,827.400390625,0.18160549264564488,4556.031750864789,0.5841954422562882
64,model.layers.4,60821504,891.6494140625,0.18937449885671886,4708.3922040481475,0.6037318035454574
64,model.layers.5,60821504,954.01220703125,0.2089872977330958,4564.92914822818,0.5853363076566773
64,model.layers.6,60821504,1013.52001953125,0.22085943298350008,4588.982258262738,0.5884205085627862
64,model.layers.7,60821504,1033.90771484375,0.23509299876520956,4397.866887887746,0.5639148127240774
64,model.layers.8,60821504,1098.3427734375,0.24095603093052076,4558.27052427754,0.5844825081275313
64,model.layers.9,60821504,1069.48681640625,0.2352756501106955,4545.675746313161,0.5828675475027237
64,model.layers.10,60821504,977.30224609375,0.20556044592917927,4754.330249071629,0.6096221919352635
64,model.layers.11,60821504,841.65234375,0.1756841288383702,4790.713591005833,0.614287432147424
64,model.layers.12,60821504,730.749755859375,0.1517067713450014,4816.856554132002,0.6176396036731125
64,model.layers.13,60821504,696.4873046875,0.1467041423160791,4747.563999841902,0.6087545921955498
64,model.layers.14,60821504,671.365478515625,0.1452786990127203,4621.2244677166445,0.592554753634206
64,model.layers.15,60821504,857.149658203125,0.21284768217193156,4027.0565761235157,0.5163678012193444
64,model.norm,2048,0.060546875,0.0017313390542361743,34.97112529856946,0.7727599951357154
64,__whole_model__,1235814400,14314.510009765625,0.9986019953871144,14334.549776476779,0.40776263904595256
65,model.embed_tokens,262668288,332.0,0.23145579060846858,1434.399196180027,0.088504674959813
65,model.layers.0,60821504,795.994140625,0.2571322066537909,3095.6609869441445,0.396939955258236
65,model.layers.1,60821504,753.84814453125,0.5969780326464698,1262.7736755896321,0.1619186753342222
65,model.layers.2,60821504,749.9404296875,0.17980566195745226,4170.838790743752,0.5348042211241691
65,model.layers.3,60821504,814.7763671875,0.18596846702700345,4381.260867570581,0.5617855120708363
65,model.layers.4,60821504,874.84619140625,0.19472101227930907,4492.818628897456,0.5760899636811888
65,model.layers.5,60821504,931.08203125,0.20855381352198313,4464.468980577318,0.5724548407839329
65,model.layers.6,60821504,989.40087890625,0.21852433399432358,4527.646238848397,0.5805557207501902
65,model.layers.7,60821504,1003.79345703125,0.23235603424198287,4320.066230713285,0.5539388529829634
65,model.layers.8,60821504,1053.0869140625,0.23411513276107182,4498.158242240739,0.5767746335757664
65,model.layers.9,60821504,1016.65625,0.2269867594771159,4478.923142221853,0.574308220175499
65,model.layers.10,60821504,914.66552734375,0.19438702668025887,4705.383599741225,0.6033460263999572
65,model.layers.11,60821504,780.447509765625,0.1647864334720619,4736.115063124678,0.607286556629816
65,model.layers.12,60821504,676.3095703125,0.14328385385657386,4720.068256884556,0.6052289609893841
65,model.layers.13,60821504,640.929443359375,0.1491739359569473,4296.524317387133,0.5509202000807926
65,model.layers.14,60821504,615.85986328125,0.1387851105332226,4437.50673912404,0.5689976176056641
65,model.layers.15,60821504,801.444580078125,0.20314403113191432,3945.203684363712,0.505872245236334
65,model.norm,2048,0.056884765625,0.0016507625848424196,34.459689205053174,0.7614587473273116
65,__whole_model__,1235814400,13745.13818359375,1.0003636710404418,13740.14129211423,0.3908540108689642
66,model.embed_tokens,262668288,332.0,0.22906588466011993,1449.3646685651604,0.08942806802402666
66,model.layers.0,60821504,824.9873046875,0.27529939443841944,2996.69131626818,0.38424960679445946
66,model.layers.1,60821504,789.291015625,0.5917301293377174,1333.8699121310567,0.1710349632839696
66,model.layers.2,60821504,778.77001953125,0.17858436119469737,4360.796288775894,0.5591614492211247
66,model.layers.3,60821504,839.09130859375,0.1851819921126786,4531.1711955403525,0.5810077069843073
66,model.layers.4,60821504,886.2734375,0.1925301640953081,4603.296536231427,0.5902559514231022
66,model.layers.5,60821504,936.90576171875,0.20951216407338918,4471.844228531595,0.573400529153989
66,model.layers.6,60821504,971.77001953125,0.21259936273446675,4570.898082817753,0.5861016720292352
66,model.layers.7,60821504,990.646484375,0.22513083568860018,4400.314516423051,0.5642286589641501
66,model.layers.8,60821504,1048.70166015625,0.23270654262449225,4506.541364625451,0.5778495562621802
66,model.layers.9,60821504,1027.6474609375,0.22623349174188204,4542.4196613204385,0.5824500372402048
66,model.layers.10,60821504,944.72509765625,0.20000491221141825,4723.50947389539,0.6056702097346682
66,model.layers.11,60821504,816.33935546875,0.17016577284493223,4797.31817874244,0.6151343029035321
66,model.layers.12,60821504,712.30810546875,0.14864808401407664,4791.90909316595,0.614440724958216
66,model.layers.13,60821504,676.675048828125,0.14148806262519717,4782.5592935047935,0.613241850444881
66,model.layers.14,60821504,651.48828125,0.14047954890122788,4637.6023153951455,0.594654796937445
66,model.layers.15,60821504,837.71044921875,0.20847987203592724,4018.183822917868,0.5152300958067294
66,model.norm,2048,0.058837890625,0.0017581392758917627,33.466000920294704,0.7395011309354882
66,__whole_model__,1235814400,14065.3896484375,1.0005222031249845,14058.048491584012,0.3998972442211712
67,model.embed_tokens,262668288,346.0,0.23329644787972653,1483.091590740278,0.09150907189829895
67,model.layers.0,60821504,852.1572265625,0.27464010948611983,3102.8141816465727,0.39785717093434214
67,model.layers.1,60821504,783.48828125,0.6064185133092393,1291.9926817116566,0.16566527130570663
67,model.layers.2,60821504,758.71484375,0.1759876948506834,4311.1812129463415,0.5527995749516307
67,model.layers.3,60821504,809.01513671875,0.1777573347071065,4551.2335007260135,0.5835801884531631
67,model.layers.4,60821504,862.6953125,0.1838074211608206,4693.473783875095,0.6018188947802569
67,model.layers.5,60821504,909.646484375,0.2006551086573046,4533.383129200909,0.5812913313385111
67,model.layers.6,60821504,958.95654296875,0.21068315427459486,4551.652676126586,0.5836339370598258
67,model.layers.7,60821504,967.95263671875,0.22360743872037,4328.803380862536,0.5550591707451327
67,model.layers.8,60821504,1026.95068359375,0.22594714258207838,4545.092590496895,0.5827927725694887
67,model.layers.9,60821504,1005.1455078125,0.22098350800240518,4548.509148481614,0.5832308594205072
67,model.layers.10,60821504,927.9052734375,0.19407756442750052,4781.105307945719,0.6130554136983511
67,model.layers.11,60821504,807.8935546875,0.1678741635611633,4812.494892301589,0.6170803312401435
67,model.layers.12,60821504,704.68359375,0.14657400894058267,4807.698164520154,0.6164652726407106
67,model.layers.13,60821504,674.3583984375,0.14171254472118688,4758.635869282216,0.6101742784527979
67,model.layers.14,60821504,651.05517578125,0.14086939985686675,4621.69340142549,0.592614882481064
67,model.layers.15,60821504,832.895263671875,0.20890739055652754,3986.911432156847,0.511220205369162
67,model.norm,2048,0.059326171875,0.0017304708883657655,34.283253346738974,0.7575600288317353
67,__whole_model__,1235814400,13879.5732421875,0.9996959621333725,13883.794441430167,0.3949403887591476
68,model.embed_tokens,262668288,308.0,0.23016788758834086,1338.1536548263553,0.08256617445275549
68,model.layers.0,60821504,879.5556640625,0.28257402673651566,3112.655732094712,0.3991191000057204
68,model.layers.1,60821504,810.30517578125,0.60530515256258,1338.6721926135858,0.17165073387639299
68,model.layers.2,60821504,797.52197265625,0.18496682483679816,4311.702778916856,0.5528664525502675
68,model.layers.3,60821504,859.90380859375,0.18757743259276108,4584.260466239771,0.5878150585725449
68,model.layers.4,60821504,893.35205078125,0.1897884505238904,4707.093863273812,0.6035653242923841
68,model.layers.5,60821504,927.82666015625,0.2027908300246763,4575.289030787777,0.5866646996663419
68,model.layers.6,60821504,956.32177734375,0.20804258276092413,4596.759781831416,0.5894177785708365
68,model.layers.7,60821504,963.2060546875,0.2170076406135792,4438.58129586626,0.5691354022361448
68,model.layers.8,60821504,1010.38134765625,0.2207848536673372,4576.316404288405,0.5867964342435752
68,model.layers.9,60821504,990.5146484375,0.21465877601198677,4614.3682864482025,0.5916756223929572
68,model.layers.10,60821504,917.65673828125,0.19108974392701558,4802.229148581297,0.6157640101474233
68,model.layers.11,60821504,794.762451171875,0.16450153840025958,4831.337499337458,0.6194964173766133
68,model.layers.12,60821504,689.87158203125,0.14259005436676545,4838.146567058492,0.6203695075011252
68,model.layers.13,60821504,654.231689453125,0.138790766715568,4713.798366672908,0.6044250066963971
68,model.layers.14,60821504,619.1640625,0.13400404271305874,4620.487934276794,0.5924603119133929
68,model.layers.15,60821504,799.697265625,0.199225057168163,4014.0395841371856,0.5146987023618008
68,model.norm,2048,0.05712890625,0.0016587554867781725,34.44082428385054,0.7610418875239072
68,__whole_model__,1235814400,13872.330078125,0.9958820915528275,13929.691271478327,0.3962459765059629
69,model.embed_tokens,262668288,312.0,0.2273627568194565,1372.2564080613781,0.08467036769152639
69,model.layers.0,60821504,902.88671875,0.30454146741487526,2964.741473186645,0.38015285029018503
69,model.layers.1,60821504,793.8271484375,0.6085024460875991,1304.558680974015,0.16727654179236917
69,model.layers.2,60821504,769.07275390625,0.18648440328584462,4124.0593870330795,0.5288059498359907
69,model.layers.3,60821504,811.52490234375,0.18219131308167844,4454.245861765836,0.571143985253969
69,model.layers.4,60821504,855.95751953125,0.1842093768831436,4646.655528693534,0.5958156417769676
69,model.layers.5,60821504,903.95166015625,0.20022839282070548,4514.602786457431,0.5788832290173039
69,model.layers.6,60821504,937.6435546875,0.20606343392081342,4550.266570088413,0.5834562041391036
69,model.layers.7,60821504,948.19970703125,0.21409443866839606,4428.885275716507,0.5678921337320488
69,model.layers.8,60821504,1007.51025390625,0.22144177321795355,4549.7750458971,0.5833931786362043
69,model.layers.9,60821504,975.33837890625,0.2169253174485053,4496.194314145836,0.5765228096411015
69,model.layers.10,60821504,893.8427734375,0.18855452227249242,4740.50032141764,0.6078488547102407
69,model.layers.11,60821504,769.77001953125,0.16230575724698146,4742.715431590558,0.6081328863715364
69,model.layers.12,60821504,659.99072265625,0.13895333601069493,4749.729237198393,0.609032228933886
69,model.layers.13,60821504,627.916015625,0.13531145526593583,4640.523704300707,0.5950293909212037
69,model.layers.14,60821504,601.66943359375,0.13057450289290098,4607.86309933148,0.5908414972436115
69,model.layers.15,60821504,789.875,0.1965323360490442,4019.0587252923538,0.5153422798316755
69,model.norm,2048,0.056884765625,0.0016456255518911317,34.567259580789056,0.7638357392691123
69,__whole_model__,1235814400,13561.033447265625,0.998143947774364,13586.250237256532,0.38647640406353
70,model.embed_tokens,262668288,318.0,0.23097108794133456,1376.7956969608695,0.08495044891972846
70,model.layers.0,60821504,854.671875,0.2708116908057927,3155.9637342721335,0.4046722521496826
70,model.layers.1,60821504,784.240234375,0.6053496926413086,1295.5160362816778,0.1661170521083467
70,model.layers.2,60821504,777.197265625,0.1829353369755872,4248.480793673653,0.5447598374849834
70,model.layers.3,60821504,840.89306640625,0.1872134417958494,4491.627622140607,0.5759372472917749
70,model.layers.4,60821504,866.2158203125,0.1912934065145491,4528.205316091847,0.5806274082175638
70,model.layers.5,60821504,916.38818359375,0.2053540229963669,4462.479820081064,0.5721997814341804
70,model.layers.6,60821504,966.64892578125,0.21494327306390354,4497.22809186897,0.5766553653973353
70,model.layers.7,60821504,977.4580078125,0.22532549441192204,4337.982305835262,0.55623613491639
70,model.layers.8,60821504,1027.45068359375,0.2269161911258593,4527.886170202255,0.5805864858569856
70,model.layers.9,60821504,996.20849609375,0.2204592449883994,4518.787570673984,0.5794198213853602
70,model.layers.10,60821504,916.6025390625,0.19434269510123123,4716.423936516115,0.6047616693931476
70,model.layers.11,60821504,782.392578125,0.16536942295055032,4731.180433271243,0.6066538155895342
70,model.layers.12,60821504,673.992431640625,0.14291222604385706,4716.1285657518865,0.6047237955889967
70,model.layers.13,60821504,640.483154296875,0.13668636388865835,4685.7867608403,0.600833229168819
70,model.layers.14,60821504,616.6630859375,0.13529976018991824,4557.754463658319,0.584416336450475
70,model.layers.15,60821504,803.5078125,0.2016075403932004,3985.504763030678,0.5110398357542851
70,model.norm,2048,0.05859375,0.0016764026650994454,34.952073997403346,0.7723390168780596
70,__whole_model__,1235814400,13759.07275390625,1.0003277338528413,13754.56491735173,0.3912643073612268
71,model.embed_tokens,262668288,322.0,0.22904853955202759,1405.8155560815476,0.08674101963790447
71,model.layers.0,60821504,766.5439453125,0.2335467336415294,3282.1865386868026,0.4208571233446342
71,model.layers.1,60821504,733.7705078125,0.5964754540731956,1230.1772064579484,0.15773900545005975
71,model.layers.2,60821504,730.86572265625,0.16951523027230025,4311.504762623548,0.5528410619862044
71,model.layers.3,60821504,809.0791015625,0.18128354289608856,4463.058745637285,0.5722740139439266
71,model.layers.4,60821504,872.6484375,0.18901714847178577,4616.768608326871,0.5919834027549356
71,model.layers.5,60821504,934.20263671875,0.20450073162269308,4568.211709102185,0.585757212779026
71,model.layers.6,60821504,984.828125,0.21679366120641475,4542.697971516428,0.5824857234594679
71,model.layers.7,60821504,1011.71923828125,0.2304946952713652,4389.338492541601,0.5628212624673146
71,model.layers.8,60821504,1084.39306640625,0.23802569725154948,4555.781493038735,0.5841633530415143
71,model.layers.9,60821504,1066.97998046875,0.2351877403426947,4536.715982363883,0.581718685170527
71,model.layers.10,60821504,989.17724609375,0.20782718775782116,4759.614258200077,0.6102997320004954
71,model.layers.11,60821504,856.9072265625,0.1800805639643755,4758.465920464454,0.6101524868301353
71,model.layers.12,60821504,743.767578125,0.15548777968490257,4783.4471598491655,0.6133556967699458
71,model.layers.13,60821504,706.682861328125,0.14894907059737839,4744.459690106742,0.608356543257834
71,model.layers.14,60821504,672.92822265625,0.1458097734029273,4615.110544042174,0.5917707980912599
71,model.layers.15,60821504,850.70849609375,0.21148679560052955,4022.5135270413066,0.5157852704748496
71,model.norm,2048,0.057861328125,0.0016929818412737827,34.17716995798709,0.755215894970557
71,__whole_model__,1235814400,14137.26025390625,1.001003343134904,14123.089948562729,0.40174742274498904
72,model.embed_tokens,262668288,322.0,0.22122465814244388,1455.5339477241641,0.0898087222018581
72,model.layers.0,60821504,828.34765625,0.281975283593027,2937.6605129886084,0.3766804044459228
72,model.layers.1,60821504,763.36279296875,0.6031514126393592,1265.6238167930571,0.1622841336084126
72,model.layers.2,60821504,750.2548828125,0.18519974466961192,4051.0578680922117,0.5194453577736228
72,model.layers.3,60821504,819.228515625,0.19029348877558908,4305.079069684338,0.5520171299476025
72,model.layers.4,60821504,859.7685546875,0.1902283362142203,4519.666059210525,0.5795324652445749
72,model.layers.5,60821504,910.0634765625,0.2015676715896607,4514.927762896186,0.5789248989978358
72,model.layers.6,60821504,957.8251953125,0.21283716252017137,4500.272339524933,0.5770457128977395
72,model.layers.7,60821504,974.66162109375,0.2275436199233476,4283.405623159565,0.5492380604919619
72,model.layers.8,60821504,1031.51708984375,0.23005205436645698,4483.842114274775,0.5749389535002519
72,model.layers.9,60821504,996.83740234375,0.22124637812494868,4505.553540771578,0.5777228929233931
72,model.layers.10,60821504,922.787109375,0.19389401290907213,4759.234674294698,0.6102510599982791
72,model.layers.11,60821504,803.204345703125,0.16821301099400668,4774.92401424134,0.6122628196588867
72,model.layers.12,60821504,698.12158203125,0.14679364235384149,4755.802573169005,0.6098109801339077
72,model.layers.13,60821504,675.244384765625,0.1472071706510878,4587.034597425267,0.588170770491032
72,model.layers.14,60821504,641.54833984375,0.13817645846165535,4642.964127075111,0.5953423132053195
72,model.layers.15,60821504,824.255615234375,0.2031850133599302,4056.6752518024305,0.5201656446680879
72,model.norm,2048,0.056640625,0.0016377516258633572,34.584380259821955,0.7642140564016959
72,__whole_model__,1235814400,13779.085205078125,1.0039955177112434,13724.24972223939,0.3904019570150383
73,model.embed_tokens,262668288,350.0,0.24344110601298344,1437.7193964166981,0.08870953650988263
73,model.layers.0,60821504,814.17578125,0.24985722498018442,3258.564091210772,0.4178281439816576
73,model.layers.1,60821504,747.59326171875,0.5870537866969979,1273.4663818881265,0.16328974354150147
73,model.layers.2,60821504,730.31396484375,0.16840144049793143,4336.744167296602,0.5560773750721397
73,model.layers.3,60821504,807.01318359375,0.1760564393490357,4583.83224480548,0.5877601500416415
73,model.layers.4,60821504,861.755859375,0.18442375887680149,4672.694367707086,0.5991544620278306
73,model.layers.5,60821504,922.7763671875,0.20368377208766153,4530.436360881784,0.5809134830890796
73,model.layers.6,60821504,976.837890625,0.21450448402514866,4553.927602326835,0.5839256386085261
73,model.layers.7,60821504,993.35009765625,0.2282698684459242,4351.647917524291,0.5579884027891633
73,model.layers.8,60821504,1062.775390625,0.2359212684906901,4504.7883873468545,0.5776247814158808
73,model.layers.9,60821504,1037.60205078125,0.2326291510078186,4460.326860524786,0.5719237190121174
73,model.layers.10,60821504,949.9853515625,0.20266638059892092,4687.434337925696,0.6010444891153439
73,model.layers.11,60821504,820.521484375,0.17142295199674082,4786.532228138272,0.6137512784805438
73,model.layers.12,60821504,710.4404296875,0.14963957062152852,4747.67754770134,0.6087691518267354
73,model.layers.13,60821504,679.1083984375,0.14488237651310504,4687.308524208758,0.6010283566992355
73,model.layers.14,60821504,657.0087890625,0.1443278800435794,4552.19593653089,0.5837035964190024
73,model.layers.15,60821504,858.7685546875,0.21917979929180706,3918.100835306316,0.5023969927013872
73,model.norm,2048,0.06298828125,0.001848865722286597,34.068607844651275,0.7528169885168163
73,__whole_model__,1235814400,13980.08984375,0.9958860766791033,14037.840442923169,0.39932240319857853
74,model.embed_tokens,262668288,322.0,0.23180205781321922,1389.116227171116,0.08571064491293198
74,model.layers.0,60821504,820.111328125,0.26989282955486027,3038.6554895794243,0.38963044699203453
74,model.layers.1,60821504,757.6640625,0.5919105524113477,1280.0313483403859,0.16413153387346027
74,model.layers.2,60821504,735.45068359375,0.17472477241657636,4209.195258473703,0.5397224646426948
74,model.layers.3,60821504,799.76220703125,0.17839392910595575,4483.124571779778,0.5748469468861359
74,model.layers.4,60821504,858.02294921875,0.18795109025018358,4565.139516225349,0.5853632820132804
74,model.layers.5,60821504,923.2080078125,0.20502967418463452,4502.801906523674,0.5773700656661912
74,model.layers.6,60821504,987.326171875,0.21969729657859172,4494.029681980208,0.5762452505031342
74,model.layers.7,60821504,993.5966796875,0.22789144970506195,4359.955939432642,0.5590536957454958
74,model.layers.8,60821504,1053.5146484375,0.2332368525931684,4516.930479571897,0.5791816965835548
74,model.layers.9,60821504,1017.65966796875,0.22593639931144444,4504.18644835508,0.5775475980170943
74,model.layers.10,60821504,930.9228515625,0.19675041315169214,4731.491215953737,0.6066936655810562
74,model.layers.11,60821504,806.89453125,0.16889293483113277,4777.550535531706,0.6125996043545883
74,model.layers.12,60821504,699.6220703125,0.14644129307396977,4777.491755410204,0.6125920672958155
74,model.layers.13,60821504,673.6044921875,0.1445732845711384,4659.259794682521,0.5974318190001299
74,model.layers.14,60821504,652.2939453125,0.14136744578036814,4614.173664323818,0.5916506670449164
74,model.layers.15,60821504,841.453125,0.20842260768863016,4037.2449722780375,0.5176742044497967
74,model.norm,2048,0.057861328125,0.0016786242676689826,34.46949340566188,0.7616753916002655
74,__whole_model__,1235814400,13873.165283203125,0.9976502630799947,13905.840349676459,0.39556750979656063
75,model.embed_tokens,262668288,332.0,0.22427606315350174,1480.3184759524183,0.09133796637650321
75,model.layers.0,60821504,888.8759765625,0.28018870831393805,3172.4189811623564,0.40678221993747193
75,model.layers.1,60821504,800.43310546875,0.5947229370137979,1345.8924410883778,0.1725765474970138
75,model.layers.2,60821504,758.63720703125,0.18294390514907993,4146.829632903271,0.5317256559714661
75,model.layers.3,60821504,806.13818359375,0.17852640807570191,4515.51225548613,0.5789998453383685
75,model.layers.4,60821504,861.392578125,0.18690075905929046,4608.823326671139,0.5909646220298362
75,model.layers.5,60821504,924.83203125,0.2059825649103318,4489.855884902673,0.5757100669568089
75,model.layers.6,60821504,976.0830078125,0.21573191302980918,4524.518389996513,0.5801546535181653
75,model.layers.7,60821504,998.40673828125,0.231627845378653,4310.391683042716,0.5526983377793621
75,model.layers.8,60821504,1050.95654296875,0.23272102028564137,4515.950220907453,0.5790560032883112
75,model.layers.9,60821504,1022.65087890625,0.2266217227997878,4512.589818274948,0.5786251169360195
75,model.layers.10,60821504,952.728515625,0.20066587242894607,4747.835314957965,0.608789381473344
75,model.layers.11,60821504,824.2734375,0.1747516133432879,4716.828770449001,0.604813579070559
75,model.layers.12,60821504,714.93408203125,0.1491729007163321,4792.653884171443,0.6145362255022495
75,model.layers.13,60821504,683.115966796875,0.14537199106843052,4699.089293447964,0.6025389413641714
75,model.layers.14,60821504,653.612548828125,0.14192977712645324,4605.18266188627,0.5904977991694162
75,model.layers.15,60821504,830.700927734375,0.20764024178547758,4000.6740533109632,0.5129849122437814
75,model.norm,2048,0.0556640625,0.0015965060654058217,34.86617665047865,0.7704409357375473
75,__whole_model__,1235814400,14079.827392578125,1.004172028614894,14021.330002588453,0.39885274486764566
76,model.embed_tokens,262668288,334.0,0.2245627064527438,1487.3351202252536,0.09177090430781948
76,model.layers.0,60821504,837.5634765625,0.26862508553494896,3117.9644853143486,0.39979981287265465
76,model.layers.1,60821504,759.30615234375,0.592854983018813,1280.762031344274,0.16422522542434212
76,model.layers.2,60821504,731.43408203125,0.17092784715284715,4279.197885042025,0.5486985248686624
76,model.layers.3,60821504,806.50732421875,0.1771305064382251,4553.181382677423,0.5838299548771682
76,model.layers.4,60821504,862.77490234375,0.1891234710903831,4561.966303650514,0.5849563980350956
76,model.layers.5,60821504,916.12451171875,0.20200928366596413,4535.061434273601,0.581506531369546
76,model.layers.6,60821504,978.19873046875,0.21726425324029633,4502.345488868124,0.5773115416855173
76,model.layers.7,60821504,1001.33544921875,0.23068709016732264,4340.665307679153,0.556580161809633
76,model.layers.8,60821504,1071.205078125,0.23767967210816157,4506.927616584407,0.577899083273036
76,model.layers.9,60821504,1039.53466796875,0.2276514748654521,4566.342777191063,0.5855175696939757
76,model.layers.10,60821504,946.67431640625,0.2018621012423223,4689.708026321539,0.6013360319470441
76,model.layers.11,60821504,811.890869140625,0.16996611674600068,4776.780717735194,0.6125008947597737
76,model.layers.12,60821504,702.56640625,0.14878705841953938,4721.959111987766,0.6054714151674201
76,model.layers.13,60821504,664.6181640625,0.1430681018732169,4645.467126218441,0.5956632593205934
76,model.layers.14,60821504,634.6181640625,0.1381953948374054,4592.180259039484,0.5888305709987541
76,model.layers.15,60821504,815.57373046875,0.20279623745477957,4021.641331736297,0.5156734335628599
76,model.norm,2048,0.05810546875,0.0017132844693792614,33.9146649540646,0.7494152990840258
76,__whole_model__,1235814400,13913.984130859375,0.9962123495541129,13966.885812133356,0.39730401769261287
77,model.embed_tokens,262668288,336.0,0.22761499995995,1476.1768778820415,0.09108242329476623
77,model.layers.0,60821504,852.4599609375,0.27434489946371254,3107.2564593104617,0.3984267803019652
77,model.layers.1,60821504,775.5361328125,0.6057347853076952,1280.3229261772556,0.16416892133094008
77,model.layers.2,60821504,741.9443359375,0.16974711996122782,4370.880260631041,0.5604544626854183
77,model.layers.3,60821504,808.15087890625,0.17737734935986607,4556.110922971682,0.5842055940696491
77,model.layers.4,60821504,848.890625,0.18296523325396216,4639.628031527225,0.5949145436197286
77,model.layers.5,60821504,891.64111328125,0.1948277526272946,4576.561096955006,0.5868278098678903
77,model.layers.6,60821504,936.189453125,0.20436492687510194,4580.9692858753315,0.5873930482193064
77,model.layers.7,60821504,951.080078125,0.2153450721799031,4416.539781929399,0.5663091374762693
77,model.layers.8,60821504,1022.69873046875,0.22436097112383147,4558.273773491078,0.5844829247567043
77,model.layers.9,60821504,1019.53173828125,0.22181438722447447,4596.328268145617,0.5893624478922329
77,model.layers.10,60821504,958.10107421875,0.20142450913827864,4756.626084470238,0.6099165745579885
77,model.layers.11,60821504,848.0869140625,0.174875983541853,4849.647715402428,0.6218442378828801
77,model.layers.12,60821504,753.82666015625,0.15496658540827954,4864.446475155893,0.6237418032361899
77,model.layers.13,60821504,724.31005859375,0.15034381180604828,4817.691196549876,0.6177466253804005
77,model.layers.14,60821504,682.635986328125,0.14524672547697082,4699.837356652549,0.6026348614846918
77,model.layers.15,60821504,856.3330078125,0.20906516457763402,4096.010014592892,0.5252093296994877
77,model.norm,2048,0.056640625,0.0016094119437229186,35.19336688217807,0.7776708867241929
77,__whole_model__,1235814400,14007.473388671875,0.9979759833374335,14035.882248216085,0.39926670011379556
78,model.embed_tokens,262668288,324.0,0.2321923188162577,1395.3949969223274,0.0860980548316341
78,model.layers.0,60821504,787.9716796875,0.25840982820367825,3049.3100249516124,0.39099662074677394
78,model.layers.1,60821504,740.40380859375,0.5895355003228713,1255.910472207785,0.16103864368514687
78,model.layers.2,60821504,738.05322265625,0.1696411002679047,4350.674579984944,0.5578635969525587
78,model.layers.3,60821504,819.904296875,0.18207579863863738,4503.0932337265185,0.5774074209862182
78,model.layers.4,60821504,885.5986328125,0.19155067228856873,4623.3125795473925,0.5928225009812724
78,model.layers.5,60821504,948.1083984375,0.2110178978806612,4493.023615341349,0.5761162479901655
78,model.layers.6,60821504,1005.46435546875,0.22120277753175147,4545.441818986317,0.5828375522600138
78,model.layers.7,60821504,1016.1787109375,0.23110933999898917,4396.960810592703,0.5637986313067737
78,model.layers.8,60821504,1079.5244140625,0.23640635408588068,4566.393395967416,0.5855240602673639
78,model.layers.9,60821504,1045.72119140625,0.2287905010100169,4570.649510315405,0.5860697989144541
78,model.layers.10,60821504,961.60791015625,0.20224528841708259,4754.6616174966875,0.6096646815258134
78,model.layers.11,60821504,834.3349609375,0.17552315655133505,4753.418166186426,0.6095052404534406
78,model.layers.12,60821504,725.1220703125,0.15188610148049458,4774.117336902094,0.6121593837631932
78,model.layers.13,60821504,694.48681640625,0.14623666040349223,4749.060970689845,0.6089465407144322
78,model.layers.14,60821504,661.490234375,0.14336648974016739,4613.9808233699705,0.5916259400867917
78,model.layers.15,60821504,852.946533203125,0.21000384472714684,4061.5757978685524,0.520794015327676
78,model.norm,2048,0.056396484375,0.001630095007668248,34.59705361325641,0.7644941005940049
78,__whole_model__,1235814400,14120.9736328125,1.0013942733307712,14101.312548796843,0.401127939737949
79,model.embed_tokens,262668288,302.0,0.23061571446259146,1309.537820108039,0.08080053267242474
79,model.layers.0,60821504,1012.7119140625,0.3256448487613534,3109.866217489775,0.3987614155541135
79,model.layers.1,60821504,884.42822265625,0.6094712336194862,1451.1402242955226,0.18607190455757888
79,model.layers.2,60821504,800.4697265625,0.1936245632448651,4134.133155152402,0.5300976549301306
79,model.layers.3,60821504,823.02685546875,0.1841341260753124,4469.713860276639,0.5731273634929647
79,model.layers.4,60821504,850.71240234375,0.18570115684984193,4581.082944096232,0.5874076220015484
79,model.layers.5,60821504,891.4345703125,0.19497316510007584,4572.088522309952,0.5862543156813547
79,model.layers.6,60821504,942.25341796875,0.20678332850504713,4556.718497476703,0.584283500079983
79,model.layers.7,60821504,948.01416015625,0.2162817571773224,4383.236813537648,0.5620388769925988
79,model.layers.8,60821504,997.69091796875,0.21839629321717172,4568.259393380149,0.585763327077472
79,model.layers.9,60821504,969.0859375,0.21072820172854362,4598.748195784253,0.5896727421953428
79,model.layers.10,60821504,896.0302734375,0.18732191392670236,4783.371334696643,0.613345974118539
79,model.layers.11,60821504,768.25830078125,0.1611139129685377,4768.416871181544,0.6114284437094828
79,model.layers.12,60821504,658.2998046875,0.13702501332275174,4804.230911745479,0.6160206854694884
79,model.layers.13,60821504,616.346923828125,0.13249725969624251,4651.771102595897,0.5964715842992554
79,model.layers.14,60821504,588.53271484375,0.1303066117874398,4516.522275966955,0.579129354831223
79,model.layers.15,60821504,767.70849609375,0.19643379330283883,3908.2302651977307,0.5011313425950611
79,model.norm,2048,0.056884765625,0.0016279397962393782,34.94279441807777,0.7721339652071946
79,__whole_model__,1235814400,13717.0615234375,1.004572740407875,13654.622479471343,0.38842133057728423
80,model.embed_tokens,262668288,328.0,0.2310957864822507,1419.3248825209196,0.08757456621867972
80,model.layers.0,60821504,854.314453125,0.2707235569962714,3155.6709087446216,0.40463470470754365
80,model.layers.1,60821504,788.68603515625,0.5883776897173242,1340.4417756478165,0.17187763798940656
80,model.layers.2,60821504,791.50390625,0.18634221508093865,4247.582362945543,0.5446446365458226
80,model.layers.3,60821504,863.73974609375,0.19476308985323548,4434.822566969053,0.568653440649725
80,model.layers.4,60821504,911.16015625,0.20017315320148574,4551.85993564714,0.5836605128331946
80,model.layers.5,60821504,957.1611328125,0.21234114120725706,4507.65747688177,0.5779926693326859
80,model.layers.6,60821504,994.0361328125,0.21961172001801804,4526.334626999617,0.5803875398186327
80,model.layers.7,60821504,990.15185546875,0.22519381172004233,4396.887498399345,0.563789230878602
80,model.layers.8,60821504,1050.76220703125,0.2308878254766713,4550.964109354558,0.5835456458467912
80,model.layers.9,60821504,1015.587890625,0.22162895774271382,4582.379040034934,0.5875738134114247
80,model.layers.10,60821504,935.29248046875,0.19608327989891386,4769.873703412744,0.6116152454694657
80,model.layers.11,60821504,811.1455078125,0.16982317675011688,4776.412285621325,0.6124536526917914
80,model.layers.12,60821504,705.930908203125,0.1470817080537469,4799.583289753218,0.6154247459032873
80,model.layers.13,60821504,676.488525390625,0.14458115380253522,4678.953705920438,0.5999570632948403
80,model.layers.14,60821504,646.107421875,0.13965868495232125,4626.331846784736,0.5932096453769793
80,model.layers.15,60821504,841.4697265625,0.2074631694972504,4055.9957152956363,0.5200785113573859
80,model.norm,2048,0.05712890625,0.0016370531478370246,34.89740472108815,0.7711309851279021
80,__whole_model__,1235814400,14161.59521484375,1.0022188321376921,14130.242578497195,0.40195088747207686
81,model.embed_tokens,262668288,306.0,0.23084134355795807,1325.5857693583887,0.08179071625308781
81,model.layers.0,60821504,892.91015625,0.2864891580894309,3116.7328013553233,0.39964188066442846
81,model.layers.1,60821504,833.388671875,0.6154193222956263,1354.1802177518707,0.1736392445145075
81,model.layers.2,60821504,816.04443359375,0.19317024806884298,4224.4830234049505,0.5416827324993498
81,model.layers.3,60821504,846.15673828125,0.19453838474533747,4349.561858390674,0.5577209186484076
81,model.layers.4,60821504,858.61181640625,0.19331301413096996,4441.562407301449,0.5695176541186003
81,model.layers.5,60821504,880.63623046875,0.20041345574851116,4394.097328344143,0.5634314623821337
81,model.layers.6,60821504,918.81787109375,0.20729707869978592,4432.372500648746,0.5683392818255955
81,model.layers.7,60821504,916.57275390625,0.21642676552789977,4235.024959461836,0.5430344682496157
81,model.layers.8,60821504,964.251953125,0.21606918051297527,4462.700098346952,0.572228026531229
81,model.layers.9,60821504,921.08056640625,0.2071372261346653,4446.716718159736,0.570178563672361
81,model.layers.10,60821504,842.464599609375,0.17834529543458483,4723.783700357726,0.6057053723187333
81,model.layers.11,60821504,726.380859375,0.15434382365616425,4706.251550390364,0.6034573190425588
81,model.layers.12,60821504,627.3583984375,0.1328505231559552,4722.287752687543,0.605513554996431
81,model.layers.13,60821504,597.025390625,0.1345061160661616,4438.648650975334,0.5691440388194448
81,model.layers.14,60821504,575.9365234375,0.12726216770961865,4525.591020511667,0.5802921911589114
81,model.layers.15,60821504,766.51220703125,0.19744181506881187,3882.218195594015,0.49779595484161543
81,model.norm,2048,0.05615234375,0.0016031459566625999,35.02634524113882,0.7739801950059506
81,__whole_model__,1235814400,13290.205322265625,0.9963715020577907,13338.604420959018,0.37943183599708996
82,model.embed_tokens,262668288,338.0,0.22017901143872146,1535.1145315413935,0.09471896875150274
82,model.layers.0,60821504,828.16796875,0.2587699053782414,3200.402950797061,0.4103704538240619
82,model.layers.1,60821504,777.86279296875,0.598582658142045,1299.5077327886124,0.16662888587811334
82,model.layers.2,60821504,740.29931640625,0.16979118300062054,4360.057473676618,0.5590667149353978
82,model.layers.3,60821504,797.12353515625,0.17330213880629514,4599.617411803661,0.5897841970895669
82,model.layers.4,60821504,865.18896484375,0.18413351343617926,4698.704481862966,0.6024895990447195
82,model.layers.5,60821504,920.58203125,0.20231254922349706,4550.296236112483,0.5834600080537817
82,model.layers.6,60821504,975.38623046875,0.21151648065414563,4611.3958943162515,0.5912944885398503
82,model.layers.7,60821504,995.2685546875,0.22654909926079245,4393.169330334855,0.5633124701895647
82,model.layers.8,60821504,1068.76708984375,0.23615077337566176,4525.782721632618,0.5803167719623954
82,model.layers.9,60821504,1041.0869140625,0.22906620985167692,4544.917012145162,0.582770259101969
82,model.layers.10,60821504,966.73828125,0.204125122785843,4736.00832693313,0.6072728704221608
82,model.layers.11,60821504,839.39892578125,0.17730490287166778,4734.211587983001,0.6070424842521366
82,model.layers.12,60821504,737.818359375,0.15439985970938283,4778.620659136279,0.6127368205476763
82,model.layers.13,60821504,709.754150390625,0.15345560469695108,4625.1432249233885,0.5930572347898858
82,model.layers.14,60821504,666.8681640625,0.14366549870848397,4641.811500029401,0.5951945180398014
82,model.layers.15,60821504,853.3984375,0.20839121992497023,4095.1746326321236,0.5251022131645928
82,model.norm,2048,0.056884765625,0.0016618410506060786,34.22996778437622,0.7563825731290463
82,__whole_model__,1235814400,14121.7666015625,0.9981501684354274,14147.937903670323,0.40245425120542627
83,model.embed_tokens,262668288,322.0,0.24377918955060895,1320.8674645017322,0.08149958946020353
83,model.layers.0,60821504,828.3935546875,0.27951588786481835,2963.672516133087,0.38001578367765804
83,model.layers.1,60821504,774.109375,0.5772747251959569,1340.9722290149239,0.17194565517109867
83,model.layers.2,60821504,755.81298828125,0.17745044546475983,4259.29045318372,0.5461459019734332
83,model.layers.3,60821504,828.7705078125,0.18179322632343223,4558.863520789364,0.5845585448802199
83,model.layers.4,60821504,878.14990234375,0.18906619537354583,4644.669030382472,0.5955609237849009
83,model.layers.5,60821504,926.140625,0.20527687306121184,4511.665689314317,0.5785066208507464
83,model.layers.6,60821504,976.6455078125,0.214313729317092,4557.083257916181,0.5843302713489095
83,model.layers.7,60821504,986.4658203125,0.2256894894144597,4370.898365146898,0.5604567841300935
83,model.layers.8,60821504,1048.8916015625,0.23116582466106894,4537.399086133798,0.5818062758921889
83,model.layers.9,60821504,1017.962890625,0.22248316302066043,4575.460348567901,0.5866866668236838
83,model.layers.10,60821504,936.53564453125,0.19735338960026,4745.47534465056,0.6084867751762776
83,model.layers.11,60821504,809.07861328125,0.1699241484555969,4761.410433036076,0.6105300458371993
83,model.layers.12,60821504,693.744384765625,0.14810370797728614,4684.179715959716,0.6006271664488742
83,model.layers.13,60821504,661.85400390625,0.14178348000590185,4668.0614968591535,0.598560413921513
83,model.layers.14,60821504,635.57763671875,0.1434721958689417,4429.970788899994,0.5680313232480528
83,model.layers.15,60821504,848.22412109375,0.21885568918458864,3875.7234242073346,0.4969631652453017
83,model.norm,2048,0.06298828125,0.0018039142328073721,34.91755877549312,0.7715763310197196
83,__whole_model__,1235814400,13928.420166015625,0.9956773002323799,13988.88993729684,0.3979299501625174
84,model.embed_tokens,262668288,308.0,0.22422655072083764,1373.6107477453036,0.08475393256930254
84,model.layers.0,60821504,778.6328125,0.2763928096816714,2817.1239816143234,0.36122465345365334
84,model.layers.1,60821504,722.08984375,0.5948801556245713,1213.840866807651,0.15564428449798498
84,model.layers.2,60821504,734.01708984375,0.17352074641689758,4230.140228190437,0.5424081254360792
84,model.layers.3,60821504,806.20703125,0.18001950875632636,4478.442568917785,0.5742465988459609
84,model.layers.4,60821504,875.96875,0.1901708997607026,4606.2186754243485,0.5906306416121727
84,model.layers.5,60821504,936.19189453125,0.20972031222288307,4464.002006330696,0.572394963188375
84,model.layers.6,60821504,997.71337890625,0.22186488521104605,4496.941361212651,0.576618599467742
84,model.layers.7,60821504,1019.3447265625,0.2319033618096441,4395.55821273182,0.5636187837283431
84,model.layers.8,60821504,1080.96484375,0.2373526166810138,4554.257116965958,0.5839678904980781
84,model.layers.9,60821504,1045.53466796875,0.22838878056758138,4577.872281512406,0.5869959360101727
84,model.layers.10,60821504,958.98291015625,0.2016588424765454,4755.471658862604,0.6097685487725503
84,model.layers.11,60821504,819.14599609375,0.1718909040974188,4765.499375286901,0.6110543489055719
84,model.layers.12,60821504,703.06103515625,0.1480057886214511,4750.226607382519,0.6090960040369953
84,model.layers.13,60821504,659.05224609375,0.1408072263459385,4680.528572266418,0.6001589999343974
84,model.layers.14,60821504,629.543701171875,0.13905116793488134,4527.424764002664,0.5805273222221451
84,model.layers.15,60821504,812.3203125,0.20782175555195467,3908.735687188067,0.501196150137966
84,model.norm,2048,0.0576171875,0.0016399565421961744,35.13336238949418,0.7763449622342419
84,__whole_model__,1235814400,13886.828857421875,1.0045849090517547,13823.449598232464,0.3932238107780596
85,model.embed_tokens,262668288,308.0,0.21906298997854162,1405.9882960155444,0.08675167796213644
85,model.layers.0,60821504,880.6357421875,0.28091809077514013,3134.848808624439,0.4019647988215485
85,model.layers.1,60821504,810.712890625,0.6193471281070475,1308.979817348692,0.1678434403262061
85,model.layers.2,60821504,780.32666015625,0.18728308235559138,4166.5624590407815,0.5342558901144089
85,model.layers.3,60821504,851.35107421875,0.1972529238500892,4316.037793517174,0.55342230815227
85,model.layers.4,60821504,874.83740234375,0.19557118467786805,4473.242843953339,0.5735798660856722
85,model.layers.5,60821504,902.76123046875,0.20274752508657615,4452.637486367628,0.5709377519289067
85,model.layers.6,60821504,945.94140625,0.20968240936822732,4511.305498158475,0.5784604354764797
85,model.layers.7,60821504,952.58349609375,0.21982640363232822,4333.344313301865,0.5556414300838974
85,model.layers.8,60821504,1008.75537109375,0.22278636695446286,4527.904399553936,0.580588823308687
85,model.layers.9,60821504,973.02392578125,0.2135059225661104,4557.362690863814,0.584366101532576
85,model.layers.10,60821504,898.27490234375,0.18767389922319133,4786.360309354876,0.6137292342597854
85,model.layers.11,60821504,771.38232421875,0.16051094499487087,4805.792678146649,0.6162209423735935
85,model.layers.12,60821504,668.864501953125,0.13944497103299558,4796.619748982254,0.6150447470125839
85,model.layers.13,60821504,627.915771484375,0.13217898131419553,4750.49637424418,0.609130594790456
85,model.layers.14,60821504,604.76220703125,0.1312718316272049,4606.945751687969,0.5907238706901525
85,model.layers.15,60821504,774.682861328125,0.192676785539199,4020.6341369055076,0.5155442863879088
85,model.norm,2048,0.05615234375,0.0016118857891224544,34.836428318268474,0.7697835842552098
85,__whole_model__,1235814400,13634.867919921875,1.001799544774935,13610.375439914073,0.38716267300511203
86,model.embed_tokens,262668288,328.0,0.21927418234314636,1495.8441367561757,0.09229592394273178
86,model.layers.0,60821504,899.55078125,0.28283636554231417,3180.4636561680795,0.4078137453371543
86,model.layers.1,60821504,828.00341796875,0.6094264650897766,1358.660093382676,0.17421367486717013
86,model.layers.2,60821504,794.57373046875,0.1861844543718732,4267.669570745784,0.5472203111429823
86,model.layers.3,60821504,839.2109375,0.187657954170603,4472.02433389559,0.5734236230959379
86,model.layers.4,60821504,870.3984375,0.19078245333388247,4562.256236304618,0.5849935745396394
86,model.layers.5,60821504,901.81591796875,0.19935156584744873,4523.746347991333,0.5800556587250384
86,model.layers.6,60821504,949.8203125,0.2082853124236035,4560.188625150333,0.5847284558840325
86,model.layers.7,60821504,970.96044921875,0.22254037220473794,4363.075515688735,0.559453702227065
86,model.layers.8,60821504,1029.57275390625,0.22738991514567217,4527.785470374434,0.5805735736597786
86,model.layers.9,60821504,1000.1513671875,0.22108422136726108,4523.847794303089,0.5800686666398649
86,model.layers.10,60821504,915.7919921875,0.1926313850787957,4754.116219498168,0.6095947480744299
86,model.layers.11,60821504,784.82373046875,0.16449287984721278,4771.1714403548895,0.6117816472963855
86,model.layers.12,60821504,681.81103515625,0.14224839566140285,4793.101756867477,0.6145936538087325
86,model.layers.13,60821504,647.80078125,0.13826993324889508,4685.044434670519,0.600738044677409
86,model.layers.14,60821504,625.422119140625,0.13612333414107622,4594.52542128043,0.5891312785371184
86,model.layers.15,60821504,812.45751953125,0.20385907968713265,3985.38794925469,0.5110248573521895
86,model.norm,2048,0.05517578125,0.001568338072754675,35.18105069851913,0.7773987349434562
86,__whole_model__,1235814400,13880.220458984375,1.0012977693802978,13862.230480723862,0.3943269772699136
87,model.embed_tokens,262668288,336.0,0.23656776982967298,1420.3118211830695,0.08763546187850124
87,model.layers.0,60821504,799.1630859375,0.26106550041984083,3061.159305432163,0.3925159902396314
87,model.layers.1,60821504,744.35009765625,0.5876680466994537,1266.6165904999884,0.16241143164022967
87,model.layers.2,60821504,741.80712890625,0.17803542857529647,4166.62646779047,0.5342640976120466
87,model.layers.3,60821504,813.51611328125,0.18301961185299492,4444.966881115903,0.5699541914814725
87,model.layers.4,60821504,869.46533203125,0.19253761529177552,4515.82061361695,0.579039384442672
87,model.layers.5,60821504,922.8818359375,0.20468802262823566,4508.724174905353,0.5781294462819515
87,model.layers.6,60821504,989.76806640625,0.22097823137037326,4479.029722829744,0.5743218864334988
87,model.layers.7,60821504,1004.84423828125,0.235010297158695,4275.745575534124,0.5482558537921514
87,model.layers.8,60821504,1065.7802734375,0.23778936294763126,4482.035109670648,0.5747072510206398
87,model.layers.9,60821504,1032.28076171875,0.2292378145635654,4503.099820961295,0.5774082656318977
87,model.layers.10,60821504,937.54345703125,0.1999910393948483,4687.927318484654,0.601107701360432
87,model.layers.11,60821504,804.70068359375,0.17202436635206658,4677.829662495849,0.5998129332532931
87,model.layers.12,60821504,693.373046875,0.14746940342942513,4701.809533031912,0.6028877430525015
87,model.layers.13,60821504,660.480224609375,0.1417034627325318,4661.002715622025,0.5976553043761653
87,model.layers.14,60821504,643.7373046875,0.1426265886236899,4513.445290246372,0.5787348095049067
87,model.layers.15,60821504,849.136962890625,0.21632548277902497,3925.27478493143,0.5033168696695782
87,model.norm,2048,0.06298828125,0.0018145121290740627,34.71361819010966,0.7670698381796008
87,__whole_model__,1235814400,13908.8916015625,1.0026700210749218,13871.853460474806,0.39460071391877377
88,model.embed_tokens,262668288,326.0,0.22225765053064928,1466.7661573028493,0.09050176710908435
88,model.layers.0,60821504,757.5361328125,0.23236443541093757,3260.120816134336,0.41802775444420986
88,model.layers.1,60821504,715.025390625,0.5825216280460117,1227.4658247856887,0.1573913395640943
88,model.layers.2,60821504,722.3798828125,0.1705187204663449,4236.3670149347345,0.5432065528033226
88,model.layers.3,60821504,811.39208984375,0.17719133141473645,4579.186145086266,0.5871644056683242
88,model.layers.4,60821504,884.15576171875,0.19116047438900363,4625.201755460858,0.5930647398458407
88,model.layers.5,60821504,949.95166015625,0.21056186058870624,4511.5086725596775,0.5784864874369701
88,model.layers.6,60821504,1024.90185546875,0.22670611604267088,4520.839019957634,0.5796828676912384
88,model.layers.7,60821504,1054.9716796875,0.24387291943580622,4325.907452652595,0.5546878414494077
88,model.layers.8,60821504,1120.47412109375,0.24751172685535788,4526.953673385093,0.5804669168064842
88,model.layers.9,60821504,1089.689453125,0.23963316164896215,4547.323273734887,0.5830788010811436
88,model.layers.10,60821504,1008.3828125,0.21133968211962975,4771.384164045447,0.6118089237108792
88,model.layers.11,60821504,882.91455078125,0.18382246898065782,4803.0828640113195,0.615873477484456
88,model.layers.12,60821504,772.2041015625,0.16002268264504735,4825.591527392129,0.6187596423045001
88,model.layers.13,60821504,739.4384765625,0.15575676385116458,4747.392397476106,0.6087325885473185
88,model.layers.14,60821504,688.43212890625,0.14751030699482118,4667.010346134115,0.598425630518703
88,model.layers.15,60821504,857.896484375,0.20907035140667352,4103.386628485937,0.5261551932165239
88,model.norm,2048,0.056396484375,0.001614437954043889,34.93258086118238,0.7719082753527958
88,__whole_model__,1235814400,14405.802978515625,1.0037060510666118,14352.611467477913,0.40827642447368473
89,model.embed_tokens,262668288,316.0,0.22187450435744252,1424.228533671089,0.08787712916790463
89,model.layers.0,60821504,840.591796875,0.278131759372348,3022.279076549688,0.3875305876460889
89,model.layers.1,60821504,771.73828125,0.5981514814396354,1290.2054165151856,0.16543609990415012
89,model.layers.2,60821504,738.00244140625,0.17396372995508413,4242.2776379696825,0.5439644401989178
89,model.layers.3,60821504,818.88720703125,0.18087406066418746,4527.388858436721,0.5805227182445782
89,model.layers.4,60821504,869.89599609375,0.1897565615695607,4584.2736024433325,0.5878167429572616
89,model.layers.5,60821504,915.4453125,0.20279474721817478,4514.147062769466,0.5788247940203601
89,model.layers.6,60821504,977.580078125,0.21537429206305223,4538.982200525618,0.5820092701342936
89,model.layers.7,60821504,995.40625,0.22850691481872126,4356.131851807085,0.5585633535609369
89,model.layers.8,60821504,1058.1982421875,0.23388482467914076,4524.441650454273,0.580144813619484
89,model.layers.9,60821504,1019.71142578125,0.22535721922061744,4524.866917101002,0.5801993432738737
89,model.layers.10,60821504,935.287109375,0.19840163297742366,4714.10993618902,0.604464957579361
89,model.layers.11,60821504,807.201416015625,0.17076646468602094,4726.931704651628,0.606109023974662
89,model.layers.12,60821504,705.56689453125,0.1503826374237947,4691.810880686215,0.6016056696499287
89,model.layers.13,60821504,678.54541015625,0.14616677249246182,4642.268544249647,0.5952531223614955
89,model.layers.14,60821504,645.741455078125,0.14119313164366,4573.462232623556,0.5864304591649984
89,model.layers.15,60821504,838.62939453125,0.2073932724706346,4043.6673019371633,0.5184977052330861
89,model.norm,2048,0.057861328125,0.0016389171291651126,35.30460881476989,0.7801290093769422
89,__whole_model__,1235814400,13932.486572265625,1.0020112419440186,13904.521215984541,0.3955299855321883
90,model.embed_tokens,262668288,314.0,0.2161008728712504,1453.025135104736,0.08965392453743601
90,model.layers.0,60821504,757.56640625,0.25572063592585453,2962.476624176917,0.379862440885415
90,model.layers.1,60821504,708.5849609375,0.6050073791915905,1171.2005263213641,0.15017674302099313
90,model.layers.2,60821504,711.19482421875,0.1746734033097437,4071.5690582704633,0.5220753973503032
90,model.layers.3,60821504,792.40625,0.1813834216630832,4368.680680596499,0.5601724223702222
90,model.layers.4,60821504,843.88671875,0.1892619185441433,4458.829992010107,0.5717317836148791
90,model.layers.5,60821504,913.3828125,0.20650040864562658,4423.152566576504,0.5671570592781153
90,model.layers.6,60821504,969.27734375,0.21840353904639204,4438.011160359959,0.5690622968272138
90,model.layers.7,60821504,991.46240234375,0.22972213314672216,4315.920232686107,0.5534072339593203
90,model.layers.8,60821504,1056.82958984375,0.23446936763953524,4507.324775441378,0.5779500088167505
90,model.layers.9,60821504,1027.52734375,0.2305125948580939,4457.575710266752,0.5715709538143331
90,model.layers.10,60821504,941.85302734375,0.20005672764405844,4707.929787892452,0.6036725104093786
90,model.layers.11,60821504,798.6435546875,0.1689385692777512,4727.419902405196,0.606171622946344
90,model.layers.12,60821504,680.496337890625,0.14477575161020556,4700.347470637171,0.6027002706567834
90,model.layers.13,60821504,634.536865234375,0.1357126325495581,4675.591750846493,0.5995259778813341
90,model.layers.14,60821504,610.22314453125,0.13464576700879147,4532.063339885067,0.5811221018543427
90,model.layers.15,60821504,798.83642578125,0.2016708426126484,3961.090336274266,0.507909305148635
90,model.norm,2048,0.056640625,0.0016226987784016776,34.9051997535795,0.771303232638346
90,__whole_model__,1235814400,13550.7646484375,0.9976613737852232,13582.529107070262,0.38637055226569555
91,model.embed_tokens,262668288,346.0,0.23662359509501907,1462.237947407821,0.09022236947279413
91,model.layers.0,60821504,799.48046875,0.2643725898433658,3024.0671668105697,0.3877598648412164
91,model.layers.1,60821504,745.2841796875,0.5841646362129974,1275.8118747464805,0.16359049347315743
91,model.layers.2,60821504,735.68115234375,0.1714929272254729,4289.862936309333,0.5500660470200628
91,model.layers.3,60821504,815.404296875,0.18355489755612492,4442.291149576528,0.5696110968202672
91,model.layers.4,60821504,870.66796875,0.18745366994196125,4644.710178358061,0.5955661999684554
91,model.layers.5,60821504,930.64306640625,0.20738106568810782,4487.5990164208,0.5754206808521946
91,model.layers.6,60821504,983.962890625,0.21672373981765,4540.1712403675765,0.5821617343167923
91,model.layers.7,60821504,1007.21630859375,0.23216737217241373,4338.319804239177,0.5562794105211525
91,model.layers.8,60821504,1068.5888671875,0.23841075542583276,4482.133640652498,0.5747198851183953
91,model.layers.9,60821504,1036.2861328125,0.2295122187442367,4515.167595357153,0.5789556514241276
91,model.layers.10,60821504,944.9150390625,0.20088263558561614,4703.8164165253465,0.6031450749268418
91,model.layers.11,60821504,811.14013671875,0.17124401624763064,4736.750249689224,0.6073680031860039
91,model.layers.12,60821504,698.87548828125,0.14818978225530274,4716.084183707219,0.6047181047181621
91,model.layers.13,60821504,666.605224609375,0.14440959421126154,4616.072971122517,0.5918942049383991
91,model.layers.14,60821504,645.23681640625,0.14261540139717804,4524.313714262122,0.5801284090497968
91,model.layers.15,60821504,858.340087890625,0.21707448926919581,3954.126948681614,0.5070164274171488
91,model.norm,2048,0.06298828125,0.0017949478863409326,35.091983298971385,0.7754306048746168
91,__whole_model__,1235814400,13964.39111328125,0.9993611638202444,13973.317774226647,0.3974869821999257
92,model.embed_tokens,262668288,326.0,0.22408676715675033,1454.7936236322273,0.08976304304692251
92,model.layers.0,60821504,793.26171875,0.26425127547191424,3001.922005232899,0.3849203099019321
92,model.layers.1,60821504,745.3447265625,0.5922649305911275,1258.4650686958396,0.16136620585036715
92,model.layers.2,60821504,742.06884765625,0.17167040068432826,4322.637127298283,0.5542685052219284
92,model.layers.3,60821504,813.20556640625,0.17869418759102954,4550.822706485575,0.5835275145175778
92,model.layers.4,60821504,866.7763671875,0.1862592448772286,4653.6018534748655,0.5967063316359476
92,model.layers.5,60821504,921.1357421875,0.20376425963590158,4520.5952399770285,0.5796516090957389
92,model.layers.6,60821504,973.8388671875,0.21405479353100623,4549.484041554237,0.5833558647147757
92,model.layers.7,60821504,999.91259765625,0.23078288339257055,4332.698261488311,0.5555585903352789
92,model.layers.8,60821504,1062.69873046875,0.23384250791836175,4544.506214583344,0.5827175847405013
92,model.layers.9,60821504,1036.6552734375,0.2265252601098135,4576.33410479236,0.5867987038839777
92,model.layers.10,60821504,964.361328125,0.20308632908842766,4748.529024349535,0.6088783320968177
92,model.layers.11,60821504,838.712890625,0.1757683229639467,4771.695357172153,0.6118488263314545
92,model.layers.12,60821504,735.12890625,0.1529353672161297,4806.794658629282,0.6163494209407309
92,model.layers.13,60821504,687.425048828125,0.1458023961586427,4714.771958069611,0.6045498450837649
92,model.layers.14,60821504,653.9931640625,0.1428643775184101,4577.720320646227,0.5869764508857755
92,model.layers.15,60821504,821.773681640625,0.20871155471268968,3937.3655319269255,0.5048672011146788
92,model.norm,2048,0.058349609375,0.0016692271649334839,34.95606266228308,0.7724271547525702
92,__whole_model__,1235814400,13982.351806640625,0.9971318589291246,14022.57051705985,0.39888803271850387
93,model.embed_tokens,262668288,330.0,0.22767252957451087,1449.4502284343453,0.0894333472018399
93,model.layers.0,60821504,853.162109375,0.268767406899146,3174.351083779835,0.4070299630623718
93,model.layers.1,60821504,779.80126953125,0.6105186425881847,1277.276753131439,0.16377832694815245
93,model.layers.2,60821504,741.4072265625,0.1727675759942244,4291.356305116448,0.5502575336686267
93,model.layers.3,60821504,796.8974609375,0.17425217831717213,4573.242461778555,0.5864022791318003
93,model.layers.4,60821504,847.6416015625,0.1821555963638738,4653.393134676204,0.5966795687471972
93,model.layers.5,60821504,903.3203125,0.19959943704555175,4525.665632482962,0.5803017582506156
93,model.layers.6,60821504,954.8896484375,0.21007195493176484,4545.536069998803,0.5828496375603218
93,model.layers.7,60821504,978.15478515625,0.22642045180746098,4320.081412027365,0.5539407996012
93,model.layers.8,60821504,1035.13623046875,0.22915640610290464,4517.16034507852,0.5792111710009082
93,model.layers.9,60821504,1019.16064453125,0.22364120045807118,4557.123832477035,0.5843354740065771
93,model.layers.10,60821504,946.36083984375,0.19661783835639782,4813.199289315429,0.617170652279927
93,model.layers.11,60821504,822.46484375,0.16938971678496453,4855.459111453005,0.6225894019360606
93,model.layers.12,60821504,725.749267578125,0.14786118719497665,4908.31489551831,0.6293668147892464
93,model.layers.13,60821504,687.17236328125,0.14667398799881412,4685.0322450277,0.6007364816650844
93,model.layers.14,60821504,653.79833984375,0.13914955919617472,4698.529723130616,0.6024671906725844
93,model.layers.15,60821504,838.076904296875,0.2055019800447653,4078.1938164990597,0.522924854460092
93,model.norm,2048,0.056884765625,0.0016421057438013268,34.641353542383264,0.7654729999781198
93,__whole_model__,1235814400,13913.250732421875,1.0001426190955074,13911.266720144886,0.3957218691016766
94,model.embed_tokens,262668288,324.0,0.21865329989266402,1481.7978972146784,0.09142924898339091
94,model.layers.0,60821504,819.7216796875,0.25761456063190397,3181.96951941226,0.40800683408016947
94,model.layers.1,60821504,763.658203125,0.6128538279223387,1246.069076069753,0.15977673440012366
94,model.layers.2,60821504,739.31005859375,0.17172310994413897,4305.24498906551,0.5520384048972875
94,model.layers.3,60821504,808.88916015625,0.18006343607430256,4492.245498538997,0.5760164742584764
94,model.layers.4,60821504,856.21142578125,0.18771780646916497,4561.162533730617,0.5848533349421445
94,model.layers.5,60821504,901.77587890625,0.20000951368165953,4508.664924517243,0.5781218489234214
94,model.layers.6,60821504,960.57568359375,0.2110968558671372,4550.402608546331,0.583473647618744
94,model.layers.7,60821504,977.65185546875,0.2257217524217331,4331.225701465089,0.5553697718851327
94,model.layers.8,60821504,1048.890625,0.22990238319688702,4562.330370023769,0.5850030803076441
94,model.layers.9,60821504,1026.6572265625,0.22869440470266775,4489.210078826751,0.5756272587178051
94,model.layers.10,60821504,948.9140625,0.19884994350271445,4772.010722180801,0.6118892638900085
94,model.layers.11,60821504,814.89697265625,0.16926560311479824,4814.309331964958,0.6173129870774053
94,model.layers.12,60821504,711.310546875,0.14827054242793217,4797.382778988193,0.6151425862455281
94,model.layers.13,60821504,668.67724609375,0.14202900839852203,4708.032912667356,0.6036857335445052
94,model.layers.14,60821504,634.667724609375,0.137292537517119,4622.740143689443,0.5927491006106242
94,model.layers.15,60821504,802.811279296875,0.20074311264620906,3999.197126686756,0.5127955338878809
94,model.norm,2048,0.0546875,0.0015761291640788296,34.69734666826127,0.7667102849471251
94,__whole_model__,1235814400,13808.67431640625,0.9985410748034748,13828.849573487969,0.39337741924119957
95,model.embed_tokens,262668288,336.0,0.23311970239403468,1441.3196162719446,0.08893167570859455
95,model.layers.0,60821504,821.2587890625,0.27702069746181385,2964.611657494318,0.380136204722301
95,model.layers.1,60821504,769.42578125,0.5922248919269537,1299.2121603441528,0.16659098621359122
95,model.layers.2,60821504,771.20068359375,0.1881923643737333,4097.938224859187,0.5254565737291345
95,model.layers.3,60821504,842.8232421875,0.19467730919585755,4329.3347625817405,0.5551273069644201
95,model.layers.4,60821504,877.9873046875,0.1986403830042306,4419.983949934293,0.566750764611647
95,model.layers.5,60821504,926.90234375,0.20845196110497796,4446.599297203086,0.5701635074147554
95,model.layers.6,60821504,986.15234375,0.2179931969768913,4523.775775693306,0.5800594320809561
95,model.layers.7,60821504,993.59033203125,0.22564221565727108,4403.38847558747,0.5646228162114508
95,model.layers.8,60821504,1044.51904296875,0.22921582844730642,4556.923708298228,0.5843098131596961
95,model.layers.9,60821504,1005.08837890625,0.2195696539467001,4577.537746405668,0.5869530403730662
95,model.layers.10,60821504,925.91162109375,0.19528558248501732,4741.320937836195,0.6079540779390887
95,model.layers.11,60821504,790.8935546875,0.16657602512071576,4747.943493755169,0.608803252658562
95,model.layers.12,60821504,676.8720703125,0.1436141802416278,4713.128391456033,0.6043390993784665
95,model.layers.13,60821504,629.720947265625,0.13504626510306952,4663.001577903778,0.5979116077336818
95,model.layers.14,60821504,612.0712890625,0.1351512539540164,4528.787348660117,0.5807020391227508
95,model.layers.15,60821504,800.947265625,0.20351772075869937,3935.516094810449,0.5046300577422737
95,model.norm,2048,0.0576171875,0.0016699582066421407,34.50217333034546,0.7623975227362787
95,__whole_model__,1235814400,13811.422607421875,1.0008307900150504,13799.957740323098,0.39255555805114556
96,model.embed_tokens,262668288,302.0,0.22116479439890382,1365.4976182841187,0.08425333978607923
96,model.layers.0,60821504,830.4765625,0.2727950861951981,3044.323759943952,0.3903572588084371
96,model.layers.1,60821504,768.8671875,0.6009100856305672,1279.504547994375,0.1640639850990119
96,model.layers.2,60821504,750.708984375,0.17490184471805253,4292.173050462488,0.5503622605306707
96,model.layers.3,60821504,821.78466796875,0.18432660988967212,4458.3072865096665,0.5716647599004501
96,model.layers.4,60821504,879.09423828125,0.1923705744659356,4569.795774233223,0.585960328929306
96,model.layers.5,60821504,932.326171875,0.20945418561786175,4451.217669032313,0.5707556963899019
96,model.layers.6,60821504,965.77490234375,0.21477438578004365,4496.694979879149,0.5765870073147545
96,model.layers.7,60821504,972.63720703125,0.22315765607253715,4358.520447602727,0.5588696303503692
96,model.layers.8,60821504,1036.0146484375,0.22756143612308988,4552.681096093589,0.583765805819813
96,model.layers.9,60821504,1010.6484375,0.22602450379243363,4471.410933515927,0.5733449700650389
96,model.layers.10,60821504,930.47216796875,0.19578995670293975,4752.39988627455,0.6093746718981741
96,model.layers.11,60821504,791.26416015625,0.1659816157230857,4767.179525932259,0.6112697855844614
96,model.layers.12,60821504,686.560546875,0.1456455670076275,4713.9131041251985,0.6044397188626747
96,model.layers.13,60821504,644.802978515625,0.13950374544309646,4622.119474051254,0.5926695154818094
96,model.layers.14,60821504,609.36328125,0.13540874649436885,4500.1766652890565,0.5770334451051524
96,model.layers.15,60821504,806.4892578125,0.2109428260027218,3823.2599472337297,0.49023605582006996
96,model.norm,2048,0.05810546875,0.0017021368110964326,34.13677935357695,0.7543233802744745
96,__whole_model__,1235814400,13739.343505859375,0.9990294771121678,13752.690807056902,0.3912109961535783
97,model.embed_tokens,262668288,334.0,0.23194310218996256,1440.008333278445,0.088850767495993
97,model.layers.0,60821504,777.263671875,0.25717417132594134,3022.3240065966797,0.3875363487843137
97,model.layers.1,60821504,725.97021484375,0.5723366078383809,1268.4322563003918,0.16264424469844746
97,model.layers.2,60821504,736.814453125,0.1721262089724942,4280.663924009057,0.5488865071588533
97,model.layers.3,60821504,813.33349609375,0.1803797951439891,4509.0055426911995,0.5781655245595135
97,model.layers.4,60821504,887.40771484375,0.19451511277700356,4562.153049059452,0.5849803433942873
97,model.layers.5,60821504,951.138671875,0.21179422593708047,4490.862145399388,0.5758390943271279
97,model.layers.6,60821504,1013.1025390625,0.2246223474467444,4510.248203610711,0.5783248642843325
97,model.layers.7,60821504,1039.78955078125,0.23873521815613627,4355.409138257987,0.5584706838903711
97,model.layers.8,60821504,1100.09912109375,0.24237332708995848,4538.862152457234,0.5819938770162828
97,model.layers.9,60821504,1065.7919921875,0.2316228024285138,4601.412214224622,0.5900143349488735
97,model.layers.10,60821504,976.99169921875,0.20601786574913047,4742.266869264825,0.6080753696375472
97,model.layers.11,60821504,830.711669921875,0.1757740693795695,4726.019445610161,0.6059920499052691
97,model.layers.12,60821504,720.31982421875,0.15200615852717797,4738.754213632471,0.6076249607021293
97,model.layers.13,60821504,679.116455078125,0.1454570604510456,4668.844901528074,0.5986608656878859
97,model.layers.14,60821504,648.116455078125,0.14355736690904852,4514.686142779022,0.5788939173500064
97,model.layers.15,60821504,834.643310546875,0.21340606458601802,3911.057130292816,0.5014938162990928
97,model.norm,2048,0.058349609375,0.0016928886991160782,34.46748117904417,0.7616309272538072
97,__whole_model__,1235814400,14134.669189453125,0.9979796971534373,14163.2833110431,0.4028907688432405
98,model.embed_tokens,262668288,340.0,0.2205210162282001,1541.8031615098325,0.09513166768695923
98,model.layers.0,60821504,820.865234375,0.24909398951492004,3295.4036184234483,0.4225518783780294
98,model.layers.1,60821504,764.09716796875,0.6038440790069941,1265.3881929674428,0.1622539208327916
98,model.layers.2,60821504,752.69873046875,0.17992662522255048,4183.364910767043,0.5364103781105363
98,model.layers.3,60821504,821.5712890625,0.18269513591351197,4496.952176392,0.5766199862400098
98,model.layers.4,60821504,876.39794921875,0.19084348384259472,4592.234073559419,0.5888374713451504
98,model.layers.5,60821504,931.44775390625,0.2057247019179693,4527.641771855164,0.5805551479716782
98,model.layers.6,60821504,989.5244140625,0.22002138840015542,4497.401008409422,0.5766775375551134
98,model.layers.7,60821504,998.7724609375,0.2323236874919911,4299.0556482619995,0.551244779021591
98,model.layers.8,60821504,1052.33935546875,0.23602903309332512,4458.516571784025,0.5716915954253315
98,model.layers.9,60821504,1010.21875,0.22449125017888558,4500.036189361538,0.5770154326326565
98,model.layers.10,60821504,923.91552734375,0.19594060959026752,4715.283520224597,0.6046154399469519
98,model.layers.11,60821504,798.886474609375,0.1684544475928933,4742.448098135452,0.6080986076407076
98,model.layers.12,60821504,686.49658203125,0.1451901888988678,4728.257379081097,0.6062790080752918
98,model.layers.13,60821504,651.724853515625,0.1392951626494029,4678.7328513049315,0.5999287442955806
98,model.layers.14,60821504,628.4853515625,0.1388947391049807,4524.903935256125,0.5802040899127661
98,model.layers.15,60821504,815.88720703125,0.202286507402718,4033.324898961044,0.5171715545363795
98,model.norm,2048,0.057373046875,0.0016465075216567952,34.84529898610392,0.7699796001733378
98,__whole_model__,1235814400,13863.386474609375,0.9978762336664716,13892.89173034163,0.3951991715317178
99,model.embed_tokens,262668288,324.0,0.22461353795713307,1442.4776126443214,0.08900312589680909
99,model.layers.0,60821504,836.693359375,0.2612727963236607,3202.374572278536,0.4106232642403005
99,model.layers.1,60821504,792.37744140625,0.5891043181583779,1345.0545463379594,0.17246910876061958
99,model.layers.2,60821504,765.880859375,0.175882748961418,4354.496753646972,0.5583536937198705
99,model.layers.3,60821504,827.65478515625,0.18409242189316558,4495.865591015817,0.576480659242504
99,model.layers.4,60821504,879.96435546875,0.18992416096905232,4633.240715551394,0.594095532452692
99,model.layers.5,60821504,944.09130859375,0.20665533219349236,4568.434303499088,0.5857857548610952
99,model.layers.6,60821504,1005.5322265625,0.2192003712394424,4587.274286429525,0.5882015045226417
99,model.layers.7,60821504,1030.04345703125,0.2340799672174675,4400.3913247061755,0.5642385076771055
99,model.layers.8,60821504,1090.591796875,0.23891688648604098,4564.733003662004,0.5853111570941157
99,model.layers.9,60821504,1062.720703125,0.23227485609855744,4575.272248469601,0.5866625477599627
99,model.layers.10,60821504,969.5517578125,0.20355967663662522,4762.98535069521,0.6107319890563659
99,model.layers.11,60821504,827.09033203125,0.1721276437758062,4805.098785343994,0.6161319682323029
99,model.layers.12,60821504,719.5009765625,0.15015461897112095,4791.733890656275,0.6144182596829018
99,model.layers.13,60821504,680.366455078125,0.14505997187827951,4690.242568425586,0.6014045734054786
99,model.layers.14,60821504,654.57861328125,0.14479037444976722,4520.871057684472,0.579686975716604
99,model.layers.15,60821504,837.8291015625,0.21245521165654901,3943.5563619729805,0.5056610179479355
99,model.norm,2048,0.05712890625,0.0016225599829205834,35.20911821525934,0.7780189453002708
99,__whole_model__,1235814400,14248.524658203125,1.001994752379342,14220.1589622785,0.4045086616969988
100,model.embed_tokens,262668288,324.0,0.22888697910888092,1415.5457914706194,0.0873413903873344
100,model.layers.0,60821504,804.1103515625,0.250124859323074,3214.8357973641882,0.41222110009791624
100,model.layers.1,60821504,759.7294921875,0.5863698629505638,1295.6489413773845,0.16613409381380667
100,model.layers.2,60821504,746.13916015625,0.17958741542528323,4154.740789544237,0.5327400610294973
100,model.layers.3,60821504,831.517578125,0.18914444161444352,4396.2041444494835,0.5637016080777115
100,model.layers.4,60821504,887.45947265625,0.1946443794164259,4559.38915532517,0.5846259441690971
100,model.layers.5,60821504,951.70703125,0.21141801454383985,4501.541807132301,0.5772084898999358
100,model.layers.6,60821504,1013.7109375,0.2239720449759751,4526.060105441901,0.5803523393960746
100,model.layers.7,60821504,1030.7861328125,0.2386224651981487,4319.73633310908,0.5538965519878591
100,model.layers.8,60821504,1089.59423828125,0.24236580842190475,4495.659867931989,0.5764542804781514
100,model.layers.9,60821504,1048.29052734375,0.23058588962410143,4546.204145677178,0.5829353013106491
100,model.layers.10,60821504,959.18701171875,0.20309291877689195,4722.897368826859,0.6055917227945476
100,model.layers.11,60821504,811.763427734375,0.17103357950816386,4746.222525826442,0.6085825821990023
100,model.layers.12,60821504,694.560546875,0.14684749406264325,4729.808644733899,0.6064779185249225
100,model.layers.13,60821504,641.788330078125,0.13851844325755897,4633.233777286929,0.594094642796364
100,model.layers.14,60821504,619.6103515625,0.13831046637480685,4479.851509454252,0.5744272597115612
100,model.layers.15,60821504,811.194091796875,0.20740878516769917,3911.088390691786,0.5014978246518876
100,model.norm,2048,0.05810546875,0.001660189423926497,34.99930062954825,0.7733825878731303
100,__whole_model__,1235814400,14025.206787109375,1.0009043346126192,14012.53476690913,0.39860255434422115
101,model.embed_tokens,262668288,302.0,0.2269946777595776,1330.4276689688056,0.08208946903568083
101,model.layers.0,60821504,864.1796875,0.31124756317039476,2776.5026614100702,0.35601600008611406
101,model.layers.1,60821504,786.56884765625,0.6207009354361342,1267.2267798397452,0.16248967293675523
101,model.layers.2,60821504,756.46142578125,0.17706389676177897,4272.25108910254,0.547807774595607
101,model.layers.3,60821504,819.2822265625,0.17976007472575015,4557.642890460704,0.5844020300195525
101,model.layers.4,60821504,852.64501953125,0.1820627438282129,4683.248212142577,0.6005077247254239
101,model.layers.5,60821504,885.50244140625,0.19540912683154638,4531.530618677821,0.5810537938797093
101,model.layers.6,60821504,927.43603515625,0.20437478476193355,4537.918100985775,0.5818728263746192
101,model.layers.7,60821504,932.38427734375,0.21403464996373162,4356.2305332419,0.5585760069504668
101,model.layers.8,60821504,991.94384765625,0.21782697606995405,4553.815443582581,0.583911257096108
101,model.layers.9,60821504,977.07421875,0.2175191704849685,4491.899341890512,0.5759720884535896
101,model.layers.10,60821504,898.905029296875,0.18984755318972218,4734.8781387693925,0.607127952473768
101,model.layers.11,60821504,781.9482421875,0.16383629956284565,4772.741109716983,0.6119829175546558
101,model.layers.12,60821504,673.052001953125,0.1398663633429858,4812.107685266975,0.6170306817650737
101,model.layers.13,60821504,644.103271484375,0.13644321901297538,4720.668979695668,0.6053059884438665
101,model.layers.14,60821504,619.9208984375,0.13635551077789843,4546.357495204233,0.58295496449556
101,model.layers.15,60821504,816.45849609375,0.20408291983361534,4000.621398201241,0.5129781605623196
101,model.norm,2048,0.060302734375,0.0017475992725556199,34.50604227296094,0.7624830150975108
101,__whole_model__,1235814400,13529.92626953125,1.0061415004230394,13447.339428740883,0.3825249274733618
102,model.embed_tokens,262668288,324.0,0.22252590145213064,1456.0102796379338,0.08983811262630438
102,model.layers.0,60821504,865.5791015625,0.3037786130105599,2849.3747238631668,0.36535999263946584
102,model.layers.1,60821504,786.8037109375,0.6116497466064046,1286.3631764795068,0.1649434301336921
102,model.layers.2,60821504,754.400390625,0.17678990510301176,4267.214183894871,0.5471619193368419
102,model.layers.3,60821504,811.400390625,0.1811669832732053,4478.743179166281,0.5742851444809937
102,model.layers.4,60821504,845.32958984375,0.1848902890013846,4572.060514424419,0.5862507243808612
102,model.layers.5,60821504,888.6279296875,0.19963521838311576,4451.258334499641,0.5707609107040176
102,model.layers.6,60821504,932.24560546875,0.21031841983418667,4432.543788621676,0.5683612451609211
102,model.layers.7,60821504,929.01025390625,0.22049317989614722,4213.328749414453,0.5402524799499269
102,model.layers.8,60821504,986.625,0.220639262896053,4471.665591381241,0.573377623473177
102,model.layers.9,60821504,962.201171875,0.21717828596993483,4430.466736477526,0.5680949159379716
102,model.layers.10,60821504,888.654296875,0.18572030607492784,4784.906484681741,0.613542818142794
102,model.layers.11,60821504,774.1982421875,0.16104399456999696,4807.371080521718,0.6164233324191384
102,model.layers.12,60821504,674.62255859375,0.1396663240718266,4830.244964754781,0.6193563275443627
102,model.layers.13,60821504,640.727294921875,0.1343119764775626,4770.440520089519,0.6116879253227402
102,model.layers.14,60821504,610.541748046875,0.1302343510894304,4688.023881100487,0.601120083065202
102,model.layers.15,60821504,785.518310546875,0.19435576291544276,4041.6517563650837,0.5182392626669988
102,model.norm,2048,0.054931640625,0.001583378692481036,34.69267389150364,0.7666070301929909
102,__whole_model__,1235814400,13460.54052734375,0.9977173138746357,13491.337015160872,0.3837764890661582
103,model.embed_tokens,262668288,300.0,0.22033580663513683,1361.5580898150722,0.08401026471494391
103,model.layers.0,60821504,876.625,0.2867850247313944,3056.7321317459146,0.3919483175738094
103,model.layers.1,60821504,823.5634765625,0.6052670904650289,1360.6612511011513,0.1744702725561892
103,model.layers.2,60821504,822.3349609375,0.19312587792838337,4258.025748586864,0.5459837357064522
103,model.layers.3,60821504,886.40966796875,0.19870554811200214,4460.920575147289,0.5719998478442753
103,model.layers.4,60821504,917.92578125,0.20066236987547267,4574.478921083448,0.5865608236569382
103,model.layers.5,60821504,944.09423828125,0.21189918343429018,4455.393470518083,0.5712911369507124
103,model.layers.6,60821504,965.3857421875,0.2121009981372158,4551.5379496845035,0.5836192263053281
103,model.layers.7,60821504,968.8935546875,0.21992631011841912,4405.5372645764855,0.5648983438641093
103,model.layers.8,60821504,1018.447265625,0.22343278468309963,4558.1818580003355,0.5844711389277853
103,model.layers.9,60821504,992.1416015625,0.21831444084964285,4544.553249438071,0.582723615766899
103,model.layers.10,60821504,904.470703125,0.19183734710920355,4714.779039402215,0.6045507530849507
103,model.layers.11,60821504,773.94677734375,0.16268534994036432,4757.323124838568,0.6100059522946933
103,model.layers.12,60821504,664.734619140625,0.14036343329663276,4735.810485169798,0.6072475022371379
103,model.layers.13,60821504,629.9150390625,0.1342130632405107,4693.395887505288,0.6018089065477996
103,model.layers.14,60821504,601.788818359375,0.13282894676149434,4530.554770113008,0.5809286660678175
103,model.layers.15,60821504,785.5078125,0.1969306042584493,3988.754391212395,0.5114565180946631
103,model.norm,2048,0.05712890625,0.0016438461535405486,34.753195198318664,0.7679443747697152
103,__whole_model__,1235814400,13876.2421875,1.0037124904810766,13824.917313571694,0.3932655616170762
104,model.embed_tokens,262668288,342.0,0.2220340283090505,1540.3044416415673,0.09503919432588244
104,model.layers.0,60821504,816.591796875,0.24162832205320953,3379.5367609893697,0.433339818655307
104,model.layers.1,60821504,768.58740234375,0.5806703857917428,1323.6208030409246,0.16972077516038897
104,model.layers.2,60821504,760.4443359375,0.17381816968235264,4374.9415686932425,0.5609752223704417
104,model.layers.3,60821504,839.0283203125,0.18327600818657452,4577.949556050846,0.5870058445085388
104,model.layers.4,60821504,912.04541015625,0.1956842024867942,4660.802448873203,0.5976296252482981
104,model.layers.5,60821504,969.583984375,0.2159482111758456,4489.891252609045,0.5757146019675367
104,model.layers.6,60821504,1017.1025390625,0.224767262737192,4525.136475287071,0.5802339072699859
104,model.layers.7,60821504,1030.29541015625,0.23878097610738733,4314.813629427889,0.5532653401764875
104,model.layers.8,60821504,1090.26953125,0.24357624908791714,4476.091307475856,0.5739451092398651
104,model.layers.9,60821504,1052.3505859375,0.23248229067945358,4526.583865213545,0.5804194982940286
104,model.layers.10,60821504,964.6123046875,0.20502247866541645,4704.909973611652,0.6032852958692322
104,model.layers.11,60821504,833.02587890625,0.17652453029979534,4719.037504257933,0.6050967931250023
104,model.layers.12,60821504,728.0732421875,0.15426364216174174,4719.668432462736,0.605177693654628
104,model.layers.13,60821504,694.9921875,0.1509209854056434,4605.006955341627,0.5904752692644094
104,model.layers.14,60821504,662.6787109375,0.14487247647518042,4574.220908351976,0.5865277400723601
104,model.layers.15,60821504,854.21630859375,0.21142387562852372,4040.3020049382994,0.5180661913025254
104,model.norm,2048,0.057373046875,0.0016469117437622825,34.83674646944609,0.7697906144694328
104,__whole_model__,1235814400,14335.955322265625,0.9999823329236798,14336.208601157125,0.40780982620843204
105,model.embed_tokens,262668288,320.0,0.2231749132036767,1433.8529156633192,0.08847096859710946
105,model.layers.0,60821504,745.798828125,0.2454432685606896,3038.579271285209,0.3896206739301834
105,model.layers.1,60821504,711.77490234375,0.5804608226301453,1226.2238459412354,0.1572320872980909
105,model.layers.2,60821504,716.55517578125,0.16682935300334492,4295.138492606173,0.5507425032241696
105,model.layers.3,60821504,807.31396484375,0.18231149021477736,4428.212198214552,0.5678058286247913
105,model.layers.4,60821504,878.08740234375,0.19115650844030596,4593.552212834844,0.5890064892535125
105,model.layers.5,60821504,945.69970703125,0.21282338120168673,4443.589335398431,0.5697775562046236
105,model.layers.6,60821504,1018.041015625,0.2276131617195475,4472.68078846589,0.5735077967340925
105,model.layers.7,60821504,1042.47265625,0.2422566588522925,4303.174415055444,0.5517729063306225
105,model.layers.8,60821504,1104.4052734375,0.2464311319845468,4481.59802109238,0.574651205503565
105,model.layers.9,60821504,1067.91796875,0.24013421493441736,4447.171216486819,0.5702368415478706
105,model.layers.10,60821504,977.80615234375,0.2077358602443114,4706.968508921781,0.6035492507781665
105,model.layers.11,60821504,834.71240234375,0.1767224161999496,4723.296683536336,0.6056429247716317
105,model.layers.12,60821504,718.13330078125,0.15382791637393384,4668.419866232666,0.5986063656984317
105,model.layers.13,60821504,673.114013671875,0.14393757332435103,4676.430192101891,0.5996334866931221
105,model.layers.14,60821504,646.18896484375,0.1423445580366547,4539.611304826644,0.5820899367945497
105,model.layers.15,60821504,842.9599609375,0.20981899011029548,4017.5579936514873,0.5151498490865479
105,model.norm,2048,0.057861328125,0.0016624757074357366,34.804314954019645,0.7690739724543643
105,__whole_model__,1235814400,14051.03955078125,1.0009155329171469,14038.187128368161,0.39933226506199065
106,model.embed_tokens,262668288,276.0,0.22787536686403725,1211.1883956490851,0.07473221928560383
106,model.layers.0,60821504,1005.869140625,0.3245501861306503,3099.2714951643234,0.39740291130459304
106,model.layers.1,60821504,842.0908203125,0.6309063622728668,1334.7318566876268,0.17114548579763084
106,model.layers.2,60821504,781.71875,0.19322410255133776,4045.6585885412765,0.5187530372022121
106,model.layers.3,60821504,808.611328125,0.18399430218454302,4394.7628732218955,0.5635168016215115
106,model.layers.4,60821504,828.7080078125,0.182138919422735,4549.867817592086,0.5834050742515872
106,model.layers.5,60821504,858.34326171875,0.1922032676139379,4465.809933277669,0.5726267839350486
106,model.layers.6,60821504,888.052734375,0.19791475587047316,4487.04660988589,0.5753498487338919
106,model.layers.7,60821504,897.8056640625,0.20883596462544346,4299.095060914216,0.5512498326939644
106,model.layers.8,60821504,943.8662109375,0.2091733487045992,4512.363629414644,0.5785961139552448
106,model.layers.9,60821504,914.4345703125,0.20272728915832885,4510.663434158249,0.578378107063712
106,model.layers.10,60821504,840.141845703125,0.17727755091708433,4739.132740479213,0.607673497163403
106,model.layers.11,60821504,718.9990234375,0.1518775484227451,4734.070512095672,0.6070243948500217
106,model.layers.12,60821504,622.633056640625,0.1288088970883956,4833.773681124998,0.619808795861798
106,model.layers.13,60821504,590.40283203125,0.12350068280495488,4780.563302339596,0.6129859152351952
106,model.layers.14,60821504,559.898681640625,0.12031410741086492,4653.641153889021,0.5967113709166382
106,model.layers.15,60821504,714.427978515625,0.17832590892064143,4006.3049886573667,0.5137069367916534
106,model.norm,2048,0.050048828125,0.0014305977795315565,34.984555995458265,0.773056774412157
106,__whole_model__,1235814400,13092.053955078125,0.9984284995538579,13112.660506914852,0.37300460332472435
107,model.embed_tokens,262668288,352.0,0.2319323730436626,1517.683777304059,0.09364346393932209
107,model.layers.0,60821504,780.6630859375,0.2527255736371072,3088.975423826585,0.3960827014646351
107,model.layers.1,60821504,731.17138671875,0.5725990322849432,1276.934373781645,0.1637344254859569
107,model.layers.2,60821504,741.62451171875,0.17679537726603844,4194.818457287868,0.5378790047665877
107,model.layers.3,60821504,811.890625,0.1848458070654997,4392.2588122992065,0.5631957193599821
107,model.layers.4,60821504,868.958984375,0.1927445211816708,4508.345965154388,0.5780809504801634
107,model.layers.5,60821504,931.21533203125,0.21026822112103782,4428.702193163129,0.5678686580411212
107,model.layers.6,60821504,988.83447265625,0.22008903557798956,4492.883846118958,0.5760983261346663
107,model.layers.7,60821504,1025.71484375,0.23671229212394593,4333.171017637399,0.5556192093130864
107,model.layers.8,60821504,1083.640625,0.24413020233727611,4438.781497026349,0.5691610729539215
107,model.layers.9,60821504,1038.15673828125,0.23277132259418412,4459.985563132203,0.5718799562834747
107,model.layers.10,60821504,938.7900390625,0.20196543267823389,4648.270877908875,0.5960227693170852
107,model.layers.11,60821504,800.6357421875,0.1712080803839154,4676.389925009157,0.5996283234604375
107,model.layers.12,60821504,684.4921875,0.14854238789582236,4608.059673714528,0.5908667029192785
107,model.layers.13,60821504,651.611328125,0.14187707852534834,4592.7878900366595,0.588908484252773
107,model.layers.14,60821504,636.7978515625,0.1423709503844103,4472.80747823279,0.5735240414813748
107,model.layers.15,60821504,856.90234375,0.21961795225420117,3901.7864202565797,0.500305083022899
107,model.norm,2048,0.0625,0.0018544917412654889,33.70195650337626,0.7447150619622317
107,__whole_model__,1235814400,13923.16259765625,0.9956783336118967,13983.595030283474,0.39777933048551745
108,model.embed_tokens,262668288,334.0,0.22545185480507512,1481.4692932501052,0.09140897360457553
108,model.layers.0,60821504,891.701171875,0.2811571027128279,3171.54062007026,0.4066695924197729
108,model.layers.1,60821504,816.43994140625,0.5847524595422485,1396.214634215253,0.17902909161360844
108,model.layers.2,60821504,783.34326171875,0.1801302830275085,4348.75940098935,0.5576180238526526
108,model.layers.3,60821504,841.3623046875,0.18715752291044166,4495.476813347799,0.5764308083735623
108,model.layers.4,60821504,878.53125,0.18684608384953763,4701.898117958194,0.6028991018210564
108,model.layers.5,60821504,924.53564453125,0.20427206795608366,4526.001297103505,0.5803447987192013
108,model.layers.6,60821504,964.57421875,0.21221407929896913,4545.288521555156,0.5828178957550789
108,model.layers.7,60821504,981.46826171875,0.2231452766084248,4398.337606047696,0.563975170381501
108,model.layers.8,60821504,1044.52734375,0.23078821042540962,4525.912921741683,0.5803334668219697
108,model.layers.9,60821504,1016.40966796875,0.2247138631242348,4523.128452501482,0.5799764293103414
108,model.layers.10,60821504,948.3544921875,0.1975095262104859,4801.5632986574965,0.6156786317936319
108,model.layers.11,60821504,841.898681640625,0.17366619962475602,4847.798152200786,0.6216070783432525
108,model.layers.12,60821504,752.69677734375,0.1525703009480676,4933.442306048511,0.632588767468716
108,model.layers.13,60821504,725.88037109375,0.1512984427169153,4797.672454910178,0.6151797298306937
108,model.layers.14,60821504,691.05859375,0.14566266223383956,4744.2397602249575,0.6083283428322048
108,model.layers.15,60821504,860.1044921875,0.2102725939191434,4090.426032972409,0.5244933257753032
108,model.norm,2048,0.05908203125,0.0017167997259508554,34.4140497909721,0.7604502492277457
108,__whole_model__,1235814400,14296.945556640625,0.9976416371427432,14330.742647818144,0.4076543409233579
109,model.embed_tokens,262668288,338.0,0.23413797154926164,1443.5932700855667,0.08907196370672063
109,model.layers.0,60821504,882.7109375,0.2725165553745282,3239.109404883172,0.41533357421028755
109,model.layers.1,60821504,820.7470703125,0.6015464199867949,1364.3952370799861,0.17494906149129047
109,model.layers.2,60821504,782.794921875,0.18380532300380004,4258.826181322378,0.546086370890202
109,model.layers.3,60821504,833.16748046875,0.18394037880043293,4529.5518357755445,0.5808000651930063
109,model.layers.4,60821504,872.26611328125,0.18948954319248826,4603.24141683734,0.590248883759713
109,model.layers.5,60821504,920.06884765625,0.20406612360642024,4508.67998762389,0.5781237803845549
109,model.layers.6,60821504,973.46533203125,0.2145608679107318,4537.012464156609,0.5817567014358855
109,model.layers.7,60821504,983.09326171875,0.22654158852286857,4339.570796377241,0.5564398185133086
109,model.layers.8,60821504,1031.32861328125,0.22905265195037622,4502.583159371956,0.577342016895676
109,model.layers.9,60821504,997.33251953125,0.21790192141580556,4576.979005284294,0.5868813960048183
109,model.layers.10,60821504,926.16162109375,0.1927453185947945,4805.10565883473,0.6161328495830442
109,model.layers.11,60821504,803.0732421875,0.1651391677782177,4863.008897235266,0.6235574703528735
109,model.layers.12,60821504,703.75244140625,0.14511988660264824,4849.4555631316725,0.6218195992308837
109,model.layers.13,60821504,664.419921875,0.13835461522477138,4802.296770480559,0.6157726809397939
109,model.layers.14,60821504,639.85302734375,0.13775504461385424,4644.860949646842,0.5955855325597419
109,model.layers.15,60821504,824.079345703125,0.20267828842962057,4065.947823460548,0.521354616650041
109,model.norm,2048,0.05908203125,0.0016936721557059603,34.88398333228386,0.770834411533013
109,__whole_model__,1235814400,13996.373779296875,0.9990479481608359,14009.711751135703,0.39852225043654416
110,model.embed_tokens,262668288,328.0,0.22422476471333447,1462.8179024709402,0.09025815360770537
110,model.layers.0,60821504,806.2568359375,0.2512120996641063,3209.46657034251,0.41153263300066467
110,model.layers.1,60821504,745.21630859375,0.6151778813709309,1211.3834569816245,0.15532918405562132
110,model.layers.2,60821504,724.923583984375,0.16755555092839391,4326.4671326477055,0.5547596062043841
110,model.layers.3,60821504,799.95166015625,0.17851433210295525,4481.162104647658,0.5745953102828693
110,model.layers.4,60821504,851.13818359375,0.1852228825876916,4595.210762853713,0.5892191562002679
110,model.layers.5,60821504,901.5703125,0.20099280738409117,4485.584953182561,0.5751624283578014
110,model.layers.6,60821504,954.6298828125,0.21019244161024156,4541.69462754833,0.582357070059924
110,model.layers.7,60821504,972.3291015625,0.22562505701205546,4309.490773937166,0.5525828190511949
110,model.layers.8,60821504,1038.07958984375,0.2314986203971691,4484.1718195243475,0.5749812298307564
110,model.layers.9,60821504,1015.466796875,0.22478821969965945,4517.437783135476,0.5792467453904748
110,model.layers.10,60821504,929.79638671875,0.1965882175740376,4729.664871032146,0.6064594831965767
110,model.layers.11,60821504,809.39404296875,0.1708937146873225,4736.242315579987,0.6073028735276061
110,model.layers.12,60821504,709.751953125,0.14820584870989753,4788.9604850500145,0.6140626408015368
110,model.layers.13,60821504,692.85986328125,0.14524928727224024,4770.142947294641,0.6116497691640447
110,model.layers.14,60821504,664.610595703125,0.14172233742591983,4689.526067480547,0.6013127003437106
110,model.layers.15,60821504,858.15234375,0.20787002888353787,4128.312043631802,0.5293512451144934
110,model.norm,2048,0.05712890625,0.0016258783646860956,35.13725718407584,0.7764310258486176
110,__whole_model__,1235814400,13802.1845703125,0.9999482783196805,13802.898479415135,0.39263921073306535
111,model.embed_tokens,262668288,308.0,0.23020580615444458,1337.9332395872043,0.08255257448759294
111,model.layers.0,60821504,754.0234375,0.2522564636376896,2989.114437848408,0.3832780644344834
111,model.layers.1,60821504,701.3876953125,0.599935151235146,1169.1058506381626,0.14990815402643679
111,model.layers.2,60821504,707.2314453125,0.16837456242573812,4200.3461516012885,0.538587791272185
111,model.layers.3,60821504,791.88134765625,0.17833661893280695,4440.374345969923,0.5693653154052306
111,model.layers.4,60821504,858.603515625,0.1878072290696484,4571.727722507351,0.5862080522635885
111,model.layers.5,60821504,916.45166015625,0.21003486661934195,4363.331074060133,0.5594864711022539
111,model.layers.6,60821504,981.70556640625,0.22222506670301415,4417.61850258873,0.5664474560234413
111,model.layers.7,60821504,994.41455078125,0.23670666474035323,4201.041622009405,0.5386769677013372
111,model.layers.8,60821504,1046.013671875,0.2377207436524951,4400.178359714723,0.5642112003218958
111,model.layers.9,60821504,1002.96533203125,0.22474146641945503,4462.751569660609,0.5722346264208895
111,model.layers.10,60821504,910.60009765625,0.19425664866974895,4687.613545749671,0.6010674679705644
111,model.layers.11,60821504,772.14501953125,0.1645679515713015,4691.952547010386,0.6016238347605836
111,model.layers.12,60821504,659.179443359375,0.14188794788104675,4645.774734243144,0.5957027022428247
111,model.layers.13,60821504,621.41259765625,0.13565811982975015,4580.725417955946,0.58736177834789
111,model.layers.14,60821504,602.081298828125,0.13657474671985484,4408.437967402037,0.5652702853831091
111,model.layers.15,60821504,812.03369140625,0.21544150034046475,3769.1609560970546,0.4832992332119505
111,model.norm,2048,0.06201171875,0.0018486148258765349,33.54496452261042,0.7412459965187496
111,__whole_model__,1235814400,13440.1923828125,0.998473314706643,13460.742700731369,0.38290619885222715
112,model.embed_tokens,262668288,322.0,0.23182597022415596,1388.97294245616,0.08570180402180651
112,model.layers.0,60821504,950.62890625,0.29129192814929517,3263.49209979748,0.41846003601252596
112,model.layers.1,60821504,844.38818359375,0.6029396468614648,1400.4522475659357,0.1795724579773401
112,model.layers.2,60821504,780.03955078125,0.18764284218119934,4157.043997596223,0.5330353890079037
112,model.layers.3,60821504,829.58740234375,0.18230887655133252,4550.44986309355,0.5834797068151282
112,model.layers.4,60821504,857.3994140625,0.18544614338416796,4623.441600973722,0.5928390447047004
112,model.layers.5,60821504,889.31640625,0.19706716015961223,4512.758013713236,0.5786466837322645
112,model.layers.6,60821504,935.81689453125,0.20473039094843368,4570.972048634237,0.586111156267984
112,model.layers.7,60821504,957.52001953125,0.21863079541120065,4379.620984913617,0.5615752387394769
112,model.layers.8,60821504,1013.19873046875,0.2229085403778567,4545.356264731969,0.5828265820982175
112,model.layers.9,60821504,990.5126953125,0.21686393365206685,4567.43857142084,0.5856580774932387
112,model.layers.10,60821504,924.413330078125,0.1933827841068409,4780.2255735826075,0.6129426100934973
112,model.layers.11,60821504,806.50927734375,0.1682001254888595,4794.938618503992,0.6148291846949919
112,model.layers.12,60821504,709.87158203125,0.146995549309128,4829.204594068407,0.6192229264079194
112,model.layers.13,60821504,681.490966796875,0.1414035710360428,4819.474938317983,0.6179753449916922
112,model.layers.14,60821504,657.298583984375,0.13903199780005043,4727.678479666762,0.606204778917579
112,model.layers.15,60821504,830.8837890625,0.20235334366635196,4106.103581033449,0.5265035734258546
112,model.norm,2048,0.057861328125,0.0016601521713499499,34.85302680292865,0.7701503624133546
112,__whole_model__,1235814400,13980.93359375,0.9989019470589495,13996.302274626485,0.3981408025630577
113,model.embed_tokens,262668288,322.0,0.21972649468314925,1465.4582300797704,0.09042106595276891
113,model.layers.0,60821504,758.2119140625,0.23752322143483082,3192.1591054646856,0.40931338988482896
113,model.layers.1,60821504,718.4580078125,0.6040555681869564,1189.390588632296,0.15250915685774638
113,model.layers.2,60821504,728.17724609375,0.17608341744611677,4135.410685771017,0.5302614658088839
113,model.layers.3,60821504,802.9580078125,0.18414666380381572,4360.426581868174,0.5591140436931848
113,model.layers.4,60821504,866.52392578125,0.19467039580288073,4451.236266343622,0.5707580810230869
113,model.layers.5,60821504,933.0126953125,0.21369262598132893,4366.143618797686,0.5598471085838758
113,model.layers.6,60821504,985.0986328125,0.2217261190496959,4442.862379202641,0.5696843425222958
113,model.layers.7,60821504,1006.78662109375,0.23158028921496063,4347.462491331535,0.5574517281039518
113,model.layers.8,60821504,1062.8935546875,0.23377209577528124,4546.7084134337,0.5829999608523613
113,model.layers.9,60821504,1030.15673828125,0.2272163940394102,4533.813427663901,0.5813465061956314
113,model.layers.10,60821504,938.60205078125,0.19861851643228007,4725.652308964209,0.605944973948169
113,model.layers.11,60821504,793.3916015625,0.1696314882499655,4677.148150662773,0.5997255466571283
113,model.layers.12,60821504,679.49169921875,0.14443502690866508,4704.48002649962,0.6032301660639553
113,model.layers.13,60821504,643.5458984375,0.1391204914017275,4625.816743122206,0.5931435964053314
113,model.layers.14,60821504,620.23876953125,0.13646377570418017,4545.0799403042665,0.5827911505033395
113,model.layers.15,60821504,809.95947265625,0.20180725910931246,4013.5299207325397,0.5146333509651556
113,model.norm,2048,0.0576171875,0.001664200211218308,34.62154800342219,0.7650353552623564
113,__whole_model__,1235814400,13699.564453125,0.9974550811502242,13734.517686076877,0.3906940409728389
114,model.embed_tokens,262668288,322.0,0.2366133615802445,1360.8698927629987,0.08396780187993656
114,model.layers.0,60821504,837.8740234375,0.2692955506221721,3111.3548720047615,0.39895229771435836
114,model.layers.1,60821504,771.72607421875,0.6039074954268768,1277.8878885635445,0.16385668955701035
114,model.layers.2,60821504,751.634765625,0.17065295119251297,4404.463915640601,0.5647607141041378
114,model.layers.3,60821504,811.3828125,0.17678493193250192,4589.660462746866,0.5885074710753873
114,model.layers.4,60821504,856.3115234375,0.1832827203978658,4672.07995155593,0.5990756787500175
114,model.layers.5,60821504,915.9033203125,0.20387878182929792,4492.391567649058,0.5760352039146813
114,model.layers.6,60821504,974.3408203125,0.219267634591192,4443.614408159622,0.5697807711499123
114,model.layers.7,60821504,982.1494140625,0.2290788984228766,4287.384917704054,0.5497483040248002
114,model.layers.8,60821504,1036.39208984375,0.22842563360336157,4537.109401842973,0.5817691312339321
114,model.layers.9,60821504,1015.0908203125,0.2251519904736848,4508.469226396385,0.5780967556061412
114,model.layers.10,60821504,933.73193359375,0.19632787197648183,4755.982552011779,0.609834057852721
114,model.layers.11,60821504,804.516845703125,0.16744324222212764,4804.713734794177,0.616082595271678
114,model.layers.12,60821504,691.558837890625,0.14547919238029228,4753.6615138943325,0.6095364436209374
114,model.layers.13,60821504,662.66650390625,0.1415565290799191,4681.285336772604,0.6002560357760134
114,model.layers.14,60821504,633.80615234375,0.1390058398433722,4559.564929487168,0.5846484827443137
114,model.layers.15,60821504,828.14599609375,0.21078344804524723,3928.8948149096527,0.5037810466397469
114,model.norm,2048,0.0595703125,0.0017646580405012262,33.757425593391396,0.7459407672652302
114,__whole_model__,1235814400,13829.29150390625,1.0018540509399396,13803.698743276635,0.3926619751525404
115,model.embed_tokens,262668288,336.0,0.21999785735159796,1527.2876020015449,0.09423603495127303
115,model.layers.0,60821504,1053.30859375,0.31305704503095816,3364.5899700031937,0.4314232720533603
115,model.layers.1,60821504,931.2333984375,0.6106387129167995,1525.0153302422248,0.19554451198224662
115,model.layers.2,60821504,852.47900390625,0.19694046388673211,4328.6127547487795,0.5550347277840382
115,model.layers.3,60821504,869.46923828125,0.1911977674254825,4547.486353992691,0.5830997119853122
115,model.layers.4,60821504,889.47412109375,0.18770129192733068,4738.774634743129,0.6076275791912937
115,model.layers.5,60821504,901.38818359375,0.1988955244677694,4531.9681576838,0.5811098971527066
115,model.layers.6,60821504,934.1328125,0.20334976921138972,4593.724478383518,0.5890285779381169
115,model.layers.7,60821504,940.62890625,0.21115263428281977,4454.734412596118,0.5712066294987785
115,model.layers.8,60821504,989.87158203125,0.21484327634363293,4607.412430482541,0.5907837104014836
115,model.layers.9,60821504,973.951171875,0.21022383734582267,4632.92452545631,0.5940549890977429
115,model.layers.10,60821504,902.46435546875,0.18502771781617397,4877.454935510545,0.6254098081284991
115,model.layers.11,60821504,784.070556640625,0.16056220209353744,4883.282281989726,0.6261570174193343
115,model.layers.12,60821504,686.491943359375,0.13972369830950496,4913.210512354976,0.6299945534002583
115,model.layers.13,60821504,650.4150390625,0.13569650823999077,4793.159731952615,0.6146010876420229
115,model.layers.14,60821504,617.28857421875,0.13206226545881725,4674.223723742248,0.599350563125054
115,model.layers.15,60821504,783.559814453125,0.1891452033124633,4142.636454590409,0.5311879872735962
115,model.norm,2048,0.050537109375,0.0014411422382177004,35.06739864727066,0.7748873556892827
115,__whole_model__,1235814400,14096.27783203125,0.9984363587681242,14118.353872272148,0.40161269964610674
116,model.embed_tokens,262668288,314.0,0.22154893253844507,1417.2941228029254,0.08744926516633586
116,model.layers.0,60821504,812.287109375,0.25333214231941475,3206.4115589044554,0.41114090531838643
116,model.layers.1,60821504,753.47998046875,0.6052648753220143,1244.8764354083523,0.15962380850391855
116,model.layers.2,60821504,729.796875,0.1692602600764212,4311.68470774236,0.5528641353807755
116,model.layers.3,60821504,811.64013671875,0.1780220354871411,4559.211641962022,0.5846031825854732
116,model.layers.4,60821504,864.275390625,0.19024300348158166,4543.007494668127,0.5825254119481315
116,model.layers.5,60821504,916.1298828125,0.20478655389118872,4473.58415581951,0.5736236306701855
116,model.layers.6,60821504,975.6416015625,0.21613535400717107,4514.030599224085,0.5788098605264511
116,model.layers.7,60821504,991.02978515625,0.2282979303403445,4340.949493842681,0.5566166014726037
116,model.layers.8,60821504,1064.0205078125,0.23655307499976672,4498.020191931765,0.576756932127288
116,model.layers.9,60821504,1036.91015625,0.23471414615254338,4417.7574008517595,0.5664652662005067
116,model.layers.10,60821504,950.23583984375,0.20211108265489305,4701.552370912229,0.6028547685372974
116,model.layers.11,60821504,816.9580078125,0.17402816216609834,4694.401168431393,0.6019378083130489
116,model.layers.12,60821504,702.62841796875,0.149082803922567,4713.007801581813,0.6043236367876083
116,model.layers.13,60821504,665.056640625,0.14304952748017155,4649.135529071811,0.5961336388843207
116,model.layers.14,60821504,630.327880859375,0.1388707935255441,4538.952106898068,0.5820054113903214
116,model.layers.15,60821504,814.32275390625,0.20428359569115384,3986.236639075924,0.5111336802824423
116,model.norm,2048,0.056640625,0.0016268895612005427,34.81528577649903,0.769316395672188
116,__whole_model__,1235814400,13848.797607421875,1.0014005607661016,13829.428652233955,0.39339389179746126
117,model.embed_tokens,262668288,322.0,0.22153019170498908,1453.5264810712852,0.08968485836808095
117,model.layers.0,60821504,846.6943359375,0.2657264403770478,3186.338306177203,0.4085670201051648
117,model.layers.1,60821504,793.73828125,0.6070233243193147,1307.5910750876963,0.16766536937681278
117,model.layers.2,60821504,793.70947265625,0.19211765624477045,4131.3718279230525,0.5297435847940615
117,model.layers.3,60821504,872.107421875,0.20547725407358025,4244.3015204140465,0.54422395175729
117,model.layers.4,60821504,884.5322265625,0.20428208231821143,4329.955013796359,0.5552068384410312
117,model.layers.5,60821504,903.6962890625,0.20314889907603306,4448.442955746816,0.570399909831863
117,model.layers.6,60821504,947.13818359375,0.21087464065338957,4491.47503302942,0.5759176816109
117,model.layers.7,60821504,947.5849609375,0.219909825888743,4308.97053875575,0.5525161120924852
117,model.layers.8,60821504,1000.1298828125,0.22084510464909815,4528.648639966963,0.5806842532532107
117,model.layers.9,60821504,973.5224609375,0.21402772513252646,4548.5810790853975,0.5832400826948799
117,model.layers.10,60821504,903.52880859375,0.1899591070327006,4756.438491986654,0.6098925205829717
117,model.layers.11,60821504,782.82421875,0.16452904302987645,4757.9698048073415,0.6100888725882765
117,model.layers.12,60821504,685.741943359375,0.14298466156243203,4795.912623536591,0.6149540761206654
117,model.layers.13,60821504,654.856201171875,0.13639568108598837,4801.150563990599,0.6156257090476003
117,model.layers.14,60821504,632.330322265625,0.13575290393650408,4657.95061416429,0.5972639498250093
117,model.layers.15,60821504,807.7587890625,0.20160375859035398,4006.6653256391637,0.5137531408643976
117,model.norm,2048,0.057373046875,0.0016499509674143514,34.77257688748755,0.768372653639783
117,__whole_model__,1235814400,13751.951171875,0.9994905745777727,13758.960336053604,0.3913893400659532
118,model.embed_tokens,262668288,344.0,0.22424910303348972,1534.0083654587752,0.09465071657327061
118,model.layers.0,60821504,770.2744140625,0.23005333563398309,3348.2427539673386,0.4293271564808749
118,model.layers.1,60821504,715.3994140625,0.5890926068311642,1214.4090857136418,0.15571714415156854
118,model.layers.2,60821504,719.98388671875,0.16535376241773522,4354.203231855384,0.5583160569995347
118,model.layers.3,60821504,799.01220703125,0.17864483486906887,4472.629771898283,0.5735012551540716
118,model.layers.4,60821504,875.8984375,0.19244146593924757,4551.505743447802,0.5836150966728494
118,model.layers.5,60821504,946.5146484375,0.2127743027691203,4448.444366256745,0.5704000906939634
118,model.layers.6,60821504,1014.0244140625,0.22808100359942887,4445.895967045978,0.5700733231722716
118,model.layers.7,60821504,1036.92333984375,0.24752296806504406,4189.20049298725,0.5371586434261391
118,model.layers.8,60821504,1091.27978515625,0.24747285388133192,4409.694914172445,0.5654314569057376
118,model.layers.9,60821504,1041.740234375,0.23792746454034566,4378.394215176242,0.5614179366554569
118,model.layers.10,60821504,937.85546875,0.1997059747084243,4696.181324165651,0.6021660681065111
118,model.layers.11,60821504,806.6416015625,0.17234154130625853,4680.482694123422,0.6001531172269223
118,model.layers.12,60821504,701.640625,0.14915542454171513,4704.090562953466,0.6031802272485498
118,model.layers.13,60821504,674.116455078125,0.1514010911661919,4452.52045335758,0.570922745415607
118,model.layers.14,60821504,649.03466796875,0.14308648275746752,4535.9607382960685,0.581621844286544
118,model.layers.15,60821504,851.91015625,0.212337468220537,4012.057614651376,0.5144445650766335
118,model.norm,2048,0.05859375,0.0016864474446373124,34.74389325698861,0.7677388289636942
118,__whole_model__,1235814400,13976.308349609375,1.0016302303848554,13953.560830766131,0.3969249733799373
119,model.embed_tokens,262668288,304.0,0.22411755328405034,1356.4310137488665,0.08369391609878307
119,model.layers.0,60821504,782.2294921875,0.24706858420957264,3166.04190973946,0.40596452237434766
119,model.layers.1,60821504,752.8466796875,0.6017007531667022,1251.1978350123861,0.16043436756919646
119,model.layers.2,60821504,757.5224609375,0.17957137044718074,4218.503534561587,0.540916014811605
119,model.layers.3,60821504,838.34765625,0.18920059904141084,4430.998952949978,0.5681631591931775
119,model.layers.4,60821504,876.18359375,0.20121628088508625,4354.436877055613,0.5583460160666666
119,model.layers.5,60821504,913.88671875,0.20589002031018713,4438.713043853065,0.5691522955717548
119,model.layers.6,60821504,965.08642578125,0.21196355896076366,4553.077097369817,0.5838165829331763
119,model.layers.7,60821504,991.83154296875,0.22807139829432274,4348.776525186232,0.5576202195962991
119,model.layers.8,60821504,1048.07861328125,0.23003362751536274,4556.197389928368,0.584216681262356
119,model.layers.9,60821504,1015.966796875,0.2253321852918927,4508.751359948551,0.5781329320737989
119,model.layers.10,60821504,939.91943359375,0.19924408133139274,4717.4271241233455,0.6048903027433785
119,model.layers.11,60821504,810.6416015625,0.1709009517544334,4743.341644622941,0.608213182299968
119,model.layers.12,60821504,702.811767578125,0.14563490353201158,4825.847036206139,0.6187924048252117
119,model.layers.13,60821504,672.9287109375,0.14251733344402365,4721.7324003736385,0.6054423451567349
119,model.layers.14,60821504,647.176025390625,0.1419149162995709,4560.310094708359,0.5847440312720131
119,model.layers.15,60821504,829.947998046875,0.20467713370088392,4054.9131358257378,0.5199396980156934
119,model.norm,2048,0.058837890625,0.0016755791093705386,35.11495834243452,0.7759382864068305
119,__whole_model__,1235814400,13849.46435546875,0.9986658132955883,13867.966812407085,0.3944901537757731
120,model.embed_tokens,262668288,336.0,0.23597502536333032,1423.879495224808,0.08785559294959186
120,model.layers.0,60821504,860.50390625,0.2618830602177387,3285.8326366529664,0.42132464287266397
120,model.layers.1,60821504,795.111328125,0.5971426455675057,1331.526619354662,0.1707344954569879
120,model.layers.2,60821504,762.4658203125,0.17829226665249198,4276.494065772443,0.5483518286689103
120,model.layers.3,60821504,831.3369140625,0.18226200190059116,4561.219043977831,0.5848605809471481
120,model.layers.4,60821504,880.72119140625,0.19443107144791322,4529.73480446097,0.580823526283259
120,model.layers.5,60821504,921.38037109375,0.2046630648090637,4501.937718724838,0.5772592555136418
120,model.layers.6,60821504,977.02197265625,0.21415308031059574,4562.259722060648,0.5849940214993835
120,model.layers.7,60821504,987.7275390625,0.2253741047080418,4382.613256931358,0.5619589216833948
120,model.layers.8,60821504,1046.703125,0.23072403731915964,4536.601982012389,0.5817040675187195
120,model.layers.9,60821504,1018.98486328125,0.22390887943014182,4550.8908171690755,0.5835362479841218
120,model.layers.10,60821504,936.603515625,0.19678365867204423,4759.559416394046,0.6102926999307294
120,model.layers.11,60821504,812.01953125,0.16930571614213175,4796.173157959484,0.614987483048169
120,model.layers.12,60821504,717.18896484375,0.1477109774661906,4855.35318461965,0.6225758195080526
120,model.layers.13,60821504,680.738525390625,0.1436491510297483,4738.896961873801,0.6076432645412014
120,model.layers.14,60821504,651.169677734375,0.140591769145558,4631.634424204475,0.5938895663543154
120,model.layers.15,60821504,835.449462890625,0.2097251325548693,3983.5448079740786,0.5107885212609489
120,model.norm,2048,0.058837890625,0.0016829178324574668,34.96183205752978,0.7725546415807667
120,__whole_model__,1235814400,14051.185546875,0.9995816230570159,14057.066699468047,0.399869316023185
121,model.embed_tokens,262668288,332.0,0.22361097270817815,1484.7214158549998,0.09160963465823631
121,model.layers.0,60821504,858.5869140625,0.272072979437497,3155.7228352392935,0.40464136296261705
121,model.layers.1,60821504,791.2314453125,0.6055445123079948,1306.644564074689,0.16754400336136763
121,model.layers.2,60821504,758.48974609375,0.17428347267880298,4352.046321062321,0.5580394879316344
121,model.layers.3,60821504,818.38134765625,0.18070055671398705,4528.936504338415,0.5807211645529966
121,model.layers.4,60821504,854.57177734375,0.1851621774953844,4615.261004721399,0.5917900908547544
121,model.layers.5,60821504,899.75146484375,0.20196360302194127,4455.017891248461,0.5712429784413962
121,model.layers.6,60821504,951.26416015625,0.2122051806764598,4482.7565336710695,0.5747997553393159
121,model.layers.7,60821504,965.33056640625,0.22644686948016451,4262.9450723795835,0.5466145141329072
121,model.layers.8,60821504,1036.7587890625,0.23260104060902811,4457.240545218177,0.5715279774031735
121,model.layers.9,60821504,1005.08984375,0.2251098078189612,4464.886952230521,0.5725084350405462
121,model.layers.10,60821504,924.59716796875,0.19488223417863942,4744.389204411599,0.6083475052563233
121,model.layers.11,60821504,800.51953125,0.16868639138355362,4745.608253779078,0.6085038173988433
121,model.layers.12,60821504,690.61865234375,0.1444416578081409,4781.298295960336,0.6130801595132871
121,model.layers.13,60821504,665.872314453125,0.144791495924429,4598.835796272619,0.5896839747347195
121,model.layers.14,60821504,635.921875,0.13756715618792806,4622.628631875463,0.5927348020505949
121,model.layers.15,60821504,831.773681640625,0.20937746046276856,3972.6037358664535,0.5093856064420478
121,model.norm,2048,0.05810546875,0.001656974064847132,35.06721679156798,0.774883337208015
121,__whole_model__,1235814400,13820.8173828125,1.000463349800161,13814.416475699145,0.3929668532913965
122,model.embed_tokens,262668288,314.0,0.21900630309013727,1433.748689282088,0.0884645376662935
122,model.layers.0,60821504,898.875,0.2785749494697458,3226.6899867018406,0.41374109902711265
122,model.layers.1,60821504,859.7001953125,0.6281029562668549,1368.7249625796205,0.17550423890036518
122,model.layers.2,60821504,798.388671875,0.18088072363858923,4413.895830438126,0.5659701177996713
122,model.layers.3,60821504,819.14404296875,0.18351630487411613,4463.603621109556,0.5723438803945802
122,model.layers.4,60821504,834.2666015625,0.18546181975446938,4498.319938125137,0.5767953669691803
122,model.layers.5,60821504,865.3701171875,0.19049318341840193,4542.787839745367,0.5824972467790188
122,model.layers.6,60821504,908.75048828125,0.19776618573632798,4595.075163621969,0.5892017690402369
122,model.layers.7,60821504,925.14794921875,0.20981033939805194,4409.448799677886,0.5653998989680724
122,model.layers.8,60821504,991.509765625,0.2191884911070425,4523.5484792893985,0.5800302870858234
122,model.layers.9,60821504,987.45068359375,0.2148639593102834,4595.701795515087,0.5892821186769274
122,model.layers.10,60821504,935.72900390625,0.19364477822979578,4832.193320471737,0.619606154716775
122,model.layers.11,60821504,833.0205078125,0.17082412903003685,4876.480345853401,0.6252848417395653
122,model.layers.12,60821504,738.8212890625,0.14805197471245612,4990.283246795089,0.6398771755250047
122,model.layers.13,60821504,700.236083984375,0.14243604012821584,4916.143999468445,0.6303706986721346
122,model.layers.14,60821504,660.239501953125,0.13909313858368777,4746.743862968342,0.6086494304561769
122,model.layers.15,60821504,800.939697265625,0.19670698111143547,4071.740071146172,0.5220973254113921
122,model.norm,2048,0.05517578125,0.0015738104856231078,35.05872006447755,0.7746955842910296
122,__whole_model__,1235814400,13871.644775390625,1.0007159764941327,13861.720109623888,0.3943124591811098
123,model.embed_tokens,262668288,308.0,0.2170534076736011,1419.00559544848,0.08755486570668809
123,model.layers.0,60821504,803.6201171875,0.2526350204298047,3180.9529645585617,0.40787648671983306
123,model.layers.1,60821504,755.48046875,0.6135987636111592,1231.2287989366812,0.15787384549656952
123,model.layers.2,60821504,728.77490234375,0.17670351753284538,4124.280673746556,0.5288343242408488
123,model.layers.3,60821504,811.88671875,0.1840042019708114,4412.327055872287,0.5657689622763112
123,model.layers.4,60821504,867.0927734375,0.19055122826210621,4550.444420357135,0.5834790089223169
123,model.layers.5,60821504,928.39599609375,0.20938858161051394,4433.842518789635,0.5685277743438439
123,model.layers.6,60821504,984.71142578125,0.22031369655355454,4469.587870320551,0.573111208478658
123,model.layers.7,60821504,991.96630859375,0.2318435538051326,4278.602067269509,0.5486221263608922
123,model.layers.8,60821504,1040.57421875,0.23200950844991497,4485.049883094053,0.5750938191987598
123,model.layers.9,60821504,997.5302734375,0.22807176986281755,4373.756006881091,0.5608232041569953
123,model.layers.10,60821504,907.91064453125,0.19287543290989792,4707.238401665089,0.6035838576727537
123,model.layers.11,60821504,769.828125,0.16550202674654757,4651.472493318327,0.5964332952379602
123,model.layers.12,60821504,662.37353515625,0.1408930560400827,4701.25039354538,0.6028160476040324
123,model.layers.13,60821504,630.165283203125,0.1363788553720704,4620.696379097043,0.5924870396713654
123,model.layers.14,60821504,612.800537109375,0.1357512289843001,4514.143567571286,0.5788243458499
123,model.layers.15,60821504,808.95703125,0.20744506001285512,3899.6206089451825,0.500027372689413
123,model.norm,2048,0.055908203125,0.0016303474558296003,34.29220128819178,0.757757752271702
123,__whole_model__,1235814400,13610.124267578125,1.0026545839795082,13574.090703859269,0.3861305122493502
124,model.embed_tokens,262668288,322.0,0.22054798446197846,1459.9997401268995,0.0900842685812026
124,model.layers.0,60821504,891.7509765625,0.2728430707336878,3268.3658564776442,0.4190849716132662
124,model.layers.1,60821504,828.11474609375,0.6048591925591039,1369.103348814246,0.17555275733170375
124,model.layers.2,60821504,795.9521484375,0.1789432752639364,4448.069631359393,0.5703520404539612
124,model.layers.3,60821504,844.470703125,0.18562662278798372,4549.297349925528,0.5833319262515334
124,model.layers.4,60821504,901.603515625,0.19391781964180382,4649.41033934066,0.5961688763267542
124,model.layers.5,60821504,946.8330078125,0.2096585517528299,4516.071488124833,0.5790715527312393
124,model.layers.6,60821504,984.265625,0.2170842999762689,4534.02491616205,0.5813736242280475
124,model.layers.7,60821504,984.9091796875,0.2259289186998919,4359.376326656899,0.5589793751172873
124,model.layers.8,60821504,1023.197265625,0.2234439727213937,4579.21175121961,0.5871676890050548
124,model.layers.9,60821504,991.14794921875,0.2187846320724249,4530.244834064248,0.5808889246355848
124,model.layers.10,60821504,911.59326171875,0.19173126855030342,4754.536224640795,0.6096486030744528
124,model.layers.11,60821504,793.51025390625,0.16541942394400344,4796.959359348653,0.6150882934229345
124,model.layers.12,60821504,695.24609375,0.14360768466707016,4841.287535286215,0.6207722569601383
124,model.layers.13,60821504,668.2392578125,0.14139003888024654,4726.211712682816,0.6060167032776956
124,model.layers.14,60821504,638.98974609375,0.1383559675180454,4618.447310633047,0.5921986537210832
124,model.layers.15,60821504,816.91845703125,0.20445610916526832,3995.568830721067,0.5123302970146062
124,model.norm,2048,0.058349609375,0.0017064672185400915,34.19322020432304,0.7555705586588027
124,__whole_model__,1235814400,14038.800537109375,0.9993137249869175,14048.441631573873,0.3996239661167477
125,model.embed_tokens,262668288,324.0,0.2338157976331456,1385.7061981258958,0.08550024078481028
125,model.layers.0,60821504,838.5908203125,0.2530233721033072,3314.2820496839745,0.42497255806211076
125,model.layers.1,60821504,783.90478515625,0.5715595316418962,1371.5190487758257,0.1758625095425275
125,model.layers.2,60821504,773.8955078125,0.17879199125820694,4328.468531316144,0.5550162347891209
125,model.layers.3,60821504,837.70458984375,0.1827476186881609,4583.942575324073,0.5877742971305182
125,model.layers.4,60821504,911.47607421875,0.1938667000964411,4701.560782565166,0.602855847118303
125,model.layers.5,60821504,964.16455078125,0.21016692309456245,4587.613200900477,0.5882449617020628
125,model.layers.6,60821504,1015.90478515625,0.21998514371507155,4618.060874474628,0.5921491030913211
125,model.layers.7,60821504,1039.16796875,0.23316843102690182,4456.726685398102,0.5714620879227523
125,model.layers.8,60821504,1104.72509765625,0.24105997674880986,4582.781067831096,0.5876253632730193
125,model.layers.9,60821504,1076.6796875,0.23506531398353445,4580.342668401591,0.5873127004315352
125,model.layers.10,60821504,990.11328125,0.20700017548281183,4783.151893183847,0.6133178363138381
125,model.layers.11,60821504,858.158203125,0.1778057645504206,4826.380096814302,0.6188607563193987
125,model.layers.12,60821504,750.265625,0.15448942821959363,4856.420491980597,0.6227126745893705
125,model.layers.13,60821504,711.244384765625,0.14982458380795272,4747.180780941185,0.6087054540974358
125,model.layers.14,60821504,674.6884765625,0.14768278406521973,4568.497816675394,0.585793898814024
125,model.layers.15,60821504,864.20751953125,0.2146641181748164,4025.8592208105492,0.5162142707887315
125,model.norm,2048,0.059326171875,0.0017079281949243374,34.735752973284804,0.767558952407202
125,__whole_model__,1235814400,14518.95068359375,0.99864278181976,14538.682848272168,0.4135694374016596
126,model.embed_tokens,262668288,320.0,0.2215155359243658,1444.59393633348,0.08913370638006476
126,model.layers.0,60821504,798.8916015625,0.26100814992145965,3060.7917867809706,0.39246886530005437
126,model.layers.1,60821504,745.66796875,0.608389506403753,1225.6423901156888,0.1571575303455207
126,model.layers.2,60821504,746.875,0.1827945628625386,4085.8709816311634,0.5239092560456984
126,model.layers.3,60821504,835.38427734375,0.19641157046069108,4253.233530918384,0.5453692554145414
126,model.layers.4,60821504,865.408203125,0.204858282056752,4224.423803794545,0.5416751390872793
126,model.layers.5,60821504,899.21240234375,0.20556238442795502,4374.401497852365,0.5609059719918251
126,model.layers.6,60821504,957.630859375,0.21321736589843598,4491.336131744344,0.5758998710463338
126,model.layers.7,60821504,968.26416015625,0.22329115379844275,4336.330139752284,0.5560242865473916
126,model.layers.8,60821504,1020.63427734375,0.22794958475220362,4477.456181608084,0.574120119707505
126,model.layers.9,60821504,986.89208984375,0.21858118782279598,4514.990972799656,0.5789330040637204
126,model.layers.10,60821504,912.5986328125,0.19351965426551734,4715.793009635989,0.6046807690333781
126,model.layers.11,60821504,782.757080078125,0.1648566789415529,4748.106568103547,0.6088241628049966
126,model.layers.12,60821504,672.304931640625,0.14077254135218373,4775.8243559634075,0.6123782656345224
126,model.layers.13,60821504,628.28662109375,0.13429836738354567,4678.289344347816,0.599871875784314
126,model.layers.14,60821504,607.11328125,0.132126748892684,4594.930900351674,0.5891832709371508
126,model.layers.15,60821504,787.940185546875,0.19613558532254363,4017.3239560333363,0.515119839701777
126,model.norm,2048,0.055908203125,0.0015994368619728202,34.9549297344818,0.7724021203484801
126,__whole_model__,1235814400,13535.91748046875,0.9985065966380864,13556.162298820454,0.38562051829303434
127,model.embed_tokens,262668288,364.0,0.22676034214603194,1605.2189574029958,0.09904452152694274
127,model.layers.0,60821504,843.62109375,0.2865342924865968,2944.2238359286857,0.37752198403915577
127,model.layers.1,60821504,786.046875,0.5796879745609346,1355.982717418565,0.17387036935022693
127,model.layers.2,60821504,761.5849609375,0.17613557587430984,4323.856535836725,0.5544248634190087
127,model.layers.3,60821504,828.7724609375,0.18351999117977216,4515.979189022806,0.5790597177139091
127,model.layers.4,60821504,877.34716796875,0.1909198652563358,4595.368673609697,0.5892394042470274
127,model.layers.5,60821504,933.9599609375,0.20901906714167268,4468.30030250046,0.5729461105835545
127,model.layers.6,60821504,978.892578125,0.2165913638678084,4519.536516342567,0.579515854659492
127,model.layers.7,60821504,991.4599609375,0.22766660974432051,4354.876466298473,0.5584023822305096
127,model.layers.8,60821504,1052.20849609375,0.23197727586386255,4535.82572765121,0.5816045325978433
127,model.layers.9,60821504,1023.7919921875,0.22370370898264078,4576.553499463638,0.5868268356824428
127,model.layers.10,60821504,946.9208984375,0.1994991127371843,4746.4917785622065,0.6086171070288653
127,model.layers.11,60821504,831.95458984375,0.1721725255025093,4832.098428106201,0.6195939871792155
127,model.layers.12,60821504,741.938232421875,0.1526505586576683,4860.370240018144,0.6232191295325692
127,model.layers.13,60821504,724.87353515625,0.15078993601764693,4807.174499174919,0.6163981258505471
127,model.layers.14,60821504,697.8857421875,0.1476561161117248,4726.426243390019,0.6060442113962131
127,model.layers.15,60821504,885.2802734375,0.21622197414913077,4094.3122313133263,0.5249916320827684
127,model.norm,2048,0.061279296875,0.0017572254773211519,34.87275689197201,0.7705863399057287
127,__whole_model__,1235814400,14270.60009765625,1.000521931793838,14263.15570321428,0.40573175309698956
128,model.embed_tokens,262668288,344.0,0.2248690886597872,1529.7789573935188,0.09438975547744402
128,model.layers.0,60821504,856.8232421875,0.2689370156267684,3185.9624834113642,0.40851883037363856
128,model.layers.1,60821504,806.36669921875,0.6144469413003112,1312.3455338752153,0.1682750080505417
128,model.layers.2,60821504,769.0126953125,0.1796787706431917,4279.93074841109,0.5487924959960415
128,model.layers.3,60821504,823.83056640625,0.1844785062559025,4465.72656688503,0.5726160943109897
128,model.layers.4,60821504,870.64697265625,0.1894290889007843,4596.163016506201,0.5893412585634812
128,model.layers.5,60821504,918.32568359375,0.2058199903090266,4461.790529748535,0.5721113974428751
128,model.layers.6,60821504,959.634765625,0.2126786368580291,4512.135209262188,0.5785668248678809
128,model.layers.7,60821504,972.099609375,0.22166868071706697,4385.371926383081,0.5623126510269364
128,model.layers.8,60821504,1025.57666015625,0.2250841103757803,4556.415192720797,0.5842446089427599
128,model.layers.9,60821504,992.771484375,0.21577913916737265,4600.86868548002,0.589944641181864
128,model.layers.10,60821504,919.5986328125,0.19097138873006084,4815.373857454417,0.6174494854543074
128,model.layers.11,60821504,797.569580078125,0.16436522752035393,4852.422815399681,0.6222000740268872
128,model.layers.12,60821504,696.744384765625,0.14371056058604006,4848.247629988761,0.6216647124620404
128,model.layers.13,60821504,656.551025390625,0.13760710538759813,4771.200030269635,0.611785313227354
128,model.layers.14,60821504,633.364013671875,0.13723912452492376,4615.039740776333,0.5917617193693671
128,model.layers.15,60821504,818.33154296875,0.20451850840364066,4001.2591004902065,0.5130599296963164
128,model.norm,2048,0.060546875,0.001776686933030104,34.07852777795721,0.7530361901452397
128,__whole_model__,1235814400,13861.30810546875,1.0001664819119178,13859.000832512882,0.3942351062381594
129,model.embed_tokens,262668288,314.0,0.22203443937004202,1414.1950270907678,0.08725804611141424
129,model.layers.0,60821504,930.07421875,0.28186232275529627,3299.7465204225264,0.4231087453387449
129,model.layers.1,60821504,845.890625,0.6272037287572035,1348.6696367002185,0.1729326523504059
129,model.layers.2,60821504,784.958984375,0.18486132920076248,4246.204372589583,0.5444679442553723
129,model.layers.3,60821504,809.0068359375,0.18121281885460136,4464.40180695284,0.5724462274714265
129,model.layers.4,60821504,842.138671875,0.18398464335180278,4577.222623220354,0.5869126338222175
129,model.layers.5,60821504,887.24853515625,0.1974359263471418,4493.855558973826,0.5762229236467199
129,model.layers.6,60821504,937.75732421875,0.20624712700872788,4546.765512903685,0.5830072824102309
129,model.layers.7,60821504,942.13916015625,0.215887596990416,4364.026341902702,0.5595756215575157
129,model.layers.8,60821504,993.3720703125,0.2178643290906201,4559.590248017653,0.5846517292032767
129,model.layers.9,60821504,962.7587890625,0.2107450672142265,4568.357408260648,0.5857758949983277
129,model.layers.10,60821504,879.4033203125,0.18321610787352163,4799.814440548932,0.6154543851263468
129,model.layers.11,60821504,761.68994140625,0.15764882047371892,4831.561308974263,0.6195251152823577
129,model.layers.12,60821504,668.42626953125,0.13733207029869016,4867.226337427648,0.6240982500210376
129,model.layers.13,60821504,635.410888671875,0.13364335679837164,4754.5265540622595,0.6096473630681901
129,model.layers.14,60821504,607.37939453125,0.13055329969824317,4652.34809028288,0.5965455683264539
129,model.layers.15,60821504,775.55615234375,0.19134984433968247,4053.079609341045,0.5197045947780107
129,model.norm,2048,0.054931640625,0.0015920817958127585,34.503026646917576,0.7624163785467364
129,__whole_model__,1235814400,13577.26611328125,0.9958917357822861,13633.275209996726,0.3878140831176061
130,model.embed_tokens,262668288,336.0,0.2276906748567857,1475.6862581717032,0.09105215129091401
130,model.layers.0,60821504,826.333984375,0.25344389107337545,3260.421787541784,0.4180663463887123
130,model.layers.1,60821504,767.6796875,0.6228221695756875,1232.5824689622082,0.15804741932187966
130,model.layers.2,60821504,734.5,0.1687907323681345,4351.542230399517,0.5579748510976971
130,model.layers.3,60821504,794.638671875,0.17558809854086374,4525.583900494644,0.5802912781974305
130,model.layers.4,60821504,842.89453125,0.18443010391487272,4570.265446681385,0.5860205525007327
130,model.layers.5,60821504,882.57470703125,0.1990449051887202,4434.048217383186,0.5685541499679402
130,model.layers.6,60821504,931.7646484375,0.20837830424747666,4471.505091676468,0.5733570434594415
130,model.layers.7,60821504,945.94677734375,0.21878893230406332,4323.558634259956,0.5543866651023801
130,model.layers.8,60821504,1012.134765625,0.2252898933495945,4492.588418311405,0.5760604450161566
130,model.layers.9,60821504,995.4072265625,0.22486231788897829,4426.740931550676,0.5676171760151565
130,model.layers.10,60821504,922.35546875,0.19480887464135405,4734.668635851779,0.6071010890416627
130,model.layers.11,60821504,806.5751953125,0.16816600377083113,4796.3035169204795,0.6150041982764719
130,model.layers.12,60821504,702.620361328125,0.14591957539112635,4815.120654270028,0.617417018572079
130,model.layers.13,60821504,673.23095703125,0.1427993888196927,4714.522678253987,0.6045178812740072
130,model.layers.14,60821504,646.05029296875,0.13963242055877106,4626.79290657164,0.5932687645931845
130,model.layers.15,60821504,829.45556640625,0.20691939132215723,4008.5927235058066,0.5140002807244071
130,model.norm,2048,0.05810546875,0.0016727232741365805,34.7370480511743,0.7675875698558842
130,__whole_model__,1235814400,13650.220947265625,0.9998889847639466,13651.73649801549,0.3883392355388613
131,model.embed_tokens,262668288,330.0,0.24209227535723923,1363.1166030103243,0.08410642741786072
131,model.layers.0,60821504,818.916015625,0.2731320974279773,2998.2415956840864,0.38444839078423837
131,model.layers.1,60821504,737.92236328125,0.6083411812706777,1213.0074142603803,0.15553741536140356
131,model.layers.2,60821504,739.4306640625,0.17599698248261025,4201.38262390698,0.5387206925402448
131,model.layers.3,60821504,804.197265625,0.18620135017440057,4318.965812394861,0.5537977522616884
131,model.layers.4,60821504,858.97998046875,0.192887940465144,4453.259122355412,0.5710174609675316
131,model.layers.5,60821504,909.88330078125,0.20551535487707207,4427.325156923151,0.5676920880918305
131,model.layers.6,60821504,962.142578125,0.21489657017655162,4477.235617741767,0.5740918379894496
131,model.layers.7,60821504,958.2646484375,0.22134356594908802,4329.308802488136,0.5551239782412695
131,model.layers.8,60821504,1007.19140625,0.22050676221343732,4567.62140144754,0.5856815208040289
131,model.layers.9,60821504,971.7685546875,0.2139148956841599,4542.781144714169,0.5824963883111843
131,model.layers.10,60821504,888.97216796875,0.18894707811725525,4704.8738558268615,0.6032806646799841
131,model.layers.11,60821504,751.978515625,0.160279588492199,4691.667371367126,0.6015872682219499
131,model.layers.12,60821504,644.045166015625,0.1378136276324235,4673.30536957798,0.599232807510853
131,model.layers.13,60821504,612.046875,0.13561542348192415,4513.106690121999,0.5786913926324567
131,model.layers.14,60821504,594.23095703125,0.13242532422650338,4487.290935492545,0.5753811772920847
131,model.layers.15,60821504,800.7119140625,0.20810143607137405,3847.7000888541397,0.4933698837043975
131,model.norm,2048,0.062255859375,0.0018062741350481292,34.46645122521292,0.7616081682744825
131,__whole_model__,1235814400,13390.74462890625,0.998776226238513,13407.151949678535,0.3813817487356551
132,model.embed_tokens,262668288,324.0,0.23954489475611415,1352.564830612948,0.08345536654947293
132,model.layers.0,60821504,831.84765625,0.27201790253755603,3058.062166092731,0.3921188607231864
132,model.layers.1,60821504,766.67138671875,0.5824686955252799,1316.2447915374285,0.16877498888452414
132,model.layers.2,60821504,757.81787109375,0.17676560371634703,4287.1342340436795,0.5497161602075824
132,model.layers.3,60821504,832.1416015625,0.18326037535085907,4540.761198209557,0.5822373814371932
132,model.layers.4,60821504,888.64501953125,0.1921913406870838,4623.751602722294,0.5928787945612662
132,model.layers.5,60821504,935.69921875,0.20741824230642733,4511.1712853474755,0.5784432260897228
132,model.layers.6,60821504,986.6533203125,0.21690527595314374,4548.775109212367,0.5832649621342768
132,model.layers.7,60821504,1008.732421875,0.23023991886098918,4381.222973258766,0.5617806530870846
132,model.layers.8,60821504,1069.27001953125,0.23534110867237226,4543.4901941412345,0.5825873059048879
132,model.layers.9,60821504,1034.35205078125,0.2253122688706647,4590.748901361408,0.5886470357036782
132,model.layers.10,60821504,950.05126953125,0.20037626280580237,4741.336404961332,0.6079560612053396
132,model.layers.11,60821504,812.33447265625,0.17208239679360668,4720.6134258494385,0.6052988650730163
132,model.layers.12,60821504,692.55517578125,0.14626195103084264,4735.033075247363,0.6071478191448579
132,model.layers.13,60821504,652.1044921875,0.14061042264917084,4637.668246076816,0.5946632508740818
132,model.layers.14,60821504,630.795654296875,0.13974602751492154,4513.8718109859765,0.5787894999648794
132,model.layers.15,60821504,851.897705078125,0.21634159245918366,3937.743525849516,0.5049156692419556
132,model.norm,2048,0.064453125,0.001832551766366987,35.171243826731065,0.7771820316452197
132,__whole_model__,1235814400,14025.6337890625,0.9994537392628255,14033.29962966319,0.39919323457960026
133,model.embed_tokens,262668288,352.0,0.22643291121594236,1554.5443377014574,0.09591781819544289
133,model.layers.0,60821504,849.287109375,0.26827342289733724,3165.7519414437293,0.40592734129966956
133,model.layers.1,60821504,797.296875,0.6092678814235211,1308.614649334804,0.1677966167962053
133,model.layers.2,60821504,766.7451171875,0.1740053925861262,4406.444569285343,0.5650146826660837
133,model.layers.3,60821504,823.33349609375,0.17856430613396904,4610.851484932485,0.5912246818532184
133,model.layers.4,60821504,869.94970703125,0.1864989900674984,4664.634949049293,0.5981210461289568
133,model.layers.5,60821504,907.62939453125,0.20108305937478457,4513.703925896529,0.5787679729629968
133,model.layers.6,60821504,946.57763671875,0.20889368627866223,4531.384617608903,0.5810350729480543
133,model.layers.7,60821504,949.88623046875,0.2166382710005417,4384.664935155316,0.5622219973450571
133,model.layers.8,60821504,1015.943359375,0.22283588208548963,4559.155149821157,0.5845959389021492
133,model.layers.9,60821504,1000.84521484375,0.21702434711424895,4611.672506573059,0.5913299570415059
133,model.layers.10,60821504,942.23291015625,0.1958133426327906,4811.893293314656,0.6170031914383488
133,model.layers.11,60821504,833.827392578125,0.17133909572234152,4866.533169577125,0.624009368836459
133,model.layers.12,60821504,736.625,0.1501792980104131,4904.970323865305,0.6289379583582932
133,model.layers.13,60821504,700.240966796875,0.1437748869611683,4870.398312230986,0.6245049752864421
133,model.layers.14,60821504,667.06298828125,0.14182273021422329,4703.498425630723,0.6031043006650552
133,model.layers.15,60821504,850.453125,0.20847955005764815,4079.3119745549875,0.5230682298524763
133,model.norm,2048,0.056884765625,0.0016361963763345138,34.76646596201123,0.7682376199884198
133,__whole_model__,1235814400,14009.993408203125,0.996824151836798,14054.628775183277,0.3997999664826934
134,model.embed_tokens,262668288,346.0,0.23240198322732714,1488.7996874861237,0.09186127039957782
134,model.layers.0,60821504,938.369140625,0.27974030883329776,3354.4294869002624,0.43012044796335525
134,model.layers.1,60821504,848.513671875,0.598845160246688,1416.9166392285172,0.18168359835009473
134,model.layers.2,60821504,805.34423828125,0.18669768685101587,4313.627296967595,0.5531132231469753
134,model.layers.3,60821504,842.6015625,0.18878447181757288,4463.299096517995,0.5723048328443933
134,model.layers.4,60821504,877.2724609375,0.19000520445778804,4617.0970076369495,0.592025511631844
134,model.layers.5,60821504,918.60302734375,0.205131880102677,4478.109530727019,0.5742038951503367
134,model.layers.6,60821504,964.25732421875,0.21204870428658587,4547.338911892369,0.583080806277952
134,model.layers.7,60821504,973.646484375,0.22245822414414254,4376.7610216294925,0.5612085210327163
134,model.layers.8,60821504,1024.0732421875,0.22587394676908473,4533.826308150668,0.581348157791159
134,model.layers.9,60821504,993.90869140625,0.21663796241765032,4587.878690855304,0.5882790040507679
134,model.layers.10,60821504,922.8564453125,0.1940706779690865,4755.259552705338,0.6097413515410283
134,model.layers.11,60821504,801.51708984375,0.16673278060740088,4807.195603191257,0.616400831905033
134,model.layers.12,60821504,700.87548828125,0.1462200752842588,4793.291802912252,0.6146180223907018
134,model.layers.13,60821504,674.11279296875,0.14045587068142523,4799.463274110755,0.6154093569430781
134,model.layers.14,60821504,644.23291015625,0.13855437864815148,4649.67557461487,0.596202886019134
134,model.layers.15,60821504,834.022216796875,0.20451547217552465,4078.039709783319,0.5229050941849491
134,model.norm,2048,0.058837890625,0.0016928660675512117,34.7563766282533,0.7680146751034854
134,__whole_model__,1235814400,14110.265625,0.9997794999112224,14113.37762601949,0.4014711446383689
135,model.embed_tokens,262668288,334.0,0.226639011223461,1473.7092180069717,0.0909301648190671
135,model.layers.0,60821504,810.4853515625,0.2564031165236448,3160.9808903697913,0.4053155750863113
135,model.layers.1,60821504,745.9111328125,0.5981775855232639,1246.972723259104,0.1598926042180472
135,model.layers.2,60821504,749.015625,0.17627805023096849,4249.057803955748,0.5448338244094314
135,model.layers.3,60821504,829.76611328125,0.18364719133482513,4518.261930662595,0.5793524213943785
135,model.layers.4,60821504,888.9599609375,0.19149051156069802,4642.318586400143,0.5952595389972523
135,model.layers.5,60821504,949.07666015625,0.21223412990726864,4471.838061912707,0.5733997384416224
135,model.layers.6,60821504,1002.837890625,0.22247920482557262,4507.557870009656,0.5779798972793094
135,model.layers.7,60821504,1017.462890625,0.2322629955565575,4380.649996298017,0.5617071833337354
135,model.layers.8,60821504,1077.45947265625,0.2371772335124837,4542.845266805671,0.582504610342033
135,model.layers.9,60821504,1028.158203125,0.22511978122539664,4567.160635677667,0.5856224392880461
135,model.layers.10,60821504,941.9150390625,0.19829373187085717,4750.099915795328,0.6090797590563067
135,model.layers.11,60821504,806.6376953125,0.16968902862770452,4753.623153104685,0.6095315248232427
135,model.layers.12,60821504,693.87255859375,0.14649574239714572,4736.469109884993,0.6073319541412979
135,model.layers.13,60821504,654.1015625,0.13992729200219245,4674.58172841472,0.5993964681383201
135,model.layers.14,60821504,631.2998046875,0.1388503267712252,4546.620950540882,0.5829887459561215
135,model.layers.15,60821504,821.457763671875,0.20494367952077613,4008.2122346622546,0.5139514926868368
135,model.norm,2048,0.0595703125,0.0016960940200764897,35.122057972537114,0.7760951675502511
135,__whole_model__,1235814400,13982.477294921875,1.0011249076644688,13966.765972831196,0.3973006087268014
136,model.embed_tokens,262668288,346.0,0.24473128013599937,1413.7955712392984,0.08723339906030794
136,model.layers.0,60821504,765.4951171875,0.24476998355989127,3127.4060080990107,0.40101044854869256
136,model.layers.1,60821504,722.09228515625,0.5747289552381867,1256.404916743739,0.16110204364812958
136,model.layers.2,60821504,728.92529296875,0.17010985227803263,4285.026900013838,0.549445948101332
136,model.layers.3,60821504,803.1982421875,0.17712383825632902,4534.670488707073,0.5814564025226404
136,model.layers.4,60821504,872.7001953125,0.18819438592734905,4637.227571971243,0.594606745604129
136,model.layers.5,60821504,945.44677734375,0.21036056755845522,4494.410660310793,0.5762941013049936
136,model.layers.6,60821504,1011.14794921875,0.22129203214850082,4569.292167465868,0.5858957541426792
136,model.layers.7,60821504,1033.59619140625,0.23189008071077818,4457.267806531962,0.571531472974788
136,model.layers.8,60821504,1109.03076171875,0.2446928791289419,4532.337702946974,0.5811572819538359
136,model.layers.9,60821504,1076.46923828125,0.23630489998535936,4555.424954573284,0.584117636032087
136,model.layers.10,60821504,987.24169921875,0.2107089772764537,4685.3328794030085,0.6007750303937687
136,model.layers.11,60821504,841.275146484375,0.17771859770939158,4733.74850650151,0.6069831058049103
136,model.layers.12,60821504,731.19287109375,0.15501964527725476,4716.775540196867,0.6048067536416797
136,model.layers.13,60821504,687.69091796875,0.1487304112102752,4623.741119067384,0.592877450298594
136,model.layers.14,60821504,666.30859375,0.14823679082231112,4494.893541972941,0.5763560186228706
136,model.layers.15,60821504,871.2685546875,0.22315228693831948,3904.367580728955,0.5006360513449278
136,model.norm,2048,0.0625,0.0017683332268029939,35.34401720935541,0.7809998200971638
136,__whole_model__,1235814400,14199.142333984375,1.0012312552221387,14181.681065114248,0.4034141139687972
137,model.embed_tokens,262668288,304.0,0.21626023727231197,1405.713800346974,0.08673474114985338
137,model.layers.0,60821504,800.1494140625,0.2544016892981785,3145.220522198116,0.4032947078585037
137,model.layers.1,60821504,760.6650390625,0.6191938164643331,1228.4764783440241,0.1575209302330723
137,model.layers.2,60821504,735.25341796875,0.17068594482221672,4307.638913881141,0.5523453649982856
137,model.layers.3,60821504,800.00830078125,0.1794071113103488,4459.178317616124,0.5717764475335223
137,model.layers.4,60821504,848.8388671875,0.18955210991168037,4478.129352308485,0.5742064367650979
137,model.layers.5,60821504,899.13134765625,0.2017031942162983,4457.6951354179255,0.5715862670590208
137,model.layers.6,60821504,955.7734375,0.21483804568356824,4448.809029419977,0.5704468494896805
137,model.layers.7,60821504,967.14892578125,0.23189953899867377,4170.551308369703,0.5347673588058554
137,model.layers.8,60821504,1021.8818359375,0.2304540933175027,4434.20996011395,0.5685748893682115
137,model.layers.9,60821504,981.77978515625,0.22409397007182463,4381.107554306698,0.5617658535357568
137,model.layers.10,60821504,907.537109375,0.19086937963896128,4754.754854296957,0.6096766367791451
137,model.layers.11,60821504,784.635009765625,0.16367796852778482,4793.7728994506115,0.6146797108117587
137,model.layers.12,60821504,682.9287109375,0.1426248019256741,4788.288584571665,0.6139764866176842
137,model.layers.13,60821504,642.295654296875,0.1420660641763232,4521.105430919091,0.5797170281356692
137,model.layers.14,60821504,606.726806640625,0.13253763795308765,4577.769877379125,0.5869828052790449
137,model.layers.15,60821504,769.214599609375,0.19385230861257408,3968.044565033777,0.5088010084922174
137,model.norm,2048,0.0546875,0.0015816669130586547,34.57586394991621,0.7640258707615386
137,__whole_model__,1235814400,13468.02294921875,0.9974858885504377,13501.968402571283,0.38407891102253544
138,model.embed_tokens,262668288,316.0,0.23030595363800882,1372.0878466593342,0.0846599671892545
138,model.layers.0,60821504,834.8984375,0.28304056590246235,2949.748333204335,0.3782303606057982
138,model.layers.1,60821504,749.10009765625,0.6113117522637852,1225.397834872653,0.1571261723422903
138,model.layers.2,60821504,726.873046875,0.17544143949660387,4143.109227561203,0.5312486084083605
138,model.layers.3,60821504,782.12646484375,0.17380077276338593,4500.132262982194,0.5770277516362055
138,model.layers.4,60821504,834.8203125,0.18019155971772932,4632.960133136917,0.5940595548790758
138,model.layers.5,60821504,888.56494140625,0.19831592092156533,4480.552732615354,0.5745171737852818
138,model.layers.6,60821504,944.63134765625,0.20881156580554167,4523.845908688552,0.5800684248576564
138,model.layers.7,60821504,965.90576171875,0.22145097723731927,4361.713701916209,0.5592790841728865
138,model.layers.8,60821504,1030.13720703125,0.22837627343244069,4510.701534570709,0.5783829924746406
138,model.layers.9,60821504,1005.3330078125,0.22315465882099697,4505.095314272267,0.5776641370044143
138,model.layers.10,60821504,935.29052734375,0.19871160211482958,4706.773622625584,0.6035242615567952
138,model.layers.11,60821504,803.20654296875,0.16908318879240178,4750.363112413955,0.6091135073428479
138,model.layers.12,60821504,697.55126953125,0.1478263391874895,4718.721124836484,0.6050562254937518
138,model.layers.13,60821504,646.79736328125,0.13925471309529924,4644.707162181383,0.5955658132203454
138,model.layers.14,60821504,629.61669921875,0.1405219531173735,4480.557558809699,0.57451779262222
138,model.layers.15,60821504,821.202880859375,0.2099052709752026,3912.2546901472942,0.5016473729569635
138,model.norm,2048,0.058837890625,0.0016958095938030078,34.69604774027175,0.7666815824224481
138,__whole_model__,1235814400,13612.11474609375,1.0036759622073586,13562.260389455754,0.3857939854454295
139,model.embed_tokens,262668288,316.0,0.2181248417009364,1448.7116530874412,0.08938777594720929
139,model.layers.0,60821504,819.8623046875,0.2756306343625863,2974.4963094667787,0.38140366047027835
139,model.layers.1,60821504,753.17041015625,0.6117928301920417,1231.087343602621,0.15785570744004151
139,model.layers.2,60821504,727.12646484375,0.17132160092421816,4244.219414955063,0.5442134238159706
139,model.layers.3,60821504,804.265625,0.1796299881009136,4477.346090721639,0.5741060033453697
139,model.layers.4,60821504,848.9541015625,0.18542778558001533,4578.354311393971,0.5870577441088077
139,model.layers.5,60821504,908.80908203125,0.20363036213194846,4463.033275177106,0.572270748003836
139,model.layers.6,60821504,946.02001953125,0.21363950395203773,4428.113724433812,0.5677932018616264
139,model.layers.7,60821504,952.90966796875,0.22240140844814288,4284.638638837303,0.5493961634593146
139,model.layers.8,60821504,1017.81298828125,0.22686331765386286,4486.459066221451,0.5752745111704902
139,model.layers.9,60821504,996.58251953125,0.22363227147820103,4456.344842110115,0.5714131262120584
139,model.layers.10,60821504,911.537109375,0.19323176173844683,4717.325460235836,0.6048772669299838
139,model.layers.11,60821504,790.5810546875,0.16639038889672927,4751.362503144197,0.6092416538399679
139,model.layers.12,60821504,686.7451171875,0.1433635203017646,4790.236147535832,0.6142262121396713
139,model.layers.13,60821504,657.482177734375,0.14159144488274794,4643.5162680827,0.595413111276482
139,model.layers.14,60821504,628.80029296875,0.13645628329497828,4608.071374840754,0.5908682032917484
139,model.layers.15,60821504,804.6298828125,0.19742118350194557,4075.701849921138,0.5226053229913307
139,model.norm,2048,0.055908203125,0.0016079096041150482,34.77073772177039,0.7683320134350853
139,__whole_model__,1235814400,13571.3447265625,0.9975540544383422,13604.620888643114,0.38699897822227175
140,model.embed_tokens,262668288,358.0,0.2383161112814105,1502.2064520734955,0.09268848875359534
140,model.layers.0,60821504,921.212890625,0.29255334173615904,3148.8715362403937,0.40376285774852744
140,model.layers.1,60821504,863.54345703125,0.570252832782423,1514.316821220826,0.1941726997230251
140,model.layers.2,60821504,821.453125,0.18681225155349435,4397.212271513006,0.563830874787851
140,model.layers.3,60821504,881.7216796875,0.1917264048718144,4598.853664819965,0.5896862659224218
140,model.layers.4,60821504,917.53271484375,0.19497842470783391,4705.816636987554,0.6034015524365316
140,model.layers.5,60821504,958.0791015625,0.2111510770231939,4537.410441232368,0.5818077318953938
140,model.layers.6,60821504,1003.84423828125,0.2202073596632968,4558.631645264518,0.5845288127290424
140,model.layers.7,60821504,1007.29296875,0.22682965126963234,4440.746450527454,0.5694130283709076
140,model.layers.8,60821504,1069.0791015625,0.23512644071849267,4546.826372634394,0.5830150861261051
140,model.layers.9,60821504,1028.2197265625,0.22500371077617753,4569.79008486363,0.5859595994120492
140,model.layers.10,60821504,946.541015625,0.1991873045615965,4752.014781807003,0.6093252920239687
140,model.layers.11,60821504,822.89794921875,0.1714559944694292,4799.470276703995,0.6154102548479388
140,model.layers.12,60821504,715.622314453125,0.14982068284722125,4776.525516058931,0.6124681716216831
140,model.layers.13,60821504,689.8623046875,0.1445443999534191,4772.667117576434,0.6119734299405137
140,model.layers.14,60821504,667.55908203125,0.1432218392498448,4661.014587773306,0.5976568266782579
140,model.layers.15,60821504,858.016357421875,0.21006465661952925,4084.534596297753,0.5237378985434753
140,model.norm,2048,0.059326171875,0.0017765834612442854,33.39340547133602,0.7378969829904267
140,__whole_model__,1235814400,14530.537353515625,1.0023664361520226,14496.232943809255,0.4123619013896494
141,model.embed_tokens,262668288,302.0,0.2124297201118642,1421.6466502002104,0.08771782291760641
141,model.layers.0,60821504,968.572265625,0.2936897036158718,3297.9442374044997,0.4228776482827186
141,model.layers.1,60821504,875.08251953125,0.6176445547608175,1416.8060137276289,0.18166941343722529
141,model.layers.2,60821504,796.67578125,0.1934119987780459,4119.060793969884,0.5281650071374113
141,model.layers.3,60821504,830.19873046875,0.18366068821408157,4520.285416229303,0.5796118820632639
141,model.layers.4,60821504,851.95654296875,0.18634197182287981,4572.005622965848,0.586243685944417
141,model.layers.5,60821504,879.37353515625,0.19320000872974222,4551.6226471105465,0.5836300866006402
141,model.layers.6,60821504,922.57177734375,0.20261013372948353,4553.43353445257,0.5838622869428456
141,model.layers.7,60821504,928.5107421875,0.21296861381460033,4359.847798961655,0.5590398294746426
141,model.layers.8,60821504,986.75048828125,0.21968452066823846,4491.670534090172,0.5759427496602229
141,model.layers.9,60821504,961.833984375,0.21873428717567095,4397.271213371899,0.5638384325853392
141,model.layers.10,60821504,895.9130859375,0.18693507966569484,4792.642919347751,0.6145348195418928
141,model.layers.11,60821504,789.33740234375,0.16718105914537731,4721.452336639152,0.6054064340906636
141,model.layers.12,60821504,706.181396484375,0.14243283779200452,4957.995694192485,0.6357371163455506
141,model.layers.13,60821504,671.5546875,0.13885498136609464,4836.374474239633,0.6201422815719301
141,model.layers.14,60821504,633.482421875,0.13399884760469521,4727.521416779731,0.6061846395884943
141,model.layers.15,60821504,781.5859375,0.1914249633982013,4082.9885696472543,0.5235396598629269
141,model.norm,2048,0.052490234375,0.0015388153478669982,34.1108076727714,0.7537494817864616
141,__whole_model__,1235814400,13781.6337890625,0.997812580946373,13811.846084353178,0.39289373557406626
142,model.embed_tokens,262668288,344.0,0.21601965488310204,1592.4476880872433,0.09825651422561052
142,model.layers.0,60821504,944.6748046875,0.2928928218863116,3225.3259011386153,0.41356618967343395
142,model.layers.1,60821504,870.27197265625,0.5978699081506661,1455.6209650159167,0.18664644583602572
142,model.layers.2,60821504,813.21142578125,0.1826684494336472,4451.843918873589,0.5708359970381397
142,model.layers.3,60821504,848.20361328125,0.18474891919704725,4591.115428267179,0.5886940334770749
142,model.layers.4,60821504,875.0263671875,0.18763320717480186,4663.49416695901,0.5979747697783531
142,model.layers.5,60821504,910.88671875,0.20079427571055583,4536.417761545353,0.5816804459192447
142,model.layers.6,60821504,965.6357421875,0.21165033710604408,4562.410603219041,0.5850133681786597
142,model.layers.7,60821504,976.14208984375,0.22084213197438154,4420.089958002152,0.5667643574559186
142,model.layers.8,60821504,1046.58251953125,0.22986448937657786,4553.041326086151,0.5838119961739032
142,model.layers.9,60821504,1032.78369140625,0.22321601223235496,4626.8351498510865,0.5932741812216602
142,model.layers.10,60821504,958.11181640625,0.19678120845808092,4868.919262737177,0.6243153247263925
142,model.layers.11,60821504,838.27099609375,0.17047506987616554,4917.2644229017,0.6305143645416668
142,model.layers.12,60821504,737.065673828125,0.14930568812972395,4936.621525013347,0.6329964216139793
142,model.layers.13,60821504,691.928955078125,0.14619635663686772,4732.87413582258,0.6068709899564252
142,model.layers.14,60821504,650.106201171875,0.1365186954900286,4762.03056906121,0.6106095625436826
142,model.layers.15,60821504,808.015380859375,0.1931351500804569,4183.678530411316,0.5364505918704058
142,model.norm,2048,0.05224609375,0.0015088713794047385,34.62594258406008,0.7651324626926539
142,__whole_model__,1235814400,14310.97021484375,0.9982708893094189,14335.75832782598,0.40779701766929666
143,model.embed_tokens,262668288,354.0,0.22934226150643008,1543.5445594490873,0.09523911466476004
143,model.layers.0,60821504,795.7607421875,0.2465375955428283,3227.7460175410088,0.413876508180705
143,model.layers.1,60821504,742.53466796875,0.5786977394275568,1283.1131303593124,0.16452669420331145
143,model.layers.2,60821504,737.35986328125,0.1686932230908164,4371.010582234773,0.5604711731236004
143,model.layers.3,60821504,814.078125,0.17879172946644953,4553.220260407866,0.5838349399594002
143,model.layers.4,60821504,891.65576171875,0.19191706605627365,4646.047274697811,0.5957376486391963
143,model.layers.5,60821504,960.33935546875,0.2127845215375314,4513.201188364461,0.5787035096337345
143,model.layers.6,60821504,1016.89599609375,0.223672179516451,4546.367806189137,0.5829562866176864
143,model.layers.7,60821504,1029.478515625,0.2352569211051822,4375.975468814051,0.5611077938210709
143,model.layers.8,60821504,1094.28173828125,0.24052323131795383,4549.588546125471,0.5833692647737632
143,model.layers.9,60821504,1060.22021484375,0.23435064692537255,4524.076330718943,0.580097970635059
143,model.layers.10,60821504,973.3017578125,0.20573656478825803,4730.815637046396,0.6066070397320422
143,model.layers.11,60821504,839.1494140625,0.17640736276526006,4756.884298412934,0.6099496839427995
143,model.layers.12,60821504,734.501953125,0.1518620684075437,4836.63867368024,0.6201761584449391
143,model.layers.13,60821504,705.546630859375,0.14837165936594549,4755.265485837878,0.6097421123146967
143,model.layers.14,60821504,686.05126953125,0.14695668055722214,4668.391167587068,0.5986026858254909
143,model.layers.15,60821504,880.333251953125,0.21485304689366447,4097.373831467336,0.5253842046006495
143,model.norm,2048,0.05859375,0.0017035576568611688,34.39493213746571,0.7600278047766599
143,__whole_model__,1235814400,14315.5478515625,0.9976141906850721,14349.783699179203,0.4081959853749985
144,model.embed_tokens,262668288,328.0,0.22626264229907986,1449.6427543988505,0.08944522635511552
144,model.layers.0,60821504,848.24609375,0.26173550827264236,3240.852184512949,0.4155570414669368
144,model.layers.1,60821504,783.9912109375,0.6060596406996935,1293.5875585320039,0.1658697737807454
144,model.layers.2,60821504,751.69970703125,0.17183781424647637,4374.4720004005985,0.560915012154317
144,model.layers.3,60821504,806.6552734375,0.17762032664632374,4541.458112751397,0.5823267430398439
144,model.layers.4,60821504,855.1982421875,0.18546474091631726,4611.109572430106,0.5912577750246574
144,model.layers.5,60821504,905.2646484375,0.2007839657215229,4508.650106518246,0.5781199488911234
144,model.layers.6,60821504,959.83056640625,0.21251051738093218,4516.626180367919,0.5791426779336052
144,model.layers.7,60821504,980.462890625,0.2282090016524322,4296.337495565879,0.5508962449236604
144,model.layers.8,60821504,1036.50830078125,0.22921609642502663,4521.969953014523,0.5798278811532727
144,model.layers.9,60821504,1018.78271484375,0.22448035894138194,4538.404694505066,0.5819352196439698
144,model.layers.10,60821504,950.1708984375,0.20061742275236644,4736.2332014919275,0.6073017048771235
144,model.layers.11,60821504,827.34033203125,0.1733420248596427,4772.877971750695,0.6120004666369899
144,model.layers.12,60821504,720.19140625,0.14948001256131174,4817.977961800086,0.6177833957457822
144,model.layers.13,60821504,680.304931640625,0.14327986923387584,4748.084537473738,0.6088213379358499
144,model.layers.14,60821504,652.80224609375,0.14121766126297353,4622.667166807917,0.5927397431776851
144,model.layers.15,60821504,827.884765625,0.20436825723682536,4050.9459581369,0.5194310081620724
144,model.norm,2048,0.0595703125,0.0017217790193672236,34.598117313505696,0.7645176052708615
144,__whole_model__,1235814400,13933.393798828125,0.9989237369765747,13948.405952390409,0.3967783369774536
145,model.embed_tokens,262668288,352.0,0.2286929559194956,1539.1816445973566,0.09496991599129584
145,model.layers.0,60821504,827.0673828125,0.25642460197597433,3225.382340224874,0.41357342655385104
145,model.layers.1,60821504,769.97900390625,0.5779645794791383,1332.225245706502,0.1708240765558263
145,model.layers.2,60821504,759.26953125,0.17535458102058263,4329.9098707941885,0.5552010499967097
145,model.layers.3,60821504,830.6435546875,0.18381039513487027,4519.023823859461,0.5794501148604109
145,model.layers.4,60821504,886.328125,0.19030023662063156,4657.525081100755,0.597209386009426
145,model.layers.5,60821504,943.89013671875,0.2112856561417811,4467.364959623014,0.5728261765980533
145,model.layers.6,60821504,1004.15478515625,0.22006727573282853,4562.944589614217,0.5850818383815352
145,model.layers.7,60821504,1028.6591796875,0.23632456834661114,4352.739060878309,0.5581283142316471
145,model.layers.8,60821504,1098.54052734375,0.24396821420357767,4502.801854454204,0.5773700589896031
145,model.layers.9,60821504,1059.974609375,0.2338049420272055,4533.585133763603,0.5813172332969025
145,model.layers.10,60821504,980.61181640625,0.2073473328680026,4729.319653368813,0.6064152177927048
145,model.layers.11,60821504,842.71533203125,0.17717646833447412,4756.361496270319,0.6098826478364641
145,model.layers.12,60821504,726.07421875,0.15243572190540214,4763.150065314637,0.6107531095259332
145,model.layers.13,60821504,696.682373046875,0.1483877615289381,4695.012350536808,0.6020161769065742
145,model.layers.14,60821504,664.68798828125,0.14368882786642828,4625.884963715742,0.593152343965048
145,model.layers.15,60821504,859.18408203125,0.21378085477968164,4018.9945115370983,0.5153340460472767
145,model.norm,2048,0.0595703125,0.0017073079704192436,34.89136906294183,0.7709976146652713
145,__whole_model__,1235814400,14330.522216796875,1.0009716225300385,14316.611874146138,0.4072523749283244
146,model.embed_tokens,262668288,314.0,0.21980789374763238,1428.5201256717023,0.0881419271098485
146,model.layers.0,60821504,870.3759765625,0.2934246257204486,2966.267655366201,0.38034854442097765
146,model.layers.1,60821504,795.55322265625,0.6177289917026225,1287.8677111519364,0.16513634852109865
146,model.layers.2,60821504,728.3916015625,0.17592929334221738,4140.251959891829,0.5308822363457782
146,model.layers.3,60821504,782.13134765625,0.17485386916873585,4473.057138366695,0.5735560540572995
146,model.layers.4,60821504,823.6513671875,0.18033769451976606,4567.272357456156,0.5856367647706947
146,model.layers.5,60821504,874.501953125,0.19550839548510526,4472.963685038393,0.5735440710397433
146,model.layers.6,60821504,926.3271484375,0.20747438056186823,4464.778474956199,0.5724945255832129
146,model.layers.7,60821504,941.59521484375,0.21851975808680293,4308.970607910515,0.5525161209598288
146,model.layers.8,60821504,997.62939453125,0.22081746279447484,4517.891755054674,0.579304955767533
146,model.layers.9,60821504,968.2041015625,0.21223537115997912,4561.935629630207,0.5849524648704822
146,model.layers.10,60821504,896.655029296875,0.19036397091608012,4710.2139390239745,0.6039653948213907
146,model.layers.11,60821504,775.3857421875,0.16344570058677707,4743.995953419588,0.6082970807971101
146,model.layers.12,60821504,669.48291015625,0.14017971836770074,4775.889964339575,0.6123866782436583
146,model.layers.13,60821504,644.546142578125,0.1376598290294255,4682.1657931912,0.6003689319661578
146,model.layers.14,60821504,620.244140625,0.13630542362264902,4550.399566946783,0.5834732576107964
146,model.layers.15,60821504,810.515625,0.204569874726015,3962.0478141541694,0.5080320773864261
146,model.norm,2048,0.05712890625,0.0016558945976144304,34.5003276973685,0.7623567396239791
146,__whole_model__,1235814400,13439.248046875,0.997425590907293,13473.935468860582,0.38328148220835445
147,model.embed_tokens,262668288,308.0,0.21782803385659932,1413.9594181103555,0.08724350866864063
147,model.layers.0,60821504,847.134765625,0.2632881487642179,3217.5195488332956,0.4125652231115681
147,model.layers.1,60821504,797.8017578125,0.594420477363944,1342.1505284449215,0.17209674216834958
147,model.layers.2,60821504,795.5458984375,0.18807075158591216,4230.035195419999,0.5423946576489493
147,model.layers.3,60821504,852.462890625,0.19054594485340232,4473.7918263274905,0.573650259142261
147,model.layers.4,60821504,883.38818359375,0.19546078885834442,4519.5161073148265,0.5795132377196551
147,model.layers.5,60821504,934.21630859375,0.21065967176954326,4434.718333824049,0.568640075394263
147,model.layers.6,60821504,993.0869140625,0.22056267758858264,4502.51567908018,0.5773333642608716
147,model.layers.7,60821504,1000.41162109375,0.22943764759225854,4360.276665979489,0.5590948207852507
147,model.layers.8,60821504,1058.82958984375,0.23412004238347872,4522.592679653765,0.5799077300402669
147,model.layers.9,60821504,1025.15771484375,0.22708285546645585,4514.465492068748,0.5788656244964179
147,model.layers.10,60821504,935.29638671875,0.1987571014375491,4705.725631708444,0.6033898833191539
147,model.layers.11,60821504,802.52197265625,0.17184578074183454,4670.0126659605685,0.59881060183908
147,model.layers.12,60821504,684.61962890625,0.14579175296697708,4695.873497462655,0.6021265971443385
147,model.layers.13,60821504,638.233154296875,0.1394405441873677,4577.098848949374,0.586896762913293
147,model.layers.14,60821504,610.9296875,0.13591995312274363,4494.775590073187,0.5763408942852871
147,model.layers.15,60821504,792.900390625,0.20065880287722795,3951.485702374752,0.5066777546117953
147,model.norm,2048,0.055908203125,0.001634081494133803,34.213840206688054,0.7560262006431897
147,__whole_model__,1235814400,13960.5927734375,1.0002547931727295,13957.03661579626,0.3970238460546109
148,model.embed_tokens,262668288,336.0,0.2322485862792589,1446.7257062051133,0.08926523991694939
148,model.layers.0,60821504,809.8330078125,0.25978883112151674,3117.2741503798484,0.3997112949376581
148,model.layers.1,60821504,767.78857421875,0.5793843386701485,1325.1800626524403,0.16992071063234193
148,model.layers.2,60821504,765.74462890625,0.17421082238893013,4395.50550537386,0.5636120253473708
148,model.layers.3,60821504,844.72412109375,0.18531597694562055,4558.290844731792,0.5844851137100664
148,model.layers.4,60821504,909.04638671875,0.1957720991529989,4643.39091551711,0.5953970379913301
148,model.layers.5,60821504,962.1474609375,0.21290165004545278,4519.210916083033,0.5794741046897774
148,model.layers.6,60821504,1013.22607421875,0.22256338774944315,4552.528088579497,0.5837461864893845
148,model.layers.7,60821504,1026.03662109375,0.2340727772372563,4383.408584304354,0.5620609022339732
148,model.layers.8,60821504,1078.33447265625,0.23760717019401528,4538.307795070952,0.5819227947508036
148,model.layers.9,60821504,1044.97705078125,0.23049702103315609,4533.581588592133,0.5813167787186361
148,model.layers.10,60821504,960.43017578125,0.20315800043843835,4727.503586905419,0.6061823533596271
148,model.layers.11,60821504,829.46630859375,0.17653243285687553,4698.662422367699,0.6024842059819004
148,model.layers.12,60821504,730.83056640625,0.15225468375898987,4800.053097631541,0.6154849868401947
148,model.layers.13,60821504,695.1943359375,0.14629341062679466,4752.055017098428,0.6093304511789426
148,model.layers.14,60821504,659.3671875,0.14224137039009654,4635.551427068563,0.5943918225600738
148,model.layers.15,60821504,847.51904296875,0.213664663637739,3966.584967955623,0.5086138522107833
148,model.norm,2048,0.061279296875,0.0017957083407803673,34.1254175209598,0.754072316871653
148,__whole_model__,1235814400,14280.727294921875,1.001139460169798,14264.473495530578,0.40576923920440056
149,model.embed_tokens,262668288,328.0,0.22580305607968604,1452.5932717414091,0.08962727789213665
149,model.layers.0,60821504,828.5302734375,0.2546878917968212,3253.1199955844972,0.4171300768859941
149,model.layers.1,60821504,777.41845703125,0.5994670541741276,1296.8493457947945,0.16628801521467973
149,model.layers.2,60821504,761.64990234375,0.18263525296451424,4170.333437716636,0.5347394224240469
149,model.layers.3,60821504,816.6015625,0.18446270253193806,4426.919649833347,0.5676400920991289
149,model.layers.4,60821504,872.8984375,0.18928182853011694,4611.633585107255,0.5913249663513239
149,model.layers.5,60821504,930.017578125,0.20759338228862528,4479.996269013815,0.5744458214511504
149,model.layers.6,60821504,986.82861328125,0.21795492579660178,4527.672910692419,0.580559140737268
149,model.layers.7,60821504,1011.72314453125,0.23126960719367187,4374.648086309083,0.5609375907031084
149,model.layers.8,60821504,1078.53515625,0.2393737107399733,4505.65416275637,0.5777357951392074
149,model.layers.9,60821504,1042.546875,0.22875967563755367,4557.3891993613815,0.5843695005746167
149,model.layers.10,60821504,952.1640625,0.20032559680023493,4753.082370444651,0.6094621831718849
149,model.layers.11,60821504,813.638671875,0.17053590694160237,4771.069544630382,0.6117685817557795
149,model.layers.12,60821504,699.43701171875,0.1478358430093675,4731.173425070067,0.6066529169655981
149,model.layers.13,60821504,655.04248046875,0.14153937755208462,4627.987573477232,0.593421950303782
149,model.layers.14,60821504,630.100830078125,0.1393536926649587,4521.594067787251,0.5797796834126528
149,model.layers.15,60821504,828.3232421875,0.20711036345461095,3999.429233627077,0.5128252957122197
149,model.norm,2048,0.057373046875,0.001642490146041992,34.930527293119724,0.7718628974808355
149,__whole_model__,1235814400,14013.513671875,1.0027750028629274,13974.733745721973,0.3975272611262088
150,model.embed_tokens,262668288,308.0,0.21450772450283384,1435.8457286974347,0.08859392827967884
150,model.layers.0,60821504,822.5302734375,0.26976839752055337,3049.0238330263733,0.39095992389576906
150,model.layers.1,60821504,773.3603515625,0.6152622453727552,1256.9605194837877,0.161173285598623
150,model.layers.2,60821504,763.06787109375,0.18308368024731456,4167.863951953427,0.5344227735492209
150,model.layers.3,60821504,837.900390625,0.19428809234021333,4312.6698117853375,0.5529904499728427
150,model.layers.4,60821504,875.9111328125,0.19743539391206244,4436.4443246818755,0.5688613899170003
150,model.layers.5,60821504,911.39306640625,0.20372362200884234,4473.673977614105,0.5736351480357103
150,model.layers.6,60821504,953.83056640625,0.21180477279407808,4503.347841616336,0.5774400679862672
150,model.layers.7,60821504,961.96435546875,0.22014998279581485,4369.5863304289,0.5602885489762908
150,model.layers.8,60821504,1028.44287109375,0.22659901244769845,4538.602617834118,0.5819605982877263
150,model.layers.9,60821504,1002.27197265625,0.2207797593226285,4539.6913907837725,0.5821002057860102
150,model.layers.10,60821504,930.3525390625,0.19391224642276703,4797.801872885056,0.6151963244014087
150,model.layers.11,60821504,793.951171875,0.16478648727905446,4818.059933096934,0.6177939064842128
150,model.layers.12,60821504,688.87109375,0.14164465822517533,4863.375028621891,0.6236044174109777
150,model.layers.13,60821504,637.7978515625,0.1344705722050066,4743.029207834021,0.6081731202112773
150,model.layers.14,60821504,606.980224609375,0.13060137473114708,4647.579138113134,0.5959340712442892
150,model.layers.15,60821504,779.5029296875,0.19229250354859137,4053.7354046697064,0.5197886838851562
150,model.norm,2048,0.052734375,0.001501205759257905,35.128012715637546,0.7762267500260804
150,__whole_model__,1235814400,13676.181396484375,0.9997216057853064,13679.989826509141,0.38914293373434344
151,model.embed_tokens,262668288,348.0,0.22924090487046558,1518.053683292867,0.0936662877176624
151,model.layers.0,60821504,842.3583984375,0.2511180542653404,3354.431846415287,0.4301207505112738
151,model.layers.1,60821504,791.35693359375,0.5923977131010475,1335.8541332835384,0.17128938928824144
151,model.layers.2,60821504,771.18701171875,0.1783673982377437,4323.58726615973,0.5543903364168629
151,model.layers.3,60821504,826.20556640625,0.18520464864420053,4461.041191214839,0.5720153137937634
151,model.layers.4,60821504,861.20654296875,0.18751095958077107,4592.833106364548,0.5889142820992572
151,model.layers.5,60821504,916.591796875,0.2046753422532216,4478.271719418966,0.5742246917338115
151,model.layers.6,60821504,971.90380859375,0.21328358944355003,4556.861646643399,0.5843018553275579
151,model.layers.7,60821504,990.10546875,0.22704122280310304,4360.9061672850885,0.5591755383512677
151,model.layers.8,60821504,1048.572265625,0.23308997362109288,4498.573015969968,0.5768278177797916
151,model.layers.9,60821504,1018.89794921875,0.2244891043216408,4538.741211060764,0.5819783693516173
151,model.layers.10,60821504,945.234375,0.20100889355899848,4702.450514820443,0.6029699326990855
151,model.layers.11,60821504,819.7685546875,0.17359266118184752,4722.368728645441,0.6055239381079023
151,model.layers.12,60821504,724.37353515625,0.15111445100763846,4793.542446311999,0.6146501610455162
151,model.layers.13,60821504,695.43359375,0.1464257096744401,4749.395412159604,0.6089894243449727
151,model.layers.14,60821504,669.1181640625,0.14429417910941572,4637.180572302363,0.5946007190894229
151,model.layers.15,60821504,859.7705078125,0.21253383710272228,4045.3347077950416,0.5187115077164378
151,model.norm,2048,0.058837890625,0.0017236150910024373,34.136328309112486,0.7543134135057422
151,__whole_model__,1235814400,14100.143310546875,0.9961366033552916,14154.829029525967,0.40265027715034335
152,model.embed_tokens,262668288,338.0,0.237813365147705,1421.2826086964012,0.08769536098716729
152,model.layers.0,60821504,967.189453125,0.32040169585847444,3018.6776962385993,0.387068802022411
152,model.layers.1,60821504,861.0927734375,0.6008964976452852,1433.013467064358,0.1837476079906547
152,model.layers.2,60821504,815.85595703125,0.1901082661853647,4291.533311001591,0.5502802301810761
152,model.layers.3,60821504,846.40283203125,0.1869692106034463,4526.96371396911,0.5804682042565597
152,model.layers.4,60821504,864.58251953125,0.1858110209184414,4653.020661840848,0.5966318085592359
152,model.layers.5,60821504,897.390625,0.19873299555624158,4515.5592934543065,0.5790058767639872
152,model.layers.6,60821504,927.818359375,0.20385346947544353,4551.3984224181495,0.58360133547455
152,model.layers.7,60821504,934.56640625,0.21219919161054202,4404.193998840714,0.5647261041249049
152,model.layers.8,60821504,996.31591796875,0.21946205000418628,4539.809584161567,0.5821153610870239
152,model.layers.9,60821504,959.4482421875,0.21050173755618373,4557.911271071668,0.5844364430215437
152,model.layers.10,60821504,896.09423828125,0.18700740854918105,4791.757958859615,0.6144213458191411
152,model.layers.11,60821504,785.0205078125,0.16395536641701247,4788.013500063417,0.6139412140110079
152,model.layers.12,60821504,689.427001953125,0.1422253471958092,4847.427097533847,0.6215594999993982
152,model.layers.13,60821504,664.10888671875,0.14129809738422835,4700.055407772798,0.6026628210068362
152,model.layers.14,60821504,639.67333984375,0.1389647572769011,4603.13357414166,0.5902350556709853
152,model.layers.15,60821504,826.01513671875,0.20356351456494196,4057.775964833964,0.5203067831788395
152,model.norm,2048,0.059814453125,0.0017238965783300726,34.69723989065624,0.7667079254731066
152,__whole_model__,1235814400,13909.06201171875,1.0036264959964143,13858.803117697327,0.3942294820144323
153,model.embed_tokens,262668288,316.0,0.22374485157792115,1412.3229999325824,0.08714253910639615
153,model.layers.0,60821504,860.84765625,0.2779490151089665,3097.1423155160855,0.39712989805221405
153,model.layers.1,60821504,795.12744140625,0.603285348932065,1317.9956098946936,0.16899948690395494
153,model.layers.2,60821504,762.21728515625,0.19277648157088997,3953.89146510571,0.5069862326249938
153,model.layers.3,60821504,828.1435546875,0.19045343967439549,4348.273027272793,0.5575556587674242
153,model.layers.4,60821504,863.46435546875,0.1955277396498895,4416.070870633817,0.5662490115033436
153,model.layers.5,60821504,898.19189453125,0.20009971619911912,4488.721481431086,0.575564608502167
153,model.layers.6,60821504,953.20068359375,0.21169045474583756,4502.804270217066,0.5773703687498795
153,model.layers.7,60821504,974.587890625,0.22453714938825142,4340.430495711967,0.5565500531342509
153,model.layers.8,60821504,1026.19970703125,0.22710388325749947,4518.635667130816,0.5794003436111843
153,model.layers.9,60821504,998.51611328125,0.22266619631110982,4484.36327481932,0.5750057791132976
153,model.layers.10,60821504,911.0380859375,0.19268570495151077,4728.104174446995,0.6062593634692247
153,model.layers.11,60821504,782.4560546875,0.16670237662859755,4693.730650467948,0.6018518314016453
153,model.layers.12,60821504,673.8046875,0.14384306087092566,4684.304431651545,0.6006431580711296
153,model.layers.13,60821504,639.295654296875,0.13751859031766098,4648.794412596395,0.5960898993537128
153,model.layers.14,60821504,618.2998046875,0.13641115915250943,4532.618947957424,0.5811933444885693
153,model.layers.15,60821504,806.1357421875,0.20194345457384968,3991.888441686038,0.5118583805272846
153,model.norm,2048,0.0556640625,0.0016113093121741695,34.54585788056512,0.7633628240391978
153,__whole_model__,1235814400,13707.582275390625,1.0016359140128615,13685.194473981905,0.38929098587563077
154,model.embed_tokens,262668288,336.0,0.22613656356370504,1485.827832107059,0.0916779022723144
154,model.layers.0,60821504,810.6416015625,0.2531236216017561,3202.552161796645,0.4106460355888654
154,model.layers.1,60821504,765.3466796875,0.5891155286079565,1299.1453161928473,0.1665824151476572
154,model.layers.2,60821504,770.44384765625,0.1850789153165501,4162.78562222239,0.5337716066466672
154,model.layers.3,60821504,844.83447265625,0.18947813478026637,4458.743873724459,0.5717207411303834
154,model.layers.4,60821504,885.8544921875,0.1971157994547772,4494.081624292806,0.5762519107864551
154,model.layers.5,60821504,920.705078125,0.2036112867001513,4521.876429575727,0.579815889145825
154,model.layers.6,60821504,980.14013671875,0.2165713564055163,4525.7145404007115,0.5803080294498087
154,model.layers.7,60821504,1009.46630859375,0.23362272427910694,4320.925165600543,0.554048989582919
154,model.layers.8,60821504,1072.529296875,0.2395065952777961,4478.0783411455,0.5741998958780828
154,model.layers.9,60821504,1036.97265625,0.23031298815004297,4502.44975144189,0.5773249107144711
154,model.layers.10,60821504,948.982421875,0.20028947925289478,4738.054267327595,0.6075352103528138
154,model.layers.11,60821504,815.90625,0.17154093801443407,4756.335481454268,0.6098793120965486
154,model.layers.12,60821504,702.9404296875,0.14852366672574804,4732.851303661212,0.6068680623111985
154,model.layers.13,60821504,666.859619140625,0.1445877987049157,4612.143106913164,0.5913902995915248
154,model.layers.14,60821504,646.677734375,0.14307723660985422,4519.780712136434,0.5795471665724891
154,model.layers.15,60821504,843.2109375,0.20987148806038008,4017.748886677775,0.5151743262724003
154,model.norm,2048,0.05859375,0.0016767361507668264,34.94512238744489,0.7721854065486287
154,__whole_model__,1235814400,14057.570556640625,1.0008256702219531,14045.973214818798,0.39955374918311465
155,model.embed_tokens,262668288,320.0,0.22511703507092073,1421.4828295832317,0.08770771492919145
155,model.layers.0,60821504,878.5771484375,0.28248016143041915,3110.226020788763,0.3988075511955821
155,model.layers.1,60821504,806.44091796875,0.6018858810808243,1339.856845488052,0.17180263554164973
155,model.layers.2,60821504,768.09130859375,0.17851744385190246,4302.612069837591,0.5517007998284714
155,model.layers.3,60821504,827.1513671875,0.18325730922861805,4513.606418588238,0.5787554701253949
155,model.layers.4,60821504,867.05224609375,0.18929715128928198,4580.37662050566,0.5873170539271947
155,model.layers.5,60821504,909.4443359375,0.19934195230706667,4562.23251258516,0.5849905325747151
155,model.layers.6,60821504,960.9453125,0.2111510156266832,4550.985983410847,0.5835484506393578
155,model.layers.7,60821504,966.3955078125,0.21975208498906124,4397.66251983732,0.5638886077083685
155,model.layers.8,60821504,1026.017578125,0.22505119575187263,4559.040776020683,0.584581273364988
155,model.layers.9,60821504,1005.4697265625,0.221069090146371,4548.214885657571,0.5831931276815661
155,model.layers.10,60821504,929.033203125,0.1945572936225141,4775.113725253283,0.6122871452813984
155,model.layers.11,60821504,806.57861328125,0.16696437537177744,4830.842576359488,0.6194329560655847
155,model.layers.12,60821504,706.74853515625,0.14587797646404863,4844.792560790881,0.621221687525329
155,model.layers.13,60821504,677.920654296875,0.14301834832720403,4740.095674618592,0.6077969690279948
155,model.layers.14,60821504,646.172607421875,0.13957050202907717,4629.721882688763,0.5936443314442661
155,model.layers.15,60821504,823.758544921875,0.20230654998870076,4071.83328947028,0.5221092782956247
155,model.norm,2048,0.0576171875,0.001641213096203185,35.106463403986204,0.7757505730136253
155,__whole_model__,1235814400,13925.855224609375,0.9970114477762472,13967.598121034478,0.39732428013279175
156,model.embed_tokens,262668288,328.0,0.23080381186294366,1421.120376446701,0.08768535100349889
156,model.layers.0,60821504,781.4990234375,0.2677403126739958,2918.8694658359636,0.3742709295559126
156,model.layers.1,60821504,731.033203125,0.5731990680165877,1275.356580139877,0.16353211349500843
156,model.layers.2,60821504,735.24267578125,0.17187526291322006,4277.7690245772865,0.5485153097778189
156,model.layers.3,60821504,808.09326171875,0.18115047677750826,4460.895030992727,0.5719965724547503
156,model.layers.4,60821504,886.83251953125,0.19388667414206026,4573.973551588543,0.58649602284524
156,model.layers.5,60821504,944.34130859375,0.21427046562849436,4407.239727714338,0.5651166415538817
156,model.layers.6,60821504,1010.2763671875,0.22395239688927707,4511.12102938101,0.5784367820374946
156,model.layers.7,60821504,1026.79931640625,0.23789195735919,4316.242246289558,0.5534485240314199
156,model.layers.8,60821504,1094.27783203125,0.24519536933050318,4462.881313864674,0.5722512628222183
156,model.layers.9,60821504,1047.41552734375,0.2342865501377281,4470.660081545503,0.573248692356077
156,model.layers.10,60821504,951.107421875,0.20250873270462336,4696.624235273217,0.6022228602151954
156,model.layers.11,60821504,804.017822265625,0.17060697495146657,4712.690219695578,0.6042829149707671
156,model.layers.12,60821504,689.243896484375,0.14687930850916944,4692.586746766626,0.6017051547836507
156,model.layers.13,60821504,663.111328125,0.14381123707550664,4610.984103953157,0.5912416868768156
156,model.layers.14,60821504,644.983154296875,0.14155955897719988,4556.2670508231695,0.584225613504156
156,model.layers.15,60821504,850.336181640625,0.2114803957854715,4020.8747410479464,0.5155751377627646
156,model.norm,2048,0.059814453125,0.0017142320375597372,34.89285686793472,0.7710304908215073
156,__whole_model__,1235814400,13996.670654296875,0.9991340618066057,14008.801410481887,0.39849635475699935
157,model.embed_tokens,262668288,340.0,0.22417128588893584,1516.6973711720186,0.09358260113744162
157,model.layers.0,60821504,883.814453125,0.2822879013755814,3130.8973881565444,0.4014581294316031
157,model.layers.1,60821504,807.4970703125,0.5984421111507,1349.3319658936161,0.17301757925987768
157,model.layers.2,60821504,776.4521484375,0.18578719289934847,4179.255503678062,0.5358834509460576
157,model.layers.3,60821504,835.958984375,0.18830616949035353,4439.360572399218,0.5692353246738505
157,model.layers.4,60821504,860.91748046875,0.1934885150369158,4449.450037406587,0.5705290424955032
157,model.layers.5,60821504,889.892578125,0.19646027131120256,4529.631218493876,0.580810244011939
157,model.layers.6,60821504,939.705078125,0.2074117555612013,4530.625930928586,0.5809377906363896
157,model.layers.7,60821504,952.89794921875,0.2215863924495837,4300.345064896336,0.5514101139801996
157,model.layers.8,60821504,1019.57568359375,0.22513209127437409,4528.788756069288,0.5807022195872577
157,model.layers.9,60821504,992.27783203125,0.21770063271503445,4557.992412131024,0.5844468473030869
157,model.layers.10,60821504,927.5419921875,0.19435888312397895,4772.315920316507,0.6119283978051376
157,model.layers.11,60821504,805.07763671875,0.16759315154015264,4803.762142547133,0.6159605777169267
157,model.layers.12,60821504,708.871826171875,0.14657038816102733,4836.391818742294,0.6201445055642016
157,model.layers.13,60821504,677.54345703125,0.14460277555800646,4685.549460697992,0.600802801448126
157,model.layers.14,60821504,653.8759765625,0.1411995657282164,4630.863934957795,0.5937907706630579
157,model.layers.15,60821504,835.642333984375,0.20332140253424127,4109.957552764987,0.526997747488562
157,model.norm,2048,0.058349609375,0.0016847179786949522,34.634645153012414,0.7653247641151522
157,__whole_model__,1235814400,13907.600830078125,0.9969033767417268,13950.801205562817,0.39684647268942186
158,model.embed_tokens,262668288,318.0,0.21850682263721424,1455.3321317933114,0.08979626984312183
158,model.layers.0,60821504,787.2158203125,0.25423516702727794,3096.4080599755753,0.3970357484141796
158,model.layers.1,60821504,731.59033203125,0.6298386511152493,1161.5519795995847,0.1489395617791832
158,model.layers.2,60821504,728.31591796875,0.1710681993224005,4257.45942760608,0.5459111194136079
158,model.layers.3,60821504,800.51611328125,0.1777344854537996,4503.999948222409,0.5775236841083589
158,model.layers.4,60821504,859.70751953125,0.18704155397088415,4596.345043546187,0.5893645989116048
158,model.layers.5,60821504,910.13037109375,0.20441247141260763,4452.420954573986,0.57090998722184
158,model.layers.6,60821504,957.52197265625,0.21353911443442186,4484.058928465334,0.5749667544175561
158,model.layers.7,60821504,959.39892578125,0.22047257165356374,4351.556833513001,0.5579767235763816
158,model.layers.8,60821504,1012.50537109375,0.22358016485397464,4528.601057947339,0.5806781520668015
158,model.layers.9,60821504,988.4619140625,0.21774711963216342,4539.494785199879,0.5820749961096265
158,model.layers.10,60821504,920.34326171875,0.19436790767504367,4735.0577198034,0.6071509791837033
158,model.layers.11,60821504,805.57568359375,0.16815330132409761,4790.721783339171,0.6142884826062572
158,model.layers.12,60821504,699.24609375,0.14446542752559943,4840.231366955203,0.6206368301767067
158,model.layers.13,60821504,663.5419921875,0.1404850620623606,4723.2209777076305,0.6056332174204759
158,model.layers.14,60821504,633.9814453125,0.13829977824162715,4584.110353415423,0.5877958104126102
158,model.layers.15,60821504,810.383056640625,0.2001677037362192,4048.520523113694,0.519120007676666
158,model.norm,2048,0.056884765625,0.0016589179125344005,34.290283560863294,0.7577153760842508
158,__whole_model__,1235814400,13586.49267578125,1.0020812248028663,13558.274857862987,0.3856806124476298
159,model.embed_tokens,262668288,348.0,0.23479086221378304,1482.1701182013514,0.09145221560072203
159,model.layers.0,60821504,859.298828125,0.27929278165749566,3076.6954413407702,0.39450810537060255
159,model.layers.1,60821504,784.1083984375,0.5855650182695862,1339.0629118430486,0.17170083370131425
159,model.layers.2,60821504,756.77783203125,0.18542273815273566,4081.364775273031,0.5233314494455166
159,model.layers.3,60821504,810.828125,0.18228767130447343,4448.068918745916,0.5703519490793684
159,model.layers.4,60821504,861.52001953125,0.18812655098969466,4579.470654189812,0.5872008867401561
159,model.layers.5,60821504,916.81884765625,0.20550350277970258,4461.32954064082,0.5720522872894822
159,model.layers.6,60821504,978.95068359375,0.21702262917250098,4510.823075577196,0.5783985770240729
159,model.layers.7,60821504,993.05517578125,0.22962760807262989,4324.633192482466,0.5545244499226704
159,model.layers.8,60821504,1048.64453125,0.23133102551494114,4533.090746974925,0.5812538407385424
159,model.layers.9,60821504,1010.34033203125,0.22018243925339556,4588.650827273769,0.5883780109500025
159,model.layers.10,60821504,930.67138671875,0.19717105712717806,4720.121706901708,0.6052358145975494
159,model.layers.11,60821504,803.39208984375,0.17061559965060885,4708.78449267803,0.6037821046061519
159,model.layers.12,60821504,695.11865234375,0.1451267303848515,4789.735498763137,0.6141620166407868
159,model.layers.13,60821504,672.8720703125,0.1429481284363164,4707.106540483777,0.6035669498228209
159,model.layers.14,60821504,656.880859375,0.14252063685032348,4609.022762541136,0.5909901946185814
159,model.layers.15,60821504,851.8291015625,0.20932464644396606,4069.416172598316,0.5217993444020047
159,model.norm,2048,0.05908203125,0.0016938769400689803,34.87976596906383,0.7707412200914002
159,__whole_model__,1235814400,13979.166015625,0.9983421937441626,14002.379247538178,0.39831366899768744
160,model.embed_tokens,262668288,332.0,0.2316581375295266,1433.1462884945454,0.08842736859506216
160,model.layers.0,60821504,839.494140625,0.2576803941353161,3257.889073951645,0.4177415901497728
160,model.layers.1,60821504,779.8671875,0.5905759506767996,1320.5197174153009,0.1693231396328947
160,model.layers.2,60821504,765.8271484375,0.18142619771474353,4221.149746199335,0.5412553242946271
160,model.layers.3,60821504,855.46240234375,0.18997821376625235,4502.950024555468,0.5773890580446077
160,model.layers.4,60821504,891.61181640625,0.19797944845201645,4503.557431731843,0.5774669425992894
160,model.layers.5,60821504,930.94873046875,0.20600413346337917,4519.07791760034,0.5794570510098066
160,model.layers.6,60821504,985.392578125,0.2166485768192351,4548.345493850999,0.583209874867603
160,model.layers.7,60821504,1001.89599609375,0.2291321271198012,4372.568826063885,0.56067097834724
160,model.layers.8,60821504,1064.77392578125,0.23612950324227833,4509.2794892671645,0.5782006512552549
160,model.layers.9,60821504,1024.09521484375,0.22378780047870916,4576.188749579229,0.5867800657669356
160,model.layers.10,60821504,946.044921875,0.19951375055856893,4741.752983072115,0.6080094767755049
160,model.layers.11,60821504,828.64208984375,0.17159069984929096,4829.178332925682,0.6192195590828595
160,model.layers.12,60821504,730.691162109375,0.1503087866676626,4861.267117570152,0.6233341313163134
160,model.layers.13,60821504,700.8017578125,0.14723479938719225,4759.756258230496,0.6103179399005075
160,model.layers.14,60821504,666.4228515625,0.1431322242892996,4655.994517457667,0.5970131300671345
160,model.layers.15,60821504,845.90185546875,0.20829153247087628,4061.1437509444872,0.5207386162747981
160,model.norm,2048,0.059814453125,0.0017059763498023547,35.06171297857077,0.7747617189738679
160,__whole_model__,1235814400,14189.93359375,1.001077755242601,14174.656783089957,0.40321430024459315
161,model.embed_tokens,262668288,322.0,0.22837422552640368,1409.9664673532595,0.0869971373587372
161,model.layers.0,60821504,855.544921875,0.27718133103379644,3086.5892687797373,0.39577673763929067
161,model.layers.1,60821504,788.67333984375,0.5990480349713105,1316.5444067962278,0.16881340693738073
161,model.layers.2,60821504,781.00927734375,0.1815961554127434,4300.802930373839,0.551468823607294
161,model.layers.3,60821504,854.2099609375,0.1889511362974575,4520.798221571712,0.5796776363336863
161,model.layers.4,60821504,875.841796875,0.19050942291289583,4597.367329570096,0.5894956811490666
161,model.layers.5,60821504,915.1396484375,0.20274004382033467,4513.857406721701,0.578787652983559
161,model.layers.6,60821504,966.6328125,0.21151906398147546,4569.9559855496345,0.5859808719645535
161,model.layers.7,60821504,984.02978515625,0.22266329241513996,4419.36241255966,0.5666710682176559
161,model.layers.8,60821504,1046.13818359375,0.23160999674274438,4516.809284168008,0.5791661563488845
161,model.layers.9,60821504,1005.0986328125,0.22135404262450864,4540.683426855173,0.5822274092347913
161,model.layers.10,60821504,920.593994140625,0.19338910618226432,4760.319814876173,0.6103902017375316
161,model.layers.11,60821504,790.138427734375,0.1662104774918389,4753.842475262557,0.6095596473237038
161,model.layers.12,60821504,682.364990234375,0.14253727147924652,4787.2741154142805,0.6138464066949662
161,model.layers.13,60821504,648.3544921875,0.14169686369176146,4575.64462116741,0.586710295107825
161,model.layers.14,60821504,623.388427734375,0.13717725175142098,4544.400910320158,0.5827040821413167
161,model.layers.15,60821504,811.094482421875,0.2068425775194781,3921.3129721587193,0.5028088677302917
161,model.norm,2048,0.056884765625,0.0016271309083839183,34.96016536339936,0.7725178124957109
161,__whole_model__,1235814400,13870.31005859375,0.9989515441191726,13884.867729819589,0.3949709196731249
162,model.embed_tokens,262668288,350.0,0.23706606260378899,1476.3817146824542,0.0910950620458814
162,model.layers.0,60821504,821.8388671875,0.2587242398830716,3176.5050988609482,0.4073061608287063
162,model.layers.1,60821504,772.478515625,0.5743532106036491,1344.9537694985981,0.17245618668863694
162,model.layers.2,60821504,770.58740234375,0.18254753832277115,4221.2971449729275,0.5412742244464337
162,model.layers.3,60821504,856.92041015625,0.190578192576663,4496.424268540277,0.5765522954560618
162,model.layers.4,60821504,906.1708984375,0.19904321253223373,4552.634008008445,0.5837597679679652
162,model.layers.5,60821504,961.46337890625,0.21309320225940215,4511.938291376576,0.578541575146728
162,model.layers.6,60821504,1005.90283203125,0.21934146387995984,4586.013124184106,0.5880397924723298
162,model.layers.7,60821504,1016.03662109375,0.23171724919699538,4384.812199414478,0.5622408802488018
162,model.layers.8,60821504,1080.5224609375,0.23852823100657972,4529.956292291851,0.5808519264763199
162,model.layers.9,60821504,1051.08984375,0.23008480068867096,4568.271526862983,0.5857648828887038
162,model.layers.10,60821504,970.05078125,0.20512943895101773,4728.969114382629,0.6063702700642298
162,model.layers.11,60821504,835.5859375,0.17654178874639748,4733.077326526471,0.6068970440073215
162,model.layers.12,60821504,723.25634765625,0.15316948946643422,4721.934832946907,0.6054683019966197
162,model.layers.13,60821504,692.244873046875,0.1503886874555681,4603.038198942967,0.5902228262223275
162,model.layers.14,60821504,667.44384765625,0.14566486929676278,4582.050915080065,0.5875317397136088
162,model.layers.15,60821504,872.39990234375,0.21564819296674667,4045.477452613181,0.5187298111165726
162,model.norm,2048,0.0615234375,0.0017543546061514325,35.06898621537259,0.77492243631961
162,__whole_model__,1235814400,14354.054443359375,1.0031835495116883,14308.502616840542,0.4070216978431564
163,model.embed_tokens,262668288,346.0,0.2435705166026751,1420.5331779314374,0.08764911993625578
163,model.layers.0,60821504,906.513671875,0.28174311527305546,3217.518451148093,0.4125650823612996
163,model.layers.1,60821504,839.44091796875,0.5697565162484529,1473.3327202574656,0.18891752893032326
163,model.layers.2,60821504,816.01513671875,0.18171168538293694,4490.713599398354,0.5758200470725179
163,model.layers.3,60821504,872.60546875,0.1901085089776828,4590.038991113422,0.5885560077315386
163,model.layers.4,60821504,908.0966796875,0.1941113648010521,4678.225206536584,0.5998636517378086
163,model.layers.5,60821504,955.46142578125,0.21324226192047094,4480.638205467877,0.5745281335093598
163,model.layers.6,60821504,1012.2216796875,0.22196933397453744,4560.18703828527,0.5847282524088622
163,model.layers.7,60821504,1029.296875,0.2295765186492674,4483.458853091571,0.5748898099804819
163,model.layers.8,60821504,1093.09423828125,0.23888381940519965,4575.840427379977,0.5867354022851237
163,model.layers.9,60821504,1058.171875,0.2273445484440041,4654.485371399315,0.5968196203865181
163,model.layers.10,60821504,978.556640625,0.20481855147440395,4777.675818820004,0.6126156687566856
163,model.layers.11,60821504,838.775390625,0.173290967367736,4840.271846628092,0.6206420206674009
163,model.layers.12,60821504,727.189453125,0.1503160190316871,4837.737573210386,0.6203170644201634
163,model.layers.13,60821504,682.0498046875,0.14361710262665311,4749.084838875743,0.6089496012035112
163,model.layers.14,60821504,663.235595703125,0.14301253776533943,4637.604548989879,0.594655083339282
163,model.layers.15,60821504,852.013916015625,0.2104834529575412,4047.8902452607217,0.519039190538157
163,model.norm,2048,0.060546875,0.0017560329697368534,34.479349786395595,0.761893188901977
163,__whole_model__,1235814400,14578.79931640625,1.0031585363826183,14532.896633644054,0.4134048419184642
164,model.embed_tokens,262668288,334.0,0.22472458248237565,1486.2637469854658,0.09170479890243403
164,model.layers.0,60821504,879.59375,0.28431958602901375,3093.6797646794575,0.3966859137852135
164,model.layers.1,60821504,822.6298828125,0.5986584557856809,1374.1222141978742,0.17619629944087736
164,model.layers.2,60821504,786.52978515625,0.1824973129376393,4309.8157035605955,0.5526244830288494
164,model.layers.3,60821504,849.2724609375,0.18843891265437834,4506.884745695688,0.5778935861695994
164,model.layers.4,60821504,875.98291015625,0.19252854090658172,4549.88598589802,0.5834074038757209
164,model.layers.5,60821504,909.38232421875,0.2001500944444745,4543.501849163655,0.5825888003657147
164,model.layers.6,60821504,956.94775390625,0.20800526533465236,4600.593895383611,0.589909406326034
164,model.layers.7,60821504,971.01904296875,0.22168575764101736,4380.1597960169875,0.5616443275887297
164,model.layers.8,60821504,1029.380859375,0.2252737659287561,4569.466200962551,0.5859180695217462
164,model.layers.9,60821504,1006.08837890625,0.21913112645898977,4591.26184017741,0.5887128070887014
164,model.layers.10,60821504,938.4150390625,0.19623354089291548,4782.133751408953,0.6131872854711334
164,model.layers.11,60821504,815.45751953125,0.1699989828107893,4796.837640133783,0.6150726860227997
164,model.layers.12,60821504,710.74609375,0.14786746114556334,4806.642977729421,0.6163299717149086
164,model.layers.13,60821504,678.357666015625,0.1433797947813076,4731.1942875235745,0.6066555920457819
164,model.layers.14,60821504,647.928466796875,0.13975528260676892,4636.1644061781835,0.5944704215737815
164,model.layers.15,60821504,823.711669921875,0.20542207119872785,4009.849891567913,0.5141614806220797
164,model.norm,2048,0.055419921875,0.0015903510759088515,34.84760234046354,0.7700304975948116
164,__whole_model__,1235814400,14035.4990234375,0.9992057314274343,14046.65584072143,0.3995731672565023
165,model.embed_tokens,262668288,314.0,0.23202760096291222,1353.2872757245393,0.08349994254334407
165,model.layers.0,60821504,781.18359375,0.28087089952135974,2781.2906039081927,0.3566299321959282
165,model.layers.1,60821504,730.41357421875,0.6002394557241849,1216.870312761281,0.1560327340557249
165,model.layers.2,60821504,733.43798828125,0.17291365998532918,4241.642842696629,0.5438830438159331
165,model.layers.3,60821504,809.203125,0.18137841707075245,4461.408022346696,0.5720623505764347
165,model.layers.4,60821504,858.51513671875,0.18984293988330575,4522.238947871695,0.579862372916751
165,model.layers.5,60821504,914.6962890625,0.20276122806558855,4511.199196162972,0.5784468049434477
165,model.layers.6,60821504,961.26513671875,0.21215172442044827,4531.026742039049,0.5809891844889223
165,model.layers.7,60821504,977.2587890625,0.22550823862963243,4333.583531143263,0.5556721037008283
165,model.layers.8,60821504,1028.82568359375,0.22685471412480362,4535.174362864435,0.5815210115952497
165,model.layers.9,60821504,995.95458984375,0.2184625177879884,4558.926629282444,0.5845666369427956
165,model.layers.10,60821504,916.7958984375,0.1946766880034548,4709.3255378437,0.6038514799171951
165,model.layers.11,60821504,786.0107421875,0.16516928634382422,4758.8190249324125,0.6101977635165374
165,model.layers.12,60821504,682.935546875,0.1433499134012757,4764.115517553723,0.6108769042729043
165,model.layers.13,60821504,649.729736328125,0.1395205602255927,4656.874479844176,0.5971259629102019
165,model.layers.14,60821504,625.17333984375,0.13844431164695048,4515.702612888977,0.5790242538441084
165,model.layers.15,60821504,816.943359375,0.20671458597975945,3952.035389776469,0.506748238070276
165,model.norm,2048,0.060791015625,0.0017695493757100707,34.353952740429335,0.7591222794787423
165,__whole_model__,1235814400,13582.4033203125,0.9975518119311196,13615.737205688478,0.38731519455592517
166,model.embed_tokens,262668288,322.0,0.23341270626616506,1379.5307254302477,0.08511920445607621
166,model.layers.0,60821504,883.75,0.29092843917187045,3037.6885893850726,0.38950646658154914
166,model.layers.1,60821504,816.4306640625,0.6078334210715495,1343.1815950877042,0.17222895029733415
166,model.layers.2,60821504,790.263671875,0.18349685585884967,4306.687807680423,0.5522234097666401
166,model.layers.3,60821504,850.26171875,0.1879266399508969,4524.434209924489,0.5801438595603761
166,model.layers.4,60821504,883.6572265625,0.19318971064549845,4574.038770543033,0.5865043855209291
166,model.layers.5,60821504,917.4462890625,0.20418210131561135,4493.274793192433,0.5761484551747995
166,model.layers.6,60821504,959.45263671875,0.2115666238410159,4534.9905353679105,0.5814974403842696
166,model.layers.7,60821504,960.267578125,0.21846188104402753,4395.584133652467,0.563622107428556
166,model.layers.8,60821504,1014.318359375,0.22210433742694147,4566.855249770382,0.5855832812959773
166,model.layers.9,60821504,986.326171875,0.21454780385033184,4597.232664115543,0.5894784137222615
166,model.layers.10,60821504,914.54052734375,0.1908516560436663,4791.8920186603245,0.6144385355862118
166,model.layers.11,60821504,795.19873046875,0.16652072993355202,4775.373797520969,0.612320492949226
166,model.layers.12,60821504,691.80615234375,0.14295945909873417,4839.177181455044,0.6205016576410084
166,model.layers.13,60821504,650.0458984375,0.13730901028438322,4734.182389714833,0.6070387403152816
166,model.layers.14,60821504,617.80029296875,0.13424779880531867,4601.939834147014,0.5900819888131921
166,model.layers.15,60821504,804.27099609375,0.2018441633958228,3984.613587842761,0.5109255651540124
166,model.norm,2048,0.058349609375,0.0017144237562201228,34.034531523085256,0.752064001077528
166,__whole_model__,1235814400,13857.895263671875,1.0033148617827157,13812.110028001389,0.39290124375257424
167,model.embed_tokens,262668288,338.0,0.22719985825981667,1487.6769844348967,0.0917919978645054
167,model.layers.0,60821504,1018.01953125,0.3100045865811888,3283.885385300212,0.4210749573069322
167,model.layers.1,60821504,935.6796875,0.614826148641777,1521.8605935466896,0.19513999706667337
167,model.layers.2,60821504,845.55810546875,0.1944914428257781,4347.533717594895,0.5574608610645411
167,model.layers.3,60821504,850.77197265625,0.1874090163794405,4539.653369364693,0.5820953305039778
167,model.layers.4,60821504,857.28271484375,0.18621308760814462,4603.772623370936,0.5903169975158924
167,model.layers.5,60821504,875.6259765625,0.1927532611339409,4542.72976452545,0.5824898001059844
167,model.layers.6,60821504,918.1875,0.2004210686775729,4581.292306534563,0.5874344674207511
167,model.layers.7,60821504,926.31787109375,0.20975826336845585,4416.12099670469,0.5662554388997585
167,model.layers.8,60821504,984.25146484375,0.21593660950616925,4558.057418307432,0.5844551826953873
167,model.layers.9,60821504,959.82958984375,0.20715774935213382,4633.326983159094,0.5941065940839512
167,model.layers.10,60821504,887.22216796875,0.1840877068213763,4819.562279786765,0.617986544318381
167,model.layers.11,60821504,780.44140625,0.16090547719508858,4850.309758590504,0.6219291281194282
167,model.layers.12,60821504,685.242431640625,0.1396795873488836,4905.816552343228,0.6290464656837342
167,model.layers.13,60821504,659.854736328125,0.13827679944771057,4771.984446874975,0.6118858947488903
167,model.layers.14,60821504,631.171142578125,0.13376310228092383,4718.57434386177,0.6050374045589721
167,model.layers.15,60821504,806.44384765625,0.19662935518555408,4101.340040988435,0.5258927703113297
167,model.norm,2048,0.05517578125,0.0015784617943169228,34.9554113052684,0.7724127616600058
167,__whole_model__,1235814400,13959.955322265625,0.999594904055651,13965.612735345063,0.39726780356946306
168,model.embed_tokens,262668288,340.0,0.2386317021076684,1424.7897366402524,0.0879117562692754
168,model.layers.0,60821504,765.3310546875,0.2524206213224291,3031.967240544526,0.3887728487977022
168,model.layers.1,60821504,711.7119140625,0.5941534110001823,1197.8588372730585,0.153594994826037
168,model.layers.2,60821504,721.43017578125,0.16728406332759066,4312.6055251807265,0.5529822068473631
168,model.layers.3,60821504,799.6953125,0.17456279756365933,4581.132541762618,0.5874139816434986
168,model.layers.4,60821504,865.0849609375,0.18616322685073092,4646.916448387205,0.5958490981056703
168,model.layers.5,60821504,929.2607421875,0.20465857506463844,4540.541445155702,0.5822092036852581
168,model.layers.6,60821504,983.208984375,0.21490680065052262,4575.048259984456,0.5866338269214578
168,model.layers.7,60821504,1007.9658203125,0.2289537985743004,4402.485683090309,0.5645070559861091
168,model.layers.8,60821504,1066.96484375,0.2349631048406746,4540.988869182227,0.5822665744612634
168,model.layers.9,60821504,1035.4794921875,0.22904163359731325,4520.922576058882,0.5796935816406117
168,model.layers.10,60821504,947.9814453125,0.20043605752929664,4729.595348251843,0.606450568664456
168,model.layers.11,60821504,819.953125,0.17331845941416743,4730.904762086612,0.6066184677565014
168,model.layers.12,60821504,712.31494140625,0.15004866658526986,4747.226067493607,0.608711260948434
168,model.layers.13,60821504,677.490234375,0.145017705463697,4671.775989067759,0.5990367032753244
168,model.layers.14,60821504,653.428466796875,0.1425973523156906,4582.332393874157,0.587567832225161
168,model.layers.15,60821504,860.6552734375,0.2182187299147402,3944.002761695868,0.5057182573829956
168,model.norm,2048,0.06103515625,0.0017649728539151865,34.58135693963085,0.7641472498326702
168,__whole_model__,1235814400,13898.017822265625,0.9983312180428323,13921.249352005485,0.39600583646553345
169,model.embed_tokens,262668288,342.0,0.2449461503600225,1396.225249906265,0.08614928273992735
169,model.layers.0,60821504,863.759765625,0.263639933792242,3276.2857781085418,0.4201005005588051
169,model.layers.1,60821504,805.1220703125,0.5850447262713616,1376.1718278254505,0.17645911037045198
169,model.layers.2,60821504,763.6875,0.17437836180218066,4379.485459705987,0.5615578610711599
169,model.layers.3,60821504,825.3935546875,0.18186838555604445,4538.411402091361,0.581936079721677
169,model.layers.4,60821504,882.90478515625,0.18988519920497735,4649.676693353923,0.5962030294690244
169,model.layers.5,60821504,932.26611328125,0.20598345425758038,4525.927175274282,0.5803352944757781
169,model.layers.6,60821504,994.33984375,0.21724711761857063,4576.999016832996,0.5868839619780564
169,model.layers.7,60821504,998.9033203125,0.22463771101000216,4446.730318882314,0.5701803076198522
169,model.layers.8,60821504,1060.64111328125,0.23207731754549582,4570.20584561576,0.5860129101767113
169,model.layers.9,60821504,1028.21875,0.22960772560822085,4478.153978818846,0.5742095944900432
169,model.layers.10,60821504,939.228515625,0.20003394764879812,4695.3455984081975,0.6020589074884166
169,model.layers.11,60821504,803.955078125,0.16878553407142075,4763.175248092117,0.6107563385780189
169,model.layers.12,60821504,694.001953125,0.14837239656869267,4677.433061504096,0.5997620792416344
169,model.layers.13,60821504,659.36962890625,0.1425248580955628,4626.348257537946,0.5932117496395817
169,model.layers.14,60821504,645.42578125,0.14239950897340312,4532.500047949958,0.5811780985802341
169,model.layers.15,60821504,852.70361328125,0.2162277850842633,3943.543208144846,0.5056593313033149
169,model.norm,2048,0.06201171875,0.0017722270591204272,34.99084297966706,0.7731956984486337
169,__whole_model__,1235814400,14091.9833984375,0.9979251045482609,14121.283585521818,0.4016960386853483
170,model.embed_tokens,262668288,312.0,0.23351308967385598,1336.1135362294483,0.08244029594293789
170,model.layers.0,60821504,797.73046875,0.26766101655211294,2980.375995824868,0.3821575810222236
170,model.layers.1,60821504,751.9189453125,0.6005049833212136,1252.144388800674,0.16055573906948578
170,model.layers.2,60821504,739.240234375,0.17370471721805167,4255.729183491495,0.545689259518637
170,model.layers.3,60821504,803.13916015625,0.17626304534866802,4556.480676749632,0.5842530056075064
170,model.layers.4,60821504,845.82666015625,0.1836599007838838,4605.396477653284,0.5905252156149992
170,model.layers.5,60821504,901.77001953125,0.20264952250935897,4449.89955251241,0.570586681399358
170,model.layers.6,60821504,964.63720703125,0.21492261693251008,4488.300118428974,0.5755105793911269
170,model.layers.7,60821504,982.15673828125,0.23252935064159502,4223.796847887301,0.5415947479040005
170,model.layers.8,60821504,1032.88720703125,0.23196611373089726,4452.750405731664,0.5709522309715077
170,model.layers.9,60821504,1003.09033203125,0.22739771002732553,4411.171651247993,0.5656208109568333
170,model.layers.10,60821504,924.91259765625,0.1977257569395579,4677.754744613183,0.5998033269362193
170,model.layers.11,60821504,796.77490234375,0.17134815134101933,4650.035008303055,0.5962489742673976
170,model.layers.12,60821504,680.36962890625,0.1466795664309916,4638.475865868773,0.5947668076154166
170,model.layers.13,60821504,644.66650390625,0.13985087119678338,4609.67099017312,0.5910733133606926
170,model.layers.14,60821504,623.734375,0.13998031580638196,4455.872037485165,0.5713525010184519
170,model.layers.15,60821504,824.39599609375,0.21255827617619794,3878.446941347867,0.4973123871970811
170,model.norm,2048,0.05908203125,0.0017198189641151503,34.35363400612215,0.7591152363790548
170,__whole_model__,1235814400,13629.31005859375,1.0014508051755093,13609.5652309203,0.3871396256849916
171,model.embed_tokens,262668288,298.0,0.22483948240279447,1325.389992964582,0.08177863654323798
171,model.layers.0,60821504,836.4775390625,0.2944975335343569,2840.3549904940514,0.3642034407511687
171,model.layers.1,60821504,763.41943359375,0.6168275303556017,1237.6546052567367,0.15869779207338733
171,model.layers.2,60821504,740.6181640625,0.17572231904177313,4214.707432164258,0.5404292610223153
171,model.layers.3,60821504,803.70166015625,0.18408266187040936,4365.982390682944,0.5598264351700485
171,model.layers.4,60821504,832.83154296875,0.1861679764090535,4473.548883288226,0.5736191078632473
171,model.layers.5,60821504,868.05126953125,0.19318364258515053,4493.399430278548,0.5761644367178672
171,model.layers.6,60821504,912.92919921875,0.20254393156168168,4507.3144980437555,0.5779486910013407
171,model.layers.7,60821504,925.64013671875,0.21501657547318803,4304.971068773137,0.5520032815717497
171,model.layers.8,60821504,993.75048828125,0.21929434217799773,4531.582887234904,0.5810604959956057
171,model.layers.9,60821504,975.51904296875,0.21358812979177164,4567.29053210864,0.5856390952086123
171,model.layers.10,60821504,898.65576171875,0.18984286225358105,4733.682115045115,0.6069745927856094
171,model.layers.11,60821504,772.38671875,0.16298115901185253,4739.116615889506,0.6076714295940071
171,model.layers.12,60821504,662.4228515625,0.1397843419548063,4738.891654808291,0.6076425840447404
171,model.layers.13,60821504,626.283203125,0.13431029998546848,4662.957369559594,0.5979059391355256
171,model.layers.14,60821504,606.051025390625,0.13653644354289743,4438.749169559364,0.5691569277767355
171,model.layers.15,60821504,803.14697265625,0.20531773108823292,3911.7272940791795,0.5015797477962745
171,model.norm,2048,0.056640625,0.0016217416118997174,34.92580111677029,0.7717584627512801
171,__whole_model__,1235814400,13319.941650390625,0.9982230951058586,13343.652051025812,0.3795754215989441
172,model.embed_tokens,262668288,330.0,0.23732861056834756,1390.477107710384,0.08579461337171795
172,model.layers.0,60821504,809.771484375,0.251123374866641,3224.5962161229672,0.41347262608921537
172,model.layers.1,60821504,750.6533203125,0.6065911249558946,1237.4947298595578,0.1586772921112562
172,model.layers.2,60821504,754.6787109375,0.1794644011404663,4205.172202072627,0.539206609762403
172,model.layers.3,60821504,830.892578125,0.19114433262402072,4346.938079296124,0.5573844855697239
172,model.layers.4,60821504,876.97509765625,0.19702741352614336,4451.0308589108345,0.5707317427329689
172,model.layers.5,60821504,928.14453125,0.2103240470185712,4412.926360094463,0.5658458078327657
172,model.layers.6,60821504,961.2587890625,0.2166043510410488,4437.855400607033,0.569042324592005
172,model.layers.7,60821504,969.330078125,0.22369029244472086,4333.357820454119,0.5556431620333692
172,model.layers.8,60821504,1023.3818359375,0.23031712035254576,4443.35980916665,0.5697481252906579
172,model.layers.9,60821504,983.45068359375,0.22191537447704932,4431.647360671982,0.5682463010272628
172,model.layers.10,60821504,894.52978515625,0.19149709868111692,4671.244584471909,0.5989685641226877
172,model.layers.11,60821504,764.132080078125,0.1636801543517505,4668.446722233634,0.5986098092989641
172,model.layers.12,60821504,651.1708984375,0.13948059217333336,4668.541252164216,0.5986219303634391
172,model.layers.13,60821504,621.60009765625,0.13388638378538945,4642.743198237632,0.5953139846889755
172,model.layers.14,60821504,609.79296875,0.1365427293033644,4465.9497569818595,0.5726447127764558
172,model.layers.15,60821504,817.512451171875,0.2095319249427554,3901.6128515748674,0.5002828272445551
172,model.norm,2048,0.06103515625,0.001774463939155204,34.39639144149525,0.7600600511446317
172,__whole_model__,1235814400,13577.33642578125,1.0008900392984632,13565.262808787447,0.38587939269220767
173,model.embed_tokens,262668288,308.0,0.22908159414492468,1344.4991124217029,0.0829576991157943
173,model.layers.0,60821504,805.2158203125,0.25080589737544084,3210.513902339154,0.4116669267484755
173,model.layers.1,60821504,748.7265625,0.6052223229718822,1237.1099579134077,0.15862795487448075
173,model.layers.2,60821504,747.1181640625,0.1757138731387844,4251.901974025707,0.5451985170372992
173,model.layers.3,60821504,825.88720703125,0.18643569134291163,4429.877139309091,0.5680193150647992
173,model.layers.4,60821504,887.3525390625,0.19638408264724022,4518.4544852162435,0.5793771116289462
173,model.layers.5,60821504,943.263671875,0.20888025005080246,4515.81071760296,0.5790381155300337
173,model.layers.6,60821504,991.708984375,0.21836275775426692,4541.566495011082,0.5823406403139614
173,model.layers.7,60821504,1000.2119140625,0.2310323393959221,4329.315613033846,0.5551248515209085
173,model.layers.8,60821504,1048.763671875,0.23220624498187964,4516.517942731648,0.5791287992037701
173,model.layers.9,60821504,1007.27587890625,0.22434986016499753,4489.754877339578,0.5756971153003632
173,model.layers.10,60821504,932.11279296875,0.19837474604535651,4698.747252614661,0.6024950833081244
173,model.layers.11,60821504,800.39404296875,0.16914312471627468,4732.051889849811,0.6067655577786065
173,model.layers.12,60821504,691.87939453125,0.14538117936407713,4759.071274271211,0.6102301080922772
173,model.layers.13,60821504,657.672607421875,0.14008395566583046,4694.846060677709,0.6019948544524977
173,model.layers.14,60821504,632.9921875,0.13802663070631976,4586.014917996672,0.5880400224832653
173,model.layers.15,60821504,824.828369140625,0.20520350260345,4019.5628177681874,0.5154069168980878
173,model.norm,2048,0.056640625,0.001626052044974002,34.83321777742089,0.769712640655066
173,__whole_model__,1235814400,13853.46044921875,1.002348133488243,13821.006880122299,0.39315432487173
174,model.embed_tokens,262668288,326.0,0.23202858033876095,1404.999330358532,0.08669065723356006
174,model.layers.0,60821504,878.806640625,0.2889985934465315,3040.8682275735387,0.3899141744816035
174,model.layers.1,60821504,806.3017578125,0.596006964452314,1352.8394899771536,0.17346733020439595
174,model.layers.2,60821504,765.5712890625,0.17643082968921864,4339.214922987367,0.5563941867829447
174,model.layers.3,60821504,813.51708984375,0.17889604102486012,4547.429250995557,0.5830923899751749
174,model.layers.4,60821504,857.9638671875,0.18470706278809934,4644.9976207557265,0.5956030571608125
174,model.layers.5,60821504,905.06787109375,0.2013171809407036,4495.730900187454,0.576463388562152
174,model.layers.6,60821504,951.75927734375,0.2077104624133413,4582.14413605108,0.5875436929372401
174,model.layers.7,60821504,971.634765625,0.21920909810175362,4432.456380866005,0.5683500373346212
174,model.layers.8,60821504,1039.44580078125,0.23021766365806243,4515.056682727514,0.5789414296942833
174,model.layers.9,60821504,1016.71533203125,0.22126955452458266,4594.917426465441,0.5891815432532019
174,model.layers.10,60821504,939.0458984375,0.19782120992337418,4746.9424476841405,0.6086748939059979
174,model.layers.11,60821504,820.831787109375,0.17104130944061038,4799.026561442382,0.6153533596269068
174,model.layers.12,60821504,714.37841796875,0.14883219328174255,4799.891758743462,0.6154642992224982
174,model.layers.13,60821504,686.172119140625,0.1463605224724484,4688.232233318197,0.6011467989492488
174,model.layers.14,60821504,652.186279296875,0.14115596462348037,4620.323916431854,0.5924392807874698
174,model.layers.15,60821504,846.1396484375,0.2098757202441778,4031.6223689575304,0.5169532482727832
174,model.norm,2048,0.0595703125,0.0017194658005194202,34.64466259346645,0.7655461203675015
174,__whole_model__,1235814400,13991.597412109375,0.999725916149275,13995.433334370224,0.3981160845651023
175,model.embed_tokens,262668288,298.0,0.23632427874501166,1260.9792002011566,0.07780438983938291
175,model.layers.0,60821504,759.4169921875,0.2480430833478215,3061.6334143959907,0.3925767826815955
175,model.layers.1,60821504,706.21923828125,0.6035859953443565,1170.039138960372,0.1500278245673724
175,model.layers.2,60821504,704.61083984375,0.16491992995118315,4272.442027184447,0.5478322575586992
175,model.layers.3,60821504,788.3125,0.17614917729920176,4475.255076899938,0.5738378838916146
175,model.layers.4,60821504,851.70263671875,0.18684677116273835,4558.2946465633095,0.5844856011984698
175,model.layers.5,60821504,917.90087890625,0.20708139057056651,4432.560919053031,0.5683634417039807
175,model.layers.6,60821504,980.39404296875,0.2192803429816255,4470.961827394176,0.5732873836030116
175,model.layers.7,60821504,993.7763671875,0.23237568890482369,4276.593527795975,0.5483645821491322
175,model.layers.8,60821504,1054.7734375,0.2320650072081843,4545.163659912622,0.5828018854183497
175,model.layers.9,60821504,1030.84521484375,0.22608949231853592,4559.456542064322,0.5846345848081519
175,model.layers.10,60821504,939.04345703125,0.2005138565495715,4683.184859092756,0.6004996013046529
175,model.layers.11,60821504,801.39404296875,0.17110333359096236,4683.684567388695,0.6005636762112619
175,model.layers.12,60821504,696.55712890625,0.14868206947013574,4684.876470905999,0.600716507587445
175,model.layers.13,60821504,669.30078125,0.1446692658264137,4626.4199754292185,0.5932209456389734
175,model.layers.14,60821504,650.357666015625,0.1439146322632758,4519.0517168946935,0.5794536914342682
175,model.layers.15,60821504,859.401123046875,0.2188971831542493,3926.049255925256,0.5034161759188525
175,model.norm,2048,0.0634765625,0.0018489685307845778,34.33079657286802,0.7586105956315894
175,__whole_model__,1235814400,13702.06982421875,1.0029524456011034,13661.734296890452,0.3886236343457631
176,model.embed_tokens,262668288,332.0,0.22887251771396436,1450.5891896331573,0.08950362289005916
176,model.layers.0,60821504,823.130859375,0.26723290606054234,3080.200232483785,0.3949575058848595
176,model.layers.1,60821504,771.5478515625,0.5873648556790039,1313.5751043030612,0.16843266925203448
176,model.layers.2,60821504,755.3046875,0.17473609483235872,4322.545311686386,0.5542567321999365
176,model.layers.3,60821504,818.21240234375,0.18213067268820193,4492.4470451195575,0.5760423174922825
176,model.layers.4,60821504,874.1669921875,0.19036395347522433,4592.082567255948,0.5888180445068839
176,model.layers.5,60821504,927.26025390625,0.20634197252681474,4493.803381596295,0.5762162332222873
176,model.layers.6,60821504,979.78662109375,0.21561320358135871,4544.186556386102,0.582676596689469
176,model.layers.7,60821504,998.958984375,0.2289616946636772,4362.996115321277,0.5594435211450799
176,model.layers.8,60821504,1060.95654296875,0.23450018516197682,4524.331365606015,0.5801306723866689
176,model.layers.9,60821504,1039.41015625,0.22886550304629527,4541.576351241308,0.5823419041253416
176,model.layers.10,60821504,953.72509765625,0.20101683685671443,4744.503557859031,0.6083621681837236
176,model.layers.11,60821504,824.7109375,0.1737427026726458,4746.737128026979,0.6086485668708764
176,model.layers.12,60821504,717.312255859375,0.1493619438621116,4802.510179712079,0.6158000452575175
176,model.layers.13,60821504,680.049072265625,0.14318154552549792,4749.558120564645,0.6090102875684617
176,model.layers.14,60821504,651.3017578125,0.14126850015450657,4610.382053325163,0.5911644891635172
176,model.layers.15,60821504,836.523681640625,0.20818979536352591,4018.0820591131665,0.5152170471814906
176,model.norm,2048,0.05859375,0.001704683703951593,34.372212196418026,0.7595257602646919
176,__whole_model__,1235814400,14044.416748046875,0.9971471563825831,14084.597903279127,0.4006524725573749
177,model.embed_tokens,262668288,310.0,0.2115600899371722,1465.3047278059953,0.0904115946222758
177,model.layers.0,60821504,740.4365234375,0.2364412959130777,3131.5871475755434,0.401546573571343
177,model.layers.1,60821504,696.70166015625,0.6225390674274497,1119.1292187256074,0.143499919365409
177,model.layers.2,60821504,697.7958984375,0.17014121814700114,4101.274847077961,0.5258844108469
177,model.layers.3,60821504,777.0185546875,0.18131853785416224,4285.378449899425,0.5494910254519995
177,model.layers.4,60821504,842.7080078125,0.1904927153526658,4423.8332487012185,0.5672443394852404
177,model.layers.5,60821504,914.40625,0.21026747930453957,4348.776391976552,0.5576202025155386
177,model.layers.6,60821504,976.7021484375,0.221749267863542,4404.533813561603,0.5647696767385323
177,model.layers.7,60821504,989.533203125,0.23801590709871467,4157.424666220318,0.5330842000977659
177,model.layers.8,60821504,1030.0751953125,0.2317259327845273,4445.230548582259,0.5699880001422852
177,model.layers.9,60821504,982.52001953125,0.22073604560545027,4451.108185961769,0.5707416579647298
177,model.layers.10,60821504,893.2841796875,0.18979041025388454,4706.687648193313,0.6035132375178444
177,model.layers.11,60821504,765.384765625,0.16516336189222736,4634.107448868896,0.5942066690034065
177,model.layers.12,60821504,662.50732421875,0.14211353593644327,4661.81718619006,0.597759739555663
177,model.layers.13,60821504,628.91162109375,0.14008768653295903,4489.413999607905,0.5756534063825813
177,model.layers.14,60821504,604.35498046875,0.1331451210139207,4539.069669744511,0.5820204858416919
177,model.layers.15,60821504,794.44580078125,0.19905756835134422,3991.0353942384286,0.5117489988420435
177,model.norm,2048,0.05615234375,0.0016361711540318782,34.31935810115496,0.7583578387280046
177,__whole_model__,1235814400,13306.84228515625,0.9996306170966287,13311.759421500345,0.37866819932937823
178,model.embed_tokens,262668288,330.0,0.22724764913134046,1452.1602369108452,0.08960055896547565
178,model.layers.0,60821504,832.5126953125,0.28991946994199536,2871.530827091613,0.36820095056776847
178,model.layers.1,60821504,771.85400390625,0.5903937135781301,1307.3547128887344,0.16763506192354957
178,model.layers.2,60821504,748.06689453125,0.17088609321962253,4377.57619966088,0.5613130469264336
178,model.layers.3,60821504,814.3193359375,0.17794209108867154,4576.3165474531315,0.586796452600818
178,model.layers.4,60821504,878.13818359375,0.18677456071999998,4701.594158265463,0.6028601267048077
178,model.layers.5,60821504,941.7099609375,0.20639943115430018,4562.560834935131,0.5850326315834429
178,model.layers.6,60821504,996.8359375,0.2153255833897594,4629.435675070871,0.5936076325810767
178,model.layers.7,60821504,1011.1806640625,0.22645913189677883,4465.17945906196,0.5725459416180021
178,model.layers.8,60821504,1067.8896484375,0.23335100968407524,4576.323238897804,0.5867973106087717
178,model.layers.9,60821504,1037.2939453125,0.22447902099617223,4620.894819967109,0.5925124846766219
178,model.layers.10,60821504,953.232421875,0.19830855901063157,4806.814323248125,0.6163519424290195
178,model.layers.11,60821504,826.77783203125,0.17200532872854238,4806.6989444034325,0.6163371480204445
178,model.layers.12,60821504,724.69287109375,0.15012193615182604,4827.361607972008,0.6189866102151156
178,model.layers.13,60821504,687.111083984375,0.1447233798052481,4747.754543246635,0.6087790245513114
178,model.layers.14,60821504,660.93896484375,0.14217084361428575,4648.9065411815345,0.5961042769989899
178,model.layers.15,60821504,852.646484375,0.21116287768235767,4037.861643738327,0.5177532769137676
178,model.norm,2048,0.059814453125,0.0016909652793997178,35.37296351006909,0.7816394490198173
178,__whole_model__,1235814400,14135.2607421875,1.0011501113479078,14119.022294425318,0.40163171367761963
179,model.embed_tokens,262668288,306.0,0.22932075428136336,1334.375516768777,0.08233305742255236
179,model.layers.0,60821504,889.4306640625,0.2699084887306939,3295.304524304701,0.4225391720722589
179,model.layers.1,60821504,813.88134765625,0.5827072753176709,1396.7241909113825,0.17909442932759467
179,model.layers.2,60821504,782.0166015625,0.17857804586148612,4379.1306920732595,0.5615123711260865
179,model.layers.3,60821504,833.8408203125,0.18259595216542474,4566.589841800398,0.5855492494597475
179,model.layers.4,60821504,873.33203125,0.18770786444828666,4652.612898329586,0.5965795232377491
179,model.layers.5,60821504,930.33203125,0.20650470945623914,4505.137116241645,0.5776694970460741
179,model.layers.6,60821504,988.6455078125,0.21804866372755902,4534.059007340506,0.5813779955564674
179,model.layers.7,60821504,1007.96435546875,0.23079128963519274,4367.428064820035,0.5600118061876485
179,model.layers.8,60821504,1073.09814453125,0.2370421777351727,4527.034617991623,0.5804772958979385
179,model.layers.9,60821504,1028.92138671875,0.23021793897819362,4469.336278856228,0.5730789482586233
179,model.layers.10,60821504,944.67138671875,0.20038605609576432,4714.257095150834,0.6044838269813934
179,model.layers.11,60821504,816.19775390625,0.17122652922749151,4766.771583752947,0.6112174773533319
179,model.layers.12,60821504,713.43505859375,0.15075747236052825,4732.336297650369,0.6068020258609012
179,model.layers.13,60821504,664.982666015625,0.14225657955760865,4674.530120740965,0.5993898507639378
179,model.layers.14,60821504,632.7421875,0.13924342870860612,4544.143974105491,0.5826711365926975
179,model.layers.15,60821504,817.151611328125,0.20921476691987964,3905.8027469019876,0.5008200749828243
179,model.norm,2048,0.056884765625,0.0016284964240429088,34.93085080517264,0.7718700461547857
179,__whole_model__,1235814400,14116.700439453125,0.9968427099389585,14161.41212520635,0.40283754082514195
180,model.embed_tokens,262668288,352.0,0.22285620595121336,1579.4938197819727,0.09745724028089318
180,model.layers.0,60821504,814.0439453125,0.24952482788444377,3262.376542704151,0.41831699412758394
180,model.layers.1,60821504,754.15771484375,0.6134282267241489,1229.4147578945458,0.15764124077236405
180,model.layers.2,60821504,744.365234375,0.17801549424775642,4181.463178362528,0.5361665291946683
180,model.layers.3,60821504,803.9951171875,0.18237669121852323,4408.431317706906,0.5652694327284745
180,model.layers.4,60821504,859.51904296875,0.18556412692415475,4631.924592408205,0.5939267730621209
180,model.layers.5,60821504,915.337890625,0.20271330457615397,4515.430758424305,0.5789893954085439
180,model.layers.6,60821504,975.20703125,0.21468930532981695,4542.410856245661,0.5824489082128331
180,model.layers.7,60821504,994.60888671875,0.22843134198950868,4354.08240417565,0.5583005639161545
180,model.layers.8,60821504,1044.017578125,0.23186174517807612,4502.759078791399,0.5773645740964731
180,model.layers.9,60821504,1003.033203125,0.22423192972509032,4473.19525080449,0.5735737634722226
180,model.layers.10,60821504,922.91259765625,0.19298361260712832,4782.33662013103,0.6132132982360338
180,model.layers.11,60821504,806.256103515625,0.1693257830092437,4761.5672532966255,0.6105501540555955
180,model.layers.12,60821504,709.870849609375,0.14578245728365705,4869.384580533855,0.6243749899242852
180,model.layers.13,60821504,678.05029296875,0.14295789041100251,4743.007126219911,0.608170288804688
180,model.layers.14,60821504,649.357177734375,0.1383048763915181,4695.114118002267,0.6020292260012121
180,model.layers.15,60821504,829.8955078125,0.20192702385101488,4109.878370835648,0.5269875944157217
180,model.norm,2048,0.05810546875,0.0016894107007322172,34.393927258076545,0.7600055998694613
180,__whole_model__,1235814400,13856.686279296875,0.99925993518853,13866.948720087072,0.3944611929770265
181,model.embed_tokens,262668288,338.0,0.2323380968423304,1454.7764856203244,0.08976198560477043
181,model.layers.0,60821504,786.9130859375,0.24877401443770292,3163.164318894552,0.40559554438029516
181,model.layers.1,60821504,750.025390625,0.5910454157971575,1268.9809794284965,0.16271460451331018
181,model.layers.2,60821504,751.5517578125,0.17587379543384868,4273.244663643941,0.5479351753141201
181,model.layers.3,60821504,828.89208984375,0.18510081466180392,4478.057491849571,0.5741972224850245
181,model.layers.4,60821504,890.46240234375,0.1939772027548651,4590.551826180597,0.5886217658134081
181,model.layers.5,60821504,954.140625,0.21432035262377308,4451.936614134535,0.5708478828527971
181,model.layers.6,60821504,1001.7109375,0.22445933222138137,4462.77251022036,0.5722373115162168
181,model.layers.7,60821504,1011.48046875,0.23443846003321886,4314.481798791367,0.553222791319048
181,model.layers.8,60821504,1065.20361328125,0.2352487203352125,4527.988980188336,0.5805996686284349
181,model.layers.9,60821504,1029.46630859375,0.22831208238903355,4509.031225248892,0.5781688176957274
181,model.layers.10,60821504,945.60107421875,0.2000233641373038,4727.45310677633,0.6061758805642317
181,model.layers.11,60821504,809.3330078125,0.1709672162169515,4733.849130382309,0.6069960082638394
181,model.layers.12,60821504,697.246337890625,0.14664241398760422,4754.738543444625,0.6096745453262946
181,model.layers.13,60821504,663.977783203125,0.1417718528432101,4683.424600068101,0.6005303420002357
181,model.layers.14,60821504,645.8037109375,0.1407941699424477,4586.864010075734,0.5881488969928754
181,model.layers.15,60821504,841.51171875,0.20748530968003523,4055.7652975417973,0.5200489661283426
181,model.norm,2048,0.05859375,0.0016799612598877261,34.8780364160992,0.7707030020092215
181,__whole_model__,1235814400,14011.37890625,1.0002442568623249,14007.95736653607,0.3984723449630272
182,model.embed_tokens,262668288,340.0,0.2232719908783924,1522.806325425677,0.09395953317421651
182,model.layers.0,60821504,815.0224609375,0.24816216536012473,3284.233355051389,0.42111957559622354
182,model.layers.1,60821504,764.1044921875,0.5841441096371924,1308.0753183697764,0.16772746128788887
182,model.layers.2,60821504,744.96630859375,0.17499947907537622,4256.963006574872,0.5458474660152715
182,model.layers.3,60821504,826.45068359375,0.17952831388160917,4603.455943661104,0.5902763913802779
182,model.layers.4,60821504,906.84033203125,0.19409660004321555,4672.108279224583,0.5990793110545802
182,model.layers.5,60821504,974.5166015625,0.2134204529328196,4566.181863878144,0.5854969366454927
182,model.layers.6,60821504,1038.72314453125,0.2270397408474437,4575.071926413121,0.586636861540292
182,model.layers.7,60821504,1052.85986328125,0.23857009947575775,4413.209641924285,0.5658821315378902
182,model.layers.8,60821504,1118.97314453125,0.24598080636478611,4549.026247486271,0.5832971642441421
182,model.layers.9,60821504,1079.98291015625,0.23842151247890286,4529.720908686099,0.5808217445027996
182,model.layers.10,60821504,977.3701171875,0.20525296395955192,4761.78320806176,0.6105778447734008
182,model.layers.11,60821504,828.3359375,0.17511247714303727,4730.307919882772,0.6065419378914134
182,model.layers.12,60821504,704.87548828125,0.1500750373211313,4696.820343099125,0.6022480060667503
182,model.layers.13,60821504,666.360595703125,0.142997900780534,4659.9327127593415,0.5975181036651601
182,model.layers.14,60821504,645.4990234375,0.14162095311961004,4557.9344667474825,0.5844394172782724
182,model.layers.15,60821504,836.568115234375,0.20679814504412194,4045.3366496874855,0.5187117567148596
182,model.norm,2048,0.05810546875,0.0016385803869356586,35.460859420308445,0.7835816925875926
182,__whole_model__,1235814400,14321.50732421875,1.0015682874938803,14299.082252348426,0.40675372481672883
183,model.embed_tokens,262668288,296.0,0.22218198627224486,1332.2412179595162,0.08220136784625881
183,model.layers.0,60821504,798.9541015625,0.28029066027291144,2850.4485336207063,0.3654976814881192
183,model.layers.1,60821504,733.36083984375,0.5989527886854703,1224.4050845030154,0.15699887730288886
183,model.layers.2,60821504,734.67919921875,0.17492567911796275,4199.95053283922,0.5385370632065547
183,model.layers.3,60821504,821.3818359375,0.18582468406720265,4420.1976721265455,0.5667781690586418
183,model.layers.4,60821504,854.02880859375,0.19671951048186584,4341.3528556562605,0.5566683223880756
183,model.layers.5,60821504,890.875,0.19859338171688073,4485.924920046186,0.5752060204798736
183,model.layers.6,60821504,959.20556640625,0.21162296102710657,4532.615750912711,0.5811929345487242
183,model.layers.7,60821504,986.27734375,0.2273780185761363,4337.610776653639,0.5561884957280704
183,model.layers.8,60821504,1059.33203125,0.23365683877838003,4533.708650636844,0.5813330712010996
183,model.layers.9,60821504,1033.34326171875,0.22985410715384058,4495.648455074753,0.5764528170688634
183,model.layers.10,60821504,946.607421875,0.20112918069976457,4706.46486293825,0.6034846709630601
183,model.layers.11,60821504,807.0908203125,0.17065962459649753,4729.242913903984,0.6064053779039495
183,model.layers.12,60821504,679.1865234375,0.14569688790895896,4661.640568890535,0.597737092869457
183,model.layers.13,60821504,635.109375,0.13906992563178927,4566.8347927470495,0.5855806582019238
183,model.layers.14,60821504,609.052734375,0.13786380819258687,4417.785511366352,0.5664688706605725
183,model.layers.15,60821504,799.138671875,0.20220736421753108,3952.075014514807,0.5067533189373119
183,model.norm,2048,0.05859375,0.0016677518500457973,35.13337430768911,0.7763452255916311
183,__whole_model__,1235814400,13643.68212890625,1.0019461148085655,13617.181530279247,0.3873562800183886
184,model.embed_tokens,262668288,328.0,0.227324749129629,1442.8697326438585,0.089027320314372
184,model.layers.0,60821504,886.0810546875,0.2909312054779893,3045.6720970571077,0.39053014882308223
184,model.layers.1,60821504,821.31103515625,0.6033809405041387,1361.1816019081175,0.17453699434094105
184,model.layers.2,60821504,802.41162109375,0.18901100921429131,4245.316843867097,0.5443541412217456
184,model.layers.3,60821504,868.09765625,0.19393709373014648,4476.181629585072,0.5739566907580425
184,model.layers.4,60821504,903.916015625,0.19771668714802026,4571.774030121619,0.5862139900398545
184,model.layers.5,60821504,925.57568359375,0.20304100626023425,4558.5652900451805,0.5845203043562244
184,model.layers.6,60821504,962.76416015625,0.20941390886986466,4597.4222311782405,0.5895027208869359
184,model.layers.7,60821504,959.08154296875,0.2151579596520061,4457.569427224338,0.5715701481736039
184,model.layers.8,60821504,1012.39208984375,0.22090211545771532,4582.9895641607845,0.58765209763577
184,model.layers.9,60821504,987.2744140625,0.21373237739579706,4619.208498458944,0.5922962567411907
184,model.layers.10,60821504,917.15673828125,0.19248829749540827,4764.740247666892,0.6109570100545825
184,model.layers.11,60821504,801.947998046875,0.166487283454869,4816.872384516174,0.6176416335181154
184,model.layers.12,60821504,702.685546875,0.14526878419187703,4837.140689130184,0.620240529185495
184,model.layers.13,60821504,670.736083984375,0.14024354316583532,4782.6521552670865,0.6132537576091103
184,model.layers.14,60821504,643.79345703125,0.13666972583980908,4710.57838943675,0.6040121263372611
184,model.layers.15,60821504,828.889404296875,0.2023258943788749,4096.80336193003,0.52531105636072
184,model.norm,2048,0.058837890625,0.0017093625166532216,34.42095521095157,0.7606028388931964
184,__whole_model__,1235814400,14022.17333984375,1.0019107270977161,13995.431888889409,0.3981160434467498
185,model.embed_tokens,262668288,344.0,0.24546565784179786,1401.418035518872,0.0864696857379238
185,model.layers.0,60821504,907.7255859375,0.2743540858976567,3308.591461167858,0.42424288450919045
185,model.layers.1,60821504,834.6787109375,0.5752931030743658,1450.8755736458127,0.1860379698284538
185,model.layers.2,60821504,806.95263671875,0.18297782563645654,4410.111629165477,0.5654848900275773
185,model.layers.3,60821504,860.42626953125,0.18893502493419342,4554.085563706035,0.5839458931464283
185,model.layers.4,60821504,912.2255859375,0.19731230747002163,4623.257401599734,0.5928154258098738
185,model.layers.5,60821504,962.5341796875,0.2159015609755877,4458.208524932042,0.5716520962346388
185,model.layers.6,60821504,1007.7734375,0.222881916865035,4521.557655618388,0.5797750144761187
185,model.layers.7,60821504,1008.36083984375,0.22921277960420997,4399.23481397906,0.5640902145280129
185,model.layers.8,60821504,1057.828125,0.23183291467798223,4562.890159360381,0.5850748590828931
185,model.layers.9,60821504,1020.7822265625,0.22123082987699855,4614.104766184901,0.5916418326072004
185,model.layers.10,60821504,936.159423828125,0.19819269219760455,4723.4810398293785,0.6056665637873445
185,model.layers.11,60821504,804.078125,0.16874239310094266,4765.122209206764,0.6110059869280794
185,model.layers.12,60821504,704.619384765625,0.14716819554961447,4787.850949277137,0.6139203709981246
185,model.layers.13,60821504,684.739013671875,0.14415325917545013,4750.076533742976,0.6090767609015173
185,model.layers.14,60821504,658.98974609375,0.14267954928306134,4618.669945377967,0.5922272009767616
185,model.layers.15,60821504,865.33349609375,0.21594596446515513,4007.176046271425,0.5138186278236526
185,model.norm,2048,0.060791015625,0.0017557689372335915,34.62358533394661,0.7650803743320231
185,__whole_model__,1235814400,14377.267578125,1.0016482761830066,14353.608866490173,0.4083047966276597
186,model.embed_tokens,262668288,340.0,0.22209488221987372,1530.8772386002138,0.09445752114649338
186,model.layers.0,60821504,863.9765625,0.2613196378863351,3306.2060298575784,0.4239370134846928
186,model.layers.1,60821504,790.73974609375,0.6156742552793298,1284.3475901635572,0.1646849823432375
186,model.layers.2,60821504,762.00341796875,0.17817618491590254,4276.685003264653,0.5483763115563888
186,model.layers.3,60821504,827.337890625,0.18239880941739575,4535.8733056845,0.5816106332731061
186,model.layers.4,60821504,875.76708984375,0.18893760005089505,4635.218662711077,0.5943491539766182
186,model.layers.5,60821504,927.38525390625,0.2073478259133145,4472.60659628985,0.5734982834704754
186,model.layers.6,60821504,968.57568359375,0.21540591304512338,4496.513906704372,0.5765637892756355
186,model.layers.7,60821504,981.7861328125,0.2307227086887104,4255.264418454447,0.5456296651981383
186,model.layers.8,60821504,1038.94580078125,0.22984073775033032,4520.285702832316,0.5796119188128264
186,model.layers.9,60821504,1011.52490234375,0.2259124546333664,4477.50835156634,0.574126809180604
186,model.layers.10,60821504,925.718994140625,0.19374292742873359,4778.0789029377165,0.6126673540647103
186,model.layers.11,60821504,812.45654296875,0.16841204661770526,4824.218690323403,0.6185836107923497
186,model.layers.12,60821504,709.308349609375,0.1448999754348499,4895.158522150993,0.6276798438070207
186,model.layers.13,60821504,678.853759765625,0.13965625461810227,4860.8904887359895,0.6232858382269825
186,model.layers.14,60821504,646.6708984375,0.13677825987658856,4727.87780032422,0.60623033673324
186,model.layers.15,60821504,812.562744140625,0.1964766929442537,4135.669895315132,0.530294702854309
186,model.norm,2048,0.0546875,0.0015463165159557868,35.36630401066198,0.7814922934826274
186,__whole_model__,1235814400,13973.66845703125,1.003784816709334,13920.980098942468,0.39599817725465775
187,model.embed_tokens,262668288,330.0,0.22908832645149582,1440.4924297610157,0.08888063700648438
187,model.layers.0,60821504,810.1630859375,0.24967675995592517,3244.8478027370916,0.41606937809740413
187,model.layers.1,60821504,779.1748046875,0.5917606440765375,1316.7060237732244,0.16883413021292304
187,model.layers.2,60821504,763.33056640625,0.1788150558436509,4268.827156666703,0.5473687421583925
187,model.layers.3,60821504,827.88720703125,0.1863580204087318,4442.455469399584,0.5696321666672197
187,model.layers.4,60821504,886.9033203125,0.1948998342718997,4550.559643243228,0.5834937833331595
187,model.layers.5,60821504,939.45263671875,0.20813867586752396,4513.589955365587,0.5787533591349182
187,model.layers.6,60821504,993.95654296875,0.21769430084535593,4565.836308571208,0.5854526279473979
187,model.layers.7,60821504,1017.85205078125,0.23101062839060063,4406.083208692161,0.564968347341158
187,model.layers.8,60821504,1079.08740234375,0.23944905225596633,4506.542799719361,0.577849740276552
187,model.layers.9,60821504,1036.91796875,0.2295836924290363,4516.514033637248,0.5791282979616242
187,model.layers.10,60821504,949.3046875,0.20124313175877512,4717.202913726798,0.6048615534503684
187,model.layers.11,60821504,817.96337890625,0.17288773202905744,4731.182307190969,0.60665405587218
187,model.layers.12,60821504,715.38916015625,0.15187014647500774,4710.531837631281,0.604006157249671
187,model.layers.13,60821504,683.306396484375,0.14564199766459565,4691.685141932663,0.6015895468459718
187,model.layers.14,60821504,659.2421875,0.14265203361430132,4621.33045563473,0.5925683438947805
187,model.layers.15,60821504,853.03857421875,0.21470963073981436,3972.987011711944,0.5094347518418839
187,model.norm,2048,0.0595703125,0.0017012290843861344,35.01604401590345,0.7737525679366236
187,__whole_model__,1235814400,14143.029541015625,1.0024626956488052,14108.285128617275,0.40132628273391835
188,model.embed_tokens,262668288,326.0,0.23031938691369083,1415.4257892418073,0.08733398606203656
188,model.layers.0,60821504,967.9267578125,0.29589242238597163,3271.211712714647,0.41944988044926323
188,model.layers.1,60821504,868.21044921875,0.6034917054677685,1438.6452064752025,0.18446973563938457
188,model.layers.2,60821504,804.14013671875,0.1845090829828187,4358.2685671557465,0.558837333075643
188,model.layers.3,60821504,831.392578125,0.18491889695815739,4495.9849523281755,0.576495964301484
188,model.layers.4,60821504,848.64306640625,0.18614961724871606,4558.929956178051,0.5845670635327221
188,model.layers.5,60821504,889.55908203125,0.19920722712358738,4465.496030821066,0.5725865339116756
188,model.layers.6,60821504,940.5712890625,0.2087130494316368,4506.528420833508,0.5778478965493703
188,model.layers.7,60821504,953.64013671875,0.21709946394813404,4392.641600195653,0.5632448021927374
188,model.layers.8,60821504,1020.19384765625,0.22460845701472074,4542.098998477991,0.5824089203689226
188,model.layers.9,60821504,998.017578125,0.21892235168217317,4558.774243270969,0.5845470973043042
188,model.layers.10,60821504,925.35205078125,0.19505093816518554,4744.155857366777,0.6083175844200555
188,model.layers.11,60821504,794.40478515625,0.16698976701865728,4757.206380601115,0.6099909828091498
188,model.layers.12,60821504,687.80615234375,0.14467422720565282,4754.1719463691425,0.6096018936313125
188,model.layers.13,60821504,648.54541015625,0.13872104747580036,4675.1767086345535,0.5994727592512153
188,model.layers.14,60821504,621.67138671875,0.13670647788729096,4547.490333496071,0.5831002222556227
188,model.layers.15,60821504,804.62939453125,0.20348714232784249,3954.202635736534,0.507026132361043
188,model.norm,2048,0.05712890625,0.0016571193082113734,34.47482988515932,0.761793312251525
188,__whole_model__,1235814400,13930.76123046875,1.001322969369891,13912.35561013351,0.3957528438209609
189,model.embed_tokens,262668288,314.0,0.22372830946441025,1403.4880107559648,0.08659740644916068
189,model.layers.0,60821504,849.37890625,0.28272570044008644,3004.2507806254257,0.3852189162428766
189,model.layers.1,60821504,786.91748046875,0.6397456017412643,1230.0475037685483,0.15772237437193318
189,model.layers.2,60821504,737.6240234375,0.1706865862460792,4321.511371573545,0.5541241556213442
189,model.layers.3,60821504,785.0263671875,0.17627204681429914,4453.4932303504565,0.571047479376353
189,model.layers.4,60821504,822.51953125,0.1790000007683177,4595.081160444233,0.589202537980496
189,model.layers.5,60821504,866.57861328125,0.19450587950055423,4455.2823570496785,0.5712768894683934
189,model.layers.6,60821504,908.8857421875,0.2055976488943028,4420.701049236004,0.5668427143974722
189,model.layers.7,60821504,900.26171875,0.2137803151638017,4211.1534827713485,0.5399735572101211
189,model.layers.8,60821504,954.24560546875,0.21034405791418787,4536.594068457331,0.5817030528061253
189,model.layers.9,60821504,940.0048828125,0.21046093558545662,4466.410263727141,0.5727037610791087
189,model.layers.10,60821504,866.39501953125,0.18190615687664138,4762.86803265703,0.610716945995442
189,model.layers.11,60821504,754.51171875,0.15786193358387518,4779.567192803406,0.6128581894679375
189,model.layers.12,60821504,661.68212890625,0.13790233584305797,4798.193771418696,0.6152465754421607
189,model.layers.13,60821504,627.84375,0.1320247395923208,4755.500764013766,0.6097722807695125
189,model.layers.14,60821504,603.3232421875,0.1306499451477773,4617.860661977967,0.5921234309199167
189,model.layers.15,60821504,778.137451171875,0.19302490505624267,4031.280061736826,0.5169093560593129
189,model.norm,2048,0.054443359375,0.0015467442758694946,35.19868165951022,0.77778832782082
189,__whole_model__,1235814400,13157.390625,0.9973168908961354,13192.7883154345,0.3752839303473672
190,model.embed_tokens,262668288,328.0,0.23950460512207583,1369.4935002724392,0.08449989195753602
190,model.layers.0,60821504,791.23828125,0.2648514677813508,2987.479313889285,0.3830684012853488
190,model.layers.1,60821504,742.1611328125,0.5879310312040963,1262.3268605035814,0.16186138263937813
190,model.layers.2,60821504,746.17822265625,0.17218006057849078,4333.708677701933,0.5556881505708211
190,model.layers.3,60821504,817.013671875,0.18099014657379284,4514.133434009289,0.5788230464777585
190,model.layers.4,60821504,875.5859375,0.1891044460002407,4630.171082804079,0.5937019299585826
190,model.layers.5,60821504,936.19677734375,0.2076709476662748,4508.077744452773,0.5780465579824876
190,model.layers.6,60821504,998.78759765625,0.22197047069386056,4499.641752049838,0.5769648560580514
190,model.layers.7,60821504,1013.9140625,0.23381189701882996,4336.451974547492,0.5560399087677712
190,model.layers.8,60821504,1072.15576171875,0.24044615758850446,4459.026388575606,0.5717569664899583
190,model.layers.9,60821504,1029.21923828125,0.22898129696664268,4494.774254122526,0.5763407229835205
190,model.layers.10,60821504,942.22998046875,0.20099103704485569,4687.920388502051,0.6011068127660426
190,model.layers.11,60821504,798.830810546875,0.16889467048291118,4729.757358611863,0.6064713423813873
190,model.layers.12,60821504,682.43994140625,0.14711453670258914,4638.83418119237,0.5948127524618052
190,model.layers.13,60821504,641.422119140625,0.14002021710310936,4580.925043619157,0.5873873752727982
190,model.layers.14,60821504,623.4169921875,0.1381042223291161,4514.10522917855,0.5788194299240407
190,model.layers.15,60821504,826.95166015625,0.2116157143812619,3907.79892019907,0.5010760335463018
190,model.norm,2048,0.058837890625,0.0016844850173896994,34.92930481280029,0.7718358842269685
190,__whole_model__,1235814400,13865.801025390625,1.0013373232455305,13847.28273230528,0.3939017714951947
191,model.embed_tokens,262668288,332.0,0.2334726287525724,1422.0082318593502,0.08774013307178025
191,model.layers.0,60821504,909.0234375,0.27573321735731504,3296.749830188293,0.42272449587069383
191,model.layers.1,60821504,842.56640625,0.5943277630728572,1417.6797023475274,0.18178144182895
191,model.layers.2,60821504,794.22412109375,0.1876091686432686,4233.397156638627,0.5428257438503553
191,model.layers.3,60821504,828.47216796875,0.18560870256704823,4463.541614755253,0.5723359296533309
191,model.layers.4,60821504,872.33837890625,0.19074089046015302,4573.420920924593,0.5864251619880765
191,model.layers.5,60821504,919.45751953125,0.20644520471731423,4453.760603402074,0.5710817631844295
191,model.layers.6,60821504,967.83837890625,0.21437086619650222,4514.785036223554,0.5789065979244019
191,model.layers.7,60821504,976.52978515625,0.22222240141099822,4394.380489796649,0.5634677706519224
191,model.layers.8,60821504,1032.8916015625,0.23006367932748292,4489.590032558925,0.5756759781409218
191,model.layers.9,60821504,995.6591796875,0.22186020515282512,4487.777242438115,0.5754435338156286
191,model.layers.10,60821504,918.65869140625,0.1940801567814476,4733.398337269201,0.6069382054879856
191,model.layers.11,60821504,784.131591796875,0.16348018414955792,4796.493201154713,0.6150285204654219
191,model.layers.12,60821504,676.67578125,0.1411805869275179,4792.980366326181,0.6145780885526422
191,model.layers.13,60821504,634.7275390625,0.1376384368590952,4611.557305843939,0.5913151854717328
191,model.layers.14,60821504,613.78857421875,0.13426566960172304,4571.448353398546,0.5861722302656316
191,model.layers.15,60821504,805.1435546875,0.2072029084152112,3885.773422996956,0.498251822526161
191,model.norm,2048,0.057373046875,0.001651165283298319,34.74700410390975,0.7678075696184806
191,__whole_model__,1235814400,13904.18408203125,0.9970628836884166,13945.142587793214,0.39668550684458787
192,model.embed_tokens,262668288,332.0,0.22914429938371156,1448.8686862074292,0.0893974651364388
192,model.layers.0,60821504,826.654296875,0.27905161635545356,2962.3705738439976,0.37984884262172214
192,model.layers.1,60821504,767.9765625,0.5837297708872866,1315.6371334849905,0.1686970721613544
192,model.layers.2,60821504,746.56396484375,0.1708045854666326,4370.86605610828,0.5604526413158778
192,model.layers.3,60821504,822.34912109375,0.18100525011626267,4543.233528118889,0.5825543950015766
192,model.layers.4,60821504,886.046875,0.1904933020627329,4651.328237820187,0.5964147981314556
192,model.layers.5,60821504,946.0224609375,0.20914385040137567,4523.309956864395,0.5799997026383956
192,model.layers.6,60821504,1000.77197265625,0.21878163384664145,4574.2960917722985,0.5865373804378992
192,model.layers.7,60821504,1026.91845703125,0.23197970241784285,4426.759954978992,0.5676196152870329
192,model.layers.8,60821504,1089.52392578125,0.2395224882738708,4548.733330356375,0.5832596050563221
192,model.layers.9,60821504,1050.8515625,0.22753441761914953,4618.429042497346,0.5921963112963156
192,model.layers.10,60821504,972.4208984375,0.2045592253783773,4753.737684715971,0.6095462105956354
192,model.layers.11,60821504,831.3974609375,0.17204463009560167,4832.452256577317,0.6196393567006477
192,model.layers.12,60821504,720.07080078125,0.15060458014311742,4781.201209797051,0.6130677106768438
192,model.layers.13,60821504,681.48779296875,0.14478275753208414,4706.967905468516,0.6035491734006003
192,model.layers.14,60821504,661.248046875,0.14333156202424938,4613.415479021484,0.5915534490222534
192,model.layers.15,60821504,852.39697265625,0.2110939702677007,4037.9977295195845,0.5177707264614253
192,model.norm,2048,0.056640625,0.0016193243161986874,34.977937670300705,0.772910528705938
192,__whole_model__,1235814400,14214.7578125,1.0020484396967735,14185.699263003175,0.4035284161966975
193,model.embed_tokens,262668288,340.0,0.22547076534340735,1507.9560291648313,0.09304324665709961
193,model.layers.0,60821504,798.8818359375,0.26334387452686514,3033.607056069959,0.38898311352114645
193,model.layers.1,60821504,743.40673828125,0.5970135915412836,1245.2090686277838,0.15966646027224704
193,model.layers.2,60821504,750.181640625,0.17576032063709537,4268.208193440614,0.5472893758336216
193,model.layers.3,60821504,821.4697265625,0.18477856108868848,4445.698254832809,0.5700479715987691
193,model.layers.4,60821504,871.3974609375,0.1893820215294925,4601.268134640738,0.5899958603989075
193,model.layers.5,60821504,922.7744140625,0.20730648228640103,4451.256921081973,0.5707607294690734
193,model.layers.6,60821504,970.58203125,0.2139928905963592,4535.5807314213325,0.5815731180492423
193,model.layers.7,60821504,988.15087890625,0.22709827533621574,4351.203801276371,0.5579314561518144
193,model.layers.8,60821504,1044.9541015625,0.2307808036129727,4527.907370124786,0.5805892042090068
193,model.layers.9,60821504,1016.58740234375,0.22273577573127626,4564.095727352892,0.5852294425812239
193,model.layers.10,60821504,935.60546875,0.19774988537682733,4731.256693105704,0.6066635939778677
193,model.layers.11,60821504,801.84326171875,0.16874981085776478,4751.669099022604,0.6092809669801245
193,model.layers.12,60821504,700.875,0.1476089771762451,4748.186820393419,0.60883445312441
193,model.layers.13,60821504,662.483154296875,0.1414995657775171,4681.874114995603,0.6003315316402182
193,model.layers.14,60821504,638.990234375,0.13835911508890217,4618.3457733479945,0.5921856341412404
193,model.layers.15,60821504,833.39306640625,0.20392324208094847,4086.797845610114,0.5240281028276575
193,model.norm,2048,0.059814453125,0.0017268773387556606,34.63734903609345,0.7653845120545938
193,__whole_model__,1235814400,13841.63623046875,0.9954140761323363,13905.405360802391,0.39555513604126236
194,model.embed_tokens,262668288,352.0,0.23086867144306117,1524.6763356838273,0.09407491573334642
194,model.layers.0,60821504,809.5810546875,0.26297246581351774,3078.577265429758,0.3947494015502672
194,model.layers.1,60821504,766.357421875,0.5799987824300594,1321.308673552971,0.16942430323424132
194,model.layers.2,60821504,770.19775390625,0.17816477071398842,4322.952011330367,0.5543088811074449
194,model.layers.3,60821504,853.458984375,0.18644992932297327,4577.416507874437,0.5869374946084087
194,model.layers.4,60821504,910.65625,0.1963094850288918,4638.880540417975,0.5948186968559154
194,model.layers.5,60821504,961.0810546875,0.21336077325982652,4504.488055623582,0.5775862714946391
194,model.layers.6,60821504,1009.52734375,0.22311414943117508,4524.712333681074,0.5801795218735172
194,model.layers.7,60821504,1010.404296875,0.232031204388786,4354.605233104727,0.5583676034571736
194,model.layers.8,60821504,1074.65869140625,0.2366414488972353,4541.295265111967,0.5823058619630781
194,model.layers.9,60821504,1039.73193359375,0.22880862560448925,4544.111616626705,0.5826669875672597
194,model.layers.10,60821504,952.98193359375,0.20075140079667003,4747.074888702633,0.6086918761053333
194,model.layers.11,60821504,820.07958984375,0.17300880740081176,4740.103132113159,0.6077979252624055
194,model.layers.12,60821504,698.9326171875,0.14713975839204968,4750.127530624415,0.6090832999572866
194,model.layers.13,60821504,665.6728515625,0.14356231013329845,4636.821815868098,0.5945547176817862
194,model.layers.14,60821504,646.29833984375,0.14071490732438138,4592.9628362251515,0.588930916661401
194,model.layers.15,60821504,859.5791015625,0.2152343794555587,3993.6886650581987,0.5120892134860013
194,model.norm,2048,0.060302734375,0.0017233014963953007,34.99256195223973,0.7732336827349715
194,__whole_model__,1235814400,14201.259521484375,1.000006910342106,14201.16138660089,0.403968253960825
195,model.embed_tokens,262668288,328.0,0.21937040498056473,1495.1880133013356,0.09225544009886268
195,model.layers.0,60821504,821.197265625,0.2721701706833299,3017.2199384056066,0.3868818815774896
195,model.layers.1,60821504,754.41845703125,0.6003471249512146,1256.6370782446165,0.16113181246847513
195,model.layers.2,60821504,736.68505859375,0.16842077051685472,4374.074862221499,0.5608640892620145
195,model.layers.3,60821504,803.46435546875,0.17894035928906102,4490.123741010435,0.5757444127045762
195,model.layers.4,60821504,863.65380859375,0.18924200786920878,4563.753145076799,0.5851855150988807
195,model.layers.5,60821504,914.01123046875,0.20622559458976988,4432.094048689391,0.5683035774287786
195,model.layers.6,60821504,977.01171875,0.21810254189149234,4479.598038046117,0.5743947584364445
195,model.layers.7,60821504,997.89892578125,0.23251409414526708,4291.77822294848,0.5503116339225227
195,model.layers.8,60821504,1042.89013671875,0.2338569711404218,4459.521269060378,0.5718204223523128
195,model.layers.9,60821504,993.462890625,0.22538506768239314,4407.846983123844,0.5651945066483143
195,model.layers.10,60821504,910.59814453125,0.19326085403067894,4711.756807132283,0.6041632284990653
195,model.layers.11,60821504,782.631103515625,0.16638702238729908,4703.678762240811,0.6031274242584465
195,model.layers.12,60821504,680.125,0.14516808797754757,4685.086160983202,0.6007433950180177
195,model.layers.13,60821504,652.931396484375,0.14143424019102602,4616.501602458521,0.5919491660287942
195,model.layers.14,60821504,630.42529296875,0.1393888828870356,4522.780295754742,0.579931787043615
195,model.layers.15,60821504,817.02392578125,0.2041352092668037,4002.3665134288703,0.5132019273001173
195,model.norm,2048,0.056640625,0.0016428526602093737,34.47699624674889,0.7618411825318525
195,__whole_model__,1235814400,13706.4853515625,0.9978363508533274,13736.205681263284,0.39074205792367717
196,model.embed_tokens,262668288,312.0,0.21742305880027943,1434.9903902630545,0.08854115255983944
196,model.layers.0,60821504,797.505859375,0.2532152317542497,3149.5177199647883,0.40384571441136347
196,model.layers.1,60821504,740.72998046875,0.6098530480810106,1214.6040473185503,0.15574214302937067
196,model.layers.2,60821504,742.06298828125,0.17715354914227374,4188.812427829442,0.5371088839185484
196,model.layers.3,60821504,822.60302734375,0.18565714977230904,4430.764063504125,0.5681330405831228
196,model.layers.4,60821504,878.0478515625,0.1947453347617985,4508.697744346372,0.5781260572335565
196,model.layers.5,60821504,917.66796875,0.2057928934917518,4459.18201148564,0.5717769211785392
196,model.layers.6,60821504,961.8291015625,0.21342750197028165,4506.584637327706,0.5778551048880048
196,model.layers.7,60821504,974.46337890625,0.22386209736470472,4352.962785471915,0.5581570012327595
196,model.layers.8,60821504,1033.70458984375,0.22898235198082884,4514.341742503786,0.5788497567554131
196,model.layers.9,60821504,1005.8388671875,0.22180230848845184,4534.843997080711,0.5814786505680044
196,model.layers.10,60821504,918.59814453125,0.1928204026502535,4764.009056642442,0.6108632533629569
196,model.layers.11,60821504,799.831787109375,0.1659736914329897,4819.027522999327,0.61791797533225
196,model.layers.12,60821504,696.07373046875,0.14473922886205107,4809.157378696332,0.6166523798246843
196,model.layers.13,60821504,665.917724609375,0.14100599725205198,4722.619871401847,0.6055561407925347
196,model.layers.14,60821504,646.237060546875,0.1390002218175324,4649.180066742625,0.5961393497102587
196,model.layers.15,60821504,820.197509765625,0.2006949449391489,4086.7870888044063,0.5240267235403279
196,model.norm,2048,0.05615234375,0.0016001487048222665,35.091953379568565,0.7754299437429722
196,__whole_model__,1235814400,13733.36572265625,0.9959396615407653,13789.35517178831,0.3922539558805978
197,model.embed_tokens,262668288,330.0,0.22621032045491346,1458.8193824948544,0.09001143866827552
197,model.layers.0,60821504,839.6142578125,0.28603200410768914,2935.385711231079,0.37638871885384306
197,model.layers.1,60821504,781.61474609375,0.6000718823559078,1302.5351946588419,0.16701708102751214
197,model.layers.2,60821504,757.318359375,0.1753181042988454,4319.681429386683,0.5538895119788905
197,model.layers.3,60821504,828.78515625,0.18070451603311855,4586.410868105281,0.58809079303568
197,model.layers.4,60821504,868.95849609375,0.18593969473096758,4673.335068937425,0.5992366156999468
197,model.layers.5,60821504,911.3330078125,0.20229606669815844,4504.9467480367775,0.577645087155249
197,model.layers.6,60821504,956.0693359375,0.2095359799482052,4562.793159312444,0.5850624212885575
197,model.layers.7,60821504,965.64501953125,0.22077489398405375,4373.889630770232,0.5608403380294705
197,model.layers.8,60821504,1029.01220703125,0.22657971687587192,4541.501866184156,0.5823323533071552
197,model.layers.9,60821504,1003.02490234375,0.220952368402865,4539.552617580107,0.5820824116446341
197,model.layers.10,60821504,919.28125,0.19358680704512735,4748.677164687699,0.6088973273354601
197,model.layers.11,60821504,798.322998046875,0.16850224002542874,4737.758963479653,0.6074973451289781
197,model.layers.12,60821504,694.364013671875,0.1451829578256284,4782.682651402095,0.6132576679644485
197,model.layers.13,60821504,665.484619140625,0.14116764125137832,4714.14421351414,0.6044693527763664
197,model.layers.14,60821504,643.2431640625,0.1410451226204212,4560.54879539215,0.5847746385766062
197,model.layers.15,60821504,839.075439453125,0.20751027996026594,4043.5367328008574,0.5184809630551339
197,model.norm,2048,0.057861328125,0.001672227259115367,34.60135445681558,0.7645891367079268
197,__whole_model__,1235814400,13831.204833984375,0.997294839567687,13868.721951855285,0.394511634579778
198,model.embed_tokens,262668288,338.0,0.23522684742144004,1436.9108105862945,0.0886596454988673
198,model.layers.0,60821504,820.4033203125,0.2672456001222632,3069.8478101685137,0.3936300704621924
198,model.layers.1,60821504,770.72705078125,0.5781379323186154,1333.1196721347414,0.17093876404515557
198,model.layers.2,60821504,752.21240234375,0.18242431459453873,4123.421836697799,0.5287242001861976
198,model.layers.3,60821504,844.0166015625,0.18681675431642036,4517.884943729133,0.5793040823879004
198,model.layers.4,60821504,892.97216796875,0.1943616961846531,4594.383489637706,0.5891130794060927
198,model.layers.5,60821504,948.89697265625,0.2102366925654597,4513.469847138123,0.5787379583030322
198,model.layers.6,60821504,1008.0234375,0.2217361587872083,4546.048975563618,0.5829154046817244
198,model.layers.7,60821504,1020.4775390625,0.23298268098592606,4380.057499313199,0.5616312106327075
198,model.layers.8,60821504,1081.0234375,0.23911389524862642,4520.9561593063045,0.5796978878397676
198,model.layers.9,60821504,1044.30029296875,0.22826640751683108,4574.918860506223,0.586617234722468
198,model.layers.10,60821504,954.36376953125,0.20095543257481438,4749.131473098876,0.6089555808590748
198,model.layers.11,60821504,827.886962890625,0.17359780033875943,4768.994545294256,0.6115025157533599
198,model.layers.12,60821504,723.001220703125,0.1510808214845825,4785.526141561958,0.6136222734111022
198,model.layers.13,60821504,694.236328125,0.1486046704953098,4671.699252863733,0.5990268638046843
198,model.layers.14,60821504,668.120849609375,0.1457392378768981,4584.358058560168,0.5878275723107919
198,model.layers.15,60821504,864.89599609375,0.2170560423119851,3984.666756480307,0.5109323826823844
198,model.norm,2048,0.059814453125,0.0017227388092145898,34.72055822105144,0.7672231926464939
198,__whole_model__,1235814400,14253.6181640625,1.003824457030952,14199.313499713828,0.40391568870795846
199,model.embed_tokens,262668288,350.0,0.24104048231345507,1452.0382495121764,0.08959303215209126
199,model.layers.0,60821504,782.546875,0.24517516952767682,3191.7868212656076,0.4092656538846827
199,model.layers.1,60821504,733.33935546875,0.5917153349035449,1239.3448542081323,0.15891452360373637
199,model.layers.2,60821504,718.91748046875,0.17124533853204185,4198.172555419561,0.5383090827266553
199,model.layers.3,60821504,802.6357421875,0.18059242244905485,4444.4596916236815,0.5698891573013093
199,model.layers.4,60821504,855.57861328125,0.1882721294070658,4544.3721063535195,0.5827003887636255
199,model.layers.5,60821504,917.76318359375,0.20761751095526243,4420.451720912453,0.5668107443678041
199,model.layers.6,60821504,979.77001953125,0.21875148624857632,4478.918229693292,0.5743075902683885
199,model.layers.7,60821504,1000.78515625,0.2330056746697464,4295.110656289706,0.5507389339230543
199,model.layers.8,60821504,1060.6455078125,0.23705768063332025,4474.2085764903,0.573703696773732
199,model.layers.9,60821504,1028.85205078125,0.23098102306681914,4454.2709055523555,0.5711471964839915
199,model.layers.10,60821504,944.98388671875,0.2028617287420003,4658.265965585757,0.5973043856413521
199,model.layers.11,60821504,806.324462890625,0.1719133559300188,4690.295634847926,0.6014113778273446
199,model.layers.12,60821504,698.4931640625,0.14919251700035774,4681.824384401431,0.6003251549536532
199,model.layers.13,60821504,663.87109375,0.1449176483198849,4581.023094472247,0.5873999478062257
199,model.layers.14,60821504,650.23828125,0.14372555286473976,4524.166150621385,0.5801094877579631
199,model.layers.15,60821504,868.3388671875,0.2216628560179116,3917.385541208281,0.5023052743871183
199,model.norm,2048,0.06298828125,0.001837551987226426,34.278366918518365,0.7574520530026547
199,__whole_model__,1235814400,13863.146728515625,1.002138868559359,13833.558565036816,0.39351137188367136
200,model.embed_tokens,262668288,316.0,0.22388701171909076,1411.4262259951133,0.08708720675117768
200,model.layers.0,60821504,834.943359375,0.27472346573563233,3039.213840504145,0.3897020413274646
200,model.layers.1,60821504,770.2470703125,0.6031640561499784,1277.0108935685253,0.16374423720659062
200,model.layers.2,60821504,746.322265625,0.17822755881769672,4187.468372320519,0.5369365429109811
200,model.layers.3,60821504,810.4130859375,0.18737529149357224,4325.07978761597,0.5545817144141826
200,model.layers.4,60821504,845.5146484375,0.19069766271210972,4433.796599352909,0.568521886341496
200,model.layers.5,60821504,889.822265625,0.20015922981173392,4445.5719901697785,0.570031781360269
200,model.layers.6,60821504,949.3203125,0.21172915256768227,4483.65423933077,0.5749148633068548
200,model.layers.7,60821504,974.716796875,0.22646664483121964,4304.019241338759,0.5518812338601918
200,model.layers.8,60821504,1034.201171875,0.23217476561303074,4454.408165953397,0.5711647966468252
200,model.layers.9,60821504,995.5224609375,0.22609327697438478,4403.149329602966,0.5645921518083429
200,model.layers.10,60821504,911.41162109375,0.1947212411089445,4680.596815751727,0.600167750429403
200,model.layers.11,60821504,789.20263671875,0.16746624878385197,4712.607122031919,0.6042722598043796
200,model.layers.12,60821504,682.182861328125,0.1458052873835833,4678.72512423671,0.5999277534951903
200,model.layers.13,60821504,651.36767578125,0.1422956779388173,4577.564724497941,0.5869564996287098
200,model.layers.14,60821504,622.47802734375,0.13663385773594294,4555.810965586173,0.5841671321477249
200,model.layers.15,60821504,806.830322265625,0.20356995097956335,3963.4057894262783,0.5082062032503453
200,model.norm,2048,0.05810546875,0.0017021153711601676,34.13720934227573,0.7543328817721229
200,__whole_model__,1235814400,13630.5546875,1.0007146355867416,13620.82076426123,0.3874598021851631
201,model.embed_tokens,262668288,336.0,0.2444133608434408,1374.7202642298473,0.08482239147257621
201,model.layers.0,60821504,838.43359375,0.2699692774194212,3105.662991598185,0.398222458509274
201,model.layers.1,60821504,775.86328125,0.5625088596916166,1379.2907753939207,0.17685903623878926
201,model.layers.2,60821504,779.01123046875,0.18259832529269587,4266.256162098061,0.5470390773555118
201,model.layers.3,60821504,860.78466796875,0.18910624244920082,4551.85749989179,0.5836602005093893
201,model.layers.4,60821504,896.978515625,0.19688727368541045,4555.797329278917,0.5841653836374019
201,model.layers.5,60821504,951.267578125,0.21168457284017386,4493.797376737634,0.5762154632515643
201,model.layers.6,60821504,999.71142578125,0.22130331564310754,4517.381146667813,0.579239483200902
201,model.layers.7,60821504,1004.27587890625,0.22716704741200303,4420.869533444427,0.5668643182211581
201,model.layers.8,60821504,1073.76806640625,0.235414079201568,4561.18882119561,0.5848567056423674
201,model.layers.9,60821504,1037.3466796875,0.22544297615711487,4601.370587676044,0.5900089974004791
201,model.layers.10,60821504,949.474609375,0.20098370024772108,4724.137371362611,0.6057507216491177
201,model.layers.11,60821504,811.02978515625,0.17077790347007152,4749.032331916297,0.6089428685185623
201,model.layers.12,60821504,697.30224609375,0.14761397385497682,4723.822737668547,0.6057103778630988
201,model.layers.13,60821504,670.041748046875,0.14333405929746915,4674.686193435016,0.5994098631259035
201,model.layers.14,60821504,657.1142578125,0.145144014549886,4527.3259104091385,0.58051464675763
201,model.layers.15,60821504,882.97998046875,0.22411610150916192,3939.832856822443,0.5051835729130651
201,model.norm,2048,0.06298828125,0.0018351689944647131,34.32287786028806,0.7584356151514783
201,__whole_model__,1235814400,14221.446533203125,0.9958576213456893,14280.602194906005,0.4062280384777824
202,model.embed_tokens,262668288,348.0,0.2342164059344178,1485.805396985907,0.09167651799023273
202,model.layers.0,60821504,825.447265625,0.26456137165302496,3120.059668830198,0.4000684669838595
202,model.layers.1,60821504,780.30810546875,0.5732739944281051,1361.1433852798102,0.1745320940282794
202,model.layers.2,60821504,763.70068359375,0.17592474978274936,4341.0644865878685,0.556631346373716
202,model.layers.3,60821504,823.7021484375,0.17985171207187395,4579.896065200229,0.5872554349055249
202,model.layers.4,60821504,874.1533203125,0.18636920085581832,4690.43874362468,0.6014297278959345
202,model.layers.5,60821504,943.2001953125,0.20874022959747854,4518.5357759321605,0.5793875351001452
202,model.layers.6,60821504,1019.90087890625,0.22412177098686858,4550.655094395121,0.5835060225208876
202,model.layers.7,60821504,1048.0966796875,0.23906249511504565,4384.195351023662,0.5621617850979812
202,model.layers.8,60821504,1108.29052734375,0.24324345727296953,4556.301492212465,0.584230029738228
202,model.layers.9,60821504,1069.79541015625,0.23324629858562831,4586.5482824093415,0.5881084129326699
202,model.layers.10,60821504,988.62060546875,0.20860348503908957,4739.2334087011795,0.6076864053079616
202,model.layers.11,60821504,845.03564453125,0.1777974067471774,4752.800729725296,0.6094260698975272
202,model.layers.12,60821504,725.31689453125,0.15285566066546039,4745.109807340908,0.6084399042934676
202,model.layers.13,60821504,683.4296875,0.14782760351592447,4623.153397913122,0.592802089976627
202,model.layers.14,60821504,659.98974609375,0.14560252067020196,4532.818134300467,0.5812188850818154
202,model.layers.15,60821504,863.52001953125,0.21793235842357433,3962.3304486656752,0.5080683180894051
202,model.norm,2048,0.060302734375,0.0017465440520971535,34.52689000463047,0.7629436892361321
202,__whole_model__,1235814400,14370.568115234375,1.002542137690238,14334.128786190277,0.4077506634964645
203,model.embed_tokens,262668288,326.0,0.23257872153741604,1401.67594801898,0.08648559934276331
203,model.layers.0,60821504,814.7265625,0.26438865620588875,3081.548861406307,0.39513043331664977
203,model.layers.1,60821504,755.4755859375,0.5863331915356644,1288.47487545236,0.1652142019331037
203,model.layers.2,60821504,743.15087890625,0.1789289792571869,4153.328778778022,0.5325590064848525
203,model.layers.3,60821504,827.02099609375,0.18514975666153177,4466.767934270683,0.5727496232488198
203,model.layers.4,60821504,886.5830078125,0.19103723603830075,4640.891096407772,0.5950764996347081
203,model.layers.5,60821504,935.017578125,0.20749772904520172,4506.15812725986,0.5778004157964144
203,model.layers.6,60821504,990.95947265625,0.2171932332517083,4562.570655724863,0.5850338908504794
203,model.layers.7,60821504,1010.7236328125,0.22960749366306957,4401.962743845178,0.5644400022998558
203,model.layers.8,60821504,1076.14697265625,0.23659885754007673,4548.403081253107,0.5832172589903841
203,model.layers.9,60821504,1041.1005859375,0.23001856577566268,4526.1589316789605,0.5803650113528172
203,model.layers.10,60821504,950.2333984375,0.20174808355630858,4709.999627690573,0.6039379148319957
203,model.layers.11,60821504,812.33984375,0.17249003785075956,4709.488465953298,0.6038723713122177
203,model.layers.12,60821504,699.24755859375,0.14896199930922793,4694.133818264568,0.6019035274393661
203,model.layers.13,60821504,661.925048828125,0.1425544383511781,4643.314206727782,0.5953872020359292
203,model.layers.14,60821504,639.6220703125,0.1410835278224962,4533.64102942789,0.5813244004972434
203,model.layers.15,60821504,840.2685546875,0.21095588762599823,3983.1481554911825,0.5107376606468578
203,model.norm,2048,0.060546875,0.0017618126382321821,34.3662394548113,0.7593937800743046
203,__whole_model__,1235814400,14010.602294921875,0.9998920148730478,14012.11539498167,0.3985906248308044
204,model.embed_tokens,262668288,308.0,0.22845130406431424,1348.2085438798415,0.08318657684129956
204,model.layers.0,60821504,885.8603515625,0.27560830873601083,3214.2004558034355,0.41213963366739864
204,model.layers.1,60821504,812.70068359375,0.6164969246359536,1318.255860033132,0.1690328573791922
204,model.layers.2,60821504,766.5576171875,0.18614834812657075,4117.993121627287,0.5280281052564598
204,model.layers.3,60821504,819.0927734375,0.18155867439110707,4511.449404356414,0.5784788877940986
204,model.layers.4,60821504,858.8798828125,0.1836018103406847,4677.948878710915,0.5998282197072277
204,model.layers.5,60821504,896.38720703125,0.19807321321899518,4525.534737704183,0.5802849743172808
204,model.layers.6,60821504,942.3828125,0.20774969631437748,4536.14531919189,0.5816455121018629
204,model.layers.7,60821504,949.39599609375,0.2177115254000837,4360.798053061572,0.5591616754459862
204,model.layers.8,60821504,1012.57177734375,0.22374150300492213,4525.632320086248,0.580297486781189
204,model.layers.9,60821504,998.95947265625,0.22034153838089895,4533.686566757891,0.5813302395041016
204,model.layers.10,60821504,924.79150390625,0.19254006437633137,4803.112053077371,0.6158772202413731
204,model.layers.11,60821504,805.331298828125,0.16680562437806049,4827.962497252869,0.6190636590151186
204,model.layers.12,60821504,703.5634765625,0.144985517423997,4852.646588865786,0.622228767294657
204,model.layers.13,60821504,669.482177734375,0.1407442769826339,4756.727535123726,0.6099295830295317
204,model.layers.14,60821504,638.30810546875,0.13715458142050946,4653.932073269412,0.596748673943786
204,model.layers.15,60821504,812.9609375,0.2008304272917271,4047.9968521855985,0.5190528601706423
204,model.norm,2048,0.056884765625,0.0016405406930730699,34.674400863804934,0.7662032495117859
204,__whole_model__,1235814400,13805.282958984375,1.0014075855860756,13785.878155601156,0.39215504818425667
205,model.embed_tokens,262668288,354.0,0.2296950073053324,1541.1741167252694,0.09509285463941906
205,model.layers.0,60821504,883.5185546875,0.27395678168043175,3225.0289599259377,0.41352811449912646
205,model.layers.1,60821504,821.8193359375,0.5915785709267979,1389.1972703642643,0.1781292927968809
205,model.layers.2,60821504,785.88720703125,0.18113509825909674,4338.6798836032995,0.5563255815609683
205,model.layers.3,60821504,847.92236328125,0.18720230014771572,4529.44415005681,0.5807862572325879
205,model.layers.4,60821504,893.46484375,0.1909852394713282,4678.187938624084,0.5998588730738715
205,model.layers.5,60821504,936.07177734375,0.20590925456792258,4546.040338536465,0.5829142972021953
205,model.layers.6,60821504,989.95556640625,0.21623832868145845,4578.0762940716095,0.5870220954431546
205,model.layers.7,60821504,1004.7216796875,0.2279470617785851,4407.697435746857,0.5651753309926528
205,model.layers.8,60821504,1064.77392578125,0.2339630545134113,4551.03446993258,0.5835546678052065
205,model.layers.9,60821504,1030.0927734375,0.22522385734052894,4573.639691642628,0.5864532137803737
205,model.layers.10,60821504,945.85791015625,0.19944722028256376,4742.397055302252,0.608092062692791
205,model.layers.11,60821504,821.140625,0.16976982361997434,4836.787878381164,0.6201952901610924
205,model.layers.12,60821504,718.93994140625,0.1492971963121123,4815.495261567235,0.617465052450601
205,model.layers.13,60821504,689.685791015625,0.14570120300893624,4733.562776234076,0.6069592906118526
205,model.layers.14,60821504,661.6787109375,0.14172647565858024,4668.702215748927,0.5986425698580037
205,model.layers.15,60821504,849.82421875,0.20716018168747785,4102.25658148942,0.5260102933692445
205,model.norm,2048,0.05859375,0.0016851042644388263,34.77158727594396,0.7683507861074951
205,__whole_model__,1235814400,14299.413818359375,1.0019048642421935,14272.22716317977,0.4059898011356939
206,model.embed_tokens,262668288,304.0,0.22064525554491166,1377.7771892227329,0.08501100852812975
206,model.layers.0,60821504,920.3232421875,0.28787417760880163,3196.9635131294995,0.40992943323439357
206,model.layers.1,60821504,859.26025390625,0.6288445931513199,1366.4111344271107,0.1752075491635994
206,model.layers.2,60821504,814.27197265625,0.18700436511824214,4354.293933948488,0.5583276872410018
206,model.layers.3,60821504,842.111328125,0.1898003506451811,4436.8270409535235,0.5689104635656927
206,model.layers.4,60821504,851.7763671875,0.18869103626798722,4514.132647921707,0.5788229456819767
206,model.layers.5,60821504,869.88916015625,0.19293198262874062,4508.786714902419,0.5781374654493416
206,model.layers.6,60821504,896.24609375,0.19829433519862846,4519.776587930481,0.579546637747746
206,model.layers.7,60821504,906.9990234375,0.21447634594962303,4228.900018888513,0.5422491000689952
206,model.layers.8,60821504,966.5546875,0.21505284973036243,4494.498392892192,0.5763053507819492
206,model.layers.9,60821504,941.26953125,0.20882593953573575,4507.435873831772,0.5779642543656975
206,model.layers.10,60821504,865.706298828125,0.18131784850578564,4774.523335470205,0.6122114427755142
206,model.layers.11,60821504,750.3759765625,0.15643754776421073,4796.648805141706,0.615048472727603
206,model.layers.12,60821504,652.850341796875,0.13529649367565408,4825.330827581914,0.6187262141702699
206,model.layers.13,60821504,622.901611328125,0.13126543147737765,4745.359111819749,0.6084718712656569
206,model.layers.14,60821504,604.29541015625,0.13010897995110554,4644.532686239965,0.5955434411089702
206,model.layers.15,60821504,781.68310546875,0.1904198595628333,4105.050320188983,0.5263685194537818
206,model.norm,2048,0.055419921875,0.0015654471673382938,35.4019752510905,0.782280523982638
206,__whole_model__,1235814400,13450.56982421875,0.9960296918360529,13504.185602564066,0.38414198180846515
207,model.embed_tokens,262668288,320.0,0.2389901980600694,1338.9670480107684,0.08261636208503577
207,model.layers.0,60821504,809.1181640625,0.2638626359835054,3066.437053683795,0.3931927275063096
207,model.layers.1,60821504,765.97607421875,0.5936836431747279,1290.2091594147466,0.16543657983602594
207,model.layers.2,60821504,758.2548828125,0.18091906594395735,4191.1275567130215,0.537405740441062
207,model.layers.3,60821504,819.76806640625,0.1833018372758582,4472.230494736114,0.5734500579914767
207,model.layers.4,60821504,869.65576171875,0.18905378681241336,4600.044127027494,0.589838912487206
207,model.layers.5,60821504,929.8837890625,0.20688304088212575,4494.731830591726,0.5763352832423831
207,model.layers.6,60821504,968.45751953125,0.21464568673547516,4511.88903099067,0.5785352587524394
207,model.layers.7,60821504,983.328125,0.2254980873914495,4360.693859425107,0.5591483152564917
207,model.layers.8,60821504,1046.328125,0.2338658054935022,4474.053497440743,0.5736838118214546
207,model.layers.9,60821504,1001.587890625,0.22356437190130907,4480.087243360691,0.574457486602254
207,model.layers.10,60821504,919.97509765625,0.19734555164399223,4661.747325908153,0.597750781747527
207,model.layers.11,60821504,791.6416015625,0.16739061630147456,4729.306929229141,0.6064135862447241
207,model.layers.12,60821504,688.3134765625,0.14454084212487509,4762.069090256415,0.6106145019093191
207,model.layers.13,60821504,655.48388671875,0.14043005177929319,4667.6895608422965,0.5985127225668999
207,model.layers.14,60821504,641.365966796875,0.1426057032834252,4497.477674663379,0.5766873680564326
207,model.layers.15,60821504,855.9775390625,0.2208151817316629,3876.4433330616444,0.4970554752849426
207,model.norm,2048,0.059814453125,0.0017411099471161277,34.35420791436701,0.7591279180794209
207,__whole_model__,1235814400,13825.17578125,1.0011723010192177,13808.987491139773,0.3928124196254782
208,model.embed_tokens,262668288,316.0,0.23241291509716483,1359.6490533578562,0.08389247417826327
208,model.layers.0,60821504,936.5458984375,0.29762869258970226,3146.692243575389,0.4034834187735913
208,model.layers.1,60821504,849.40234375,0.5983696752010992,1419.5277250046706,0.18201840383284393
208,model.layers.2,60821504,821.72607421875,0.18892633316531277,4349.452299482942,0.5577068704990408
208,model.layers.3,60821504,884.669921875,0.19470000380759436,4543.759140083248,0.5826217913962386
208,model.layers.4,60821504,904.666015625,0.19762925939465506,4577.5914882038305,0.5869599313947408
208,model.layers.5,60821504,930.88818359375,0.2032102705883275,4580.911097154067,0.5873855869926046
208,model.layers.6,60821504,968.6416015625,0.21026277673988383,4606.8144660755,0.5907070366423162
208,model.layers.7,60821504,972.7080078125,0.21603553004943762,4502.537187239086,0.5773361221363851
208,model.layers.8,60821504,1029.080078125,0.22290086480539537,4616.761263010097,0.5919824609044797
208,model.layers.9,60821504,1004.71337890625,0.21919271925196404,4583.698684586885,0.587743024333298
208,model.layers.10,60821504,930.038818359375,0.193684119071313,4801.83312301894,0.6157132299199803
208,model.layers.11,60821504,801.142578125,0.16596916963604616,4827.0566146822675,0.6189475025662825
208,model.layers.12,60821504,693.36376953125,0.1435200717208559,4831.1275295335045,0.6194694940781843
208,model.layers.13,60821504,654.422119140625,0.13736093275562752,4764.252149516756,0.6108944238545129
208,model.layers.14,60821504,626.541015625,0.13563844979195402,4619.199176826378,0.5922950614783924
208,model.layers.15,60821504,801.82177734375,0.1989161429984358,4030.953774073808,0.5168675179475474
208,model.norm,2048,0.057861328125,0.0016623046701046318,34.80789602868528,0.7691531037724891
208,__whole_model__,1235814400,14126.429443359375,1.002847651751255,14086.31651945402,0.40070136055720107
209,model.embed_tokens,262668288,298.0,0.2181455230348802,1366.0605812769834,0.08428807548366646
209,model.layers.0,60821504,805.1025390625,0.2615016306432953,3078.7668018816703,0.39477370478988527
209,model.layers.1,60821504,749.66162109375,0.6318450327660671,1186.4643737277001,0.15213394406209307
209,model.layers.2,60821504,747.0029296875,0.1804336404684274,4140.042443017781,0.5308553711241144
209,model.layers.3,60821504,812.70263671875,0.19306816946349017,4209.407687332089,0.5397497032524453
209,model.layers.4,60821504,832.90576171875,0.19243569166626162,4328.229106081039,0.5549855345792105
209,model.layers.5,60821504,874.0625,0.19888617585883697,4394.787602635497,0.5635199725411858
209,model.layers.6,60821504,922.703125,0.2098635081958104,4396.682076519392,0.5637628907360018
209,model.layers.7,60821504,923.9580078125,0.2161624222340271,4274.369237092383,0.5480793733177748
209,model.layers.8,60821504,981.69140625,0.21902046864044059,4482.190237030374,0.5747271421674703
209,model.layers.9,60821504,953.9521484375,0.215797249872917,4420.594558083027,0.5668290596097946
209,model.layers.10,60821504,873.89990234375,0.18522873965268236,4717.949838574604,0.6049573276055229
209,model.layers.11,60821504,752.880615234375,0.15890953742514097,4737.793762624485,0.6075018072361181
209,model.layers.12,60821504,652.050537109375,0.13846006729973742,4709.303915747927,0.6038487074321702
209,model.layers.13,60821504,608.03564453125,0.1359815482393921,4471.456991067777,0.5733508757771462
209,model.layers.14,60821504,576.999267578125,0.13040353711026598,4424.720988129554,0.5673581695365446
209,model.layers.15,60821504,759.338623046875,0.2001984205582581,3792.930138656644,0.486347027625331
209,model.norm,2048,0.05712890625,0.0016683144115089,34.24348903054191,0.7566813532807293
209,__whole_model__,1235814400,13125.00439453125,1.000617917217421,13116.899236653746,0.37312517883295354
210,model.embed_tokens,262668288,328.0,0.22598812037446686,1451.4037262511738,0.089553881073982
210,model.layers.0,60821504,887.7783203125,0.2776494806319349,3197.478771766119,0.40999550207753516
210,model.layers.1,60821504,823.24462890625,0.5891187041844912,1397.417231975101,0.17918329425498325
210,model.layers.2,60821504,793.26953125,0.18369442540522846,4318.4191871911935,0.5537276614523905
210,model.layers.3,60821504,855.89892578125,0.1895438613788228,4515.571855269153,0.5790074874979287
210,model.layers.4,60821504,900.79345703125,0.19378893180655982,4648.322526130762,0.5960293918907363
210,model.layers.5,60821504,959.7724609375,0.21406982780772343,4483.45509858383,0.5748893285601515
210,model.layers.6,60821504,1011.40478515625,0.22262513925886454,4543.084345834845,0.5825352661598192
210,model.layers.7,60821504,1023.92041015625,0.2342721247337684,4370.645510300698,0.5604243619133971
210,model.layers.8,60821504,1071.33984375,0.23812479354133692,4499.068861403642,0.5768913973723528
210,model.layers.9,60821504,1015.77978515625,0.2238704129593846,4537.356105831353,0.5818007647592187
210,model.layers.10,60821504,927.794921875,0.19499780914046075,4757.976132986659,0.6100896840166679
210,model.layers.11,60821504,789.89111328125,0.1653103864872324,4778.230394750523,0.6126867790449168
210,model.layers.12,60821504,683.37060546875,0.14554253634112016,4695.332530601758,0.6020572318738951
210,model.layers.13,60821504,646.166015625,0.14001802345786768,4614.877425543973,0.5917409065602958
210,model.layers.14,60821504,626.104736328125,0.137019769162083,4569.448190994214,0.5859157602003909
210,model.layers.15,60821504,810.526123046875,0.20226480134266694,4007.2524614587887,0.513828426132053
210,model.norm,2048,0.05810546875,0.001676288594792206,34.66316535858958,0.7659549775765412
210,__whole_model__,1235814400,14155.11376953125,1.0026792379295415,14117.290190191345,0.40158244199454896
211,model.embed_tokens,262668288,330.0,0.23132696224230903,1426.552256603506,0.08802050650900879
211,model.layers.0,60821504,774.5009765625,0.24041434590829205,3221.5256275011952,0.4130789010284665
211,model.layers.1,60821504,733.27197265625,0.6010746492327115,1219.934950828973,0.15642569610893511
211,model.layers.2,60821504,729.25341796875,0.17123618066900492,4258.757787750346,0.5460776011503834
211,model.layers.3,60821504,808.38720703125,0.17926065484064566,4509.56294759644,0.5782369975919548
211,model.layers.4,60821504,870.71484375,0.18936331266522502,4598.117932639544,0.5895919269427952
211,model.layers.5,60821504,942.5751953125,0.20933843878407563,4502.637933039757,0.5773490402284432
211,model.layers.6,60821504,1007.58251953125,0.22243549383545103,4529.774012939768,0.5808285537755734
211,model.layers.7,60821504,1019.03857421875,0.2320441245154553,4391.57240609588,0.5631077051850494
211,model.layers.8,60821504,1084.77392578125,0.23810961436269526,4555.775409089076,0.5841625729293781
211,model.layers.9,60821504,1046.2138671875,0.23019219276712174,4544.958083117623,0.5827755254118265
211,model.layers.10,60821504,961.7314453125,0.20247454771717188,4749.888102755029,0.6090525994095967
211,model.layers.11,60821504,835.45751953125,0.1753286208312584,4765.094914739104,0.611002487105322
211,model.layers.12,60821504,721.43994140625,0.15150419200833054,4761.848050822126,0.6105861592117412
211,model.layers.13,60821504,676.79736328125,0.14336929476247118,4720.657686170126,0.6053045403358399
211,model.layers.14,60821504,653.7431640625,0.14342492204046028,4558.086243045533,0.5844588787364913
211,model.layers.15,60821504,846.45556640625,0.21256775164080585,3982.0507102910856,0.510596941152552
211,model.norm,2048,0.0615234375,0.0017531795348765592,35.092491257224175,0.7754418292722765
211,__whole_model__,1235814400,14041.9990234375,1.003867045720211,13987.9071469701,0.3979019935692857
212,model.embed_tokens,262668288,332.0,0.21993125705796493,1509.5625989738162,0.09314237452828299
212,model.layers.0,60821504,824.626953125,0.25719343872043715,3206.2519060657255,0.41112043389372804
212,model.layers.1,60821504,756.4736328125,0.6049235337070514,1250.527695916754,0.16034843923797454
212,model.layers.2,60821504,751.93017578125,0.18028001433323376,4170.901464381764,0.5348122574276187
212,model.layers.3,60821504,835.02734375,0.18788242955591178,4444.414231409036,0.5698833281825383
212,model.layers.4,60821504,887.0244140625,0.1971882261033343,4498.363982429989,0.5768010145334553
212,model.layers.5,60821504,935.646484375,0.20997233527942785,4456.046474550357,0.571374868144938
212,model.layers.6,60821504,981.01416015625,0.2197915130297587,4463.385080858084,0.5723158581537704
212,model.layers.7,60821504,987.5947265625,0.23001932487231705,4293.529368068142,0.5505361738409377
212,model.layers.8,60821504,1045.95166015625,0.23250280623783418,4498.662519738856,0.5768392943665909
212,model.layers.9,60821504,1004.96240234375,0.22849126979389478,4398.252954041758,0.5639643159101647
212,model.layers.10,60821504,916.599609375,0.19418079916626768,4720.3411115336885,0.6052639476732217
212,model.layers.11,60821504,790.4521484375,0.1663558180391506,4751.575014054952,0.6092689029708523
212,model.layers.12,60821504,682.4951171875,0.14239582233623177,4792.94340234196,0.6145733488597931
212,model.layers.13,60821504,654.915283203125,0.13825070342029538,4737.156969191829,0.6074201546398768
212,model.layers.14,60821504,633.613037109375,0.13708545934261906,4622.02950004916,0.5926579785995357
212,model.layers.15,60821504,820.384033203125,0.2027743990293205,4045.7968911770768,0.5187707710052022
212,model.norm,2048,0.05810546875,0.0016500675474447717,35.21399402102041,0.7781266864039397
212,__whole_model__,1235814400,13840.769287109375,1.0016929962034877,13817.376521116963,0.3930510551638017
213,model.embed_tokens,262668288,330.0,0.239927848398719,1375.413492858055,0.08486516476370445
213,model.layers.0,60821504,787.41015625,0.25522279488462657,3085.187420684538,0.3955969861992803
213,model.layers.1,60821504,739.40869140625,0.5857085927608527,1262.4173531771175,0.16187298602810068
213,model.layers.2,60821504,744.10986328125,0.17536628519424605,4243.175148843633,0.5440795231901279
213,model.layers.3,60821504,821.45947265625,0.1868325121359664,4396.769401989505,0.5637740880112675
213,model.layers.4,60821504,887.83349609375,0.19638197748755426,4520.952011240525,0.5796973559556072
213,model.layers.5,60821504,935.09228515625,0.21068011071245032,4438.445954836827,0.5691180481840071
213,model.layers.6,60821504,985.400390625,0.21915767436427303,4496.307936664432,0.5765373788454291
213,model.layers.7,60821504,1004.03515625,0.23155255701002586,4336.100491460031,0.5559948399822682
213,model.layers.8,60821504,1067.5859375,0.23618984213748048,4520.033240373579,0.5795795469098635
213,model.layers.9,60821504,1034.5380859375,0.22503379401006918,4597.256560902179,0.5894814778786592
213,model.layers.10,60821504,952.6103515625,0.20120125971150027,4734.614251065997,0.6070941155731446
213,model.layers.11,60821504,817.515380859375,0.17220686945133443,4747.286699212684,0.6087190354276032
213,model.layers.12,60821504,701.25146484375,0.14850292991096284,4722.138918499425,0.6054944707891418
213,model.layers.13,60821504,660.357421875,0.14344221078431396,4603.64782628694,0.590300995457157
213,model.layers.14,60821504,641.925537109375,0.14174043170496434,4528.880922597698,0.5807140376053863
213,model.layers.15,60821504,846.28125,0.21396746753323215,3955.186551285235,0.5071522945588827
213,model.norm,2048,0.062255859375,0.0018064279537824504,34.463516380292646,0.7615433167512058
213,__whole_model__,1235814400,13956.877197265625,1.000542087479877,13949.315448008405,0.3968042086189895
214,model.embed_tokens,262668288,322.0,0.2301108766052069,1399.3254241191041,0.08634056834002864
214,model.layers.0,60821504,868.244140625,0.26688734241183304,3253.2233742476074,0.4171433325758395
214,model.layers.1,60821504,826.1201171875,0.60297875787181,1370.065041931591,0.1756760700667161
214,model.layers.2,60821504,787.13623046875,0.1812077917780388,4343.832142896549,0.5569862280535807
214,model.layers.3,60821504,833.912109375,0.18773695743030444,4441.917674545151,0.5695632081261014
214,model.layers.4,60821504,874.72412109375,0.19263372921916144,4540.86688057919,0.5822509325189333
214,model.layers.5,60821504,921.82666015625,0.2065040100321433,4463.964937110729,0.5723902100017124
214,model.layers.6,60821504,965.76806640625,0.2152244173802035,4487.260684275324,0.5753772983412369
214,model.layers.7,60821504,979.2158203125,0.2293133672391446,4270.208196329448,0.547545825445048
214,model.layers.8,60821504,1036.642578125,0.2313113898462364,4481.588990555568,0.5746500475664092
214,model.layers.9,60821504,995.337890625,0.22271227555738243,4469.1649265132155,0.5730569766694681
214,model.layers.10,60821504,909.90869140625,0.19334153127437245,4706.224707173709,0.6034538770812901
214,model.layers.11,60821504,781.262451171875,0.1652843341222915,4726.778586250226,0.6060893904257503
214,model.layers.12,60821504,663.92822265625,0.14141433562642458,4694.91455526938,0.6020036371455212
214,model.layers.13,60821504,626.411865234375,0.13708675812617616,4569.455677533921,0.5859167201591037
214,model.layers.14,60821504,609.5390625,0.13617410824355058,4476.174438460982,0.5739557686788849
214,model.layers.15,60821504,795.756103515625,0.202417307090973,3931.265142056188,0.5040849809385805
214,model.norm,2048,0.059326171875,0.0017435670501712546,34.02574731449125,0.7518698956567724
214,__whole_model__,1235814400,13797.79345703125,1.0003089890981018,13793.531406202408,0.39237275363794083
215,model.embed_tokens,262668288,320.0,0.22195110426200754,1441.7589904046986,0.08895878578012045
215,model.layers.0,60821504,909.525390625,0.2794322507496605,3254.904858637206,0.4173589402735783
215,model.layers.1,60821504,844.82421875,0.6032431975788249,1400.4703611093898,0.1795747805795755
215,model.layers.2,60821504,800.96533203125,0.18437573725419404,4344.201378986108,0.5570335732110404
215,model.layers.3,60821504,842.59228515625,0.18602282483219673,4529.510214224069,0.5807947282853637
215,model.layers.4,60821504,863.2021484375,0.18690455732448885,4618.411454456282,0.5921940560764247
215,model.layers.5,60821504,909.88623046875,0.2029330342552792,4483.677257415668,0.5749178147920555
215,model.layers.6,60821504,959.51220703125,0.2116462920515631,4533.564929157773,0.5813146425689875
215,model.layers.7,60821504,973.03271484375,0.22201033638928985,4382.826181288966,0.5619862238283451
215,model.layers.8,60821504,1035.58349609375,0.2290934283760568,4520.354439821992,0.5796207325872421
215,model.layers.9,60821504,1004.15625,0.22287971395801662,4505.373020126681,0.577699745732208
215,model.layers.10,60821504,920.48193359375,0.19581821812548886,4700.696096641351,0.6027449730938671
215,model.layers.11,60821504,793.4658203125,0.16640539307127752,4768.269859935546,0.6114095932482551
215,model.layers.12,60821504,687.8779296875,0.14366386841356193,4788.1066915678575,0.6139531634562988
215,model.layers.13,60821504,658.48291015625,0.13909685376126849,4733.988529218657,0.6070138826267287
215,model.layers.14,60821504,631.0458984375,0.1366563440914359,4617.757796998222,0.5921102410969258
215,model.layers.15,60821504,821.704833984375,0.20405293002275793,4026.9200441901553,0.5163502944640026
215,model.norm,2048,0.0546875,0.001574953432705919,34.7232488684073,0.767282648114966
215,__whole_model__,1235814400,13976.394287109375,0.9992701232364728,13986.602783481723,0.39786488946022125
216,model.embed_tokens,262668288,336.0,0.24428862091456896,1375.422231056369,0.08486570392421401
216,model.layers.0,60821504,863.4892578125,0.2834433539533521,3046.4261933430603,0.39062684253317154
216,model.layers.1,60821504,797.67431640625,0.5883904765972993,1355.6886933644014,0.17383266822746293
216,model.layers.2,60821504,776.26708984375,0.18207813061133854,4263.373570661042,0.5466694581624336
216,model.layers.3,60821504,847.017578125,0.18780430214113525,4510.10742814861,0.5783068134041283
216,model.layers.4,60821504,888.47314453125,0.19205063405867376,4626.244265664913,0.5931984153211266
216,model.layers.5,60821504,927.1513671875,0.20622770501956408,4495.765334243255,0.5764678038558895
216,model.layers.6,60821504,963.322265625,0.21174655923504906,4549.411660359803,0.5833465836635879
216,model.layers.7,60821504,972.02734375,0.2185382941067651,4447.858201341702,0.5703249299201796
216,model.layers.8,60821504,1032.31591796875,0.225464143074626,4578.6256913901625,0.5870925417058316
216,model.layers.9,60821504,1007.9580078125,0.218454796810784,4614.034676865206,0.5916328454307811
216,model.layers.10,60821504,930.234375,0.1946277442002606,4779.556886005127,0.6128568678826395
216,model.layers.11,60821504,799.9580078125,0.1685248454536084,4746.825345896625,0.6086598785737335
216,model.layers.12,60821504,687.3095703125,0.14545428921094258,4725.261620272614,0.6058948780389543
216,model.layers.13,60821504,655.239990234375,0.14126812128720123,4638.2721329057495,0.5947406840335487
216,model.layers.14,60821504,632.169677734375,0.13829273353437896,4571.242910439834,0.5861458874202158
216,model.layers.15,60821504,845.520751953125,0.21385892081899754,3953.637981128424,0.5069537297382025
216,model.norm,2048,0.060546875,0.0017320899574857912,34.95596446265793,0.7724249848269185
216,__whole_model__,1235814400,13962.189208984375,0.9987324639046682,13979.909248566395,0.3976744842152586
217,model.embed_tokens,262668288,314.0,0.23169938961544648,1355.2042606635632,0.08361822351379009
217,model.layers.0,60821504,756.0068359375,0.26705953298649426,2830.85508119919,0.362985318487018
217,model.layers.1,60821504,711.95849609375,0.5929902074922188,1200.6243730476651,0.15394960460122464
217,model.layers.2,60821504,700.919921875,0.16600090968124318,4222.3860292146255,0.5414138462150975
217,model.layers.3,60821504,773.7373046875,0.17274258482036284,4479.134693348019,0.5743353462383687
217,model.layers.4,60821504,837.6455078125,0.1842285597850381,4546.773360166757,0.5830082886225605
217,model.layers.5,60821504,904.25537109375,0.20087980119095714,4501.474840838583,0.5771999031723373
217,model.layers.6,60821504,964.51123046875,0.2131638676841106,4524.740712145774,0.5801831606913838
217,model.layers.7,60821504,992.65380859375,0.2294166839818782,4326.859718154415,0.5548099453319971
217,model.layers.8,60821504,1059.33251953125,0.2360128502233324,4488.452719963481,0.5755301466649773
217,model.layers.9,60821504,1016.1640625,0.22917586210904906,4433.992538081857,0.5685470105106574
217,model.layers.10,60821504,928.484375,0.19854206129668436,4676.512215779567,0.5996440041480643
217,model.layers.11,60821504,784.626953125,0.16945351970901557,4630.337301180619,0.5937232432468351
217,model.layers.12,60821504,676.8671875,0.14694498266326686,4606.262665334286,0.5906362822016804
217,model.layers.13,60821504,637.306640625,0.14212162901228204,4484.2339976973135,0.5749892026033886
217,model.layers.14,60821504,626.62255859375,0.1428333325672445,4387.08911520175,0.5625328369115431
217,model.layers.15,60821504,842.30126953125,0.22781447149185435,3697.312396422398,0.4740864789139484
217,model.norm,2048,0.06396484375,0.0018206794166819337,35.1324034115636,0.7763237716155631
217,__whole_model__,1235814400,13527.4580078125,0.9984264507193826,13548.77767717967,0.3854104542969161
218,model.embed_tokens,262668288,330.0,0.2279706471961014,1447.5547797876472,0.08931639505433049
218,model.layers.0,60821504,791.3837890625,0.26032026441695044,3040.0391257860524,0.38980786321954425
218,model.layers.1,60821504,747.4150390625,0.5817698003557603,1284.7264306353566,0.16473355901896536
218,model.layers.2,60821504,758.80810546875,0.17849227072222168,4251.2098837581825,0.5451097740253916
218,model.layers.3,60821504,839.34033203125,0.18537893655592433,4527.700652646917,0.5805626979388556
218,model.layers.4,60821504,904.90380859375,0.19408240723174397,4662.472098840211,0.5978437154816916
218,model.layers.5,60821504,958.39599609375,0.21288049838199555,4502.037543965121,0.5772720555671936
218,model.layers.6,60821504,1011.02880859375,0.22393655423585448,4514.800239039644,0.5789085472997256
218,model.layers.7,60821504,1018.5927734375,0.23319480342886506,4367.990874840471,0.5600839722889345
218,model.layers.8,60821504,1083.404296875,0.24027024787237217,4509.107167735922,0.5781785553923068
218,model.layers.9,60821504,1043.91357421875,0.2297741067625452,4543.216765923754,0.5825522456754666
218,model.layers.10,60821504,955.48974609375,0.20200054376955448,4730.134524705974,0.6065197043606715
218,model.layers.11,60821504,819.95751953125,0.17328514192815583,4731.839731944272,0.6067383539116818
218,model.layers.12,60821504,709.370849609375,0.1485099749749338,4776.587227417593,0.612476084537228
218,model.layers.13,60821504,673.112548828125,0.14387848822363491,4678.340432531406,0.599878426547267
218,model.layers.14,60821504,643.420166015625,0.14067838167612592,4573.696102766711,0.5864604470753514
218,model.layers.15,60821504,828.023193359375,0.20593983568539984,4020.7043508779393,0.5155532895478779
218,model.norm,2048,0.05712890625,0.001632052340330647,35.004334627176185,0.77349382455623
218,__whole_model__,1235814400,14116.61767578125,0.999124663100038,14128.985297971585,0.401915122691659
219,model.embed_tokens,262668288,320.0,0.22599728554386755,1415.9462102826271,0.08736609685461276
219,model.layers.0,60821504,885.2470703125,0.28276535684393433,3130.6772519559076,0.40142990255081745
219,model.layers.1,60821504,818.19873046875,0.6121960809442722,1336.4978246948792,0.17137192637518195
219,model.layers.2,60821504,804.33203125,0.19100909096674953,4210.962039445632,0.5399490094623333
219,model.layers.3,60821504,850.4619140625,0.1944769043800121,4373.074102417215,0.5607357672158951
219,model.layers.4,60821504,877.72216796875,0.19441893616454456,4514.591969713786,0.5788818420444549
219,model.layers.5,60821504,906.005859375,0.20132405376671036,4500.236521289496,0.5770411201180935
219,model.layers.6,60821504,939.57470703125,0.20688096945306367,4541.619799613405,0.5823474752763653
219,model.layers.7,60821504,946.63427734375,0.21552075127739426,4392.311514009842,0.5632024770168282
219,model.layers.8,60821504,999.37451171875,0.21873724853133372,4568.835524945315,0.5858372013287755
219,model.layers.9,60821504,978.69873046875,0.21581648471341702,4534.865498195679,0.5814814075403114
219,model.layers.10,60821504,903.21923828125,0.18887777834263955,4782.030190140935,0.613174006366843
219,model.layers.11,60821504,786.08251953125,0.1649621295746769,4765.230186819317,0.6110198323164721
219,model.layers.12,60821504,682.931640625,0.14324763410616767,4767.489842930646,0.6113095758638155
219,model.layers.13,60821504,649.611328125,0.1389575864239097,4674.889258246535,0.5994359010342981
219,model.layers.14,60821504,621.29638671875,0.13460823049203333,4615.589882191646,0.5918322610435688
219,model.layers.15,60821504,804.77587890625,0.1995678784243672,4032.5922451054475,0.5170776102737853
219,model.norm,2048,0.057861328125,0.0016986437489997723,34.06325084884397,0.7526986145148747
219,__whole_model__,1235814400,13774.224853515625,1.00139331979814,13755.059656571528,0.3912783807833468
220,model.embed_tokens,262668288,334.0,0.23910874374516713,1396.8539785226938,0.0861880762793989
220,model.layers.0,60821504,843.9345703125,0.2593081984024488,3254.5618515412516,0.41731495831886956
220,model.layers.1,60821504,789.115234375,0.582010023236177,1355.8447498674445,0.17385267851334274
220,model.layers.2,60821504,780.8828125,0.17731826409433082,4403.848732043651,0.564681832420879
220,model.layers.3,60821504,844.724609375,0.18274714396493785,4622.368322960331,0.5927014240387386
220,model.layers.4,60821504,880.15185546875,0.18859748933539602,4666.827000562636,0.5984021211023791
220,model.layers.5,60821504,922.88818359375,0.2041530037603344,4520.571172575915,0.5796485230623645
220,model.layers.6,60821504,980.14453125,0.21454367261060894,4568.508217107555,0.5857952324054909
220,model.layers.7,60821504,999.6533203125,0.22860553593719796,4372.830763762093,0.5607045652091883
220,model.layers.8,60821504,1067.27197265625,0.23526110825640625,4536.542314903372,0.5816964167263092
220,model.layers.9,60821504,1047.41357421875,0.22739447200254534,4606.152317577121,0.5906221329023946
220,model.layers.10,60821504,959.5498046875,0.2011367048552167,4770.635003582306,0.611712862894797
220,model.layers.11,60821504,828.269775390625,0.17173533678878256,4822.9432036419785,0.6184200619966667
220,model.layers.12,60821504,710.620361328125,0.14861324063366202,4781.675968427568,0.6131285864220726
220,model.layers.13,60821504,674.00048828125,0.14993410705153332,4495.311317321493,0.5764095877083943
220,model.layers.14,60821504,642.68408203125,0.14143067986061092,4544.163138186543,0.5826735938997177
220,model.layers.15,60821504,845.71728515625,0.21696359880894464,3897.9685523237367,0.4998155383560779
220,model.norm,2048,0.06201171875,0.0018095385877502453,34.2693541711634,0.7572528975410355
220,__whole_model__,1235814400,14151.08447265625,0.9960797696905537,14206.778315608684,0.404128033921219
221,model.embed_tokens,262668288,332.0,0.22373506132529825,1483.8979551680127,0.09155882584529354
221,model.layers.0,60821504,837.119140625,0.2684000178031904,3118.9235659396795,0.39992279062186986
221,model.layers.1,60821504,773.66357421875,0.5928189673357837,1305.0587394254756,0.16734066159753722
221,model.layers.2,60821504,745.3134765625,0.17225574120092849,4326.784531919466,0.5548003046055537
221,model.layers.3,60821504,814.19775390625,0.17576200400357983,4632.387747978038,0.5939861610092967
221,model.layers.4,60821504,874.90576171875,0.1899188450979161,4606.734846495494,0.5906968274518852
221,model.layers.5,60821504,919.88134765625,0.20216978898503205,4550.043566224204,0.5834276095532446
221,model.layers.6,60821504,968.39697265625,0.21300185713617006,4546.425020309391,0.5829636228765435
221,model.layers.7,60821504,986.66455078125,0.22641261094083,4357.816230647602,0.5587793323985464
221,model.layers.8,60821504,1061.0205078125,0.23366505436339866,4540.775302079995,0.5822391899006277
221,model.layers.9,60821504,1045.9140625,0.23169391867262976,4514.205933811395,0.5788323427373702
221,model.layers.10,60821504,966.98583984375,0.20055146628916748,4821.634355190852,0.6182522354007245
221,model.layers.11,60821504,860.15380859375,0.17965895279538618,4787.703563948635,0.6139014725703096
221,model.layers.12,60821504,751.700927734375,0.1552076075178366,4843.196411284085,0.6210170218605533
221,model.layers.13,60821504,716.432373046875,0.15101946327866148,4743.973773267306,0.608294236755501
221,model.layers.14,60821504,682.055419921875,0.14535712071736712,4692.273873861783,0.6016650367741615
221,model.layers.15,60821504,866.275390625,0.20872244596368955,4150.3700602267845,0.5321796259214437
221,model.norm,2048,0.0576171875,0.0016509083746793884,34.900293913155195,0.7711948278561134
221,__whole_model__,1235814400,14202.738525390625,1.0000206334191926,14202.445480379469,0.4040047814748453
222,model.embed_tokens,262668288,342.0,0.2359968496037598,1449.1718875663814,0.08941617313473725
222,model.layers.0,60821504,817.5341796875,0.2654162447650652,3080.1964680464275,0.39495702319130793
222,model.layers.1,60821504,765.361328125,0.570970639208177,1340.4565411391457,0.17187953128892877
222,model.layers.2,60821504,784.69091796875,0.1842274650250735,4259.359036731863,0.5461546960728664
222,model.layers.3,60821504,880.48291015625,0.19474366927703676,4521.240220156786,0.5797343114345205
222,model.layers.4,60821504,936.67431640625,0.20294106924724564,4615.49907015168,0.591820616704207
222,model.layers.5,60821504,977.92431640625,0.21915240903607014,4462.30237991723,0.5721770292365107
222,model.layers.6,60821504,1007.4189453125,0.22198051019844434,4538.321604954848,0.5819245655179254
222,model.layers.7,60821504,1012.79150390625,0.22939179384753633,4415.116543268304,0.5661266432390646
222,model.layers.8,60821504,1057.95556640625,0.23334782317947256,4533.813737754712,0.5813465459569079
222,model.layers.9,60821504,1023.58984375,0.2216107585274503,4618.863499910862,0.5922520194332886
222,model.layers.10,60821504,945.85107421875,0.19873852554980673,4759.273883118883,0.6102560875348805
222,model.layers.11,60821504,823.9521484375,0.17147043146983992,4805.214178179902,0.616146764434896
222,model.layers.12,60821504,717.00341796875,0.1488436134030911,4817.159443898986,0.6176784415985385
222,model.layers.13,60821504,685.109130859375,0.14420581912458574,4750.9118218556705,0.6091838654027787
222,model.layers.14,60821504,664.74609375,0.14423741997412062,4608.693734741443,0.5909480051538307
222,model.layers.15,60821504,864.151611328125,0.21430623077001978,4032.3214505857236,0.5170428877492592
222,model.norm,2048,0.062255859375,0.0018020274926338936,34.54767456627707,0.7634029675012665
222,__whole_model__,1235814400,14307.299560546875,0.9986328886932856,14326.886008398966,0.4075446344106362
223,model.embed_tokens,262668288,304.0,0.2232232820877753,1361.8651117246,0.08402920844719129
223,model.layers.0,60821504,792.13671875,0.2565900679091341,3087.168280537337,0.39585098120217593
223,model.layers.1,60821504,730.841796875,0.6064885910432299,1205.0379968696002,0.15451553984083724
223,model.layers.2,60821504,728.6123046875,0.17277326949503635,4217.158746934708,0.5407435799284906
223,model.layers.3,60821504,804.521484375,0.17719874960383106,4540.221001410532,0.582168114907641
223,model.layers.4,60821504,862.64404296875,0.1876304067986076,4597.5706053585745,0.5895217461099017
223,model.layers.5,60821504,918.3173828125,0.20460975353989216,4488.140799375228,0.5754901507659214
223,model.layers.6,60821504,961.08349609375,0.21154872976400851,4543.083275261823,0.5825351288859997
223,model.layers.7,60821504,980.01611328125,0.22180748043860204,4418.318585754486,0.5665372239216911
223,model.layers.8,60821504,1051.58056640625,0.23089290331201826,4554.40834829467,0.5839872820778104
223,model.layers.9,60821504,1027.41015625,0.22766064908154274,4512.901814147098,0.5786651224883246
223,model.layers.10,60821504,951.92431640625,0.19971299967018827,4766.461462089523,0.6111777121207295
223,model.layers.11,60821504,830.89599609375,0.1714461015297948,4846.397723131386,0.6214275088572867
223,model.layers.12,60821504,725.32958984375,0.15076611487649916,4810.958950808725,0.6168833857251054
223,model.layers.13,60821504,693.307373046875,0.15163570086634165,4572.190909434887,0.5862674442315939
223,model.layers.14,60821504,655.297607421875,0.14187803661707343,4618.738904531875,0.5922360432381015
223,model.layers.15,60821504,831.22216796875,0.20988650478434254,3960.3411797381978,0.5078132448361
223,model.norm,2048,0.05615234375,0.0016422417105054537,34.19249638514983,0.7555545643636237
223,__whole_model__,1235814400,13849.197265625,1.0000477136811046,13848.536500970627,0.3939374363767366
224,model.embed_tokens,262668288,322.0,0.23294091171558357,1382.3248034383753,0.08529160344136585
224,model.layers.0,60821504,849.265625,0.2757916247947929,3079.3742399969883,0.3948515933117013
224,model.layers.1,60821504,774.7490234375,0.6081787246397968,1273.8837977213968,0.16334326652831466
224,model.layers.2,60821504,748.32275390625,0.1722162078203594,4345.251607716467,0.5571682383914326
224,model.layers.3,60821504,805.42578125,0.18083050224105157,4454.037185476305,0.5711172278159359
224,model.layers.4,60821504,851.23828125,0.18652835661270967,4563.5864525276065,0.5851641410100197
224,model.layers.5,60821504,900.01171875,0.2008003814136108,4482.121559799959,0.5747183360556631
224,model.layers.6,60821504,949.7578125,0.2099023792236345,4524.759633563313,0.5801855868829672
224,model.layers.7,60821504,969.82763671875,0.2230295072729371,4348.4274730155,0.5575754625141711
224,model.layers.8,60821504,1026.517578125,0.22630154737543706,4536.060800423935,0.5816346747149165
224,model.layers.9,60821504,1001.5322265625,0.22053505274797994,4541.374326134982,0.5823159995327508
224,model.layers.10,60821504,927.4794921875,0.19626909954807734,4725.5502487303565,0.6059318873134149
224,model.layers.11,60821504,801.640625,0.1685467148347289,4756.192523752606,0.609860981399505
224,model.layers.12,60821504,696.625732421875,0.1467463102763189,4747.143087346793,0.6087006208505996
224,model.layers.13,60821504,667.614501953125,0.14084187899852443,4740.170371911322,0.6078065470600077
224,model.layers.14,60821504,645.1787109375,0.14002413399469002,4607.6250752742835,0.5908109766992068
224,model.layers.15,60821504,836.3896484375,0.21006244587167858,3981.623868877675,0.5105422095743023
224,model.norm,2048,0.060546875,0.0017140898428717377,35.32304636877229,0.7805364256101793
224,__whole_model__,1235814400,13773.6376953125,1.0016792049543124,13750.547707477595,0.39115003323853575
225,model.embed_tokens,262668288,322.0,0.22427203512216753,1435.7563564471923,0.08858841387198871
225,model.layers.0,60821504,878.4892578125,0.26682700973379614,3292.3550681354845,0.4221609791742696
225,model.layers.1,60821504,807.42431640625,0.6209171879389697,1300.373595851581,0.16673991084077044
225,model.layers.2,60821504,777.27001953125,0.17792416552037082,4368.546662888572,0.5601552380004827
225,model.layers.3,60821504,822.15380859375,0.1816422243391964,4526.226275772038,0.5803736465235952
225,model.layers.4,60821504,863.51904296875,0.1861102639579437,4639.824932835966,0.5949397912153185
225,model.layers.5,60821504,896.9990234375,0.19935110422095828,4499.593954810892,0.5769587272752263
225,model.layers.6,60821504,932.56298828125,0.20796831137533342,4484.159063051655,0.5749795941368865
225,model.layers.7,60821504,933.01318359375,0.2156506759697083,4326.502476276991,0.5547641381278365
225,model.layers.8,60821504,1000.255859375,0.22129057437525637,4520.101509966724,0.5795883007525364
225,model.layers.9,60821504,983.70751953125,0.21996707991750855,4472.067001572041,0.5734290941425586
225,model.layers.10,60821504,922.474853515625,0.193548895798687,4766.1075497692555,0.6111323318477716
225,model.layers.11,60821504,807.20458984375,0.1673081061054478,4824.659179005949,0.6186400922865051
225,model.layers.12,60821504,716.69140625,0.1469438204602231,4877.315725189032,0.6253919579378532
225,model.layers.13,60821504,692.36767578125,0.1482280782433085,4670.961696236562,0.5989322908860655
225,model.layers.14,60821504,655.685546875,0.1398803562984397,4687.474097335523,0.6010495872505804
225,model.layers.15,60821504,829.959716796875,0.2060949160417754,4027.0751590429445,0.516370184007136
225,model.norm,2048,0.056640625,0.0016156473670251219,35.05754173591228,0.7746695466623119
225,__whole_model__,1235814400,13841.83544921875,1.002114806555485,13812.624420545728,0.39291587623595575
226,model.embed_tokens,262668288,314.0,0.23385635847892583,1342.7045646411038,0.08284697270961341
226,model.layers.0,60821504,798.671875,0.27798292903724536,2873.0968400329016,0.3684017519828687
226,model.layers.1,60821504,732.4150390625,0.5881653980796006,1245.2535314962156,0.15967216150667818
226,model.layers.2,60821504,723.01220703125,0.17522145561540903,4126.276685077761,0.529090262036313
226,model.layers.3,60821504,793.14453125,0.1783737580871355,4446.53148397843,0.5701548120897587
226,model.layers.4,60821504,849.5849609375,0.18460188937052752,4602.2549597649995,0.5901223956759692
226,model.layers.5,60821504,916.25390625,0.20367397543417362,4498.6302461903315,0.5768351561030791
226,model.layers.6,60821504,976.07763671875,0.21776061012707132,4482.342495960003,0.5747466655109403
226,model.layers.7,60821504,996.9052734375,0.22938188539289153,4346.050568596442,0.5572706848470644
226,model.layers.8,60821504,1062.5185546875,0.234149215369111,4537.783964010104,0.5818556267118183
226,model.layers.9,60821504,1029.279296875,0.2273910843851553,4526.471649748613,0.5804051095086231
226,model.layers.10,60821504,937.544921875,0.19998036721685242,4688.184819954629,0.6011407193886986
226,model.layers.11,60821504,794.14501953125,0.1675887353682924,4738.653930325566,0.6076121019131585
226,model.layers.12,60821504,678.92822265625,0.14443277861325218,4700.651951550533,0.6027393126063499
226,model.layers.13,60821504,640.79736328125,0.13927213036275873,4601.0451740213975,0.5899672713581053
226,model.layers.14,60821504,624.13427734375,0.13983291052897698,4463.429066753304,0.5723214982284927
226,model.layers.15,60821504,834.7626953125,0.2114656719572312,3947.5092462351536,0.5061678750323467
226,model.norm,2048,0.060546875,0.0017292994418887165,35.012371792517065,0.7736714224972941
226,__whole_model__,1235814400,13702.236328125,0.9975773076403694,13735.513251134127,0.39072236095786916
227,model.embed_tokens,262668288,316.0,0.23213091036164535,1361.3008259334867,0.0839943911308822
227,model.layers.0,60821504,859.8212890625,0.2680446630743952,3207.753809386082,0.4113130148770136
227,model.layers.1,60821504,798.7568359375,0.5905287431087629,1352.612968053929,0.17343828451675478
227,model.layers.2,60821504,778.51318359375,0.1798249841544948,4329.282648093539,0.5551206246039478
227,model.layers.3,60821504,847.53466796875,0.18599335592831578,4556.800772471683,0.5842940497599911
227,model.layers.4,60821504,903.15283203125,0.1923340641149216,4695.750782303476,0.6021108620396228
227,model.layers.5,60821504,957.96337890625,0.210233478840733,4556.664258179242,0.5842765452666495
227,model.layers.6,60821504,1009.017578125,0.2193932512904574,4599.127695086433,0.5897214033493462
227,model.layers.7,60821504,1017.28564453125,0.22822191357793845,4457.440692625882,0.5715536412285711
227,model.layers.8,60821504,1069.8486328125,0.23230834766054706,4605.295692498235,0.5905122924767409
227,model.layers.9,60821504,1030.849609375,0.22576997185624226,4565.92876767238,0.5854644834805577
227,model.layers.10,60821504,937.4169921875,0.1969961844034188,4758.554055381143,0.610163787896381
227,model.layers.11,60821504,799.95556640625,0.16707489072158724,4788.00592327959,0.613940242480777
227,model.layers.12,60821504,686.31494140625,0.14411670669042956,4762.216381203405,0.6106333882351005
227,model.layers.13,60821504,649.0439453125,0.1374118518530413,4723.347633846293,0.6056494578557905
227,model.layers.14,60821504,623.86279296875,0.13562681394065274,4599.84847274919,0.5898138247916206
227,model.layers.15,60821504,809.2119140625,0.20204746087575076,4005.0585667103505,0.5135471148105101
227,model.norm,2048,0.056640625,0.0016272763701997727,34.80701006740884,0.769133526609163
227,__whole_model__,1235814400,14094.6064453125,0.9966591507782054,14141.852241367807,0.4022811375911509
228,model.embed_tokens,262668288,302.0,0.2246873471467794,1344.089926891679,0.08293245172829612
228,model.layers.0,60821504,783.7626953125,0.2519466949730412,3110.827452594146,0.398884669560586
228,model.layers.1,60821504,737.5361328125,0.6270587398664068,1176.1834831767596,0.15081568077276128
228,model.layers.2,60821504,718.49169921875,0.17690486396609784,4061.4581369364846,0.5207789282993135
228,model.layers.3,60821504,792.640625,0.18099586862198466,4379.329931864102,0.5615379185726564
228,model.layers.4,60821504,834.6591796875,0.1876163616751466,4448.754747374822,0.5704398891950403
228,model.layers.5,60821504,879.73876953125,0.19788761029981236,4445.648558787433,0.5700415993422102
228,model.layers.6,60821504,920.75244140625,0.20509404241467347,4489.415833662337,0.5756536415535147
228,model.layers.7,60821504,939.0703125,0.21968654191736228,4274.591899458468,0.5481079241151665
228,model.layers.8,60821504,1004.884765625,0.22426235232745848,4480.844667845584,0.5745546070693895
228,model.layers.9,60821504,970.138671875,0.21848124807192285,4440.374999851866,0.5693653992489947
228,model.layers.10,60821504,887.2158203125,0.19088391451109357,4647.933916196683,0.5959795625294152
228,model.layers.11,60821504,761.50634765625,0.16133567054325013,4720.0122892358695,0.6052217845588707
228,model.layers.12,60821504,654.490966796875,0.13927025551821523,4699.431076374192,0.6025827663501815
228,model.layers.13,60821504,623.727783203125,0.13454785571971786,4635.731872995716,0.5944149601706045
228,model.layers.14,60821504,601.180419921875,0.13534289473735464,4441.906027564439,0.5695617146964195
228,model.layers.15,60821504,793.587646484375,0.2062010114577447,3848.6118029881695,0.49348678790324113
228,model.norm,2048,0.060546875,0.0017700553707489964,34.20620394173301,0.7558574614327943
228,__whole_model__,1235814400,13205.44482421875,0.9973648945355125,13240.334502016656,0.3766364359244259
229,model.embed_tokens,262668288,322.0,0.2330954911933711,1381.4081016817076,0.08523504150851965
229,model.layers.0,60821504,853.189453125,0.2974036735482594,2868.7925839845207,0.3678498403845154
229,model.layers.1,60821504,800.5537109375,0.596600939423403,1341.8579456331586,0.17205922584834543
229,model.layers.2,60821504,774.890625,0.17383915976536662,4457.514785770259,0.5715631417938908
229,model.layers.3,60821504,823.38818359375,0.1812561332691726,4542.6776393325445,0.5824831163729054
229,model.layers.4,60821504,850.01708984375,0.18627793084314526,4563.165835031226,0.5851102074911693
229,model.layers.5,60821504,891.564453125,0.19535432795602536,4563.832613555881,0.5851957049144529
229,model.layers.6,60821504,948.63720703125,0.20718418311703343,4578.714420952623,0.5871039190203056
229,model.layers.7,60821504,967.77734375,0.22411756580739148,4318.168191161401,0.5536954775817226
229,model.layers.8,60821504,1033.14501953125,0.22836561599335892,4524.083080709028,0.5800988361499759
229,model.layers.9,60821504,1004.03369140625,0.2207965611342566,4547.324859809486,0.5830790044549571
229,model.layers.10,60821504,936.66455078125,0.19755427079831472,4741.302463349431,0.6079517090550344
229,model.layers.11,60821504,816.953125,0.16994774129989637,4807.084335168496,0.6163865646050405
229,model.layers.12,60821504,711.68603515625,0.14760121007916602,4821.681575473105,0.6182582902034965
229,model.layers.13,60821504,675.85986328125,0.14335303317475373,4714.65338621295,0.604534641252442
229,model.layers.14,60821504,648.548828125,0.14136966986082658,4587.609412708351,0.588244475962565
229,model.layers.15,60821504,828.83544921875,0.20676544292576096,4008.57821060719,0.5139984198134896
229,model.norm,2048,0.059326171875,0.0016990807326659452,34.91662917153688,0.7715557894803048
229,__whole_model__,1235814400,13887.803955078125,1.000846667635253,13876.05554794071,0.3947202470957007
230,model.embed_tokens,262668288,352.0,0.22677893002245797,1552.1724172750148,0.09577146699353765
230,model.layers.0,60821504,868.4990234375,0.25940928929829477,3347.9873669397125,0.429294409576176
230,model.layers.1,60821504,842.50048828125,0.5878904540697947,1433.0909482351076,0.18375754298437025
230,model.layers.2,60821504,806.2724609375,0.18113724557356758,4451.168827175515,0.5707494336613491
230,model.layers.3,60821504,848.52392578125,0.18532981318322286,4578.453467399617,0.5870704583500024
230,model.layers.4,60821504,896.662109375,0.19609185246481023,4572.663770086577,0.5863280766092079
230,model.layers.5,60821504,941.7021484375,0.2091080522634675,4503.423652241733,0.577449788774939
230,model.layers.6,60821504,1001.845703125,0.21947640531195753,4564.707999937419,0.5853079510010195
230,model.layers.7,60821504,1026.0654296875,0.23193512294917681,4423.93293710991,0.5672571219936134
230,model.layers.8,60821504,1081.70947265625,0.23757952811642843,4553.041590882134,0.5838120301272677
230,model.layers.9,60821504,1043.35107421875,0.22694025504396714,4597.470263777629,0.5895088798487642
230,model.layers.10,60821504,962.1767578125,0.20220047874412722,4758.528584049882,0.6101605218445963
230,model.layers.11,60821504,835.962890625,0.17310876552544754,4829.119357922466,0.619211997035453
230,model.layers.12,60821504,737.19287109375,0.15152856783504323,4865.042160870098,0.6238181848108332
230,model.layers.13,60821504,698.676513671875,0.1447106724138643,4828.092510507448,0.6190803299153474
230,model.layers.14,60821504,672.1826171875,0.14337288426883293,4688.352477635286,0.6011622172311754
230,model.layers.15,60821504,859.512451171875,0.21038392482082377,4085.4473644024374,0.5238549378873062
230,model.norm,2048,0.058349609375,0.0016774961797087417,34.78375097410419,0.768619568402914
230,__whole_model__,1235814400,14474.894287109375,1.001577028943881,14452.102902532135,0.411106571967173
231,model.embed_tokens,262668288,318.0,0.2207522632956989,1440.5288319696058,0.08888288307971674
231,model.layers.0,60821504,932.19921875,0.29666609611839834,3142.250600749345,0.40291389080780987
231,model.layers.1,60821504,849.9404296875,0.6109942952140222,1391.0775212553804,0.17837038725384546
231,model.layers.2,60821504,803.16650390625,0.18602438806985785,4317.533374197346,0.5536140784174174
231,model.layers.3,60821504,843.97216796875,0.1835927510200671,4596.979800561417,0.5894459903889946
231,model.layers.4,60821504,889.45556640625,0.19161099629619854,4641.986021675398,0.5952168960116289
231,model.layers.5,60821504,915.01953125,0.20252197947851103,4518.124569027777,0.5793348082508822
231,model.layers.6,60821504,943.07470703125,0.2076765438186737,4541.074739064737,0.5822775850943609
231,model.layers.7,60821504,944.3935546875,0.21850374607002918,4322.093198277834,0.5541987601297004
231,model.layers.8,60821504,1003.5029296875,0.2232330738480366,4495.314750584957,0.5764100279372991
231,model.layers.9,60821504,968.3916015625,0.21561008090332032,4491.40224568965,0.5759083484818804
231,model.layers.10,60821504,891.77685546875,0.185656978903789,4803.357572304814,0.6159087018511386
231,model.layers.11,60821504,777.81640625,0.16074077296653533,4838.949022672262,0.6204724020676716
231,model.layers.12,60821504,678.425048828125,0.13939821044961417,4866.813186768588,0.6240452739345689
231,model.layers.13,60821504,646.41748046875,0.13428502895466385,4813.771762204317,0.6172440573988531
231,model.layers.14,60821504,620.945068359375,0.1334015754966912,4654.705658815675,0.5968478666568825
231,model.layers.15,60821504,792.249755859375,0.1933427750476822,4097.643450415927,0.5254187763880133
231,model.norm,2048,0.055908203125,0.0015958184581633492,35.034187528665115,0.7741534867150086
231,__whole_model__,1235814400,13818.802734375,0.998119332623022,13844.840273817439,0.3938322929741185
232,model.embed_tokens,262668288,344.0,0.23136023072206666,1486.858821528613,0.09174151593292201
232,model.layers.0,60821504,808.6650390625,0.25664934442001164,3150.855658291119,0.4040172710455143
232,model.layers.1,60821504,750.97412109375,0.5908802418877742,1270.941331012355,0.16296596985120373
232,model.layers.2,60821504,735.00341796875,0.1674008315597626,4390.679610849792,0.5629932268534324
232,model.layers.3,60821504,810.52490234375,0.17749885107487684,4566.36703525385,0.5855206801748707
232,model.layers.4,60821504,874.84765625,0.18895793462040666,4629.8540360713705,0.5936612767615993
232,model.layers.5,60821504,931.6416015625,0.2069968097786945,4500.753429768031,0.5771074005115888
232,model.layers.6,60821504,985.07958984375,0.2169976806915706,4539.585799738992,0.5820866664143647
232,model.layers.7,60821504,1005.40185546875,0.22876308384661287,4394.947989697842,0.5635405381113886
232,model.layers.8,60821504,1066.2109375,0.23466155384605983,4543.611512090491,0.5826028618528917
232,model.layers.9,60821504,1046.47509765625,0.2284692967866048,4580.375185527359,0.5873168699276465
232,model.layers.10,60821504,964.23095703125,0.20360084800212985,4735.8887081902685,0.6072575323542523
232,model.layers.11,60821504,831.58935546875,0.17443789354186284,4767.251762697875,0.6112790481163191
232,model.layers.12,60821504,718.44189453125,0.1500356335505033,4788.4750944142625,0.6140004017714715
232,model.layers.13,60821504,691.489013671875,0.1460817778840848,4733.574739352969,0.6069608245782327
232,model.layers.14,60821504,667.24169921875,0.14585104218806907,4574.816122042986,0.5866040611220082
232,model.layers.15,60821504,854.014404296875,0.20948978667363846,4076.6398107385226,0.522725592661187
232,model.norm,2048,0.059814453125,0.0017181510135129072,34.81326883060425,0.7692718270434543
232,__whole_model__,1235814400,14085.891357421875,0.9970939174866433,14126.94542649295,0.4018570962178309
233,model.embed_tokens,262668288,326.0,0.23841989892212817,1367.3355348014677,0.08436674211118121
233,model.layers.0,60821504,807.7646484375,0.25382821781462195,3182.3280145607523,0.4080528019845372
233,model.layers.1,60821504,758.16259765625,0.5820412714384166,1302.592504793654,0.16702442959779942
233,model.layers.2,60821504,751.751953125,0.17290753372254142,4347.710807854733,0.5574835683959037
233,model.layers.3,60821504,831.5771484375,0.18314708539273933,4540.488027173743,0.5822023541847933
233,model.layers.4,60821504,888.7294921875,0.19294640787636827,4606.095039390209,0.5906147884286148
233,model.layers.5,60821504,948.9033203125,0.21130144040498236,4490.756515875249,0.5758255500214811
233,model.layers.6,60821504,1007.3984375,0.22396575744931616,4498.002056086525,0.5767546066654144
233,model.layers.7,60821504,1035.91455078125,0.24055091770525194,4306.425270223082,0.5521897460008045
233,model.layers.8,60821504,1083.0908203125,0.2397515728591567,4517.554597853535,0.579261723913367
233,model.layers.9,60821504,1043.9091796875,0.23113488570946236,4516.450108702755,0.5791201012111581
233,model.layers.10,60821504,952.857421875,0.2039154626374252,4672.80612049142,0.5991687914861921
233,model.layers.11,60821504,816.58251953125,0.173328885588137,4711.1738863400315,0.6040884837016953
233,model.layers.12,60821504,702.869140625,0.14811598343901988,4745.39698083546,0.6084767270058252
233,model.layers.13,60821504,665.0478515625,0.1430283416943255,4649.762723137866,0.5962140606054224
233,model.layers.14,60821504,643.365234375,0.1423140152872025,4520.744025643792,0.5796706870813959
233,model.layers.15,60821504,843.4609375,0.21273847620473704,3964.778504327835,0.5083822190976568
233,model.norm,2048,0.060546875,0.0017432938257054614,34.73130811755064,0.7674607340437325
233,__whole_model__,1235814400,14107.44580078125,1.001910546202307,14080.544270399023,0.4005371623406824
234,model.embed_tokens,262668288,310.0,0.2300573815675657,1347.4899083338298,0.08314223590358591
234,model.layers.0,60821504,753.1796875,0.26202210148817834,2874.48914890098,0.3685802802591016
234,model.layers.1,60821504,694.896484375,0.5921027090609157,1173.6080138479977,0.15048544219546248
234,model.layers.2,60821504,718.1162109375,0.1749700298466517,4104.2240866443,0.5262625759710676
234,model.layers.3,60821504,820.853515625,0.18938525161920602,4334.305383375245,0.5557646629293338
234,model.layers.4,60821504,868.42333984375,0.19819749867023934,4381.605951993528,0.5618297603900103
234,model.layers.5,60821504,906.89501953125,0.2042481683317176,4440.162313026817,0.5693381275615667
234,model.layers.6,60821504,960.8916015625,0.21471584529110815,4475.177881072257,0.5738279854859057
234,model.layers.7,60821504,985.71728515625,0.22858658382372363,4312.227203659484,0.5529336967138735
234,model.layers.8,60821504,1051.7041015625,0.23460925155790216,4482.7904039536,0.5748040983434397
234,model.layers.9,60821504,1018.78564453125,0.2268924352451402,4490.170169977368,0.5757503660412415
234,model.layers.10,60821504,940.22900390625,0.19993098295726414,4702.767875188343,0.6030106261118224
234,model.layers.11,60821504,813.20703125,0.1716783740264854,4736.80529572434,0.6073750614429668
234,model.layers.12,60821504,706.31396484375,0.14929721742338395,4730.925177531958,0.6066210855192331
234,model.layers.13,60821504,671.552734375,0.14591199398653423,4602.4505321815805,0.5901474728748661
234,model.layers.14,60821504,642.29638671875,0.1406265531221863,4567.390528022666,0.5856519171467401
234,model.layers.15,60821504,839.70947265625,0.2113921341994233,3972.2834335173707,0.5093445357948904
234,model.norm,2048,0.05908203125,0.0016882123117600704,34.99680155063149,0.7733273655091064
234,__whole_model__,1235814400,13702.83056640625,1.0010074864212284,13689.039045448295,0.38940034910165333
235,model.embed_tokens,262668288,314.0,0.21322774879780518,1472.603832148286,0.0908619607818725
235,model.layers.0,60821504,979.630859375,0.29762165132475127,3291.5308917027382,0.4220552994639528
235,model.layers.1,60821504,903.6572265625,0.6197766346356537,1458.0369379264037,0.18695623304561954
235,model.layers.2,60821504,908.4384765625,0.22036921447346522,4122.347482760055,0.5285864415602439
235,model.layers.3,60821504,934.70166015625,0.21908444009320266,4266.399109670273,0.5470574067537105
235,model.layers.4,60821504,934.919921875,0.2102726975752345,4446.225937347336,0.5701156334889407
235,model.layers.5,60821504,936.8603515625,0.21892003469140828,4279.463745212297,0.5487326146881024
235,model.layers.6,60821504,914.32666015625,0.20357216908382994,4491.41286980017,0.57590971075442
235,model.layers.7,60821504,891.76025390625,0.20233712590956462,4407.299203730045,0.5651242678434247
235,model.layers.8,60821504,926.85888671875,0.20462827860637664,4529.476048135349,0.5807903473516034
235,model.layers.9,60821504,901.87353515625,0.1983939069336467,4545.873152535293,0.5828928598406417
235,model.layers.10,60821504,834.829833984375,0.17366637485561517,4807.089654968878,0.6163872467344256
235,model.layers.11,60821504,729.1826171875,0.15144316272678035,4814.892954282944,0.6173878218276464
235,model.layers.12,60821504,634.4560546875,0.1316952838626981,4817.606493403108,0.6177357643515508
235,model.layers.13,60821504,601.404296875,0.1275161301574371,4716.299782094073,0.6047457497394975
235,model.layers.14,60821504,568.30859375,0.12366999539669749,4595.363587805035,0.5892387521216547
235,model.layers.15,60821504,728.805419921875,0.17776942145913502,4099.723191648065,0.5256854504182494
235,model.norm,2048,0.05126953125,0.0014579288899068225,35.16600268019703,0.7770662175747383
235,__whole_model__,1235814400,13644.06591796875,1.0020385206503883,13616.308791315589,0.38733145396186297
236,model.embed_tokens,262668288,302.0,0.2234802058562537,1351.3501065694006,0.0833804161751794
236,model.layers.0,60821504,823.060546875,0.26511559986938166,3104.534577672944,0.39807776806193923
236,model.layers.1,60821504,771.9150390625,0.6085220589242544,1268.5078999881973,0.16265394408160982
236,model.layers.2,60821504,756.26416015625,0.17898077187944444,4225.393332562252,0.5417994565455857
236,model.layers.3,60821504,835.638671875,0.18752738500051339,4456.088756704587,0.571380289758118
236,model.layers.4,60821504,874.03466796875,0.19671849059617771,4443.073273487859,0.5697113843619843
236,model.layers.5,60821504,909.75927734375,0.2032189208975212,4476.744947398483,0.5740289219708898
236,model.layers.6,60821504,956.8349609375,0.21013829317988017,4553.358392981907,0.5838526519562858
236,model.layers.7,60821504,971.4072265625,0.2216463597949515,4382.689738108778,0.5619687284533451
236,model.layers.8,60821504,1037.0087890625,0.22794018703025576,4549.477661544834,0.5833550466404912
236,model.layers.9,60821504,1009.78955078125,0.22117641885825667,4565.538930388346,0.5854144967427545
236,model.layers.10,60821504,939.6669921875,0.1975538551049426,4756.510530702321,0.6099017577199496
236,model.layers.11,60821504,807.516357421875,0.16953968465706154,4762.9931544068195,0.6107329896843255
236,model.layers.12,60821504,693.93701171875,0.1456047111956308,4765.896694004591,0.6111052949473665
236,model.layers.13,60821504,654.48583984375,0.13873484220650995,4717.530430239961,0.6049035491309773
236,model.layers.14,60821504,627.2353515625,0.13866585670883766,4523.358283355445,0.5800058992843707
236,model.layers.15,60821504,813.578125,0.20711968219211127,3928.0580019690055,0.503673746618
236,model.norm,2048,0.057373046875,0.0016285279782741965,35.230003807364774,0.7784804560442349
236,__whole_model__,1235814400,13784.18994140625,1.0011169825008526,13768.810421108315,0.3916695369845427
237,model.embed_tokens,262668288,338.0,0.22721961522478662,1487.5476294844493,0.09178401646164748
237,model.layers.0,60821504,877.060546875,0.27818411492644934,3152.806000827513,0.4042673529770951
237,model.layers.1,60821504,817.0009765625,0.6127948766537141,1333.237283287832,0.17095384469062758
237,model.layers.2,60821504,790.51318359375,0.19041177480745605,4151.598210736259,0.5323371050544422
237,model.layers.3,60821504,823.10595703125,0.1928073112651538,4269.05987968108,0.5473985829785932
237,model.layers.4,60821504,844.22998046875,0.19146823473359872,4409.243035239647,0.565373514901066
237,model.layers.5,60821504,883.01220703125,0.19709628967980475,4480.10568065872,0.574459850717797
237,model.layers.6,60821504,923.69580078125,0.20378327896092596,4532.7359805529595,0.5812083509487184
237,model.layers.7,60821504,934.0771484375,0.21279649653528057,4389.532551738392,0.5628461456341782
237,model.layers.8,60821504,989.50244140625,0.2182597939561046,4533.599264760848,0.5813190452386615
237,model.layers.9,60821504,968.51025390625,0.21259991165566886,4555.553416573704,0.5841341080233401
237,model.layers.10,60821504,903.592041015625,0.1897371236715442,4762.336560871673,0.6106487982274563
237,model.layers.11,60821504,789.573974609375,0.16532268838279376,4775.956538894217,0.6123952147406625
237,model.layers.12,60821504,689.25,0.1434525223563205,4804.725554340395,0.6160841108285064
237,model.layers.13,60821504,658.1025390625,0.13936388368706676,4722.188573190381,0.6055008377430458
237,model.layers.14,60821504,635.417236328125,0.13841766041119216,4590.579225515839,0.5886252790827715
237,model.layers.15,60821504,826.01025390625,0.2040244337469345,4048.5849598328364,0.5191282700505246
237,model.norm,2048,0.057373046875,0.0016870283014397507,34.00834877875875,0.7514854387005486
237,__whole_model__,1235814400,13690.7119140625,0.9986180629114372,13709.657798645954,0.3899868730838373
238,model.embed_tokens,262668288,340.0,0.23582101434764646,1441.7714254200148,0.08895955304002384
238,model.layers.0,60821504,804.9482421875,0.25279630844261564,3184.17720237486,0.40828991339024073
238,model.layers.1,60821504,759.23681640625,0.6006795474889669,1263.9631556960835,0.1620711959694683
238,model.layers.2,60821504,735.48583984375,0.17130232099868262,4293.496057472602,0.550531902602466
238,model.layers.3,60821504,805.00830078125,0.1777763650327418,4528.207676160936,0.5806277108365271
238,model.layers.4,60821504,865.01513671875,0.18678889248420252,4630.977384224856,0.5938053176522732
238,model.layers.5,60821504,928.765625,0.20689576095012782,4489.051011653539,0.5756068623898853
238,model.layers.6,60821504,977.146484375,0.2161425122063745,4520.84356011377,0.5796834498510358
238,model.layers.7,60821504,992.85009765625,0.22829072861271052,4349.060094072393,0.5576565801091138
238,model.layers.8,60821504,1054.888671875,0.233710694554849,4513.651691824615,0.5787612752689482
238,model.layers.9,60821504,1016.15625,0.2289946816775041,4437.466593355494,0.5689924699297275
238,model.layers.10,60821504,930.97607421875,0.1983116161779658,4694.511053670641,0.6019518983061504
238,model.layers.11,60821504,800.205078125,0.1705301569151829,4692.454945215352,0.601688254579757
238,model.layers.12,60821504,692.683349609375,0.14681073489337818,4718.206404405228,0.6049902256617887
238,model.layers.13,60821504,660.294921875,0.14437753504048323,4573.391017445023,0.5864213276257568
238,model.layers.14,60821504,640.36328125,0.14069480171786625,4551.435258668003,0.5836060587887082
238,model.layers.15,60821504,840.328125,0.2131581000642769,3942.276295137753,0.5054968818637694
238,model.norm,2048,0.061279296875,0.0018031510602931798,33.984560819345006,0.750959794093922
238,__whole_model__,1235814400,13844.41357421875,1.0004562739668,13838.099609616898,0.39364054708281426
239,model.embed_tokens,262668288,300.0,0.23375289528884502,1283.40656328254,0.07918819323596152
239,model.layers.0,60821504,863.537109375,0.2776672598083684,3109.970941374106,0.39877484373443944
239,model.layers.1,60821504,793.94091796875,0.5917149038844685,1341.7625832249882,0.1720469980397475
239,model.layers.2,60821504,747.7646484375,0.18578395092065197,4024.915202480913,0.5160932243966656
239,model.layers.3,60821504,825.33447265625,0.18682117042893612,4417.778085648994,0.5664679185007825
239,model.layers.4,60821504,879.716796875,0.19411046887498964,4532.041996362144,0.5811193650892158
239,model.layers.5,60821504,940.51953125,0.2112576506957361,4452.002226440469,0.5708562959658258
239,model.layers.6,60821504,984.83740234375,0.21853011111333578,4506.643946348364,0.5778627097646712
239,model.layers.7,60821504,993.78369140625,0.22787330480454315,4361.123793147519,0.5592034433448896
239,model.layers.8,60821504,1044.00830078125,0.2281861778869376,4575.247766753596,0.5866594086012186
239,model.layers.9,60821504,999.216796875,0.21742505911584015,4595.683684936405,0.5892797964548488
239,model.layers.10,60821504,906.91455078125,0.19063010509885567,4757.457119959874,0.610023133768272
239,model.layers.11,60821504,764.2587890625,0.16088822324823487,4750.246933135206,0.6090986102989199
239,model.layers.12,60821504,649.484130859375,0.13884206138465596,4677.862921236866,0.5998171978427383
239,model.layers.13,60821504,611.342529296875,0.13397369985112642,4563.153290356301,0.5851085989549876
239,model.layers.14,60821504,596.54248046875,0.13496479143825635,4419.9859393822435,0.5667510197078554
239,model.layers.15,60821504,801.213623046875,0.2094309553612291,3825.6695227547993,0.4905450227268335
239,model.norm,2048,0.05810546875,0.0016773375863364196,34.64148733285818,0.7654759563578721
239,__whole_model__,1235814400,13702.473876953125,0.9970693795463762,13742.748657257094,0.3909281803481727
240,model.embed_tokens,262668288,336.0,0.22274589407098264,1508.4453134427995,0.0930734362626849
240,model.layers.0,60821504,788.2587890625,0.2523574385738256,3123.5805590565137,0.40051993179696316
240,model.layers.1,60821504,741.3544921875,0.6049568089085309,1225.4668122920366,0.15713501694571408
240,model.layers.2,60821504,726.24609375,0.17428047240308728,4167.111115411086,0.534326241369278
240,model.layers.3,60821504,814.52490234375,0.18401953967863988,4426.295727976415,0.5675600899558
240,model.layers.4,60821504,863.041015625,0.1957622795714283,4408.617520772687,0.5652933085459207
240,model.layers.5,60821504,899.52685546875,0.20052254223846863,4485.913879941739,0.5752046048666704
240,model.layers.6,60821504,960.08203125,0.21241499701100064,4519.841088246132,0.5795549082762426
240,model.layers.7,60821504,983.84326171875,0.22742634689290625,4325.986303521975,0.5546979520722104
240,model.layers.8,60821504,1052.2685546875,0.23280025827781903,4520.048914343319,0.579581556698685
240,model.layers.9,60821504,1027.6015625,0.23008349621106974,4466.211525042709,0.5726782778867181
240,model.layers.10,60821504,948.72802734375,0.20012107803227216,4740.770121130145,0.6078834496759884
240,model.layers.11,60821504,819.33349609375,0.17246253843644427,4750.791119752015,0.6091683884213434
240,model.layers.12,60821504,709.059326171875,0.14833063290798976,4780.262257841967,0.612947313918732
240,model.layers.13,60821504,676.482177734375,0.14243352007899285,4749.459097543905,0.6089975903792063
240,model.layers.14,60821504,650.365234375,0.14137778144297367,4600.19408804581,0.5898581411818697
240,model.layers.15,60821504,840.092041015625,0.2119219048935332,3964.1585962417444,0.5083027316185709
240,model.norm,2048,0.0595703125,0.0017150909238836,34.73303465749255,0.7674988855468862
240,__whole_model__,1235814400,13836.867431640625,1.0014996776336873,13816.147664005195,0.3930160989198514
241,model.embed_tokens,262668288,340.0,0.23201340757671043,1465.4325521579437,0.09041948158481125
241,model.layers.0,60821504,805.732421875,0.253025133521443,3184.396785652588,0.4083180693726963
241,model.layers.1,60821504,757.5341796875,0.5762225609456482,1314.6555359517656,0.16857120719016955
241,model.layers.2,60821504,735.6337890625,0.1749882482461891,4203.903956039063,0.5390439893960441
241,model.layers.3,60821504,813.19921875,0.1817369571582996,4474.594663988313,0.5737532026966459
241,model.layers.4,60821504,877.2265625,0.19096005944281738,4593.769844121167,0.5890343949426109
241,model.layers.5,60821504,942.79052734375,0.21239964610885992,4438.757524391294,0.5691579990718891
241,model.layers.6,60821504,1006.64501953125,0.2233648443691315,4506.729885691743,0.5778737293043623
241,model.layers.7,60821504,1026.61572265625,0.23646505717283414,4341.511320659478,0.5566886415029761
241,model.layers.8,60821504,1097.65673828125,0.2461281378365467,4459.696270120087,0.5718428617967818
241,model.layers.9,60821504,1051.5400390625,0.2338186481872322,4497.24625137885,0.576657693893598
241,model.layers.10,60821504,969.67431640625,0.20810339281821819,4659.579564150964,0.5974728213188697
241,model.layers.11,60821504,817.09619140625,0.17496324082702275,4670.102059975395,0.5988220643527064
241,model.layers.12,60821504,704.68701171875,0.15105747856397098,4665.025647308973,0.5981711432650355
241,model.layers.13,60821504,677.182373046875,0.15203591461039564,4454.094776107407,0.5711246123527535
241,model.layers.14,60821504,656.51123046875,0.14622911246015738,4489.606887599948,0.5756781393721607
241,model.layers.15,60821504,872.349609375,0.2195634670014078,3973.1091027516277,0.5094504069191143
241,model.norm,2048,0.06103515625,0.0017500857866180834,34.87552251249701,0.7706474520628354
241,__whole_model__,1235814400,14152.135986328125,1.0028047219369025,14112.554195988909,0.4014477212307576
242,model.embed_tokens,262668288,326.0,0.21932695290565576,1486.3654269625038,0.09171107271612663
242,model.layers.0,60821504,927.2197265625,0.28086306849586634,3301.3230665324963,0.42331089736540195
242,model.layers.1,60821504,863.2734375,0.5965894645767273,1447.0142179136226,0.18554284895506495
242,model.layers.2,60821504,822.4658203125,0.19516570275218453,4214.192395048232,0.5403632205835678
242,model.layers.3,60821504,860.66259765625,0.19048928635268722,4518.167998502287,0.5793403769787699
242,model.layers.4,60821504,906.40283203125,0.19716274426475208,4597.231771201781,0.5894782992287332
242,model.layers.5,60821504,932.39501953125,0.2064126650512888,4517.140550942314,0.5792086329053051
242,model.layers.6,60821504,970.51123046875,0.2116894496742679,4584.598958342521,0.5878584615939635
242,model.layers.7,60821504,984.47607421875,0.22282819185625752,4418.094793202011,0.5665085282065786
242,model.layers.8,60821504,1026.0078125,0.22433453444356205,4573.561600958601,0.5864432006320495
242,model.layers.9,60821504,1003.76904296875,0.2184922126922773,4594.07239553407,0.5890731894827131
242,model.layers.10,60821504,937.98876953125,0.19666961785339276,4769.362852123266,0.6115497417567386
242,model.layers.11,60821504,814.7021484375,0.16943278173675835,4808.409211525982,0.616556446373193
242,model.layers.12,60821504,723.25732421875,0.14983150780378765,4827.137728373487,0.6189579033385568
242,model.layers.13,60821504,690.305419921875,0.14313134709346148,4822.880759105281,0.6184120550696462
242,model.layers.14,60821504,657.430908203125,0.13882381011078698,4735.721542856868,0.6072360976428156
242,model.layers.15,60821504,823.52587890625,0.20090810387470237,4099.017725137893,0.5255949922427048
242,model.norm,2048,0.0546875,0.001565552539179237,34.9317564447059,0.7718900581502632
242,__whole_model__,1235814400,14270.44873046875,1.0006264107257472,14261.51516440436,0.4056850860969776
243,model.embed_tokens,262668288,298.0,0.2349319199094497,1268.4525802830826,0.07826550908482273
243,model.layers.0,60821504,796.181640625,0.2741359182954354,2904.331710983446,0.3724068314569764
243,model.layers.1,60821504,727.73681640625,0.6021190810659521,1208.6260663221508,0.15497561868473056
243,model.layers.2,60821504,722.83642578125,0.16960479996408795,4261.886608953892,0.5464787930618311
243,model.layers.3,60821504,803.4482421875,0.1768956814564539,4541.932485702221,0.5823875693314405
243,model.layers.4,60821504,861.57763671875,0.18674553052645476,4613.64528666295,0.591582916019869
243,model.layers.5,60821504,905.94189453125,0.2005976483169812,4516.21393437123,0.5790898178471257
243,model.layers.6,60821504,959.08154296875,0.21130809168928918,4538.782851624059,0.5819837086970433
243,model.layers.7,60821504,979.025390625,0.22327581405607957,4384.825086245574,0.5622425326578286
243,model.layers.8,60821504,1039.07666015625,0.2280847493420863,4555.660398836316,0.584147825783364
243,model.layers.9,60821504,1014.3359375,0.224464902124936,4518.9066437452475,0.5794350894847351
243,model.layers.10,60821504,931.4091796875,0.19687993954278793,4730.848566138841,0.6066112620524244
243,model.layers.11,60821504,801.14404296875,0.1698044267725036,4718.039795523629,0.6049688623011734
243,model.layers.12,60821504,685.62841796875,0.14490513041366226,4731.5675850225525,0.6067034579759233
243,model.layers.13,60821504,645.5556640625,0.14095981364936785,4579.71422740594,0.587232118823359
243,model.layers.14,60821504,617.60693359375,0.13613170535953126,4536.833884234509,0.5817338030931448
243,model.layers.15,60821504,817.021728515625,0.2078439285407406,3930.938633867653,0.5040431145500143
243,model.norm,2048,0.060546875,0.001732317960702255,34.95136364888535,0.7723233202451194
243,__whole_model__,1235814400,13605.668701171875,0.9975814658270515,13638.654252554707,0.387967096126259
244,model.embed_tokens,262668288,300.0,0.2166391950547039,1384.7909651078908,0.08544376947543787
244,model.layers.0,60821504,1013.09375,0.3137330918913414,3229.158084321165,0.414057569907716
244,model.layers.1,60821504,927.12939453125,0.6447843644977157,1437.890627595289,0.1843729800488677
244,model.layers.2,60821504,816.978515625,0.2052112045641583,3981.1593979975664,0.5104826529719655
244,model.layers.3,60821504,802.29296875,0.18994148880969328,4223.895336283457,0.5416073765412218
244,model.layers.4,60821504,792.82763671875,0.17768826798411946,4461.90199112981,0.57212568953619
244,model.layers.5,60821504,810.23046875,0.18284690438351434,4431.195985963059,0.5681884236765065
244,model.layers.6,60821504,856.4833984375,0.1914805432488402,4472.952624353325,0.5735426527875978
244,model.layers.7,60821504,874.98779296875,0.20207650607655214,4329.982787000882,0.5552103996496416
244,model.layers.8,60821504,924.611328125,0.2068939496479286,4469.010958021783,0.5730372341180848
244,model.layers.9,60821504,895.87255859375,0.20236856404979137,4426.935392857395,0.5676421107424131
244,model.layers.10,60821504,828.63916015625,0.17604157530884662,4707.0651276693525,0.6035616396804073
244,model.layers.11,60821504,709.932861328125,0.15139764388152763,4689.193590645737,0.6012700686277408
244,model.layers.12,60821504,615.166259765625,0.13010394610955037,4728.26749810987,0.606280305583916
244,model.layers.13,60821504,585.224365234375,0.12645734707147874,4627.839969658567,0.5934030238601488
244,model.layers.14,60821504,566.471923828125,0.12549847450041438,4513.77537522382,0.578777134525874
244,model.layers.15,60821504,739.182861328125,0.1852102762854507,3991.0466965066125,0.5117504480710922
244,model.norm,2048,0.0517578125,0.0015076476471529868,34.33017827324473,0.7585969330110758
244,__whole_model__,1235814400,13059.177001953125,1.0012225580750842,13043.230894697625,0.37102959871369073
245,model.embed_tokens,262668288,308.0,0.21283348436569297,1447.1407115188267,0.08929084639420803
245,model.layers.0,60821504,869.994140625,0.2679284113570409,3247.1141683650994,0.41635998196997753
245,model.layers.1,60821504,817.31298828125,0.6191471133787382,1320.0626646244118,0.16926453421223292
245,model.layers.2,60821504,812.5361328125,0.1940526200644551,4187.194857470175,0.5369014715730939
245,model.layers.3,60821504,885.03466796875,0.20495732363415398,4318.141222162545,0.5536920194920789
245,model.layers.4,60821504,889.68359375,0.20776571996034612,4282.1481518693445,0.5490768217129793
245,model.layers.5,60821504,897.7607421875,0.20238986976241344,4435.798803771089,0.5687786182431877
245,model.layers.6,60821504,936.2109375,0.2065780777323394,4531.995591095763,0.5811134147915447
245,model.layers.7,60821504,935.01513671875,0.21337292710087336,4382.0701596164345,0.5618892832362923
245,model.layers.8,60821504,987.130859375,0.21709039044144443,4547.096061542428,0.5830496668839918
245,model.layers.9,60821504,956.13623046875,0.21261867093726786,4496.953283800995,0.576620128237108
245,model.layers.10,60821504,889.4033203125,0.1857197437916081,4788.95405601291,0.6140618164406938
245,model.layers.11,60821504,768.13427734375,0.1594915151338015,4816.1450889681655,0.6175483763224782
245,model.layers.12,60821504,669.802978515625,0.13909696873872873,4815.3671829739305,0.61744862962158
245,model.layers.13,60821504,637.289306640625,0.1329899204260254,4792.01209083445,0.614453931795172
245,model.layers.14,60821504,615.3447265625,0.13081294149221287,4704.00496726947,0.6031692517744528
245,model.layers.15,60821504,794.378662109375,0.19256180303288126,4125.317947784947,0.5289673283107795
245,model.norm,2048,0.052978515625,0.0015043398446678749,35.21711919868512,0.7781957437264124
245,__whole_model__,1235814400,13669.2216796875,0.9979551519801656,13697.230434218127,0.389633362510119
246,model.embed_tokens,262668288,308.0,0.22047823867276944,1396.9632642844588,0.08619481938191072
246,model.layers.0,60821504,915.16796875,0.28394413263283014,3223.0564522120594,0.41327519044607436
246,model.layers.1,60821504,838.12646484375,0.6176553464534144,1356.94844974027,0.17399420001068547
246,model.layers.2,60821504,805.025390625,0.18332688787795579,4391.201966843624,0.5630602057525094
246,model.layers.3,60821504,857.55126953125,0.18706918963121877,4584.139543351819,0.5877995532811272
246,model.layers.4,60821504,887.8984375,0.19222688257798182,4619.012833128587,0.59227116762846
246,model.layers.5,60821504,893.556640625,0.19815456184592767,4509.392225447591,0.5782151068092071
246,model.layers.6,60821504,922.0625,0.20516176974872855,4494.3192931572685,0.5762823857864064
246,model.layers.7,60821504,920.0703125,0.21494227357411178,4280.546107570418,0.5488714001907198
246,model.layers.8,60821504,988.43115234375,0.21860101452122255,4521.621981071774,0.579783262582968
246,model.layers.9,60821504,988.0224609375,0.21879106831029427,4515.826302087729,0.579040113844679
246,model.layers.10,60821504,927.85205078125,0.19117790944330848,4853.343430122576,0.6223181195003601
246,model.layers.11,60821504,832.829833984375,0.1693608841330732,4917.486338403792,0.6305428195727063
246,model.layers.12,60821504,724.25341796875,0.14696772646963047,4927.975926186831,0.6318878429854242
246,model.layers.13,60821504,664.9873046875,0.14146513211352946,4700.715255783526,0.6027474297676018
246,model.layers.14,60821504,613.357666015625,0.13151968904339287,4663.618584235378,0.5979907231363994
246,model.layers.15,60821504,776.007080078125,0.19198123828162297,4042.098524959909,0.5182965494005232
246,model.norm,2048,0.053955078125,0.0015489140391517263,34.83413330965021,0.769732871250308
246,__whole_model__,1235814400,13863.25390625,1.000250556257414,13859.78125133109,0.3942573061427141
247,model.embed_tokens,262668288,328.0,0.22837752057079802,1436.2184123034938,0.08861692344134997
247,model.layers.0,60821504,820.873046875,0.26330898629584265,3117.527656092612,0.3997438006114727
247,model.layers.1,60821504,763.9296875,0.6062076607888629,1260.1782143529697,0.16158587330211974
247,model.layers.2,60821504,747.060546875,0.17637526344341084,4235.6310759796015,0.5431121873100871
247,model.layers.3,60821504,828.77734375,0.18526122820599955,4473.560667688376,0.5736206189134845
247,model.layers.4,60821504,880.8427734375,0.19448954227238685,4528.998130932205,0.5807290665995981
247,model.layers.5,60821504,918.0009765625,0.20539694132285002,4469.399449914662,0.5730870483436178
247,model.layers.6,60821504,962.330078125,0.21309622335054149,4515.941498137089,0.5790548848143916
247,model.layers.7,60821504,965.578125,0.22296043229010645,4330.715163592936,0.5553043083602232
247,model.layers.8,60821504,1019.38427734375,0.2276151368326381,4478.5434375275645,0.5742595326851704
247,model.layers.9,60821504,985.07958984375,0.2183071270924621,4512.356527079979,0.5785952032610778
247,model.layers.10,60821504,910.84130859375,0.19367391914199716,4702.963169377197,0.6030356676350747
247,model.layers.11,60821504,791.7724609375,0.1684622459170321,4699.999436831972,0.6026556441541895
247,model.layers.12,60821504,701.56494140625,0.14583098324210708,4810.808552538655,0.6168641009640013
247,model.layers.13,60821504,681.553466796875,0.14234996493493188,4787.8723897713135,0.6139231201973537
247,model.layers.14,60821504,651.86474609375,0.1408706337934963,4627.399824503702,0.5933465864146998
247,model.layers.15,60821504,842.64208984375,0.20925826672962594,4026.8043074852258,0.5163354541689347
247,model.norm,2048,0.059814453125,0.001705554864248425,35.070377610724364,0.7749531821036272
247,__whole_model__,1235814400,13800.1552734375,1.0000317299993728,13799.717408412786,0.3925487215354877
248,model.embed_tokens,262668288,324.0,0.22331263180826794,1450.8807557208872,0.08952161297391625
248,model.layers.0,60821504,786.0244140625,0.2726854561116241,2882.531489837654,0.36961150637366597
248,model.layers.1,60821504,728.0908203125,0.5947830167131606,1224.1284634117728,0.15696340766844102
248,model.layers.2,60821504,715.67822265625,0.16638320426407124,4301.3850215336515,0.5515434620253593
248,model.layers.3,60821504,796.20849609375,0.17509576911372735,4547.274329493367,0.5830725252243488
248,model.layers.4,60821504,870.76611328125,0.18697725145906538,4657.069811895729,0.5971510092883845
248,model.layers.5,60821504,933.33349609375,0.20827793503283693,4481.192383372734,0.5745991927609015
248,model.layers.6,60821504,991.6064453125,0.22061369820110152,4494.763713215107,0.5763393713796668
248,model.layers.7,60821504,1002.23681640625,0.22977184143479798,4361.878331773971,0.5593001937739216
248,model.layers.8,60821504,1071.462890625,0.2372596677222772,4515.992544839918,0.5790614302584898
248,model.layers.9,60821504,1040.349609375,0.22589500395663423,4605.456478243845,0.5905329091679539
248,model.layers.10,60821504,954.80078125,0.20010637771685202,4771.46601794487,0.6118194193960697
248,model.layers.11,60821504,820.70703125,0.17095716406190586,4800.658900453046,0.6155626656770822
248,model.layers.12,60821504,714.7529296875,0.14892310430256328,4799.476434733422,0.615411044458925
248,model.layers.13,60821504,682.86669921875,0.14551716719391952,4692.688240066866,0.6017181687235577
248,model.layers.14,60821504,650.489501953125,0.14062761638738225,4625.617063445369,0.5931179925545468
248,model.layers.15,60821504,845.025390625,0.21057850814750823,4012.875758589133,0.5145494712725696
248,model.norm,2048,0.056396484375,0.0016256862739372224,34.6908781104575,0.7665673486631394
248,__whole_model__,1235814400,13928.4560546875,1.0001026700788944,13927.02616581229,0.3961701645316306
249,model.embed_tokens,262668288,304.0,0.22200994216182607,1369.3080455757708,0.08448844911255109
249,model.layers.0,60821504,841.3232421875,0.30031900194909816,2801.4319331352135,0.35921254649249784
249,model.layers.1,60821504,765.6845703125,0.5926463243337964,1291.9755659890725,0.16566307664867366
249,model.layers.2,60821504,752.56298828125,0.17605227218151107,4274.656492393081,0.5481162065196944
249,model.layers.3,60821504,823.8115234375,0.18412323650607249,4474.2398573377795,0.5737077077485291
249,model.layers.4,60821504,876.2265625,0.19009872931614907,4609.323616481237,0.5910287715008778
249,model.layers.5,60821504,921.39306640625,0.20388186427450686,4519.249761056162,0.5794790855717153
249,model.layers.6,60821504,963.69921875,0.21064638645790099,4574.962025007732,0.5866227694742933
249,model.layers.7,60821504,976.14501953125,0.22044630986761307,4428.039735015136,0.5677837145964953
249,model.layers.8,60821504,1032.94677734375,0.22618488715727303,4566.824911805498,0.5855793912219432
249,model.layers.9,60821504,1001.271484375,0.21660627685513134,4622.541409751765,0.5927236180268843
249,model.layers.10,60821504,926.916015625,0.1955516368659296,4740.006427358593,0.6077855253319505
249,model.layers.11,60821504,798.82763671875,0.1688741635307207,4730.3129147605305,0.6065425783577185
249,model.layers.12,60821504,685.560546875,0.1441968217736204,4754.338815811664,0.6096232904022535
249,model.layers.13,60821504,646.227783203125,0.13726710577823073,4707.812403702698,0.6036574588661944
249,model.layers.14,60821504,619.85986328125,0.13538238130697028,4578.585908278273,0.5870874405314072
249,model.layers.15,60821504,807.254638671875,0.19972500822620468,4041.8305441129037,0.5182621876581137
249,model.norm,2048,0.05810546875,0.0016280917496559193,35.68930851856476,0.7886297521667486
249,__whole_model__,1235814400,13743.76904296875,0.9944707525257414,13820.18426189261,0.39313092455672205
250,model.embed_tokens,262668288,308.0,0.2273499845193925,1354.7394808541462,0.08358954587225916
250,model.layers.0,60821504,792.818359375,0.25928186643046086,3057.7470391190395,0.3920784536865745
250,model.layers.1,60821504,750.02685546875,0.5961118469202673,1258.198204487403,0.1613319872885144
250,model.layers.2,60821504,741.25341796875,0.1745110618368677,4247.601327769531,0.5446470683031814
250,model.layers.3,60821504,804.77978515625,0.17789378997113664,4523.934114208405,0.5800797349769659
250,model.layers.4,60821504,856.4033203125,0.18608801695502328,4602.141149795203,0.5901078024357824
250,model.layers.5,60821504,915.9453125,0.20430608663515162,4483.201296570712,0.5748567848933366
250,model.layers.6,60821504,974.908203125,0.2155859381752097,4522.132618560115,0.5798487388811252
250,model.layers.7,60821504,998.09423828125,0.23152888116866105,4310.884384027113,0.5527615141761081
250,model.layers.8,60821504,1063.21240234375,0.2345621298101792,4532.753872946843,0.581210645194134
250,model.layers.9,60821504,1024.64892578125,0.226646877158926,4520.904671731968,0.5796912858650877
250,model.layers.10,60821504,941.3603515625,0.20051177111850824,4694.788472074933,0.6019874701757614
250,model.layers.11,60821504,801.7109375,0.16964107876914067,4725.924542079951,0.6059798809361235
250,model.layers.12,60821504,686.435546875,0.1478552452537321,4642.618837749169,0.5952980386125367
250,model.layers.13,60821504,646.35595703125,0.1399460560862096,4618.6078772600895,0.5922192423159013
250,model.layers.14,60821504,623.139404296875,0.13965169851722736,4462.096851761562,0.5721506754667474
250,model.layers.15,60821504,814.959716796875,0.20884377550833233,3902.2456609646965,0.500363968988417
250,model.norm,2048,0.0595703125,0.001704249357677343,34.95398852969857,0.772381322464583
250,__whole_model__,1235814400,13744.1123046875,0.9963713942822273,13794.16589392209,0.39239080236573864
251,model.embed_tokens,262668288,322.0,0.22555687952530648,1427.577827276481,0.0880837858243498
251,model.layers.0,60821504,843.69140625,0.27580997347736247,3058.959020273599,0.3922338595101752
251,model.layers.1,60821504,785.17236328125,0.5810285654198644,1351.3489869708328,0.1732762110220512
251,model.layers.2,60821504,777.130859375,0.17996953302254884,4318.124553213301,0.5536898821223878
251,model.layers.3,60821504,840.9033203125,0.18689240600794316,4499.398013404357,0.5769336027627325
251,model.layers.4,60821504,885.78466796875,0.19206544673698853,4611.889764751543,0.5913578148889934
251,model.layers.5,60821504,931.89404296875,0.20710051331474805,4499.718653775002,0.5769747167525765
251,model.layers.6,60821504,983.45263671875,0.2140109935713627,4595.336997913681,0.5892353426429267
251,model.layers.7,60821504,1001.33544921875,0.22573265390824943,4435.935306133199,0.568796121206767
251,model.layers.8,60821504,1062.95947265625,0.23306071512123724,4560.869351590648,0.5848157417735086
251,model.layers.9,60821504,1038.154296875,0.2258670528893961,4596.306914153475,0.5893597097846943
251,model.layers.10,60821504,947.61083984375,0.20055870898360578,4724.855104253838,0.6058427526767182
251,model.layers.11,60821504,813.39794921875,0.17192278709301864,4731.181729729998,0.6066539818274661
251,model.layers.12,60821504,710.43701171875,0.14848273937620513,4784.643755249845,0.613509129761094
251,model.layers.13,60821504,682.235595703125,0.14553436294062333,4687.797314105609,0.6010910315982652
251,model.layers.14,60821504,656.237060546875,0.14219980187968692,4614.8943379127,0.5917430751423577
251,model.layers.15,60821504,852.77001953125,0.20766953792376325,4106.379915210805,0.5265390062708781
251,model.norm,2048,0.0576171875,0.0016264545008126295,35.42502263125872,0.7827898039453111
251,__whole_model__,1235814400,14135.224609375,0.9950309763842053,14205.81363279795,0.40410059241695967
252,model.embed_tokens,262668288,328.0,0.21712242633565815,1510.6684534417086,0.09321060747939891
252,model.layers.0,60821504,756.2509765625,0.2477682364902083,3052.2515205147643,0.3913737928990717
252,model.layers.1,60821504,718.34423828125,0.615246396616086,1167.5716302154908,0.1497114291949711
252,model.layers.2,60821504,712.1826171875,0.1679560075510561,4240.292607402013,0.5437099104076907
252,model.layers.3,60821504,790.38134765625,0.17752685094460863,4452.17916867608,0.570878984316838
252,model.layers.4,60821504,874.5966796875,0.19527165761195106,4478.871590394963,0.5743016099620598
252,model.layers.5,60821504,918.39697265625,0.20535575370564743,4472.224206450337,0.5734492516784194
252,model.layers.6,60821504,968.45703125,0.21452669169950975,4514.389438338657,0.578855872535739
252,model.layers.7,60821504,983.53955078125,0.22523813397792547,4366.665330647971,0.5599140048878907
252,model.layers.8,60821504,1050.50830078125,0.23338667957976095,4501.149348680948,0.5771581670639476
252,model.layers.9,60821504,1024.71728515625,0.22925677295746097,4469.736147539634,0.5731302212688042
252,model.layers.10,60821504,937.85400390625,0.19864170845620605,4721.334764964609,0.6053913585073134
252,model.layers.11,60821504,803.01611328125,0.16967559943655966,4732.655231204833,0.6068429209948882
252,model.layers.12,60821504,692.126953125,0.14666169910733076,4719.207245911449,0.605118558184108
252,model.layers.13,60821504,656.5478515625,0.14017381037291618,4683.812545409378,0.6005800861443968
252,model.layers.14,60821504,634.549072265625,0.1411009794104507,4497.127340411834,0.5766424465799788
252,model.layers.15,60821504,828.825439453125,0.20619544105029894,4019.6108858243033,0.5154130804063416
252,model.norm,2048,0.056396484375,0.0016129956954603892,34.96381579549289,0.7725984764109483
252,__whole_model__,1235814400,13678.350830078125,1.0013509124402837,13659.897504606151,0.38857138469154273
253,model.embed_tokens,262668288,308.0,0.23404463690929106,1315.9882835485434,0.08119853636042342
253,model.layers.0,60821504,790.8828125,0.265362606552099,2980.3853028732024,0.3821587744149643
253,model.layers.1,60821504,739.90283203125,0.6239070825409112,1185.9183085691814,0.15206392506437183
253,model.layers.2,60821504,735.8681640625,0.1749267713072531,4206.72123862603,0.5394052343866089
253,model.layers.3,60821504,806.705078125,0.1848728548893423,4363.566942306713,0.5595167152186605
253,model.layers.4,60821504,845.58935546875,0.18969363456849284,4457.658041042133,0.571581510646762
253,model.layers.5,60821504,887.8779296875,0.19787894944592566,4486.9751541213345,0.5753406863455992
253,model.layers.6,60821504,930.697265625,0.20694954301376817,4497.218269107661,0.5766541058774941
253,model.layers.7,60821504,930.21044921875,0.21631224918754843,4300.313332751826,0.551406045138012
253,model.layers.8,60821504,987.68603515625,0.2199353939546564,4490.800763791021,0.5758312236936891
253,model.layers.9,60821504,963.7607421875,0.21324801516751984,4519.435932055006,0.5795029572773908
253,model.layers.10,60821504,899.591064453125,0.18974787897687712,4740.980870530575,0.60791047293788
253,model.layers.11,60821504,786.201416015625,0.16629039604608828,4727.882275280197,0.606230910532772
253,model.layers.12,60821504,680.43359375,0.14286784159426683,4762.678473735024,0.6106926398746049
253,model.layers.13,60821504,643.851318359375,0.13913985217519606,4627.368135684652,0.5933425231279028
253,model.layers.14,60821504,624.576416015625,0.13813233975187242,4521.579936585116,0.5797778714446219
253,model.layers.15,60821504,828.8203125,0.20989140616793606,3948.8053733693755,0.5063340704422565
253,model.norm,2048,0.060546875,0.0017341214363988272,34.915014444279635,0.771520108711762
253,__whole_model__,1235814400,13390.71533203125,1.0021988699577575,13361.335492820568,0.3800784472960244
254,model.embed_tokens,262668288,326.0,0.23763607575301435,1371.8455792832826,0.08464501891305083
254,model.layers.0,60821504,1034.876953125,0.3299192201805151,3136.758605814986,0.402209681841545
254,model.layers.1,60821504,925.498046875,0.596362068614555,1551.9062924727605,0.1989925954092296
254,model.layers.2,60821504,833.70703125,0.2077199206459829,4013.611350597842,0.5146437922787316
254,model.layers.3,60821504,876.603515625,0.1941536765191133,4514.998280440512,0.5789339410831958
254,model.layers.4,60821504,878.78662109375,0.19502936506928564,4505.919510026372,0.5777698191922048
254,model.layers.5,60821504,892.75146484375,0.19682920215528854,4535.665719659896,0.5815840156338794
254,model.layers.6,60821504,923.6982421875,0.20223556454782168,4567.437207460498,0.5856579025999414
254,model.layers.7,60821504,926.58740234375,0.21057163419902547,4400.34293255268,0.5642323026115881
254,model.layers.8,60821504,971.87451171875,0.21329679075441615,4556.442261889156,0.5842480798766001
254,model.layers.9,60821504,940.20166015625,0.20558668990403053,4573.261336106649,0.5864046992853574
254,model.layers.10,60821504,868.400146484375,0.18336959606535197,4735.791347737287,0.6072450483471166
254,model.layers.11,60821504,748.187255859375,0.15632195519057618,4786.194331738241,0.6137079518428803
254,model.layers.12,60821504,651.822998046875,0.1352983551116487,4817.671268131739,0.6177440700665477
254,model.layers.13,60821504,628.222900390625,0.13297401889765273,4724.403350357898,0.6057848267048503
254,model.layers.14,60821504,611.79052734375,0.13300535125068297,4599.743706481949,0.5898003911767621
254,model.layers.15,60821504,799.372802734375,0.1993522828129714,4009.8502583205013,0.5141615276487912
254,model.norm,2048,0.055908203125,0.001623917790906012,34.42797624244749,0.7607579832363742
254,__whole_model__,1235814400,13838.43798828125,1.0015342489406502,13817.238904129877,0.39304714049143974
255,model.embed_tokens,262668288,348.0,0.23015685717832157,1512.0123044188754,0.09329352518755528
255,model.layers.0,60821504,920.708984375,0.27936859539650605,3295.678181250987,0.422587084092395
255,model.layers.1,60821504,852.826171875,0.5926328344662758,1439.0464420403805,0.18452118391746197
255,model.layers.2,60821504,801.77734375,0.18597764606768982,4311.14900474748,0.5527954450675544
255,model.layers.3,60821504,842.27490234375,0.18643094975383304,4517.89203163909,0.579304991232465
255,model.layers.4,60821504,883.90234375,0.19160723169885313,4613.094902071437,0.5915123431644914
255,model.layers.5,60821504,918.89794921875,0.2029690129134257,4527.281953185121,0.5805090103592618
255,model.layers.6,60821504,956.46240234375,0.2093888170060058,4567.877196212997,0.5857143199907564
255,model.layers.7,60821504,962.1376953125,0.2160256731423001,4453.811814666687,0.5710883297293999
255,model.layers.8,60821504,1023.95751953125,0.22323563529498808,4586.890969168842,0.5881523538123584
255,model.layers.9,60821504,1010.8349609375,0.21995426265775905,4595.6597918282805,0.5892767327701269
255,model.layers.10,60821504,948.16455078125,0.19810146787147767,4786.257068001086,0.6137159961763753
255,model.layers.11,60821504,832.20751953125,0.17218948474349943,4833.0914095651115,0.6197213118499514
255,model.layers.12,60821504,745.443359375,0.1517099975032213,4913.607353788083,0.6300454382424185
255,model.layers.13,60821504,726.4912109375,0.149339423487938,4864.698108307469,0.6237740688015568
255,model.layers.14,60821504,709.685546875,0.14861642827492805,4775.283292114521,0.6123088879278308
255,model.layers.15,60821504,902.7568359375,0.22103518433890432,4084.222331560298,0.5236978585160186
255,model.norm,2048,0.058837890625,0.001714387947375732,34.32005615477233,0.7583732636794569
255,__whole_model__,1235814400,14386.588134765625,1.0016832478571736,14362.412634474804,0.40855522986225296
256,model.embed_tokens,262668288,322.0,0.22890344950033711,1406.706629816541,0.0867960002817105
256,model.layers.0,60821504,795.3095703125,0.2684474402893955,2962.626760214697,0.37988169202188315
256,model.layers.1,60821504,742.77197265625,0.5824607501379033,1275.230944712397,0.16351600393999804
256,model.layers.2,60821504,734.12939453125,0.16773109746886952,4376.823413246328,0.5612165211741076
256,model.layers.3,60821504,827.20263671875,0.179750036954273,4601.9608715250715,0.5900846863230099
256,model.layers.4,60821504,893.71728515625,0.19206826398166268,4653.123148140578,0.5966449498261257
256,model.layers.5,60821504,954.64404296875,0.21157453251141098,4512.0933584823715,0.5785614585675212
256,model.layers.6,60821504,1000.70751953125,0.21966317143124037,4555.645413889941,0.5841459043443018
256,model.layers.7,60821504,1020.0966796875,0.23292732207922964,4379.463390475578,0.5615550312524659
256,model.layers.8,60821504,1082.64404296875,0.23851170407342695,4539.1652672753235,0.5820327437988014
256,model.layers.9,60821504,1046.4736328125,0.22866063810301848,4576.535959551693,0.5868245866338898
256,model.layers.10,60821504,962.17724609375,0.20345727236194594,4729.136663063378,0.6063917539302347
256,model.layers.11,60821504,827.27685546875,0.1739714410422698,4755.245174222284,0.6097395078654952
256,model.layers.12,60821504,708.75390625,0.1498614729146934,4729.393702499164,0.6064247127143426
256,model.layers.13,60821504,670.170654296875,0.14205896776088314,4717.5526111447,0.6049063932690698
256,model.layers.14,60821504,644.30322265625,0.14058221837039792,4583.106100649778,0.587667040482846
256,model.layers.15,60821504,851.14453125,0.20986780023555635,4055.6223026813664,0.52003063066663
256,model.norm,2048,0.058837890625,0.001683595932076574,34.94775052849433,0.7722434808098153
256,__whole_model__,1235814400,14083.58203125,0.9978028516332222,14114.593888159101,0.4015057426039523
257,model.embed_tokens,262668288,324.0,0.23234172047983764,1394.497722281076,0.08604269158220874
257,model.layers.0,60821504,836.4404296875,0.2608764733129588,3206.2700751250554,0.4111227636144655
257,model.layers.1,60821504,769.86181640625,0.592745263751826,1298.8072001340868,0.16653906034433652
257,model.layers.2,60821504,743.71240234375,0.17751961994285656,4189.465945134124,0.5371926809269336
257,model.layers.3,60821504,822.01220703125,0.17966940094237646,4575.137462026078,0.5866452648193929
257,model.layers.4,60821504,874.802734375,0.191195387736616,4575.438480660931,0.5866838628196114
257,model.layers.5,60821504,928.32470703125,0.20693100619675772,4486.15567136693,0.5752356084804066
257,model.layers.6,60821504,986.39501953125,0.21783584990288812,4528.157417481961,0.5806212664364885
257,model.layers.7,60821504,1003.21826171875,0.23053267765588203,4351.739943854129,0.558000202830383
257,model.layers.8,60821504,1060.58154296875,0.23588802210582505,4496.122920955044,0.5765136552763056
257,model.layers.9,60821504,1025.2158203125,0.2272494838708783,4511.410995745192,0.5784739628645007
257,model.layers.10,60821504,936.6669921875,0.1987335864811762,4713.179129770397,0.604345605279571
257,model.layers.11,60821504,811.1455078125,0.1713311207484923,4734.373441724177,0.607063237886676
257,model.layers.12,60821504,699.99609375,0.1477545425966615,4737.560561240006,0.6074719050770924
257,model.layers.13,60821504,667.924072265625,0.14764371267573423,4523.89106288981,0.5800742147379768
257,model.layers.14,60821504,645.806396484375,0.14290751460596268,4519.051347754874,0.5794536441014548
257,model.layers.15,60821504,836.147216796875,0.21271410996475215,3930.8498008685415,0.504031723972415
257,model.norm,2048,0.0615234375,0.0017925203696294862,34.32230871257373,0.758423038644969
257,__whole_model__,1235814400,13972.312744140625,1.0012953456423852,13954.237183811765,0.39694421301474375
258,model.embed_tokens,262668288,314.0,0.22926875661758403,1369.5716966954467,0.08450471679919777
258,model.layers.0,60821504,854.3291015625,0.27454403794690735,3111.810797099569,0.39901075853661794
258,model.layers.1,60821504,796.4892578125,0.6094201715511441,1306.9624127885575,0.16758475939208092
258,model.layers.2,60821504,775.5166015625,0.17987083235863238,4311.519502040494,0.5528429519423489
258,model.layers.3,60821504,832.7138671875,0.18765230897286223,4437.535950106134,0.5690013631727576
258,model.layers.4,60821504,878.2158203125,0.1914412388529497,4587.391021780199,0.5882164728686813
258,model.layers.5,60821504,908.0185546875,0.20155301360892894,4505.110285521794,0.5776660566872034
258,model.layers.6,60821504,950.8232421875,0.207148082220298,4590.065387022592,0.5885593923369749
258,model.layers.7,60821504,961.517578125,0.2202889967068763,4364.800750372596,0.5596749197896824
258,model.layers.8,60821504,1015.0068359375,0.22301480438024693,4551.2980125161685,0.5835884604529737
258,model.layers.9,60821504,992.01904296875,0.21976488607863362,4514.001579914809,0.5788061395365319
258,model.layers.10,60821504,919.349609375,0.1922014572401392,4783.260348678583,0.6133317429784921
258,model.layers.11,60821504,795.015625,0.1655182301835439,4803.19070665753,0.6158873055668405
258,model.layers.12,60821504,687.74951171875,0.1444592464928453,4760.8549014051,0.6104588130046397
258,model.layers.13,60821504,643.799072265625,0.1365329556678393,4715.338279439838,0.6046224614265452
258,model.layers.14,60821504,615.9208984375,0.13601349893703968,4528.380662588559,0.5806498919555614
258,model.layers.15,60821504,811.163818359375,0.2093325884819616,3875.000181490011,0.496870427722341
258,model.norm,2048,0.058349609375,0.0016898958192588284,34.52852460490231,0.7629798091404055
258,__whole_model__,1235814400,13751.706787109375,0.9999058218779106,13753.002019012618,0.39121984893307565
259,model.embed_tokens,262668288,318.0,0.23581873955296032,1348.4933411264517,0.08320414927706767
259,model.layers.0,60821504,831.5205078125,0.27873768080538963,2983.165051132986,0.3825152065806701
259,model.layers.1,60821504,768.67919921875,0.5963181745003449,1289.042045151192,0.1652869270524975
259,model.layers.2,60821504,756.32080078125,0.17768637126826267,4256.493029729285,0.5457872034126007
259,model.layers.3,60821504,833.5751953125,0.18280052136932728,4560.0263558787,0.5847076489682582
259,model.layers.4,60821504,888.15869140625,0.19155254258902074,4636.632223210995,0.594530407235279
259,model.layers.5,60821504,941.20458984375,0.2072784240751004,4540.774535716926,0.582239091634014
259,model.layers.6,60821504,989.0849609375,0.21814490464100209,4534.073177483668,0.5813798125176968
259,model.layers.7,60821504,999.970703125,0.22766157533261294,4392.35607354489,0.5632081906462997
259,model.layers.8,60821504,1059.2724609375,0.2330160256485194,4545.9210712627255,0.5828990042012816
259,model.layers.9,60821504,1026.28173828125,0.22379450664776504,4585.821849043582,0.5880152662900243
259,model.layers.10,60821504,943.541015625,0.20017492293197367,4713.582509761463,0.6043973285258442
259,model.layers.11,60821504,809.699951171875,0.1694368853045545,4778.7702761206865,0.6127560051287229
259,model.layers.12,60821504,695.556396484375,0.14495122362704083,4798.554845415035,0.6152928740183148
259,model.layers.13,60821504,661.85986328125,0.14137250794719505,4681.673069904549,0.6003057527097139
259,model.layers.14,60821504,631.42431640625,0.13737359003828523,4596.40252708163,0.5893719697161222
259,model.layers.15,60821504,828.328369140625,0.20750867672145076,3991.7770294132397,0.5118440947308857
259,model.norm,2048,0.060791015625,0.0017255411205203905,35.23011703520956,0.7784829580497621
259,__whole_model__,1235814400,13982.53955078125,1.0045165061577839,13919.671269776974,0.39596094611430777
260,model.embed_tokens,262668288,312.0,0.22565531799056315,1382.6396948156469,0.0853110327320872
260,model.layers.0,60821504,888.412109375,0.2689700703848324,3303.014748458417,0.42352781263836575
260,model.layers.1,60821504,814.1728515625,0.6005460305282943,1355.7209775348617,0.17383680785296848
260,model.layers.2,60821504,762.62060546875,0.1776030587333413,4293.96098754004,0.5505915180839238
260,model.layers.3,60821504,803.58251953125,0.1794628910784974,4477.7085374143535,0.5741524779349957
260,model.layers.4,60821504,853.64892578125,0.1850958425602184,4611.929225279747,0.5913628747002472
260,model.layers.5,60821504,908.9384765625,0.200835507124766,4525.78575160933,0.5803171604800095
260,model.layers.6,60821504,964.39013671875,0.21211238594657134,4546.599824499021,0.5829860370774212
260,model.layers.7,60821504,983.59228515625,0.22560316859954768,4359.833646229302,0.5590380147459074
260,model.layers.8,60821504,1048.1396484375,0.2310023766406355,4537.354392972606,0.581800545128556
260,model.layers.9,60821504,1016.10009765625,0.22473079635830367,4521.410123231229,0.5797560971917632
260,model.layers.10,60821504,938.4755859375,0.19856406826436412,4726.311231133887,0.6060294639933173
260,model.layers.11,60821504,808.454833984375,0.1683549622186933,4802.084971717027,0.6157455231237169
260,model.layers.12,60821504,707.747314453125,0.14764112062438103,4793.7005047105395,0.6146704280236864
260,model.layers.13,60821504,675.739501953125,0.14228676555531364,4749.138117771276,0.6089564328696716
260,model.layers.14,60821504,649.73291015625,0.1395434261164717,4656.134138586666,0.5970310329334146
260,model.layers.15,60821504,826.394287109375,0.20173845765271906,4096.364653148902,0.5252548030937482
260,model.norm,2048,0.05859375,0.0016611511960335508,35.272978245393,0.7794300659363425
260,__whole_model__,1235814400,13962.20068359375,0.9959961976013831,14018.327296046256,0.39876732945083676
261,model.embed_tokens,262668288,316.0,0.21731759161438424,1454.0930517982235,0.08971981666850593
261,model.layers.0,60821504,818.4296875,0.2705688398375941,3024.848271483343,0.3878600216914562
261,model.layers.1,60821504,762.544921875,0.6089018172689403,1252.3282083393724,0.16057930926007646
261,model.layers.2,60821504,743.7529296875,0.17423697372831504,4268.628602602007,0.5473432826387973
261,model.layers.3,60821504,810.40478515625,0.17934014972514048,4518.814032431048,0.5794232144341176
261,model.layers.4,60821504,846.00830078125,0.18405171357117742,4596.579322007113,0.5893946391783491
261,model.layers.5,60821504,894.37109375,0.19898259871329332,4494.720139014097,0.5763337840942786
261,model.layers.6,60821504,941.8857421875,0.20907414480751238,4505.03214089271,0.5776560366217945
261,model.layers.7,60821504,963.7685546875,0.22275961755766951,4326.495822062511,0.5547632848937101
261,model.layers.8,60821504,1034.6396484375,0.23004214313315283,4497.6091525917955,0.5767042267639083
261,model.layers.9,60821504,1010.5869140625,0.22706497676997886,4450.650771590565,0.5706830061805692
261,model.layers.10,60821504,940.36083984375,0.19629671520448888,4790.507262763641,0.6142609757868697
261,model.layers.11,60821504,820.51708984375,0.17014407778818724,4822.483982458759,0.6183611785347212
261,model.layers.12,60821504,725.625244140625,0.14862729327151927,4882.180305975289,0.6260157169630793
261,model.layers.13,60821504,683.562744140625,0.14228342760303916,4804.233041445398,0.6160209585494523
261,model.layers.14,60821504,645.19775390625,0.138745936476777,4650.21009112034,0.5962714241952006
261,model.layers.15,60821504,803.080810546875,0.20054057786043988,4004.5801159790944,0.5134857656470652
261,model.norm,2048,0.055908203125,0.0016085992517041138,34.75583061832965,0.7680026098747478
261,__whole_model__,1235814400,13760.79296875,0.997137759806324,13800.292721261289,0.3925650869664946
262,model.embed_tokens,262668288,342.0,0.225807856935669,1514.562002585381,0.09345084555420993
262,model.layers.0,60821504,783.6044921875,0.2583521120583841,3033.0872310051636,0.38891645914948497
262,model.layers.1,60821504,739.087890625,0.5571664587066327,1326.5118154109043,0.1700914741244004
262,model.layers.2,60821504,748.74560546875,0.17419385476090182,4298.346841778528,0.5511538925792374
262,model.layers.3,60821504,835.2666015625,0.18432126286138248,4531.580288654252,0.5810601627935877
262,model.layers.4,60821504,902.72998046875,0.19561631411258532,4614.799049680444,0.5917308568449382
262,model.layers.5,60821504,973.33642578125,0.21568500170726482,4512.7682410773095,0.5786479951321416
262,model.layers.6,60821504,1029.59228515625,0.22720330444415718,4531.590276273058,0.5810614434522189
262,model.layers.7,60821504,1047.85498046875,0.23776253221306284,4407.149312868817,0.5651050481446269
262,model.layers.8,60821504,1111.48388671875,0.24519679283950266,4533.02783387664,0.58124577373039
262,model.layers.9,60821504,1077.2353515625,0.23427212686898652,4598.2224431032255,0.5896053277573394
262,model.layers.10,60821504,983.86865234375,0.20762338094639338,4738.717999191896,0.6076203171192297
262,model.layers.11,60821504,845.33642578125,0.17798319000959226,4749.5295804940415,0.6090066280287395
262,model.layers.12,60821504,730.26513671875,0.15322493692163425,4765.967938314367,0.6111144302219506
262,model.layers.13,60821504,698.25341796875,0.1488778223789393,4690.1103657432795,0.6013876217667103
262,model.layers.14,60821504,679.31640625,0.14855288834900565,4572.892616224564,0.5863574203184051
262,model.layers.15,60821504,878.591796875,0.2181093715671,4028.216626192546,0.5165165481992108
262,model.norm,2048,0.058837890625,0.0016830717796367668,34.95863416930331,0.7724839775666911
262,__whole_model__,1235814400,14406.628173828125,0.9952390551223951,14475.545447778262,0.4117734219390641
263,model.embed_tokens,262668288,360.0,0.23251855266033475,1548.2635509343263,0.0955302838237023
263,model.layers.0,60821504,898.1923828125,0.2822107992930879,3182.7002547825573,0.40810053234571425
263,model.layers.1,60821504,825.80810546875,0.607957232349509,1358.3325627648762,0.17417167737799952
263,model.layers.2,60821504,783.384765625,0.18275110340378878,4286.621262658592,0.5496503846464005
263,model.layers.3,60821504,830.07568359375,0.18256588190752984,4546.718559463295,0.5830012618231556
263,model.layers.4,60821504,858.14697265625,0.18504025472630925,4637.623169755817,0.5946574709799279
263,model.layers.5,60821504,890.8115234375,0.1966590287648168,4529.726039188445,0.5808224023595158
263,model.layers.6,60821504,931.576171875,0.20475792420644198,4549.646493464947,0.5833766950493765
263,model.layers.7,60821504,942.771484375,0.21309660792687912,4424.150593229986,0.5672850308670104
263,model.layers.8,60821504,1001.2607421875,0.22121085742978125,4526.273049257219,0.5803796440359823
263,model.layers.9,60821504,987.47216796875,0.2163628296412634,4563.96401177601,0.5852125534013638
263,model.layers.10,60821504,920.59521484375,0.192486492313699,4782.648401860002,0.6132532763299112
263,model.layers.11,60821504,802.45166015625,0.16783180681625687,4781.284759895234,0.6130784238564763
263,model.layers.12,60821504,713.618408203125,0.1471924678108838,4848.199223889622,0.6216585056083482
263,model.layers.13,60821504,694.109375,0.14408792990632707,4817.262455302447,0.6176916501966546
263,model.layers.14,60821504,677.435546875,0.14471132820742755,4681.288985918032,0.6002565036863012
263,model.layers.15,60821504,870.976806640625,0.21590742587375747,4034.0289506757913,0.5172618313003178
263,model.norm,2048,0.061767578125,0.0017902158759864509,34.50286580156967,0.7624128243331042
263,__whole_model__,1235814400,13988.748779296875,1.0006257761623867,13980.000428278703,0.39767707792630613
264,model.embed_tokens,262668288,318.0,0.22315248604583518,1425.0345386458446,0.08792686093608792
264,model.layers.0,60821504,904.9365234375,0.28881531406166133,3133.2705690401804,0.4017624296497934
264,model.layers.1,60821504,827.06982421875,0.5980644991396912,1382.9107486040057,0.17732320592988504
264,model.layers.2,60821504,798.21533203125,0.18431167858385475,4330.790854731935,0.5553140138277969
264,model.layers.3,60821504,836.9599609375,0.1888916668048069,4430.899335556083,0.5681503857906498
264,model.layers.4,60821504,860.0830078125,0.18898133975610787,4551.1530869793305,0.5835698774310114
264,model.layers.5,60821504,905.69189453125,0.20137403350687544,4497.560478671781,0.5766979855689861
264,model.layers.6,60821504,955.26611328125,0.21165855530951144,4513.241205319342,0.5787086407925878
264,model.layers.7,60821504,963.57958984375,0.22160870317814735,4348.112578724606,0.5575350853132225
264,model.layers.8,60821504,1028.56591796875,0.22696061572393678,4531.913674484585,0.5811029110651633
264,model.layers.9,60821504,1008.83935546875,0.22265280992925846,4530.997636137086,0.5809854523956888
264,model.layers.10,60821504,935.408447265625,0.1957802380646084,4777.849166558556,0.6126378962046767
264,model.layers.11,60821504,814.896484375,0.17157899606504068,4749.395340127157,0.6089894151086396
264,model.layers.12,60821504,701.68701171875,0.1456513447549587,4817.580042939227,0.6177323727508575
264,model.layers.13,60821504,673.61376953125,0.14371361377572306,4687.195261699284,0.6010138336569408
264,model.layers.14,60821504,645.5517578125,0.13936194928596427,4632.195237796636,0.5939614764643435
264,model.layers.15,60821504,820.97509765625,0.20572238883299923,3990.693975086489,0.5117052205008534
264,model.norm,2048,0.057373046875,0.0016488856562369338,34.795042735671586,0.7688690834396593
264,__whole_model__,1235814400,13999.3974609375,1.00159236585224,13977.140739312264,0.3975957308077717
265,model.embed_tokens,262668288,314.0,0.21920553527829498,1432.4455794483365,0.08838413375043781
265,model.layers.0,60821504,833.7373046875,0.2671663040905678,3120.667883345304,0.4001464550592437
265,model.layers.1,60821504,775.23876953125,0.5989658865511145,1294.2953629548529,0.16596053173425593
265,model.layers.2,60821504,733.19287109375,0.172791139421942,4243.231878362421,0.5440867973111458
265,model.layers.3,60821504,792.3193359375,0.17805558447242592,4449.842661689729,0.5705793865952093
265,model.layers.4,60821504,848.3291015625,0.18576361433408986,4566.712941086555,0.5855650338189993
265,model.layers.5,60821504,904.19140625,0.20054460081798947,4508.679877503295,0.5781237662643833
265,model.layers.6,60821504,956.39013671875,0.2123860601388387,4503.073959249251,0.5774049495236853
265,model.layers.7,60821504,988.33935546875,0.22560370193992177,4380.86497238394,0.5617347485607701
265,model.layers.8,60821504,1055.89111328125,0.234214935818291,4508.214258805566,0.5780640624835678
265,model.layers.9,60821504,1028.283203125,0.22728762719338527,4524.149492088701,0.5801073517239316
265,model.layers.10,60821504,951.42578125,0.19993433659759613,4758.691265547427,0.6101813816178819
265,model.layers.11,60821504,823.32568359375,0.17208143266622067,4784.512023390235,0.6134922384933875
265,model.layers.12,60821504,717.25439453125,0.15009083796424874,4778.801985915344,0.612760071105109
265,model.layers.13,60821504,682.61669921875,0.14807201337171594,4610.031860005359,0.5911195857579824
265,model.layers.14,60821504,648.48779296875,0.14268206269297687,4544.984707462251,0.5827789393083126
265,model.layers.15,60821504,847.607177734375,0.22109753607982735,3833.6346608057456,0.49156634953067363
265,model.norm,2048,0.057861328125,0.0016840981170652542,34.35745669369336,0.7591997066385534
265,__whole_model__,1235814400,13900.68798828125,1.000140239023232,13898.738842721792,0.39536549932101783
266,model.embed_tokens,262668288,342.0,0.22132712741334792,1545.2240491120858,0.09534274180504142
266,model.layers.0,60821504,776.18359375,0.23491855723236302,3304.053978938156,0.4236610675722458
266,model.layers.1,60821504,736.96875,0.6096264083172099,1208.8858683702715,0.15500893170375682
266,model.layers.2,60821504,748.4404296875,0.17342864076501968,4315.552646817834,0.5533601004008587
266,model.layers.3,60821504,837.5888671875,0.18738624516637167,4469.852450716664,0.5731451341995423
266,model.layers.4,60821504,889.2294921875,0.19920939784093802,4463.792882389614,0.5723681483503915
266,model.layers.5,60821504,932.21142578125,0.20597991663560933,4525.739407062618,0.5803112179680948
266,model.layers.6,60821504,975.13623046875,0.2153809776572839,4527.494679778059,0.5805362871459124
266,model.layers.7,60821504,985.60546875,0.2283761510450715,4315.7110067744525,0.5533804060461991
266,model.layers.8,60821504,1039.26171875,0.22938723237638922,4530.599667573177,0.5809344230276091
266,model.layers.9,60821504,1014.65380859375,0.22415904730822908,4526.490546681142,0.5804075325606254
266,model.layers.10,60821504,957.16845703125,0.20037653893395263,4776.848937124063,0.6125096421650223
266,model.layers.11,60821504,845.65234375,0.17647258095307827,4791.975836602332,0.6144492831100171
266,model.layers.12,60821504,736.13232421875,0.15256667864405152,4824.987544863561,0.6186821968739836
266,model.layers.13,60821504,695.691650390625,0.1451466047197276,4793.027379000551,0.6145841167349722
266,model.layers.14,60821504,666.99462890625,0.14142973677329188,4716.084779083091,0.6047181810600074
266,model.layers.15,60821504,847.952392578125,0.206421464306338,4107.869283010843,0.5267299798918281
266,model.norm,2048,0.057861328125,0.0016346863135104975,35.39598248714916,0.7821481013569829
266,__whole_model__,1235814400,14026.929443359375,1.0013903963772817,14007.453530715327,0.3984580127777046
267,model.embed_tokens,262668288,334.0,0.22615023626407527,1476.8943226306815,0.09112669075841867
267,model.layers.0,60821504,990.31640625,0.3028422737484074,3270.0732100325145,0.4193038963749046
267,model.layers.1,60821504,909.0380859375,0.6053371981477101,1501.7053118808715,0.19255559372393377
267,model.layers.2,60821504,821.5927734375,0.18249565091242456,4501.985495707859,0.5772653816991583
267,model.layers.3,60821504,831.53076171875,0.18399903216167235,4519.2126934022035,0.5794743325858537
267,model.layers.4,60821504,856.166015625,0.18726879888649528,4571.8561806119515,0.5862245237553015
267,model.layers.5,60821504,893.32421875,0.1998054448646484,4470.970344953076,0.5732884757637693
267,model.layers.6,60821504,927.060546875,0.2048674210948884,4525.173118890453,0.5802386058821235
267,model.layers.7,60821504,926.759765625,0.21336422706768557,4343.5573917974725,0.5569509981981685
267,model.layers.8,60821504,987.6259765625,0.2167180889289498,4557.192163531348,0.5843442357300852
267,model.layers.9,60821504,976.447265625,0.21497769842255474,4542.08633169809,0.5824072961758767
267,model.layers.10,60821504,907.22900390625,0.19013045110445462,4771.61337721664,0.6118383144827699
267,model.layers.11,60821504,786.822998046875,0.1630184068868893,4826.589911363899,0.618887659710397
267,model.layers.12,60821504,694.9990234375,0.142867783695611,4864.630817807323,0.6237654405027122
267,model.layers.13,60821504,658.105224609375,0.13628923789325437,4828.7394865676915,0.6191632881751468
267,model.layers.14,60821504,635.271484375,0.13471125690524585,4715.801032291174,0.6046817977352947
267,model.layers.15,60821504,813.572509765625,0.19983952937471314,4071.1290319350155,0.5220189751404288
267,model.norm,2048,0.05615234375,0.0016089801417959373,34.89933920957096,0.7711737316880372
267,__whole_model__,1235814400,13949.918212890625,0.995949704468518,14006.64928188809,0.3984351350013282
268,model.embed_tokens,262668288,342.0,0.2204064763970012,1551.678542258358,0.09574099413219167
268,model.layers.0,60821504,848.109375,0.26618704912173907,3186.1406398179884,0.4085416744112682
268,model.layers.1,60821504,786.79833984375,0.6031691515806278,1304.4406163377469,0.1672614029991888
268,model.layers.2,60821504,766.89599609375,0.1842665648752523,4161.883609286011,0.5336559463802109
268,model.layers.3,60821504,834.658203125,0.18796404355356636,4440.520576942885,0.5693840658162445
268,model.layers.4,60821504,880.96337890625,0.19185419529512068,4591.837971283889,0.58878668128119
268,model.layers.5,60821504,930.39453125,0.20823734723878573,4467.952284193847,0.5729014860682607
268,model.layers.6,60821504,974.8310546875,0.21618339288154015,4509.278172082665,0.5782004823597724
268,model.layers.7,60821504,993.84375,0.23035374738855777,4314.424059807445,0.5532153877597464
268,model.layers.8,60821504,1043.4716796875,0.23133354118870444,4510.6804414337585,0.5783802878151599
268,model.layers.9,60821504,1011.28271484375,0.22390215398205193,4516.627896866123,0.579142898030936
268,model.layers.10,60821504,924.72607421875,0.195389918219271,4732.7215377663515,0.6068514231285758
268,model.layers.11,60821504,799.8310546875,0.16829486776020636,4752.557611127709,0.6093948961076143
268,model.layers.12,60821504,691.31005859375,0.1446146459816384,4780.359927593538,0.6129598375855619
268,model.layers.13,60821504,661.416259765625,0.14267239332802062,4635.909192642133,0.5944376969149743
268,model.layers.14,60821504,634.68896484375,0.13778540453659352,4606.358467200255,0.590648566359588
268,model.layers.15,60821504,834.854248046875,0.20829189270056192,4008.0976615208547,0.5139368015892609
268,model.norm,2048,0.056884765625,0.0016440064564014747,34.601303056627685,0.7645880009135078
268,__whole_model__,1235814400,13960.132568359375,1.0031404550091427,13916.428650295178,0.3958687060999413
269,model.embed_tokens,262668288,316.0,0.22715687067805357,1391.1091443404441,0.08583361102080694
269,model.layers.0,60821504,814.5244140625,0.2695480484369177,3021.8152896518673,0.3874711187471214
269,model.layers.1,60821504,747.92041015625,0.6061905523461317,1233.8041351215109,0.15820406700153813
269,model.layers.2,60821504,729.81591796875,0.1691338194001705,4315.020618330661,0.5532918812499938
269,model.layers.3,60821504,796.32421875,0.17517870898478508,4545.781980955025,0.582881169399361
269,model.layers.4,60821504,846.38427734375,0.18374583215624896,4606.277418167635,0.590638173878138
269,model.layers.5,60821504,900.13427734375,0.19942922823176912,4513.552428221043,0.5787485472310503
269,model.layers.6,60821504,955.5751953125,0.21242911656973304,4498.32495066098,0.5767960096996866
269,model.layers.7,60821504,967.8369140625,0.22156224675750408,4368.239301715424,0.5601158267306982
269,model.layers.8,60821504,1036.64013671875,0.22804745348097827,4545.721168533975,0.5828733717497501
269,model.layers.9,60821504,1012.64892578125,0.22257511010386202,4549.695270548039,0.5833829494723453
269,model.layers.10,60821504,948.302734375,0.200407241440835,4731.878586607668,0.6067433360361506
269,model.layers.11,60821504,824.950439453125,0.17113927246921742,4820.345602447899,0.6180869855693366
269,model.layers.12,60821504,724.560302734375,0.14970962686956377,4839.770947833946,0.6205777931096108
269,model.layers.13,60821504,688.493896484375,0.14447468499389593,4765.498512860325,0.6110542383212515
269,model.layers.14,60821504,654.5498046875,0.1410087708431059,4641.908448487847,0.5952069492190939
269,model.layers.15,60821504,828.654052734375,0.20804879057675194,3982.9794272640756,0.5107160255339688
269,model.norm,2048,0.058349609375,0.0016820388681695712,34.68981037191919,0.7665437547518589
269,__whole_model__,1235814400,13793.374267578125,0.9981088409120682,13819.50915791287,0.39311172045302145
270,model.embed_tokens,262668288,356.0,0.2300347428151887,1547.5923142879878,0.09548886747226853
270,model.layers.0,60821504,800.041015625,0.257032476345373,3112.606729703641,0.3991128166927215
270,model.layers.1,60821504,747.86083984375,0.5873725153271433,1273.2309059902489,0.1632595497338584
270,model.layers.2,60821504,745.40673828125,0.17196809415541076,4334.564164022264,0.5557978449795914
270,model.layers.3,60821504,825.330078125,0.18038862703490205,4575.28887320215,0.5866646794599848
270,model.layers.4,60821504,885.65087890625,0.18971851059056322,4668.236516032944,0.5985828556886531
270,model.layers.5,60821504,947.60205078125,0.21177602306311152,4474.548332125655,0.5737472618111393
270,model.layers.6,60821504,997.46826171875,0.2220821862796717,4491.437509817299,0.5759128702112656
270,model.layers.7,60821504,1004.98388671875,0.23091900373473354,4352.105588820302,0.5580470875174096
270,model.layers.8,60821504,1068.39013671875,0.23729733269332812,4502.326783839105,0.5773091432402697
270,model.layers.9,60821504,1043.29345703125,0.22920728656015574,4551.746467961595,0.5836459634822762
270,model.layers.10,60821504,959.4208984375,0.20177450991893817,4754.91626183576,0.6096973331995544
270,model.layers.11,60821504,833.2685546875,0.17362145038086824,4799.341054112746,0.6153936853302153
270,model.layers.12,60821504,723.373291015625,0.14946335666514846,4839.8035957150405,0.6205819793717743
270,model.layers.13,60821504,693.5498046875,0.14573420512258498,4759.00495771818,0.6102216046774316
270,model.layers.14,60821504,662.736083984375,0.14263545500485414,4646.362883350573,0.5957781174389243
270,model.layers.15,60821504,856.95361328125,0.20925631178616455,4095.2342415217386,0.5251098564918424
270,model.norm,2048,0.058349609375,0.0016886445891822904,34.55410910548988,0.7635451520734912
270,__whole_model__,1235814400,14151.387939453125,0.9985011562243763,14172.630498459956,0.4031566602641911
271,model.embed_tokens,262668288,314.0,0.2196860721156463,1429.3122771784335,0.08819080409737672
271,model.layers.0,60821504,797.8115234375,0.24802366969727152,3216.674942400776,0.41245692377228355
271,model.layers.1,60821504,748.15625,0.6288654108363972,1189.6921616422578,0.15254782594250282
271,model.layers.2,60821504,727.30224609375,0.1688718771029037,4306.828695050043,0.5522414749961433
271,model.layers.3,60821504,798.00830078125,0.17796522394954764,4484.068758329335,0.5749680148481372
271,model.layers.4,60821504,850.76953125,0.18477025905278624,4604.472254417023,0.5904067074412692
271,model.layers.5,60821504,896.4501953125,0.19772665490399366,4533.7852691017915,0.581342895574691
271,model.layers.6,60821504,943.314453125,0.20701287765760445,4556.791170669223,0.5842928185725145
271,model.layers.7,60821504,955.537109375,0.21918111919955544,4359.577653698459,0.5590051902007883
271,model.layers.8,60821504,1011.94091796875,0.22324868658771557,4532.796736392683,0.5812161413432103
271,model.layers.9,60821504,998.45849609375,0.22151503652511012,4507.407315352014,0.5779605924654684
271,model.layers.10,60821504,936.34716796875,0.1949226595358327,4803.685575594257,0.6159507599484512
271,model.layers.11,60821504,826.775390625,0.17323726919452137,4772.503021256045,0.6119523887521058
271,model.layers.12,60821504,736.44189453125,0.14877996723177656,4949.872675963059,0.6346955454157399
271,model.layers.13,60821504,700.99462890625,0.14550484160066177,4817.67219011262,0.6177441882871962
271,model.layers.14,60821504,666.305419921875,0.14178808327953477,4699.304797062923,0.6025665742334166
271,model.layers.15,60821504,828.573974609375,0.20119170011756565,4118.3307965746135,0.5280714034984343
271,model.norm,2048,0.056884765625,0.0016581200230819642,34.306784088686,0.7580799896816445
271,__whole_model__,1235814400,13737.244384765625,1.0001880077239402,13734.662162193423,0.3906981507609718
272,model.embed_tokens,262668288,312.0,0.22170134787250864,1407.2986158813,0.08683252674824908
272,model.layers.0,60821504,838.279296875,0.2658727571833775,3152.9341545016696,0.40428378543332993
272,model.layers.1,60821504,794.671875,0.613292675476815,1295.746560778944,0.1661466110245254
272,model.layers.2,60821504,761.64697265625,0.17983193875072986,4235.32648286682,0.5430731309737925
272,model.layers.3,60821504,822.58154296875,0.18132418430319436,4536.524160468862,0.5816940888808337
272,model.layers.4,60821504,859.34375,0.18529970612606914,4637.5883047291145,0.59465300042511
272,model.layers.5,60821504,899.08203125,0.20101348062642035,4472.744954458683,0.5735160243941675
272,model.layers.6,60821504,947.32568359375,0.20903088724112084,4531.989009361057,0.5811125708511097
272,model.layers.7,60821504,957.70849609375,0.2195804658154617,4361.537774032326,0.5592565258867396
272,model.layers.8,60821504,1026.7587890625,0.2242381310617645,4578.876858279237,0.5871247474848663
272,model.layers.9,60821504,1016.95458984375,0.22051730834460725,4611.676958502199,0.5913305278884305
272,model.layers.10,60821504,946.294921875,0.19919375899343597,4750.625354211942,0.609147133197875
272,model.layers.11,60821504,821.89794921875,0.17160122954126072,4789.580770580251,0.6141421766782551
272,model.layers.12,60821504,720.4521484375,0.15157759066784587,4753.025465461033,0.6094548865519557
272,model.layers.13,60821504,671.182373046875,0.14410703786685997,4657.526675879482,0.5972095904993229
272,model.layers.14,60821504,631.6123046875,0.1422353976326805,4440.612640733944,0.5693958706609152
272,model.layers.15,60821504,808.83056640625,0.20663706268782275,3914.2569870352445,0.5019041167155561
272,model.norm,2048,0.05859375,0.0016854731942872651,34.76397619291566,0.7681826033443238
272,__whole_model__,1235814400,13836.681884765625,1.0012734807382955,13819.083548046292,0.3930996134943025
273,model.embed_tokens,262668288,328.0,0.23339214077041223,1405.3600901782443,0.08671291667895518
273,model.layers.0,60821504,801.2880859375,0.26035253786021845,3077.7041488556806,0.3946374465089009
273,model.layers.1,60821504,750.59814453125,0.5867909474995445,1279.157675710109,0.16401950753199876
273,model.layers.2,60821504,744.48681640625,0.1761904962852897,4225.465232816918,0.5418086759284544
273,model.layers.3,60821504,814.26171875,0.18597303540381122,4378.385914828775,0.5614168723465528
273,model.layers.4,60821504,873.84912109375,0.19331184273194152,4520.411728243079,0.5796280783732952
273,model.layers.5,60821504,941.09423828125,0.21309030348389227,4416.4104273866615,0.5662925510391164
273,model.layers.6,60821504,995.779296875,0.2207774976397865,4510.329664573342,0.5783353095853516
273,model.layers.7,60821504,1003.78466796875,0.229459154217911,4374.5679765536115,0.5609273186601145
273,model.layers.8,60821504,1064.77392578125,0.23603098822555466,4511.16158003684,0.5784419816299496
273,model.layers.9,60821504,1029.35205078125,0.22846933701873892,4505.427573840349,0.5777067408614402
273,model.layers.10,60821504,945.2890625,0.20073256925036612,4709.19625066412,0.6038349021176576
273,model.layers.11,60821504,799.83056640625,0.17074015243419977,4684.490174122871,0.6006669748290268
273,model.layers.12,60821504,679.5625,0.14642943127322905,4640.887382345799,0.5950760234005209
273,model.layers.13,60821504,637.853515625,0.13906812993780038,4586.626108442577,0.5881183921462468
273,model.layers.14,60821504,620.473876953125,0.13838155467687524,4483.790331753019,0.574932313706051
273,model.layers.15,60821504,821.575927734375,0.207628165602243,3956.9579847287323,0.5073794359399222
273,model.norm,2048,0.060791015625,0.0017181312952973496,35.3820547890545,0.7818403398016999
273,__whole_model__,1235814400,13851.914306640625,0.9983872893159744,13874.28952158535,0.3946700104591467
274,model.embed_tokens,262668288,312.0,0.2232189763802453,1397.7306278321046,0.08624216691357504
274,model.layers.0,60821504,834.5361328125,0.2642534854983171,3158.089405098177,0.4049448154846672
274,model.layers.1,60821504,788.79052734375,0.59056840366116,1335.6463408027503,0.17126274517624898
274,model.layers.2,60821504,777.46044921875,0.17974718741832962,4325.299663295143,0.5546099078897024
274,model.layers.3,60821504,866.79736328125,0.19377492936037766,4473.217284312371,0.573576588710409
274,model.layers.4,60821504,894.734375,0.19662840478292315,4550.3821077518405,0.5834710189121505
274,model.layers.5,60821504,943.82861328125,0.21017710005981957,4490.634864657578,0.5758099513402615
274,model.layers.6,60821504,990.33935546875,0.2185273705439997,4531.877874169308,0.5810983205833231
274,model.layers.7,60821504,1002.1640625,0.2299370669050498,4358.427616691455,0.5588577271420005
274,model.layers.8,60821504,1048.89990234375,0.23132125297222034,4534.386222046418,0.5814199525379562
274,model.layers.9,60821504,1012.52685546875,0.22139688918613717,4573.356288748386,0.58641687455181
274,model.layers.10,60821504,939.544921875,0.19839874428013823,4735.639458223417,0.6072255723718422
274,model.layers.11,60821504,812.7080078125,0.1698671331814622,4784.374661485084,0.6134746253152278
274,model.layers.12,60821504,707.304443359375,0.14700059391241613,4811.575412959157,0.6169624313503994
274,model.layers.13,60821504,675.7373046875,0.1414560988575779,4777.010748528078,0.6125303903708952
274,model.layers.14,60821504,649.115234375,0.1395352099251324,4651.98163763313,0.5964985800745072
274,model.layers.15,60821504,835.699462890625,0.2061777667549514,4053.2957362171815,0.5197323075646838
274,model.norm,2048,0.05908203125,0.0017198075941970753,34.35386112339128,0.7591202550090901
274,__whole_model__,1235814400,14092.24609375,0.9980441649908126,14119.862214594206,0.40165560616604745
275,model.embed_tokens,262668288,338.0,0.23552597674377937,1435.0858647226783,0.08854704348339716
275,model.layers.0,60821504,885.0205078125,0.2930127596333829,3020.4162744306295,0.3872917305512997
275,model.layers.1,60821504,803.763671875,0.5944071302324702,1352.2106835438724,0.17338670173811832
275,model.layers.2,60821504,772.76708984375,0.18240895999977552,4236.453570288987,0.5432176513307743
275,model.layers.3,60821504,829.7177734375,0.18506811669359083,4483.310190113553,0.5748707477265427
275,model.layers.4,60821504,872.83837890625,0.19244286095865773,4535.571621405903,0.5815719499209712
275,model.layers.5,60821504,902.443359375,0.2017308613732042,4473.5017400509205,0.5736130629395345
275,model.layers.6,60821504,950.75390625,0.21131184935211475,4499.292913128277,0.5769201263197173
275,model.layers.7,60821504,961.88671875,0.22051354440735024,4362.030102664015,0.559319654538701
275,model.layers.8,60821504,1023.01123046875,0.22560225082015706,4534.579006856904,0.5814446722971196
275,model.layers.9,60821504,991.89892578125,0.2174944332284917,4560.571556050803,0.5847775570534245
275,model.layers.10,60821504,916.78369140625,0.19238478977985157,4765.364727925412,0.6110370837987431
275,model.layers.11,60821504,791.515625,0.16668701513439513,4748.514000096666,0.6088764056176952
275,model.layers.12,60821504,677.682861328125,0.14281526043324638,4745.171204199724,0.6084477768823895
275,model.layers.13,60821504,647.48974609375,0.14201489301305334,4559.308762315765,0.5846156358059751
275,model.layers.14,60821504,626.3046875,0.13801533122102835,4537.935618884163,0.5818750726004921
275,model.layers.15,60821504,825.2041015625,0.21002086354530008,3929.1529785778116,0.5038141495781243
275,model.norm,2048,0.06201171875,0.0017926848810794187,34.59153329427381,0.7643721176256638
275,__whole_model__,1235814400,13817.144287109375,0.9999509295321214,13817.822334116374,0.39306373682370693
276,model.embed_tokens,262668288,326.0,0.21912556152794066,1487.7314984469842,0.09179536146435502
276,model.layers.0,60821504,844.2783203125,0.2655218970440568,3179.693764286464,0.40771502624280553
276,model.layers.1,60821504,785.2998046875,0.6179197907332871,1270.8766031843431,0.1629576701500209
276,model.layers.2,60821504,763.337890625,0.17450853674187145,4374.215180969111,0.5608820815801766
276,model.layers.3,60821504,819.4033203125,0.18020304465262732,4547.111409199785,0.583051634831532
276,model.layers.4,60821504,856.0947265625,0.18473668219756617,4634.13500978085,0.5942102029908825
276,model.layers.5,60821504,890.62841796875,0.19612422674533123,4541.144318316358,0.582286506867495
276,model.layers.6,60821504,937.6298828125,0.20629696719523083,4545.0492828872575,0.582787219467678
276,model.layers.7,60821504,954.7607421875,0.2178727238644789,4382.194912940915,0.5619052796839803
276,model.layers.8,60821504,1023.07470703125,0.22575112060079897,4531.869894193691,0.581097297353978
276,model.layers.9,60821504,1004.78271484375,0.2219718639666946,4526.621964099517,0.580424383509224
276,model.layers.10,60821504,932.72509765625,0.1936545538493623,4816.437719206888,0.6175858987237861
276,model.layers.11,60821504,821.08447265625,0.16970490280304198,4838.307315194031,0.6203901193698013
276,model.layers.12,60821504,717.943359375,0.14720145469687188,4877.284404922778,0.6253879419085986
276,model.layers.13,60821504,687.93603515625,0.1446971961193984,4754.314897633485,0.6096202235029333
276,model.layers.14,60821504,647.4873046875,0.13881343672685614,4664.44257814583,0.5980963794428644
276,model.layers.15,60821504,829.576171875,0.20441878282886927,4058.2189189996593,0.5203635808086361
276,model.norm,2048,0.054443359375,0.0015577834274743004,34.949248024336285,0.7722765711055853
276,__whole_model__,1235814400,13842.097412109375,0.9980428548723984,13869.241530594507,0.3945264145903957
277,model.embed_tokens,262668288,324.0,0.22609741882848491,1433.0106096690247,0.08841899699921657
277,model.layers.0,60821504,782.5078125,0.24896046159053983,3143.100745800249,0.40302290033433497
277,model.layers.1,60821504,738.78662109375,0.5895110217335967,1253.2193527462355,0.16069357591346026
277,model.layers.2,60821504,749.4296875,0.17912143110778783,4183.919717842274,0.5364815180372104
277,model.layers.3,60821504,839.34228515625,0.18899732520578988,4441.027322700634,0.5694490430987235
277,model.layers.4,60821504,879.916015625,0.19640805120225935,4480.040457806233,0.5744514875422887
277,model.layers.5,60821504,933.4580078125,0.20741233435913312,4500.494200100094,0.5770741608857942
277,model.layers.6,60821504,985.201171875,0.2162707008859651,4555.407495509415,0.584115397350248
277,model.layers.7,60821504,1017.787109375,0.2330953416290792,4366.398325516895,0.5598797682562859
277,model.layers.8,60821504,1076.08349609375,0.23785987550117657,4524.022783693196,0.5800911045880035
277,model.layers.9,60821504,1043.03759765625,0.22977118636701513,4539.462123811289,0.5820708081154695
277,model.layers.10,60821504,948.984375,0.20115210903109512,4717.745091369145,0.6049310739728038
277,model.layers.11,60821504,824.265625,0.17393875821033028,4738.826662216832,0.6076342503943649
277,model.layers.12,60821504,713.6298828125,0.14950413540395682,4773.311994910964,0.6120561190920051
277,model.layers.13,60821504,681.996826171875,0.14598071419092448,4671.828261368201,0.5990434058712115
277,model.layers.14,60821504,652.673828125,0.14220448973287003,4589.685103128899,0.5885106305790224
277,model.layers.15,60821504,852.07763671875,0.21150205012102463,4028.696819870911,0.5165781208513873
277,model.norm,2048,0.0595703125,0.0017240958604513037,34.551624342051795,0.7634902460398441
277,__whole_model__,1235814400,14043.237548828125,0.999920282540071,14044.357129304808,0.39950777778503216
278,model.embed_tokens,262668288,356.0,0.22984207751756727,1548.8895847314566,0.09556891108860625
278,model.layers.0,60821504,865.416015625,0.26263735499208857,3295.0987328176107,0.42251278453692387
278,model.layers.1,60821504,803.74560546875,0.5899459734448869,1362.4054432907092,0.17469392093778027
278,model.layers.2,60821504,774.205078125,0.18151149435095634,4265.322595097245,0.5469193710811177
278,model.layers.3,60821504,824.10009765625,0.1826500711879346,4511.906796950036,0.5785375367858369
278,model.layers.4,60821504,870.21240234375,0.18730632318217358,4645.931795358472,0.5957228413447336
278,model.layers.5,60821504,923.6943359375,0.20437725931386874,4519.555350915793,0.5795182697154961
278,model.layers.6,60821504,983.955078125,0.21749673808956368,4523.99924140386,0.5800880858868874
278,model.layers.7,60821504,1002.14013671875,0.2326527683061314,4307.44987053025,0.5523211249863589
278,model.layers.8,60821504,1046.5146484375,0.23268615423373962,4497.537259506414,0.5766950083003184
278,model.layers.9,60821504,1017.8994140625,0.2242004690756563,4540.130617295946,0.5821565254388487
278,model.layers.10,60821504,937.6650390625,0.1969009086673144,4762.116363042222,0.6106205634443393
278,model.layers.11,60821504,818.517578125,0.17161297327793137,4769.555369216702,0.6115744271879848
278,model.layers.12,60821504,720.12744140625,0.1496764640008028,4811.226976890552,0.6169177532677327
278,model.layers.13,60821504,690.239013671875,0.145909623171351,4730.592805803379,0.60657846728047
278,model.layers.14,60821504,659.8623046875,0.14217513262937606,4641.193522974495,0.5951152781664563
278,model.layers.15,60821504,851.70654296875,0.20918349808739053,4071.576155653219,0.5220763074095135
278,model.norm,2048,0.05908203125,0.0017088582426595543,34.57398031919173,0.7639842480097097
278,__whole_model__,1235814400,14146.059814453125,0.9973625777858324,14183.467606993738,0.4034649341928648
279,model.embed_tokens,262668288,356.0,0.22795763931233845,1561.693659725187,0.09635894255160421
279,model.layers.0,60821504,856.626953125,0.2641651651341985,3242.770305046939,0.4158029917444876
279,model.layers.1,60821504,794.42041015625,0.5823143668157906,1364.246625925266,0.17493000588237387
279,model.layers.2,60821504,779.6943359375,0.18020406879309794,4326.729918805048,0.554793301859683
279,model.layers.3,60821504,856.58935546875,0.1892574751200713,4526.052959996961,0.5803514231741088
279,model.layers.4,60821504,901.91943359375,0.196349534107143,4593.43811379555,0.5889918589474992
279,model.layers.5,60821504,955.1435546875,0.21159076962115683,4514.107852613982,0.5788197663130533
279,model.layers.6,60821504,1005.2724609375,0.22257356480616372,4516.585165057576,0.5791374187610017
279,model.layers.7,60821504,1011.40673828125,0.23016275260850913,4394.311098640633,0.563458872997276
279,model.layers.8,60821504,1073.0185546875,0.23563212539809142,4553.787192110059,0.5839076345617652
279,model.layers.9,60821504,1035.9736328125,0.2267561580129671,4568.668131840801,0.5858157374114743
279,model.layers.10,60821504,959.103515625,0.2016592583042077,4756.059918549189,0.6098439781476201
279,model.layers.11,60821504,834.33349609375,0.17416809482394396,4790.39227556073,0.6142462315964137
279,model.layers.12,60821504,729.189208984375,0.15034278541957483,4850.177592156236,0.6219121811285507
279,model.layers.13,60821504,703.363525390625,0.14563763562378376,4829.545071766876,0.6192665840315956
279,model.layers.14,60821504,682.00341796875,0.14506548899525581,4701.348492273404,0.6028286262762053
279,model.layers.15,60821504,868.71435546875,0.20941251049704818,4148.34029450688,0.5319193599822981
279,model.norm,2048,0.057373046875,0.0016482425937404952,34.8086180352848,0.76916905801507
279,__whole_model__,1235814400,14402.830322265625,1.0008111407672893,14391.157068079243,0.409372898103474
280,model.embed_tokens,262668288,316.0,0.22871770645145376,1381.6158132342598,0.08524785763634028
280,model.layers.0,60821504,895.974609375,0.29078274261616,3081.2509756045165,0.3950922370227618
280,model.layers.1,60821504,829.58740234375,0.5966426422858269,1390.4259326243882,0.17828683754891214
280,model.layers.2,60821504,805.69970703125,0.18939444328817687,4254.08313487488,0.5454781955594412
280,model.layers.3,60821504,861.099609375,0.19328476218351281,4455.0827475858405,0.5712512946206438
280,model.layers.4,60821504,874.59423828125,0.19337691709839613,4522.74372455855,0.5799270977158619
280,model.layers.5,60821504,912.19775390625,0.2030645049194282,4492.1575746002045,0.5760052002447916
280,model.layers.6,60821504,958.572265625,0.21114446509167087,4539.88820028422,0.5821254416095165
280,model.layers.7,60821504,965.578125,0.2199179213987299,4390.629553329239,0.5629868082468562
280,model.layers.8,60821504,1024.8857421875,0.22553490764058395,4544.244405042497,0.582684014311482
280,model.layers.9,60821504,993.70458984375,0.2174683080135539,4569.4225467639935,0.5859124719787027
280,model.layers.10,60821504,918.791015625,0.19335158638999725,4751.918682331185,0.6093129697051514
280,model.layers.11,60821504,785.27099609375,0.1653487452682733,4749.180254253951,0.608961835804172
280,model.layers.12,60821504,677.180419921875,0.14166491748033339,4780.15610333366,0.6129337022971898
280,model.layers.13,60821504,640.97802734375,0.13561239393783628,4726.54459324396,0.6060593867613212
280,model.layers.14,60821504,616.597412109375,0.1339182722802682,4604.281414405805,0.5903822370532539
280,model.layers.15,60821504,801.532470703125,0.20190266916658284,3969.895365978587,0.5090383267409931
280,model.norm,2048,0.056884765625,0.0016415156396949683,34.653806670748814,0.7657481778379407
280,__whole_model__,1235814400,13878.30126953125,0.9988485628708891,13894.299682068176,0.3952392223265191
281,model.embed_tokens,262668288,342.0,0.2317780706082914,1475.5494301183714,0.09104370878591417
281,model.layers.0,60821504,849.4130859375,0.2595756778985951,3272.313850103201,0.4195912015976532
281,model.layers.1,60821504,789.42236328125,0.5931699989320096,1330.8534900662353,0.17064818370942966
281,model.layers.2,60821504,780.9638671875,0.1799035465078863,4341.014295420048,0.5566249106302698
281,model.layers.3,60821504,863.54931640625,0.1917361994460861,4503.84079219777,0.5775032763874985
281,model.layers.4,60821504,917.96435546875,0.1974236882324411,4649.717385423195,0.5962082471941642
281,model.layers.5,60821504,963.76416015625,0.2126986054869443,4531.125899720142,0.5810018989449505
281,model.layers.6,60821504,988.3984375,0.21390690683408997,4620.694357787238,0.5924867804896827
281,model.layers.7,60821504,992.345703125,0.220160554878541,4507.372829217573,0.577956170493967
281,model.layers.8,60821504,1061.14013671875,0.23002134218257278,4613.224697543504,0.5915289861396401
281,model.layers.9,60821504,1040.40234375,0.22371764478088058,4650.515361758874,0.5963105674069774
281,model.layers.10,60821504,958.9833984375,0.19932787560797932,4811.085230866278,0.6168995779375624
281,model.layers.11,60821504,839.904296875,0.17460942240618776,4810.188850640375,0.6167846399232692
281,model.layers.12,60821504,728.56640625,0.14943584230148937,4875.446178301085,0.6251522359976327
281,model.layers.13,60821504,701.8662109375,0.1465666390635422,4788.71737403499,0.6140314679838951
281,model.layers.14,60821504,669.26416015625,0.14420491970282126,4641.063297531564,0.5950985800584564
281,model.layers.15,60821504,860.1513671875,0.21364841522575648,4026.013327918213,0.5162340311141285
281,model.norm,2048,0.057861328125,0.001671141045448981,34.62384475719376,0.7650861068300624
281,__whole_model__,1235814400,14348.157470703125,1.0019774233918666,14319.841081979806,0.4073442334330432
282,model.embed_tokens,262668288,336.0,0.24674186436402157,1361.7470260510584,0.08402192237635268
282,model.layers.0,60821504,779.623046875,0.2691558410436412,2896.5488686853023,0.3714088794568587
282,model.layers.1,60821504,735.41357421875,0.5673362764291773,1296.2569198773144,0.16621205162623445
282,model.layers.2,60821504,752.376953125,0.1786872679469473,4210.579532439785,0.5398999626466685
282,model.layers.3,60821504,835.8974609375,0.18858855691343224,4432.386962487877,0.5683411361894297
282,model.layers.4,60821504,901.34033203125,0.19659155808142073,4584.837420424478,0.587889038303927
282,model.layers.5,60821504,955.8330078125,0.2109081502634604,4531.987059857577,0.5811123208767658
282,model.layers.6,60821504,1011.466796875,0.22151561232065523,4566.119680137263,0.5854889631589166
282,model.layers.7,60821504,1024.65087890625,0.23247443932163497,4407.585117298064,0.5651609290021807
282,model.layers.8,60821504,1089.71435546875,0.24060422294438313,4529.074104076066,0.5807388082271382
282,model.layers.9,60821504,1056.97900390625,0.23019172303936783,4591.733316690467,0.5887732619856646
282,model.layers.10,60821504,970.61669921875,0.2068392696463069,4692.613258973961,0.601708554301375
282,model.layers.11,60821504,831.14990234375,0.17627609226447472,4715.04610560994,0.6045849975480855
282,model.layers.12,60821504,710.884765625,0.1520027129352489,4676.789985503926,0.5996796210655575
282,model.layers.13,60821504,673.1796875,0.14615456240606034,4605.94371067055,0.590595384360965
282,model.layers.14,60821504,654.68896484375,0.1460727607390947,4481.9373682757405,0.5746947181673704
282,model.layers.15,60821504,859.89990234375,0.21892127529401484,3927.8955468758822,0.5036529158753354
282,model.norm,2048,0.06591796875,0.0018913031632740288,34.85320070838861,0.7701542052174177
282,__whole_model__,1235814400,14179.78125,1.0036948581035632,14127.581839755627,0.4018751997198982
283,model.embed_tokens,262668288,324.0,0.21722763671774026,1491.5229245024511,0.09202929838482102
283,model.layers.0,60821504,907.4833984375,0.27996760025844436,3241.3872090905584,0.41562564479036074
283,model.layers.1,60821504,803.11572265625,0.6115237999129924,1313.3024794301011,0.16839771203115939
283,model.layers.2,60821504,759.70263671875,0.17403389868125144,4365.25666824352,0.5597333796856624
283,model.layers.3,60821504,821.763671875,0.183276752211157,4483.731089517719,0.5749247173929121
283,model.layers.4,60821504,849.1533203125,0.18821951120436523,4511.505289111633,0.5784860535956285
283,model.layers.5,60821504,901.4423828125,0.20107991162728722,4483.00566435186,0.574831700026316
283,model.layers.6,60821504,951.44873046875,0.21306004470632314,4465.63658512418,0.5726045564338524
283,model.layers.7,60821504,967.27490234375,0.2219112790191709,4358.836137662868,0.5589101095885275
283,model.layers.8,60821504,1030.265625,0.22518954275075215,4575.10420961392,0.5866410010414631
283,model.layers.9,60821504,1000.27685546875,0.21943286875989446,4558.464103949999,0.5845073298075696
283,model.layers.10,60821504,923.35009765625,0.1941813708314061,4755.091045566515,0.6097197447771006
283,model.layers.11,60821504,790.821044921875,0.16516916909241064,4787.945893700161,0.6139325452107356
283,model.layers.12,60821504,688.1142578125,0.14433826355913576,4767.3724267202215,0.6112945202147928
283,model.layers.13,60821504,645.79833984375,0.1384032009738351,4666.065057020156,0.5983044211807996
283,model.layers.14,60821504,616.61181640625,0.134304007949713,4591.164670507271,0.5887003475446235
283,model.layers.15,60821504,795.278076171875,0.19760083404227596,4024.669632729021,0.5160617363084221
283,model.norm,2048,0.05615234375,0.0016018136223477496,35.05547896870706,0.7746239655160986
283,__whole_model__,1235814400,13775.95703125,0.9974125105775508,13811.694645050165,0.39288942771014207
284,model.embed_tokens,262668288,340.0,0.23295557630864877,1459.5057366196093,0.09005378779178347
284,model.layers.0,60821504,833.041015625,0.267999160071192,3108.3717404327267,0.3985697868006223
284,model.layers.1,60821504,777.794921875,0.588203600763002,1322.3226122146568,0.16955431513434974
284,model.layers.2,60821504,759.01904296875,0.1763038072596906,4305.176699052993,0.5520296484363484
284,model.layers.3,60821504,834.2724609375,0.18470989963623743,4516.663495462307,0.5791474626474221
284,model.layers.4,60821504,896.0283203125,0.19380133355227894,4623.437330841645,0.5928384971686353
284,model.layers.5,60821504,950.97021484375,0.21216016782286048,4482.322127675476,0.5747440537953864
284,model.layers.6,60821504,1005.21337890625,0.22185491270942323,4530.949378717787,0.5809792646064126
284,model.layers.7,60821504,1007.2734375,0.23131218050208519,4354.606122831996,0.558367717542115
284,model.layers.8,60821504,1048.00927734375,0.2315791751238996,4525.490155939296,0.5802792578373969
284,model.layers.9,60821504,1016.71337890625,0.2210352197459428,4599.779981103723,0.5898050424763728
284,model.layers.10,60821504,935.673828125,0.19715645368867477,4745.844280616353,0.6085340818504815
284,model.layers.11,60821504,811.5185546875,0.1704209431044271,4761.847575214005,0.6105860982270703
284,model.layers.12,60821504,702.31494140625,0.1475658840660762,4759.331371550428,0.6102634589671988
284,model.layers.13,60821504,661.613037109375,0.1428029681979467,4633.048216422774,0.5940708493249774
284,model.layers.14,60821504,634.92919921875,0.14097667633107636,4503.788965258706,0.5774966308979054
284,model.layers.15,60821504,834.20654296875,0.21324915016900725,3911.886834285683,0.5016002047787084
284,model.norm,2048,0.060546875,0.0017240729131873357,35.11851183141989,0.7760168081617813
284,__whole_model__,1235814400,14048.652099609375,1.0002461437114514,14045.194963193077,0.3995316109268252
285,model.embed_tokens,262668288,314.0,0.22145707132016373,1417.8820216855736,0.08748553944734255
285,model.layers.0,60821504,785.90234375,0.26540722758895385,2961.1188470238517,0.3796883404252349
285,model.layers.1,60821504,741.22119140625,0.6100228671178552,1215.071157755546,0.15580203808788765
285,model.layers.2,60821504,727.189453125,0.17385616005885673,4182.707434000725,0.5363260734016854
285,model.layers.3,60821504,793.38671875,0.18029561203118255,4400.477137584368,0.5642495110008459
285,model.layers.4,60821504,844.978515625,0.18918687876365547,4466.369555578968,0.5726985412922578
285,model.layers.5,60821504,898.013671875,0.2001058016574394,4487.694331883026,0.5754329026411668
285,model.layers.6,60821504,952.94921875,0.21155813509787635,4504.431929829229,0.5775790747859578
285,model.layers.7,60821504,978.95556640625,0.22381269946952503,4373.994722938174,0.5608538134328228
285,model.layers.8,60821504,1043.9541015625,0.2320320957248845,4499.179728998759,0.5769056133276629
285,model.layers.9,60821504,1015.35595703125,0.22956457416021198,4422.964478494135,0.5671329417551323
285,model.layers.10,60821504,934.47900390625,0.1981332441385292,4716.417015071375,0.6047607818935227
285,model.layers.11,60821504,799.8330078125,0.17022994404497993,4698.5447378233275,0.6024691159258594
285,model.layers.12,60821504,687.431640625,0.14624218749310208,4700.63838902454,0.6027375735566013
285,model.layers.13,60821504,651.9140625,0.14519718939108456,4489.853179899287,0.5757097201087763
285,model.layers.14,60821504,624.30126953125,0.13857038380276804,4505.300861545129,0.5776904932254724
285,model.layers.15,60821504,815.0341796875,0.2047400672509086,3980.824030348085,0.5104396505823816
285,model.norm,2048,0.057373046875,0.0016389142851138132,35.00674037447649,0.7735469845634133
285,__whole_model__,1235814400,13608.957275390625,1.0016952203267548,13585.926137244978,0.3864671846685655
286,model.embed_tokens,262668288,312.0,0.2235689530127834,1395.5426090945653,0.08610716273364548
286,model.layers.0,60821504,828.76171875,0.25534769070314184,3245.62057509848,0.4161684665401787
286,model.layers.1,60821504,781.123046875,0.5925740963544832,1318.186285361561,0.16902393619333334
286,model.layers.2,60821504,776.017578125,0.18071992855520688,4294.0343343924005,0.550600922956233
286,model.layers.3,60821504,830.01708984375,0.1846627220602375,4494.773393262318,0.5763406126000469
286,model.layers.4,60821504,875.28857421875,0.19398990627778154,4512.031533049925,0.5785535310249084
286,model.layers.5,60821504,910.326171875,0.20265271973019833,4492.050109601108,0.575991420586065
286,model.layers.6,60821504,974.95068359375,0.21382686380576288,4559.533195414495,0.5846444136548881
286,model.layers.7,60821504,1002.1494140625,0.22789072884146644,4397.4997103091955,0.5638677315184103
286,model.layers.8,60821504,1070.58935546875,0.2362817485093147,4530.986257817308,0.5809839934149532
286,model.layers.9,60821504,1039.03662109375,0.2288629302859476,4539.995270512132,0.5821391706488578
286,model.layers.10,60821504,961.10498046875,0.2013007656906697,4774.472551910901,0.6122049310728945
286,model.layers.11,60821504,828.146240234375,0.17295943553762458,4788.095183475694,0.6139516878355485
286,model.layers.12,60821504,723.12548828125,0.14855821512713208,4867.623696625723,0.6241492012534142
286,model.layers.13,60821504,680.9921875,0.1437867573046446,4736.125914969796,0.6072879481035381
286,model.layers.14,60821504,648.74267578125,0.14073544759891285,4609.660798678991,0.5910720065602255
286,model.layers.15,60821504,808.260009765625,0.20171973193593082,4006.8465390502324,0.513776376885262
286,model.norm,2048,0.055419921875,0.0015637424404063205,35.44056901122398,0.7831333336545715
286,__whole_model__,1235814400,14050.687255859375,0.9956576320963278,14111.966606710046,0.4014310065826689
287,model.embed_tokens,262668288,320.0,0.23600269010695724,1355.9167476225584,0.08366218507406349
287,model.layers.0,60821504,852.65234375,0.27971679926376386,3048.270057408946,0.39086327130327964
287,model.layers.1,60821504,797.7412109375,0.5918165491943126,1347.953537331001,0.1728408307805452
287,model.layers.2,60821504,777.95751953125,0.17809533202105193,4368.208367411285,0.5601118601912893
287,model.layers.3,60821504,849.33349609375,0.18816834933685148,4513.689465242143,0.578766118751076
287,model.layers.4,60821504,903.40478515625,0.19633138021085172,4601.428381881851,0.590016408040586
287,model.layers.5,60821504,946.7119140625,0.21212478051441697,4462.995373603496,0.5722658880889434
287,model.layers.6,60821504,981.83642578125,0.21690083835035376,4526.66035432891,0.5804293060818189
287,model.layers.7,60821504,983.7138671875,0.22589693920986492,4354.702062933225,0.5583800194251861
287,model.layers.8,60821504,1025.013671875,0.2284827977680315,4486.174372372888,0.5752380064097985
287,model.layers.9,60821504,999.58642578125,0.22037068076730487,4535.932013736162,0.5816181610907509
287,model.layers.10,60821504,924.5966796875,0.1964375774330177,4706.821840148043,0.6035304442303141
287,model.layers.11,60821504,803.32373046875,0.16902436877274774,4752.709543017516,0.6094143775165273
287,model.layers.12,60821504,715.759765625,0.14976663489614273,4779.167042922152,0.6128068804012691
287,model.layers.13,60821504,690.99609375,0.14641013447776152,4719.5919614086315,0.6051678881827361
287,model.layers.14,60821504,662.5654296875,0.14268992762876773,4643.39313011131,0.5953973219568309
287,model.layers.15,60821504,858.2724609375,0.21098120841815232,4068.0042899197665,0.5216183062813523
287,model.norm,2048,0.060791015625,0.0017718714447712215,34.308931273989316,0.7581274362219081
287,__whole_model__,1235814400,14093.526611328125,1.0047867321798185,14026.386057818607,0.3989965701328935
288,model.embed_tokens,262668288,338.0,0.22250391115544307,1519.0744209609438,0.0937292688290385
288,model.layers.0,60821504,839.8916015625,0.2703722791812872,3106.426458014746,0.3983203537008047
288,model.layers.1,60821504,765.73583984375,0.611322030983841,1252.5899624644653,0.1606128725834317
288,model.layers.2,60821504,729.3017578125,0.17512660594027596,4164.425810097732,0.5339819191145373
288,model.layers.3,60821504,799.40380859375,0.18005478150950605,4439.781059363565,0.5692892414552806
288,model.layers.4,60821504,841.26904296875,0.18523600275846747,4541.606547544085,0.5823457760348058
288,model.layers.5,60821504,903.3359375,0.20160408037198527,4480.7423333557035,0.5745414852682601
288,model.layers.6,60821504,965.69970703125,0.21230316731659626,4548.682524322184,0.5832530904718687
288,model.layers.7,60821504,991.46142578125,0.22609627595663184,4385.129394928314,0.5622815525231888
288,model.layers.8,60821504,1053.32666015625,0.2315105296354563,4549.800226429662,0.5833964074004361
288,model.layers.9,60821504,1024.712890625,0.22553768990368497,4543.4219489549605,0.5825785551917768
288,model.layers.10,60821504,929.982421875,0.19713594812076898,4717.467467198201,0.604895475718842
288,model.layers.11,60821504,797.450927734375,0.16879413815546418,4724.399416050219,0.6057843222297412
288,model.layers.12,60821504,685.18798828125,0.1447141437005322,4734.768632561311,0.607113911081794
288,model.layers.13,60821504,642.666259765625,0.13878414161583005,4630.689445373353,0.593768396802311
288,model.layers.14,60821504,620.2451171875,0.13789380647386842,4497.991121196873,0.5767532045433386
288,model.layers.15,60821504,819.0146484375,0.20462218748672717,4002.5700951448653,0.513228031488392
288,model.norm,2048,0.055419921875,0.001591816422826587,34.81552337334911,0.7693216458704343
288,__whole_model__,1235814400,13746.741455078125,1.0017338445740938,13722.947996154422,0.3903649279299259
289,model.embed_tokens,262668288,328.0,0.23293745732594912,1408.1032898930891,0.08688217639393465
289,model.layers.0,60821504,808.205078125,0.25765706831040325,3136.747163292813,0.4022082146284817
289,model.layers.1,60821504,747.53369140625,0.5934412163880756,1259.6592059379425,0.1615193236450648
289,model.layers.2,60821504,742.87158203125,0.1735601361633134,4280.197045548734,0.5488266418454572
289,model.layers.3,60821504,826.34130859375,0.18306391546502765,4513.949712561531,0.5787994888648414
289,model.layers.4,60821504,884.40966796875,0.19195549881324428,4607.368236057683,0.5907780435881278
289,model.layers.5,60821504,940.69677734375,0.20975716777116757,4484.694312663458,0.5750482263152344
289,model.layers.6,60821504,996.6494140625,0.2192488044198413,4545.746174989434,0.5828765781930113
289,model.layers.7,60821504,1015.3486328125,0.23123397494995657,4391.001075997767,0.5630344466000367
289,model.layers.8,60821504,1072.9619140625,0.2353535933164342,4558.935765301432,0.5845678084053633
289,model.layers.9,60821504,1037.22998046875,0.22644217165465863,4580.551285520278,0.5873394502824093
289,model.layers.10,60821504,954.11181640625,0.19935776001161004,4785.927652631556,0.6136737570156294
289,model.layers.11,60821504,823.71630859375,0.1728088594630715,4766.632400405227,0.6111996306213899
289,model.layers.12,60821504,710.4423828125,0.1493646283941086,4756.429888728073,0.609891417433405
289,model.layers.13,60821504,671.00048828125,0.14290267826192182,4695.506735369888,0.6020795692141785
289,model.layers.14,60821504,649.9912109375,0.14321325536081186,4538.62464965209,0.5819634233092247
289,model.layers.15,60821504,844.889892578125,0.2110945461516274,4002.424070071653,0.5132093074787955
289,model.norm,2048,0.059814453125,0.0017356386544685701,34.462503454277126,0.7615209340370053
289,__whole_model__,1235814400,14054.4599609375,1.0014578897660977,14033.999936053311,0.3992131555946464
290,model.embed_tokens,262668288,338.0,0.23585989572645072,1433.05413986959,0.08842168288070774
290,model.layers.0,60821504,787.0068359375,0.26404391532039057,2980.590690690777,0.38218511018992884
290,model.layers.1,60821504,718.328125,0.5851388249006262,1227.6200013253151,0.1574111087923784
290,model.layers.2,60821504,715.73486328125,0.1700094775246577,4209.970371666143,0.5398218532376428
290,model.layers.3,60821504,797.6318359375,0.1806868777425743,4414.442520136359,0.5660402168787604
290,model.layers.4,60821504,859.9482421875,0.1872758413148684,4591.880277508202,0.5887921059807475
290,model.layers.5,60821504,929.4619140625,0.2085127325532248,4457.578694026497,0.5715713364057939
290,model.layers.6,60821504,991.271484375,0.2193767037688286,4518.58135957575,0.5793933800455455
290,model.layers.7,60821504,1020.04443359375,0.2332919362448668,4372.3947343087575,0.560648655498006
290,model.layers.8,60821504,1078.91162109375,0.24049857710651185,4486.1455484450635,0.5752343104725919
290,model.layers.9,60821504,1041.27734375,0.23182550908542998,4491.6426490679205,0.5759391741138269
290,model.layers.10,60821504,956.92236328125,0.20386972162507083,4693.793446390681,0.601859883385007
290,model.layers.11,60821504,826.46142578125,0.17313670252662583,4773.461742776074,0.61207532045518
290,model.layers.12,60821504,711.24853515625,0.14932727737892568,4763.018168150352,0.6107361970620974
290,model.layers.13,60821504,673.73681640625,0.14479259382273607,4653.116562239915,0.5966441053515122
290,model.layers.14,60821504,657.99658203125,0.14312888197590753,4597.231341065101,0.5894782440746207
290,model.layers.15,60821504,870.09228515625,0.21568392693768962,4034.1081392106553,0.5172719852201489
290,model.norm,2048,0.06396484375,0.0018161082950702333,35.220831226656735,0.7782777687311213
290,__whole_model__,1235814400,13974.138671875,1.0018895329190105,13947.783875095764,0.39676064127836924
291,model.embed_tokens,262668288,332.0,0.22697408057424823,1462.7220833323101,0.0902522414169136
291,model.layers.0,60821504,828.0966796875,0.26844208459765617,3084.8243520708015,0.3955504318640672
291,model.layers.1,60821504,759.0439453125,0.5848663851125872,1297.8074388159332,0.16641086632872223
291,model.layers.2,60821504,748.255859375,0.17494934443495694,4276.985785752334,0.5484148792767257
291,model.layers.3,60821504,825.20166015625,0.18349681071912996,4497.0899326383815,0.576637649982424
291,model.layers.4,60821504,877.59423828125,0.1906087165915618,4604.1663465043275,0.590367482515255
291,model.layers.5,60821504,938.32373046875,0.20864492651421296,4497.227640015637,0.576655307458613
291,model.layers.6,60821504,998.71875,0.22103942591774464,4518.283314632083,0.5793551633457509
291,model.layers.7,60821504,1009.892578125,0.2336037693586157,4323.100525722546,0.5543279243090213
291,model.layers.8,60821504,1078.02392578125,0.23946794656847606,4501.746230462573,0.5772347020038819
291,model.layers.9,60821504,1039.1669921875,0.23247705698547533,4469.976545911044,0.573161046258748
291,model.layers.10,60821504,952.9169921875,0.20140482510651306,4731.35135508074,0.6066757319736928
291,model.layers.11,60821504,823.460693359375,0.17605358167066953,4677.329967076514,0.5997488599977815
291,model.layers.12,60821504,720.2509765625,0.15105489704598168,4768.14052803103,0.6113930097138793
291,model.layers.13,60821504,692.180419921875,0.1513515987007096,4573.327443277477,0.5864131758522495
291,model.layers.14,60821504,657.864990234375,0.14228854038082095,4623.4572965164,0.5928410572597037
291,model.layers.15,60821504,839.016845703125,0.2066618814961839,4059.8529328623085,0.5205731016160717
291,model.norm,2048,0.057373046875,0.0016526070446105689,34.716690251383845,0.7671377217845756
291,__whole_model__,1235814400,14120.066650390625,1.002422561749172,14085.942584683937,0.40069072355561697
292,model.embed_tokens,262668288,330.0,0.23041271077985967,1432.2126539073088,0.08836976188007328
292,model.layers.0,60821504,747.12890625,0.25566682088215537,2922.2755759707065,0.3747076767353329
292,model.layers.1,60821504,712.16796875,0.5827829756849944,1222.0123072622848,0.1566920643492469
292,model.layers.2,60821504,732.37158203125,0.17321289307568946,4228.158591584883,0.5421540308343562
292,model.layers.3,60821504,834.525390625,0.1878733216970808,4441.957927217332,0.569568369509716
292,model.layers.4,60821504,889.7763671875,0.19680744442096682,4521.050358665741,0.5797099665168831
292,model.layers.5,60821504,943.51611328125,0.20910092886117704,4512.252137854702,0.578581817992282
292,model.layers.6,60821504,1005.40771484375,0.22029241688563625,4563.968787748616,0.5852131657986388
292,model.layers.7,60821504,1023.9697265625,0.23289717252119727,4396.660189033866,0.5637600842214766
292,model.layers.8,60821504,1098.7197265625,0.24006700076233298,4576.721178144078,0.5868483362176088
292,model.layers.9,60821504,1062.60302734375,0.23376644560400717,4545.575497793064,0.5828546931742782
292,model.layers.10,60821504,969.86279296875,0.2033924117790873,4768.431548086253,0.6114303256500194
292,model.layers.11,60821504,834.2763671875,0.17349010691808908,4808.78352090354,0.6166044420510813
292,model.layers.12,60821504,710.06494140625,0.14966339938935672,4744.412757583977,0.6083505253529132
292,model.layers.13,60821504,674.365966796875,0.14557394448577873,4632.463379205573,0.5939958587947456
292,model.layers.14,60821504,647.5244140625,0.14345040730978983,4513.925238735167,0.5787963507177436
292,model.layers.15,60821504,846.7041015625,0.21366309703751607,3962.7999093068997,0.5081285145019674
292,model.norm,2048,0.0595703125,0.001712147611649434,34.79274339121477,0.7688182746253562
292,__whole_model__,1235814400,14063.044677734375,1.001092813774832,14047.693165138897,0.399602675134225
293,model.embed_tokens,262668288,300.0,0.23513758892649592,1275.8487546360786,0.07872186461597562
293,model.layers.0,60821504,758.0859375,0.2550451272595057,2972.360011915286,0.3811297345274558
293,model.layers.1,60821504,717.71142578125,0.5952887725307026,1205.652548644756,0.1545943405089863
293,model.layers.2,60821504,714.548828125,0.16655789102297114,4290.092914459704,0.5500955358811181
293,model.layers.3,60821504,800.43505859375,0.17704866302699132,4520.989003298616,0.5797020992482176
293,model.layers.4,60821504,860.0263671875,0.18937727561087755,4541.338787419441,0.5823114425944375
293,model.layers.5,60821504,920.638671875,0.20575834780598629,4474.368508941804,0.5737242040516323
293,model.layers.6,60821504,988.83447265625,0.21999264568977597,4494.852405432958,0.5763507439056423
293,model.layers.7,60821504,992.78759765625,0.23228359937177426,4274.032262033596,0.5480361648187427
293,model.layers.8,60821504,1051.58056640625,0.2331571738969965,4510.1789013398065,0.5783159780269458
293,model.layers.9,60821504,1016.02880859375,0.2261703796180101,4492.315971303446,0.5760255106019536
293,model.layers.10,60821504,940.4169921875,0.19878128527411962,4730.91312841983,0.6066195405264032
293,model.layers.11,60821504,804.70556640625,0.16996092734572182,4734.650363311905,0.6070987460521716
293,model.layers.12,60821504,693.434326171875,0.14689133251402972,4720.730041070629,0.6053138180154984
293,model.layers.13,60821504,649.2392578125,0.14069192291173882,4614.616421297984,0.591707439389904
293,model.layers.14,60821504,627.869140625,0.13935622521082486,4505.497617168728,0.5777157221406404
293,model.layers.15,60821504,826.827880859375,0.20901165086944218,3955.893738076103,0.5072429733167667
293,model.norm,2048,0.056884765625,0.001669880119746834,34.06517926186471,0.7527412268249962
293,__whole_model__,1235814400,13663.227783203125,0.9963648889397309,13713.076338672146,0.3900841173589978
294,model.embed_tokens,262668288,316.0,0.2287630876851567,1381.341733046138,0.085230946459851
294,model.layers.0,60821504,860.125,0.2704534090425585,3180.3074808520937,0.40779371981653006
294,model.layers.1,60821504,780.74462890625,0.5877606887219243,1328.3376106761511,0.17032558602940367
294,model.layers.2,60821504,763.6904296875,0.18069941863631195,4226.302638109511,0.5419160519043047
294,model.layers.3,60821504,829.20751953125,0.1853509354287528,4473.716399721056,0.5736405875942752
294,model.layers.4,60821504,890.724609375,0.19573362952454193,4550.697861878238,0.5835115063651801
294,model.layers.5,60821504,951.71240234375,0.21508331651926346,4424.854599350164,0.5673753017846024
294,model.layers.6,60821504,1006.5927734375,0.22551531070391248,4463.522987843134,0.5723335412245931
294,model.layers.7,60821504,1021.4091796875,0.2360147788500316,4327.733986253985,0.5549220480272827
294,model.layers.8,60821504,1062.83056640625,0.23519770384450542,4518.881558082351,0.5794318728851302
294,model.layers.9,60821504,1027.96728515625,0.22517257606918534,4565.241927331338,0.5853764136384813
294,model.layers.10,60821504,937.919921875,0.19847041031560952,4725.741839216792,0.6059564539308301
294,model.layers.11,60821504,797.141357421875,0.16840877898071832,4733.37175322162,0.6069347967585731
294,model.layers.12,60821504,690.1806640625,0.144371820730006,4780.577404736255,0.612987723509655
294,model.layers.13,60821504,653.666259765625,0.1399028932750791,4672.285500775005,0.5991020352206281
294,model.layers.14,60821504,633.73828125,0.13945490188484633,4544.39587769603,0.5827034368349978
294,model.layers.15,60821504,828.638916015625,0.20893244821396922,3966.0613901724346,0.5085467166482299
294,model.norm,2048,0.05859375,0.0016583827383537346,35.33186196701831,0.7807312246508037
294,__whole_model__,1235814400,14052.348388671875,1.0031809361123656,14007.79050200958,0.39846759831100503
295,model.embed_tokens,262668288,274.0,0.2066526910615871,1325.8961138732132,0.08180986499528123
295,model.layers.0,60821504,775.921875,0.27603983194338266,2810.905475261795,0.36042728783650213
295,model.layers.1,60821504,692.77880859375,0.6303632814331065,1099.0151695047089,0.14092080303727164
295,model.layers.2,60821504,693.1103515625,0.17065842942432663,4061.389489523218,0.5207701260107989
295,model.layers.3,60821504,767.3828125,0.17854180020520427,4298.056878658221,0.551116712168176
295,model.layers.4,60821504,816.330078125,0.18403480507232373,4435.737456315347,0.5687707519889562
295,model.layers.5,60821504,859.83154296875,0.19594327850416496,4388.165542256524,0.562670861362141
295,model.layers.6,60821504,910.05810546875,0.20376498684580338,4466.2143362118695,0.5726786383478168
295,model.layers.7,60821504,926.95068359375,0.2209147959881927,4195.964690582758,0.5380259800958332
295,model.layers.8,60821504,994.625,0.22413036992450772,4437.707394740894,0.5690233465959872
295,model.layers.9,60821504,965.20263671875,0.22035760111644365,4380.164931132589,0.5616449860369789
295,model.layers.10,60821504,892.9755859375,0.18859343872423495,4734.923929369709,0.6071338239561163
295,model.layers.11,60821504,764.2685546875,0.16353473750656392,4673.432484990071,0.5992491068363285
295,model.layers.12,60821504,664.93017578125,0.14049360667900596,4732.8144781737665,0.606863340377046
295,model.layers.13,60821504,628.221435546875,0.13730625412877792,4575.33008625866,0.5866699639885155
295,model.layers.14,60821504,600.6416015625,0.13320509246941006,4509.148940386303,0.5781839116745494
295,model.layers.15,60821504,754.810302734375,0.1887103078691332,3999.836104648935,0.5128774665945913
295,model.norm,2048,0.0517578125,0.0014928441063020448,34.67060778918862,0.7661194336123253
295,__whole_model__,1235814400,12982.09130859375,0.9964439853642878,13028.420562795263,0.37060830190871097
296,model.embed_tokens,262668288,358.0,0.23969619449229282,1493.5572955519372,0.09215482226196896
296,model.layers.0,60821504,835.6982421875,0.29070777084548177,2874.7021098094206,0.36860758709076846
296,model.layers.1,60821504,792.39208984375,0.5846344107074365,1355.3634122988356,0.1737909591862738
296,model.layers.2,60821504,791.3896484375,0.1855148010860071,4265.911096067215,0.546994831394658
296,model.layers.3,60821504,849.71875,0.18814701379091403,4516.248931509932,0.5790943053419546
296,model.layers.4,60821504,885.2724609375,0.19159060457979346,4620.646523242232,0.5924806469233024
296,model.layers.5,60821504,921.455078125,0.20521333448048737,4490.230035283678,0.5757580422474244
296,model.layers.6,60821504,969.390625,0.21322465926313539,4546.334501600486,0.5829520161494456
296,model.layers.7,60821504,975.77294921875,0.22260752365727818,4383.378123019011,0.5620569963472201
296,model.layers.8,60821504,1029.134765625,0.22762883361368536,4521.108988203008,0.5797174842670495
296,model.layers.9,60821504,998.40673828125,0.21887480231905435,4561.542615699865,0.5849020708084115
296,model.layers.10,60821504,917.4775390625,0.1949677368119063,4705.791604626512,0.6033983426715367
296,model.layers.11,60821504,790.392578125,0.16568524196816492,4770.446472697113,0.6116886885935898
296,model.layers.12,60821504,683.92822265625,0.14556257892296148,4698.516800930112,0.6024655337283288
296,model.layers.13,60821504,648.543212890625,0.13991185713076157,4635.36991210471,0.5943685478727182
296,model.layers.14,60821504,635.606201171875,0.1408610986170903,4512.290528839866,0.5785867406617855
296,model.layers.15,60821504,835.578125,0.2092866938736675,3992.5047767460223,0.5119374098564541
296,model.norm,2048,0.060791015625,0.001745098401329021,34.835293860050044,0.769758516033359
296,__whole_model__,1235814400,13918.218017578125,0.9985042488870431,13939.067393145002,0.39651269099469366
297,model.embed_tokens,262668288,340.0,0.22816961126596255,1490.1195567348536,0.0919427083975629
297,model.layers.0,60821504,842.1533203125,0.28104037389865455,2996.5563617424855,0.384232302301617
297,model.layers.1,60821504,775.99072265625,0.5932866268977872,1307.9524929017816,0.1677117120388671
297,model.layers.2,60821504,746.0576171875,0.17310625460147896,4309.824731088173,0.5526256405801472
297,model.layers.3,60821504,813.724609375,0.18003026622748114,4519.93226709336,0.5795665996493264
297,model.layers.4,60821504,873.6474609375,0.18965128351401497,4606.59925284892,0.5906794410080105
297,model.layers.5,60821504,920.02099609375,0.20468739810955258,4494.761302312013,0.5763390622425325
297,model.layers.6,60821504,972.51318359375,0.21241246721850082,4578.418566144527,0.5870659831498134
297,model.layers.7,60821504,989.96044921875,0.22372382719428316,4424.921840618533,0.5673839237707211
297,model.layers.8,60821504,1044.0859375,0.22969975150872132,4545.437818901418,0.5828370393506457
297,model.layers.9,60821504,1013.96728515625,0.22205196532881116,4566.3513207585565,0.5855186651896753
297,model.layers.10,60821504,934.923828125,0.19632787159198187,4762.0535003201385,0.6106125028956565
297,model.layers.11,60821504,810.83349609375,0.17128294970734922,4733.8833052509,0.6070003903233953
297,model.layers.12,60821504,711.1904296875,0.147153452969359,4832.9849917663,0.6197076664680838
297,model.layers.13,60821504,683.67333984375,0.14244347953317962,4799.611341174102,0.6154283427860847
297,model.layers.14,60821504,658.80322265625,0.14184137280967055,4644.6478175325,0.5955582037752636
297,model.layers.15,60821504,845.147705078125,0.20980913211719934,4028.174067304304,0.516511091101917
297,model.norm,2048,0.060546875,0.001724303822589763,35.11380895106035,0.7759128882057394
297,__whole_model__,1235814400,13976.754150390625,0.9972383573499495,14015.459842050503,0.3986857614471753
298,model.embed_tokens,262668288,340.0,0.23381874514297293,1454.1178030533888,0.08972134385968052
298,model.layers.0,60821504,804.55078125,0.2449735759029329,3284.23495589088,0.4211197808632598
298,model.layers.1,60821504,757.47607421875,0.5969656222554597,1268.8772116505613,0.16270129892936394
298,model.layers.2,60821504,732.705078125,0.16954441714267293,4321.611353964095,0.5541369758254294
298,model.layers.3,60821504,799.33056640625,0.17790445551830486,4493.032870242003,0.5761174346962895
298,model.layers.4,60821504,855.7734375,0.18534336927834386,4617.232549683618,0.5920428914593403
298,model.layers.5,60821504,912.64599609375,0.2024637442270856,4507.70087048334,0.5779982334607794
298,model.layers.6,60821504,971.56884765625,0.21345418064837707,4551.650591733852,0.5836336697893586
298,model.layers.7,60821504,997.02197265625,0.22960389107987883,4342.356603657852,0.5567970275946607
298,model.layers.8,60821504,1068.02490234375,0.2370162582401421,4506.125066161662,0.5777961765496447
298,model.layers.9,60821504,1045.22265625,0.23428432676633895,4461.342637283808,0.5720539666015592
298,model.layers.10,60821504,964.86279296875,0.20442522725883036,4719.881229468325,0.605204979469914
298,model.layers.11,60821504,825.7841796875,0.17545205684268972,4706.60871435607,0.6035031162565189
298,model.layers.12,60821504,713.9990234375,0.15147407124309062,4713.671571497214,0.6044087484331122
298,model.layers.13,60821504,674.6123046875,0.14329665856731189,4707.802062046052,0.6036561328111956
298,model.layers.14,60821504,649.1806640625,0.143675895815087,4518.368654530646,0.5793661060218581
298,model.layers.15,60821504,841.914794921875,0.21431320699948236,3928.431694477459,0.5037216631980815
298,model.norm,2048,0.0595703125,0.0016987601997372297,35.06693440852602,0.7748770973653945
298,__whole_model__,1235814400,13954.733642578125,0.9993817888892742,13963.365950551886,0.39720389121009914
299,model.embed_tokens,262668288,320.0,0.22164189861040595,1443.77034309061,0.08908288938821658
299,model.layers.0,60821504,794.3486328125,0.282180843168647,2815.0338764767,0.3609566505155693
299,model.layers.1,60821504,733.72021484375,0.6035459168236447,1215.6825096343782,0.15588042845054498
299,model.layers.2,60821504,739.24853515625,0.1753657574113701,4215.466839527474,0.5405266357432712
299,model.layers.3,60821504,825.42041015625,0.1888877826948665,4369.898351179506,0.5603285577186266
299,model.layers.4,60821504,872.21826171875,0.1938238293208915,4500.056906185255,0.5770180890395157
299,model.layers.5,60821504,919.0771484375,0.20345008280329438,4517.4577261101895,0.5792493025708392
299,model.layers.6,60821504,968.7177734375,0.21346454232549728,4538.073456529232,0.5818927467802222
299,model.layers.7,60821504,983.39990234375,0.224324310259345,4383.831164829284,0.5621150874614145
299,model.layers.8,60821504,1049.7685546875,0.22921452700371459,4579.851759005169,0.5872497537604774
299,model.layers.9,60821504,1024.39453125,0.2233137515956509,4587.243391552741,0.5881975430387907
299,model.layers.10,60821504,940.484375,0.19781012805653164,4754.480391070883,0.6096414438361394
299,model.layers.11,60821504,803.705078125,0.1694358529758878,4743.418019321885,0.6082229754167562
299,model.layers.12,60821504,688.37939453125,0.1465218477728969,4698.134817397409,0.6024165540348094
299,model.layers.13,60821504,647.168701171875,0.13847199908132884,4673.643086439252,0.5992761111272271
299,model.layers.14,60821504,622.0546875,0.13795505186647053,4509.1113307115365,0.5781790891882752
299,model.layers.15,60821504,808.3271484375,0.20394812414774033,3963.3958479164367,0.5082049285040187
299,model.norm,2048,0.05712890625,0.0016482287297919641,34.660787800495804,0.7659024404687044
299,__whole_model__,1235814400,13740.490478515625,1.0029041227036717,13700.701958900543,0.3897321139943364
300,model.embed_tokens,262668288,358.0,0.23070706153247178,1551.7513751940874,0.09574548803829554
300,model.layers.0,60821504,822.12109375,0.25731097227345867,3195.048724452707,0.4096839101829675
300,model.layers.1,60821504,760.484375,0.5875276236362982,1294.380628936638,0.16597146493241216
300,model.layers.2,60821504,743.62548828125,0.176223903623408,4219.776505861452,0.5410792410734421
300,model.layers.3,60821504,815.890625,0.18397378168040784,4434.820100710512,0.5686531244146594
300,model.layers.4,60821504,869.03173828125,0.18809153488839955,4620.259698539187,0.5924310464725532
300,model.layers.5,60821504,919.00830078125,0.20434703267989776,4497.292124720222,0.5766635759853868
300,model.layers.6,60821504,974.51123046875,0.21405433995755352,4552.634768638623,0.5837598654994811
300,model.layers.7,60821504,998.58740234375,0.22780915041824584,4383.438507673616,0.5620647391466411
300,model.layers.8,60821504,1058.458984375,0.23479647369758255,4507.985012323027,0.5780346674403425
300,model.layers.9,60821504,1030.666015625,0.22591830554305803,4562.118209710829,0.5849758761320315
300,model.layers.10,60821504,943.7314453125,0.19861191575470355,4751.635578995469,0.6092766688873659
300,model.layers.11,60821504,822.330322265625,0.17192468118886364,4783.084758855968,0.613309228040123
300,model.layers.12,60821504,716.0,0.15008223446028301,4770.717883931016,0.6117234901960574
300,model.layers.13,60821504,692.624267578125,0.148536970523384,4662.975588754761,0.5979082752849117
300,model.layers.14,60821504,667.3037109375,0.14406149111998012,4632.075551555571,0.5939461297415035
300,model.layers.15,60821504,878.46240234375,0.2169679785728796,4048.8112952053625,0.5191572918177733
300,model.norm,2048,0.05908203125,0.0017000641705221047,34.75282420183903,0.7679361768282608
300,__whole_model__,1235814400,14070.896484375,0.9959768492873738,14127.73448945404,0.4018795420149019
